cust_id,name,tier,email,phone,card_last4,ssn_hash,location,household_id,tenure_months,annual_spend_usd,preferred_channel,digital_affinity,support_dependence,patience,spend_propensity,travel_intensity,n_journeys,n_events,churned_30d,churn_probability,risk_segment
CUST_PREMIUM_001001,Isla Sato,Green,isla.sato0@bluepeak.co,+1 (718) 354-1000,8374,2989b406d8,"Delhi, India",HH_SINGLE_000000,155,4557.45,app,0.9684,0.3153,0.115,0.6546,0.6388,8,10,False,0.1008,low
CUST_PREMIUM_001002,Priya Ramirez,Gold,p.ramirez@atlasmail.net,+1 (404) 325-8919,2334,551dd2e3d1,"Atlanta, GA",HH_SINGLE_000001,121,15547.59,app,0.5065,0.4422,0.6523,0.5423,0.4776,12,22,False,0.301,medium
CUST_PREMIUM_001003,Leo Brown,Gold,brown.leo@bluepeak.co,+1 (617) 351-6838,1093,1c38d3d7dd,"Boston, MA",HH_SINGLE_000002,23,104697.68,app,0.3143,0.6701,0.284,0.4196,0.4978,3,3,False,0.0348,low
CUST_PREMIUM_001004,Sara Baker,Green,s.baker@vectorlabs.co,+1 (214) 355-4757,6296,5b8fd97d56,"Dallas, TX",HH_00001,107,13928.21,call_center,0.6151,0.544,0.7976,0.5362,0.4415,11,16,False,0.2089,medium
CUST_PREMIUM_001005,Olivia Bennett,Gold,o.bennett@orchardmail.com,+1 (212) 348-2676,1542,358c3e590c,"New York, NY",HH_SINGLE_000004,73,44559.16,web,0.5501,0.5241,0.4171,0.6667,0.6589,4,7,False,0.1785,low
CUST_PREMIUM_001006,Sara Young,Green,sara.young5@orchardmail.com,+1 (404) 473-0595,0479,13b25227c2,"Atlanta, GA",HH_SINGLE_000005,45,7511.23,app,0.0522,0.4749,0.5537,0.2075,0.233,2,5,False,0.0592,low
CUST_PREMIUM_001007,Amelia Roy,Platinum,amelia.roy6@northstar.org,+1 (404) 510-8514,2981,474d4a051b,"Atlanta, GA",HH_SINGLE_000006,35,28625.11,app,0.8001,0.8458,0.7223,0.624,0.9177,12,19,False,0.2808,medium
CUST_PREMIUM_001008,Sophia Hernandez,Green,sophiahernandez@northstar.org,+1 (202) 558-6433,6419,804376e796,"Washington, DC",HH_SINGLE_000007,24,11449.47,app,0.3839,0.1757,0.1546,0.1476,0.2822,8,12,False,0.1599,low
CUST_PREMIUM_001009,David Lee,Green,david.lee@atlasmail.net,+1 (650) 628-4352,8814,ac1b6834b8,Singapore,HH_SINGLE_000008,30,5199.77,call_center,0.7335,0.2636,0.3004,0.2316,0.4242,4,5,False,0.0783,low
CUST_PREMIUM_001010,Kabir Campbell,Gold,k.campbell@vectorlabs.co,+1 (310) 544-2271,6470,9134956180,"Los Angeles, CA",HH_SINGLE_000009,50,85093.26,call_center,0.5337,0.6075,0.0615,0.3351,0.896,6,9,False,0.2068,medium
CUST_PREMIUM_001011,Emma Kumar,Platinum,emma.kumar10@summitmail.net,+1 (212) 570-0190,9671,b55aa19aa9,"New York, NY",HH_SINGLE_000010,98,72412.98,app,0.3574,0.8632,0.0891,0.1411,0.3723,6,17,False,0.6923,high
CUST_PREMIUM_001012,Liam Sterling,Gold,sterling.liam@vectorlabs.co,+1 (404) 695-8109,9899,b548838737,"Atlanta, GA",HH_SINGLE_000011,111,14061.27,web,0.6254,0.5059,0.5811,0.3048,0.5305,5,10,False,0.1006,low
CUST_PREMIUM_001013,Chloe Ito,Platinum,chloe.ito@vectorlabs.co,+1 (404) 732-6028,9838,d99c1ec519,"Atlanta, GA",HH_SINGLE_000012,101,73141.49,web,0.6738,0.3418,0.678,0.7634,0.2409,14,21,False,0.1691,low
CUST_PREMIUM_001014,Isabella Hall,Platinum,isabellahall@orchardmail.com,+1 (202) 780-3947,8290,0167b54046,"Washington, DC",HH_00004,59,24040.86,call_center,0.1027,0.4321,0.4211,0.3431,0.169,8,14,False,0.1974,low
CUST_PREMIUM_001015,Ibrahim Shah,Gold,ibrahim.shah@example.com,+1 (212) 718-1866,2421,bc0c5818cd,"New York, NY",HH_SINGLE_000014,24,60122.79,app,0.4327,0.1457,0.9479,0.7331,0.8672,4,5,False,0.0383,low
CUST_PREMIUM_001016,Sophia Baker,Green,baker.sophia@harbor.example,+1 (310) 766-9785,7599,0df1357a23,"Los Angeles, CA",HH_00005,53,5668.49,web,0.6667,0.5111,0.3141,0.2423,0.4181,14,27,True,0.7805,high
CUST_PREMIUM_001017,Liam Evans,Gold,l.evans@harbor.example,+1 (212) 792-7704,9838,a6438bace1,"New York, NY",HH_SINGLE_000016,77,17931.4,call_center,0.3089,0.4279,0.3671,0.2136,0.3237,7,10,False,0.1436,low
CUST_PREMIUM_001018,Leo Young,Gold,leo.young17@example.com,+1 (646) 239-5623,2461,8efb692e18,"London, UK",HH_SINGLE_000017,34,21906.67,in_person,0.679,0.1549,0.7372,0.843,0.5148,1,1,False,0.0114,low
CUST_PREMIUM_001019,Grace Singh,Platinum,gracesingh@capital-demo.org,+1 (305) 221-3542,2513,b83cf25afb,"Miami, FL",HH_00006,130,20020.56,web,0.4979,0.1831,0.3998,0.5207,0.084,5,7,False,0.0756,low
CUST_PREMIUM_001020,Aarav Robinson,Gold,aaravrobinson@bluepeak.co,+1 (650) 335-1461,9649,90ae02916c,Singapore,HH_00006,47,8941.59,call_center,0.1878,0.6453,0.4247,0.295,0.1996,8,11,True,0.1338,low
CUST_PREMIUM_001021,Diego Campbell,Platinum,diegocampbell@example.com,+1 (206) 306-9380,3321,ac425dae63,"Seattle, WA",HH_SINGLE_000020,20,22556.16,app,0.634,0.2399,0.782,0.8055,0.8393,3,5,False,0.0676,low
CUST_PREMIUM_001022,Rafael Baker,Green,r.baker@orchardmail.com,+1 (310) 288-7299,3652,b4df492952,"Los Angeles, CA",HH_SINGLE_000021,81,10438.05,call_center,0.3482,0.3262,0.4284,0.3256,0.72,3,6,False,0.1144,low
CUST_PREMIUM_001023,David Kumar,Platinum,d.kumar@vectorlabs.co,+1 (469) 479-5218,8481,79f16eeba3,"Tokyo, Japan",HH_00007,56,6166.74,app,0.6096,0.107,0.8365,0.5217,0.2271,1,2,False,0.0463,low
CUST_PREMIUM_001024,Priya Khan,Green,p.khan@vectorlabs.co,+1 (469) 516-3137,1868,1bae04f9f0,"Tokyo, Japan",HH_SINGLE_000023,32,5632.58,app,0.256,0.3625,0.4543,0.118,0.3426,5,9,False,0.1281,low
CUST_PREMIUM_001025,Rafael Jones,Green,rafael.jones@orchardmail.com,+1 (312) 410-1056,2353,adf6c226ce,"Chicago, IL",HH_SINGLE_000024,33,15066.89,web,0.4514,0.3681,0.2012,0.1734,0.337,3,6,False,0.1113,low
CUST_PREMIUM_001026,Ibrahim Khan,Gold,i.khan@summitmail.net,+1 (212) 425-8975,7432,00c41cf3fd,"New York, NY",HH_SINGLE_000025,24,18223.41,call_center,0.193,0.7252,0.5974,0.2659,0.4489,6,9,False,0.088,low
CUST_PREMIUM_001027,Kabir Morgan,Green,morgan.kabir@example.com,+1 (202) 561-6894,5028,321bc5b68a,"Washington, DC",HH_SINGLE_000026,37,8607.1,call_center,0.6187,0.2872,0.859,0.773,0.505,2,2,False,0.0136,low
CUST_PREMIUM_001028,Nathan Hall,Gold,n.hall@harbor.example,+1 (416) 620-4813,2250,e7de8f41b5,"Toronto, Canada",HH_00009,70,17866.56,in_person,0.1231,0.8914,0.5807,0.2663,0.3472,1,2,False,0.076,low
CUST_PREMIUM_001029,Nathan Diaz,Green,nathan.diaz@capital-demo.org,+1 (212) 536-2732,1880,0cea9c4dc9,"New York, NY",HH_SINGLE_000028,87,3056.47,web,0.2374,0.3805,0.5487,0.0635,0.0585,5,7,False,0.1087,low
CUST_PREMIUM_001030,Daniel Williams,Green,d.williams@northstar.org,+1 (650) 705-0651,1075,71f96c12f4,Singapore,HH_SINGLE_000029,212,26437.27,call_center,0.1107,0.9023,0.1513,0.2937,0.6764,2,5,False,0.1733,low
CUST_PREMIUM_001031,Olivia Kumar,Centurion Black,kumar.olivia@northstar.org,+1 (415) 643-8570,5507,3f9fcfaddf,"San Francisco, CA",HH_SINGLE_000030,23,217938.33,app,0.7404,0.0535,0.8187,0.9815,0.7497,8,10,False,0.0311,low
CUST_PREMIUM_001032,Olivia Thomas,Green,oliviathomas@example.com,+1 (305) 702-6489,8169,0288347485,"Miami, FL",HH_SINGLE_000031,45,16241.53,web,0.8784,0.2439,0.3597,0.7401,0.4547,6,7,False,0.0499,low
CUST_PREMIUM_001033,Vivian Robinson,Gold,vivianrobinson@bluepeak.co,+1 (404) 772-4408,6495,99c5e0f909,"Atlanta, GA",HH_SINGLE_000032,28,47563.81,web,0.1258,0.793,0.1499,0.7278,0.9177,4,5,False,0.141,low
CUST_PREMIUM_001034,Hiro Chen,Green,hiro.chen@orchardmail.com,+1 (212) 721-2327,9935,05bcc275af,"New York, NY",HH_SINGLE_000033,53,8182.27,web,0.3263,0.4124,0.6129,0.9165,0.9327,4,7,False,0.0801,low
CUST_PREMIUM_001035,Sora Rodriguez,Green,sora.rodriguez@summitmail.net,+1 (416) 879-0246,3233,6d222c946d,"Toronto, Canada",HH_SINGLE_000034,62,4584.93,app,0.649,0.6807,0.3571,0.3658,0.5007,1,1,False,0.0307,low
CUST_PREMIUM_001036,Fatima Cooper,Gold,f.cooper@capital-demo.org,+1 (917) 238-8165,1844,f994618a49,"Mumbai, India",HH_SINGLE_000035,33,9149.97,in_person,0.7311,0.4461,0.3759,0.8695,0.8945,1,2,False,0.0699,low
CUST_PREMIUM_001037,Andre Brown,Platinum,brown.andre@example.com,+1 (212) 832-6084,0505,031a2f87ba,"New York, NY",HH_SINGLE_000036,105,35062.52,app,0.182,0.6118,0.4117,0.4234,0.574,4,5,False,0.0381,low
CUST_PREMIUM_001038,Nathan Sato,Gold,nathan.sato37@bluepeak.co,+1 (617) 246-4003,7118,fd03fb54aa,"Boston, MA",HH_SINGLE_000037,108,84872.66,call_center,0.0185,0.7432,0.1941,0.9359,0.1651,2,2,False,0.0425,low
CUST_PREMIUM_001039,Emma Anderson,Gold,emma.anderson38@orchardmail.com,+1 (212) 206-1922,9562,fcc00ee995,"New York, NY",HH_SINGLE_000038,213,15511.53,app,0.3746,0.385,0.6691,0.3142,0.5677,3,6,False,0.0886,low
CUST_PREMIUM_001040,Aditi Roy,Gold,aditi.roy@harbor.example,+1 (646) 353-9841,5085,3e06c911ba,"London, UK",HH_00013,59,29378.16,web,0.796,0.0979,0.9016,0.6328,0.4957,9,13,False,0.0819,low
CUST_PREMIUM_001041,Jasmine Young,Platinum,jasmineyoung@orchardmail.com,+1 (617) 357-7760,9796,465f3fe152,"Boston, MA",HH_SINGLE_000040,112,48791.49,app,0.4542,0.5808,0.3957,0.4834,0.5972,2,4,False,0.0908,low
CUST_PREMIUM_001042,Ibrahim Thompson,Platinum,ibrahim.thompson41@vectorlabs.co,+1 (415) 350-5679,0567,41bed30c66,"San Francisco, CA",HH_SINGLE_000041,138,22604.41,web,0.2234,0.4298,0.5387,0.0957,0.4168,1,2,False,0.025,low
CUST_PREMIUM_001043,Omar Lopez,Gold,omarlopez@capital-demo.org,+1 (202) 453-3598,6895,effd4284b5,"Washington, DC",HH_00014,20,13670.6,call_center,0.375,0.5463,0.6549,0.6852,0.6191,2,5,False,0.0731,low
CUST_PREMIUM_001044,Hiro Robinson,Gold,h.robinson@example.com,+1 (312) 413-1517,4581,13ebc1d98a,"Chicago, IL",HH_SINGLE_000043,44,27851.75,web,0.4524,0.4809,0.6225,0.7073,0.1228,3,6,False,0.1267,low
CUST_PREMIUM_001045,Chloe Baker,Gold,baker.chloe@example.com,+1 (617) 505-9436,9955,dbb7eb91f7,"Boston, MA",HH_SINGLE_000044,76,8651.74,app,0.746,0.2505,0.6689,0.7812,0.5116,12,16,False,0.1012,low
CUST_PREMIUM_001046,Grace Rodriguez,Green,grace.rodriguez@bluepeak.co,+1 (617) 542-7355,4737,67b8541d55,"Boston, MA",HH_SINGLE_000045,49,5393.05,web,0.5474,0.2027,0.594,0.8215,0.0833,4,6,False,0.0642,low
CUST_PREMIUM_001047,Nora Robinson,Gold,norarobinson@northstar.org,+1 (469) 667-5274,6701,0dc776258a,"Tokyo, Japan",HH_SINGLE_000046,85,29195.78,app,0.4162,0.5749,0.4147,0.4352,0.886,8,12,False,0.1427,low
CUST_PREMIUM_001048,Isla Jones,Platinum,isla.jones47@summitmail.net,+1 (206) 605-3193,3911,a11fb62e6c,"Seattle, WA",HH_00015,200,461749.91,web,0.5825,0.28,0.5396,0.7337,0.945,3,4,False,0.0652,low
CUST_PREMIUM_001049,Rafael Wilson,Green,rafael.wilson48@atlasmail.net,+1 (212) 576-1112,7572,c99f301153,"New York, NY",HH_SINGLE_000048,61,5033.44,web,0.0197,0.9631,0.1716,0.1642,0.1802,8,13,True,0.5301,high
CUST_PREMIUM_001050,Fatima Diaz,Platinum,fatimadiaz@example.com,+1 (617) 690-9031,2780,10a4814687,"Boston, MA",HH_SINGLE_000049,3,16105.5,app,0.4986,0.4689,0.2166,0.4763,0.2941,5,11,False,0.2801,medium
CUST_PREMIUM_001051,Aisha Wilson,Gold,a.wilson@example.com,+1 (305) 705-6950,0627,e7315cdc27,"Miami, FL",HH_SINGLE_000050,91,32472.77,app,0.4044,0.5117,0.3871,0.3989,0.408,11,15,False,0.1965,low
CUST_PREMIUM_001052,Sara Campbell,Gold,sara.campbell51@orchardmail.com,+1 (214) 731-4869,7266,60be7b68e7,"Dallas, TX",HH_SINGLE_000051,131,3152.2,web,0.5653,0.6846,0.784,0.5008,0.7604,4,6,False,0.0432,low
CUST_PREMIUM_001053,Priya Vance,Platinum,priyavance@harbor.example,+1 (718) 878-2788,0817,fa83fb8f15,"Delhi, India",HH_SINGLE_000052,107,318514.5,app,0.8027,0.1319,0.3712,0.333,0.1152,14,27,True,0.6027,high
CUST_PREMIUM_001054,Alejandro Carter,Green,carter.alejandro@vectorlabs.co,+1 (206) 827-0707,1724,75d8592d0c,"Seattle, WA",HH_SINGLE_000053,64,12131.02,app,0.8116,0.0958,0.6443,0.4957,0.1607,13,17,False,0.1611,low
CUST_PREMIUM_001055,Miguel Shah,Gold,miguelshah@capital-demo.org,+1 (310) 809-8626,5874,d94c58218d,"Los Angeles, CA",HH_SINGLE_000054,72,17869.44,web,0.436,0.8468,0.1885,0.4584,0.6625,11,20,True,0.707,high
CUST_PREMIUM_001056,Sara Sato,Green,sara.sato@summitmail.net,+1 (404) 223-6545,4977,74842f0971,"Atlanta, GA",HH_SINGLE_000055,54,13195.87,call_center,0.2786,0.2636,0.7117,0.7037,0.6713,2,2,False,0.0168,low
CUST_PREMIUM_001057,Leo Gupta,Green,leogupta@example.com,+1 (650) 304-4464,0003,8da4cfd491,Singapore,HH_SINGLE_000056,103,23326.61,web,0.0498,0.3047,0.1598,0.4578,0.439,4,8,True,0.1517,low
CUST_PREMIUM_001058,Aditi Evans,Platinum,aditi.evans@example.com,+1 (310) 220-2383,5022,f7aae03507,"Los Angeles, CA",HH_SINGLE_000057,42,97352.37,app,0.2928,0.8142,0.2927,0.1274,0.3038,3,7,False,0.1319,low
CUST_PREMIUM_001059,Grace Rodriguez,Gold,g.rodriguez@atlasmail.net,+1 (650) 378-0302,4992,5df4bdf87e,Singapore,HH_SINGLE_000058,21,12195.96,in_person,0.0589,0.0291,0.7555,0.344,0.2084,1,1,False,0.0089,low
CUST_PREMIUM_001060,Chloe Roy,Gold,chloe.roy@capital-demo.org,+1 (646) 393-8221,0461,3b32bce0b3,"London, UK",HH_SINGLE_000059,15,5161.43,call_center,0.285,0.5561,0.801,0.2938,0.8323,8,14,False,0.238,medium
CUST_PREMIUM_001061,Amara Wilson,Green,amara.wilson60@northstar.org,+1 (206) 386-6140,1649,64fabe8fce,"Seattle, WA",HH_SINGLE_000060,94,6117.28,call_center,0.5735,0.2374,0.7895,0.0976,0.5933,2,2,False,0.0213,low
CUST_PREMIUM_001062,Amara Robinson,Green,amara.robinson61@vectorlabs.co,+1 (312) 379-4059,2290,1c5796a120,"Chicago, IL",HH_SINGLE_000061,58,10767.1,call_center,0.3296,0.7665,0.0768,0.32,0.0321,3,6,False,0.2321,medium
CUST_PREMIUM_001063,Ibrahim Nguyen,Green,ibrahim.nguyen@summitmail.net,+1 (212) 394-1978,2097,3f400ec0f2,"New York, NY",HH_SINGLE_000062,29,15298.1,app,0.5928,0.5533,0.3678,0.6234,0.531,3,8,False,0.1996,low
CUST_PREMIUM_001064,Nora Ito,Gold,ito.nora@northstar.org,+1 (646) 541-9897,2788,1bf4bcea88,"London, UK",HH_SINGLE_000063,7,19679.48,app,0.7559,0.3274,0.7394,0.4066,0.4612,3,3,False,0.0217,low
CUST_PREMIUM_001065,Elias Miller,Centurion Black,elias.miller@orchardmail.com,+1 (415) 501-7816,5665,fa21af962c,"San Francisco, CA",HH_00021,56,41168.27,call_center,0.5718,0.458,0.714,0.6839,0.5329,1,1,False,0.0117,low
CUST_PREMIUM_001066,Samuel Kumar,Gold,samuel.kumar65@orchardmail.com,+1 (310) 516-5735,7385,0769fabf91,"Los Angeles, CA",HH_SINGLE_000065,162,10378.95,call_center,0.422,0.0892,0.5239,0.5842,0.3988,1,1,False,0.0563,low
CUST_PREMIUM_001067,Rei Baker,Green,rei.baker@bluepeak.co,+1 (617) 619-3654,3990,b2fa00b224,"Boston, MA",HH_00022,47,50995.44,app,0.4877,0.6683,0.6625,0.6918,0.4925,11,15,True,0.2277,medium
CUST_PREMIUM_001068,Mia Reed,Green,mia.reed@harbor.example,+1 (312) 601-1573,9440,24fb491c61,"Chicago, IL",HH_SINGLE_000067,33,2472.7,web,0.6559,0.7869,0.6067,0.6562,0.3626,7,9,False,0.1145,low
CUST_PREMIUM_001069,Sara Shah,Green,sarashah@vectorlabs.co,+1 (650) 748-9492,1641,0763dab86f,Singapore,HH_SINGLE_000068,7,7280.43,call_center,0.5911,0.5975,0.6198,0.5035,0.6688,3,5,False,0.0913,low
CUST_PREMIUM_001070,Sophia Sato,Green,s.sato@vectorlabs.co,+1 (404) 741-7411,5144,2caea7d16d,"Atlanta, GA",HH_SINGLE_000069,80,2323.74,web,0.1403,0.5665,0.3199,0.9626,0.6068,11,18,False,0.4203,medium
CUST_PREMIUM_001071,Isabella Adams,Platinum,i.adams@atlasmail.net,+1 (416) 811-5330,2275,ad4c27f0d7,"Toronto, Canada",HH_SINGLE_000070,42,171440.88,web,0.5088,0.6509,0.6785,0.6243,0.9538,1,4,False,0.0715,low
CUST_PREMIUM_001072,Elena Kapoor,Platinum,elenakapoor@atlasmail.net,+1 (469) 892-3249,5569,3c9d9b8aba,"Tokyo, Japan",HH_SINGLE_000071,40,3163.69,app,0.3487,0.5082,0.4853,0.2492,0.2754,3,7,False,0.1142,low
CUST_PREMIUM_001073,Avery Williams,Gold,avery.williams@vectorlabs.co,+1 (214) 808-1168,6150,8f3b4f2cae,"Dallas, TX",HH_SINGLE_000072,19,42966.99,in_person,0.232,0.3864,0.1576,0.1779,0.228,2,4,False,0.1037,low
CUST_PREMIUM_001074,Hazel Murphy,Platinum,hazel.murphy@capital-demo.org,+1 (206) 867-9087,5315,2b1902f1f6,"Seattle, WA",HH_SINGLE_000073,137,78511.91,app,0.4635,0.4525,0.7117,0.6429,0.4054,4,7,False,0.0746,low
CUST_PREMIUM_001075,Zara Ahmed,Platinum,zara.ahmed@vectorlabs.co,+1 (917) 281-7006,9107,4e08e376e7,"Mumbai, India",HH_SINGLE_000074,103,50045.07,app,0.7834,0.2691,0.5277,0.3784,0.7019,6,8,False,0.0327,low
CUST_PREMIUM_001076,Zoe Baker,Platinum,baker.zoe@example.com,+1 (404) 263-4925,1237,5ee75620ea,"Atlanta, GA",HH_SINGLE_000075,78,52163.69,web,0.389,0.356,0.5806,0.368,0.6674,6,7,False,0.0351,low
CUST_PREMIUM_001077,Miguel Robinson,Green,miguel.robinson@harbor.example,+1 (312) 234-2844,6299,2a0ff1ed7c,"Chicago, IL",HH_SINGLE_000076,129,15999.36,call_center,0.5328,0.3041,0.1003,0.2782,0.0536,1,1,False,0.0669,low
CUST_PREMIUM_001078,Rafael Rivera,Gold,rivera.rafael@harbor.example,+1 (312) 271-0763,9097,da147ab235,"Chicago, IL",HH_SINGLE_000077,88,6592.55,app,0.5114,0.3642,0.4468,0.3816,0.4514,2,4,False,0.051,low
CUST_PREMIUM_001079,Adrian Kim,Gold,adriankim@northstar.org,+1 (650) 418-8682,3085,7e6a904520,Singapore,HH_SINGLE_000078,42,19730.83,app,0.6082,0.1518,0.2636,0.1265,0.1239,4,7,False,0.1069,low
CUST_PREMIUM_001080,Jasmine Sterling,Gold,jasminesterling@bluepeak.co,+1 (310) 334-6601,6943,9553e58517,"Los Angeles, CA",HH_SINGLE_000079,24,8121.28,web,0.4877,0.5822,0.4308,0.3523,0.2976,1,1,False,0.0521,low
CUST_PREMIUM_001081,Ethan Kumar,Platinum,ethan.kumar80@harbor.example,+1 (310) 371-4520,0512,3de328870d,"Los Angeles, CA",HH_SINGLE_000080,40,83310.25,call_center,0.7461,0.1091,0.6992,0.5999,0.6843,4,6,False,0.0369,low
CUST_PREMIUM_001082,Ravi Morris,Gold,ravimorris@orchardmail.com,+1 (650) 529-2439,6767,ad83fb7c21,Singapore,HH_SINGLE_000081,41,3880.96,web,0.1277,0.8356,0.8192,0.4465,0.6184,6,8,False,0.0429,low
CUST_PREMIUM_001083,Lucas Brown,Platinum,l.brown@orchardmail.com,+1 (646) 544-0358,8464,8a7f141ae2,"London, UK",HH_SINGLE_000082,48,72361.53,in_person,0.0442,0.0971,0.9773,0.5979,0.9873,1,2,False,0.02,low
CUST_PREMIUM_001084,Elena Roy,Platinum,roy.elena@summitmail.net,+1 (646) 581-8277,4873,c8cc17764d,"London, UK",HH_SINGLE_000083,58,12511.15,web,0.5151,0.4938,0.5391,0.519,0.7608,3,6,False,0.0576,low
CUST_PREMIUM_001085,Grace Harris,Platinum,grace.harris@capital-demo.org,+1 (202) 607-6196,1245,60cf2a4c4e,"Washington, DC",HH_00028,86,25085.35,app,0.3214,0.7946,0.5893,0.8649,0.9296,5,7,False,0.0736,low
CUST_PREMIUM_001086,Rei Thompson,Green,reithompson@example.com,+1 (214) 589-4115,4617,cee40db360,"Dallas, TX",HH_SINGLE_000085,54,21410.21,in_person,0.7733,0.1214,0.2028,0.7353,0.8118,3,5,False,0.0899,low
CUST_PREMIUM_001087,Sara Reed,Platinum,sara.reed@vectorlabs.co,+1 (212) 582-2034,4132,a497f85858,"New York, NY",HH_SINGLE_000086,86,20521.85,app,0.288,0.6154,0.0803,0.3104,0.4686,6,12,True,0.2973,medium
CUST_PREMIUM_001088,Dev Lopez,Platinum,lopez.dev@example.com,+1 (212) 619-9953,0146,062d7021ee,"New York, NY",HH_SINGLE_000087,11,80807.32,web,0.6193,0.6151,0.4483,0.6219,0.307,10,12,False,0.1155,low
CUST_PREMIUM_001089,Elias Moore,Green,moore.elias@example.com,+1 (617) 733-7872,5961,557934f04d,"Boston, MA",HH_SINGLE_000088,66,2575.73,web,0.1429,0.8679,0.3969,0.1784,0.2827,4,8,False,0.1653,low
CUST_PREMIUM_001090,Amelia Rodriguez,Platinum,rodriguez.amelia@orchardmail.com,+1 (310) 704-5791,4082,70f55bfc21,"Los Angeles, CA",HH_SINGLE_000089,46,165735.65,app,0.5784,0.3779,0.4096,0.4734,0.3294,6,11,True,0.1303,low
CUST_PREMIUM_001091,Andre Thomas,Platinum,andre.thomas90@vectorlabs.co,+1 (202) 829-3710,0940,a8a1d7b74e,"Washington, DC",HH_SINGLE_000090,26,20119.31,call_center,0.5927,0.2276,0.3804,0.5412,0.4025,9,14,False,0.1303,low
CUST_PREMIUM_001092,Meera Thompson,Platinum,meera.thompson91@orchardmail.com,+1 (415) 800-1629,8720,08b72de4bc,"San Francisco, CA",HH_SINGLE_000091,59,36287.11,call_center,0.7912,0.3287,0.7821,0.7253,0.5047,9,13,False,0.0763,low
CUST_PREMIUM_001093,Theo Smith,Green,theosmith@harbor.example,+1 (469) 269-9548,9900,462a46623e,"Tokyo, Japan",HH_SINGLE_000092,126,12862.36,web,0.159,0.6987,0.1767,0.52,0.1707,6,12,False,0.4483,medium
CUST_PREMIUM_001094,Charlotte Young,Green,c.young@bluepeak.co,+1 (202) 240-7467,0124,41ccc1ab0d,"Washington, DC",HH_SINGLE_000093,35,7072.06,in_person,0.386,0.5678,0.1596,0.5724,0.1931,5,9,True,0.1648,low
CUST_PREMIUM_001095,Isabella White,Gold,isabellawhite@orchardmail.com,+1 (617) 255-5386,2349,1c768d8695,"Boston, MA",HH_SINGLE_000094,126,14480.42,call_center,0.3559,0.4632,0.276,0.2434,0.584,4,11,False,0.3663,medium
CUST_PREMIUM_001096,Aisha Garcia,Green,a.garcia@summitmail.net,+1 (310) 226-3305,2505,ed68bb0ef7,"Los Angeles, CA",HH_SINGLE_000095,40,5939.52,web,0.5896,0.4581,0.372,0.8381,0.518,3,7,False,0.2354,medium
CUST_PREMIUM_001097,Aisha Chen,Platinum,aishachen@example.com,+1 (416) 373-1224,5522,ad75104469,"Toronto, Canada",HH_SINGLE_000096,12,149693.37,app,0.7627,0.5592,0.7172,0.5806,0.6478,4,5,False,0.0843,low
CUST_PREMIUM_001098,Priya Brown,Green,priyabrown@harbor.example,+1 (212) 289-9143,0904,130b6ca361,"New York, NY",HH_SINGLE_000097,56,8291.55,call_center,0.3458,0.5906,0.6677,0.4507,0.4704,3,4,False,0.0937,low
CUST_PREMIUM_001099,Charlotte Sterling,Gold,charlotte.sterling@harbor.example,+1 (310) 337-7062,7237,615594b22e,"Los Angeles, CA",HH_SINGLE_000098,108,6542.06,app,0.6152,0.3408,0.3342,0.3494,0.3294,13,21,True,0.3413,medium
CUST_PREMIUM_001100,Hannah Wright,Gold,hannah.wright@atlasmail.net,+1 (310) 374-4981,1079,3dc53a23eb,"Los Angeles, CA",HH_SINGLE_000099,50,14861.35,app,0.903,0.1338,0.6796,0.8119,0.6955,9,16,False,0.0905,low
CUST_PREMIUM_001101,Yuki Roy,Gold,yukiroy@capital-demo.org,+1 (415) 433-2900,6786,bece604fff,"San Francisco, CA",HH_SINGLE_000100,142,121177.48,web,0.1437,0.8859,0.0905,0.3853,0.1034,1,3,False,0.1655,low
CUST_PREMIUM_001102,David Baker,Gold,davidbaker@example.com,+1 (650) 569-0819,8677,ff251a6ae1,Singapore,HH_SINGLE_000101,166,67749.17,app,0.6478,0.6759,0.0616,0.5817,0.5677,9,21,True,0.8111,high
CUST_PREMIUM_001103,Chloe Vance,Platinum,chloe.vance5@capital-demo.org,+1 (718) 628-8738,9760,061013637c,"Delhi, India",HH_SINGLE_000102,59,62823.64,call_center,0.2579,0.9617,0.1275,0.7304,0.9517,5,6,False,0.113,low
CUST_PREMIUM_001104,Rafael Brown,Green,rafaelbrown@atlasmail.net,+1 (214) 555-6657,9037,3515b48456,"Dallas, TX",HH_SINGLE_000103,34,10745.98,web,0.6993,0.2778,0.7396,0.3125,0.4974,14,23,True,0.3651,medium
CUST_PREMIUM_001105,Charlotte Lee,Gold,charlotte.lee@atlasmail.net,+1 (312) 570-4576,8053,d64d83ce3a,"Chicago, IL",HH_00034,36,6047.36,app,0.1943,0.45,0.6098,0.2223,0.5649,3,5,False,0.0977,low
CUST_PREMIUM_001106,Hiro Thomas,Green,hiro.thomas8@atlasmail.net,+1 (212) 585-2495,5771,876424d319,"New York, NY",HH_SINGLE_000105,75,1410.61,app,0.5847,0.3114,0.4757,0.1585,0.3477,10,14,False,0.1437,low
CUST_PREMIUM_001107,Olivia Garcia,Platinum,olivia.garcia@vectorlabs.co,+1 (202) 721-0414,6190,2fe0753b1b,"Washington, DC",HH_SINGLE_000106,31,95721.44,app,0.5634,0.7839,0.152,0.3561,0.295,1,1,False,0.0529,low
CUST_PREMIUM_001108,Aditi Ito,Gold,ito.aditi@vectorlabs.co,+1 (617) 736-8333,1553,4c2dc37814,"Boston, MA",HH_SINGLE_000107,17,6252.31,app,0.4324,0.397,0.4963,0.4259,0.4149,5,9,False,0.1145,low
CUST_PREMIUM_001109,Hannah Patel,Green,hannah.patel11@bluepeak.co,+1 (212) 696-6252,6285,aa3109012d,"New York, NY",HH_SINGLE_000108,59,5657.03,web,0.694,0.1379,0.4185,0.434,0.4449,9,22,False,0.5959,high
CUST_PREMIUM_001110,Ibrahim Fernandez,Gold,ibrahimfernandez@harbor.example,+1 (646) 843-4171,2769,56a0330cd0,"London, UK",HH_SINGLE_000109,46,49462.09,call_center,0.265,0.8734,0.713,0.6473,0.4548,14,22,False,0.4923,high
CUST_PREMIUM_001111,Rafael Nakamura,Gold,rafael.nakamura@harbor.example,+1 (312) 792-2090,3161,3e8f8996e6,"Chicago, IL",HH_SINGLE_000110,16,5284.99,web,0.3551,0.0205,0.9575,0.6715,0.0035,1,3,False,0.039,low
CUST_PREMIUM_001112,Meera Sato,Gold,meera.sato@summitmail.net,+1 (310) 818-0009,5291,f3ea4e7bbe,"Los Angeles, CA",HH_SINGLE_000111,39,25075.22,web,0.5686,0.536,0.4756,0.7912,0.5195,4,6,False,0.067,low
CUST_PREMIUM_001113,Kai Martin,Gold,kai.martin15@harbor.example,+1 (214) 888-7928,5963,0c2f2b5b82,"Dallas, TX",HH_SINGLE_000112,24,12647.43,call_center,0.1822,0.4809,0.0364,0.2488,0.2949,3,5,False,0.0713,low
CUST_PREMIUM_001114,Maya Kumar,Gold,m.kumar@example.com,+1 (310) 892-5847,8202,b7f78c20e8,"Los Angeles, CA",HH_SINGLE_000113,96,18617.05,app,0.3102,0.7769,0.3088,0.2709,0.9675,12,21,True,0.5058,high
CUST_PREMIUM_001115,Adrian Patel,Platinum,adrian.patel17@bluepeak.co,+1 (415) 251-3766,9875,0d7b561142,"San Francisco, CA",HH_SINGLE_000114,118,93099.57,web,0.4758,0.428,0.4046,0.4426,0.4521,6,11,False,0.2378,medium
CUST_PREMIUM_001116,Naomi Cooper,Green,naomicooper@summitmail.net,+1 (305) 310-1685,6438,350c731fce,"Miami, FL",HH_SINGLE_000115,84,10838.36,web,0.8166,0.3515,0.7761,0.7307,0.6109,6,11,False,0.1522,low
CUST_PREMIUM_001117,Sora Ito,Green,soraito@northstar.org,+1 (310) 303-9604,4509,d198d116df,"Los Angeles, CA",HH_SINGLE_000116,68,10494.37,web,0.3001,0.6261,0.4283,0.538,0.2113,3,4,True,0.1034,low
CUST_PREMIUM_001118,Nathan Lopez,Platinum,nathanlopez@summitmail.net,+1 (212) 329-7523,7951,77b4d08025,"New York, NY",HH_SINGLE_000117,119,162641.36,web,0.8145,0.5983,0.1929,0.4491,0.2762,2,2,False,0.0385,low
CUST_PREMIUM_001119,Camila Lewis,Platinum,camila.lewis@atlasmail.net,+1 (305) 421-5442,4798,f187c091cb,"Miami, FL",HH_SINGLE_000118,84,76365.59,call_center,0.4147,0.8255,0.8159,0.8657,0.9,6,10,False,0.1248,low
CUST_PREMIUM_001120,James Perez,Platinum,jamesperez@capital-demo.org,+1 (404) 491-3361,9094,a15e8bbd17,"Atlanta, GA",HH_SINGLE_000119,56,38131.95,app,0.4875,0.4524,0.5896,0.7253,0.8016,7,12,False,0.0841,low
CUST_PREMIUM_001121,Kabir Evans,Green,kabir.evans@vectorlabs.co,+1 (312) 462-1280,1170,03a1db0051,"Chicago, IL",HH_SINGLE_000120,56,13164.13,web,0.2466,0.5535,0.5375,0.509,0.3752,5,12,False,0.3837,medium
CUST_PREMIUM_001122,Aisha Jackson,Platinum,jackson.aisha@vectorlabs.co,+1 (202) 576-9199,4797,26991b6a57,"Washington, DC",HH_SINGLE_000121,113,60079.01,app,0.2984,0.5041,0.6791,0.342,0.6795,5,5,False,0.0624,low
CUST_PREMIUM_001123,Aditi Ahmed,Platinum,aditi.ahmed@northstar.org,+1 (415) 547-7118,9237,4a3f1e1d5e,"San Francisco, CA",HH_00040,7,53978.26,web,0.9829,0.3472,0.6036,0.3802,0.762,2,5,False,0.0339,low
CUST_PREMIUM_001124,Noah Shah,Centurion Black,noah.shah26@vectorlabs.co,+1 (214) 595-5037,5154,4822c208d7,"Dallas, TX",HH_SINGLE_000123,53,108467.77,web,0.3283,0.614,0.4587,0.6438,0.6149,7,11,False,0.1532,low
CUST_PREMIUM_001125,Naomi Fernandez,Platinum,naomi.fernandez27@bluepeak.co,+1 (206) 654-2956,9972,be4e47a0db,"Seattle, WA",HH_SINGLE_000124,31,32787.68,in_person,0.404,0.6685,0.5946,0.3088,0.3421,4,5,False,0.0551,low
CUST_PREMIUM_001126,Alejandro Harris,Gold,alejandro.harris@northstar.org,+1 (650) 757-0875,6219,0f6af13a6e,Singapore,HH_SINGLE_000125,50,5796.03,in_person,0.7761,0.2469,0.3263,0.6306,0.7069,10,13,False,0.0848,low
CUST_PREMIUM_001127,Andre Kumar,Green,a.kumar@orchardmail.com,+1 (312) 684-8794,3110,7fa4e22b11,"Chicago, IL",HH_SINGLE_000126,79,3567.54,app,0.2704,0.4075,0.7019,0.2994,0.6097,1,2,True,0.1041,low
CUST_PREMIUM_001128,Hiro Ahmed,Green,ahmed.hiro@harbor.example,+1 (310) 710-6713,5746,e5af12f977,"Los Angeles, CA",HH_SINGLE_000127,78,2575.92,call_center,0.625,0.4334,0.7747,0.4394,0.7071,3,5,False,0.0884,low
CUST_PREMIUM_001129,Kabir Walker,Platinum,kabirwalker@orchardmail.com,+1 (415) 769-4632,8950,a551675ae8,"San Francisco, CA",HH_SINGLE_000128,150,60779.6,call_center,0.6606,0.6255,0.3275,0.6326,0.3229,14,26,False,0.5717,high
CUST_PREMIUM_001130,Meera Roy,Platinum,meeraroy@orchardmail.com,+1 (650) 205-2551,0949,dffd791f5f,Singapore,HH_SINGLE_000129,20,54832.66,in_person,0.6499,0.5274,0.7378,0.867,0.4996,6,11,False,0.158,low
CUST_PREMIUM_001131,Amelia Fernandez,Green,ameliafernandez@harbor.example,+1 (212) 810-0470,2891,30bfa54e2b,"New York, NY",HH_SINGLE_000130,28,14697.11,app,0.5288,0.1363,0.6985,0.3234,0.2751,4,6,False,0.0801,low
CUST_PREMIUM_001132,Kabir Lopez,Green,kabirlopez@orchardmail.com,+1 (305) 202-8389,4666,d51db0abc5,"Miami, FL",HH_SINGLE_000131,83,8485.36,in_person,0.384,0.1673,0.7957,0.6453,0.3554,6,7,False,0.0373,low
CUST_PREMIUM_001133,Dev Sterling,Gold,sterling.dev@example.com,+1 (415) 217-6308,7608,2f492bc4e5,"San Francisco, CA",HH_SINGLE_000132,119,7272.11,call_center,0.6896,0.3112,0.6913,0.3772,0.5144,4,5,False,0.0309,low
CUST_PREMIUM_001134,Amelia Perez,Green,amelia.perez36@example.com,+1 (212) 221-4227,5525,e7a6dd6316,"New York, NY",HH_00044,21,6214.49,in_person,0.4994,0.2129,0.8169,0.3361,0.3369,6,13,False,0.1184,low
CUST_PREMIUM_001135,Ananya Brown,Gold,a.brown@vectorlabs.co,+1 (310) 269-2146,8101,a84fabb641,"Los Angeles, CA",HH_SINGLE_000134,23,24700.98,app,0.2566,0.1607,0.3876,0.0657,0.0228,2,3,False,0.0382,low
CUST_PREMIUM_001136,Riya Thompson,Gold,riya.thompson@example.com,+1 (415) 328-0065,3472,dadb61838c,"San Francisco, CA",HH_SINGLE_000135,32,29243.96,app,0.8509,0.215,0.6064,0.7954,0.9034,6,8,False,0.072,low
CUST_PREMIUM_001137,Gabriel Gupta,Platinum,gabrielgupta@northstar.org,+1 (310) 343-7984,0576,7a68c64b7a,"Los Angeles, CA",HH_SINGLE_000136,59,127295.01,web,0.5277,0.6048,0.5337,0.5294,0.6319,5,7,False,0.086,low
CUST_PREMIUM_001138,Andre Hernandez,Green,andrehernandez@vectorlabs.co,+1 (917) 512-5903,8877,b9f705de91,"Mumbai, India",HH_SINGLE_000137,55,905.09,web,0.6313,0.6323,0.2429,0.3753,0.6539,4,4,False,0.0615,low
CUST_PREMIUM_001139,Leo Banerjee,Platinum,banerjee.leo@northstar.org,+1 (415) 439-3822,1834,c846bac08c,"San Francisco, CA",HH_00046,109,20439.1,web,0.3259,0.0732,0.718,0.3802,0.1134,2,4,False,0.028,low
CUST_PREMIUM_001140,Meera Singh,Gold,singh.meera@orchardmail.com,+1 (212) 443-1741,0169,e21eec7908,"New York, NY",HH_SINGLE_000139,53,36875.2,app,0.3635,0.6646,0.295,0.473,0.5568,4,6,False,0.0925,low
CUST_PREMIUM_001141,Elena Roy,Gold,elena.roy@capital-demo.org,+1 (718) 634-9660,8848,caaa17e525,"Delhi, India",HH_SINGLE_000140,33,29797.86,call_center,0.9139,0.3013,0.7772,0.7762,0.6262,2,4,False,0.0503,low
CUST_PREMIUM_001142,Hiro Cooper,Gold,hiro.cooper44@atlasmail.net,+1 (312) 539-7579,8971,6184509992,"Chicago, IL",HH_00047,19,5587.61,call_center,0.4468,0.3897,0.4087,0.1992,0.6783,2,3,False,0.0454,low
CUST_PREMIUM_001143,Meera Adams,Platinum,meeraadams@atlasmail.net,+1 (310) 565-5498,6934,27595688d2,"Los Angeles, CA",HH_SINGLE_000142,99,89786.39,call_center,0.2452,0.912,0.2029,0.5741,0.3681,5,6,False,0.1223,low
CUST_PREMIUM_001144,Miguel Rodriguez,Green,miguel.rodriguez@vectorlabs.co,+1 (214) 635-3417,2745,037bb72948,"Dallas, TX",HH_00047,123,6537.19,call_center,0.6881,0.9315,0.2221,0.5732,0.5931,1,1,True,0.0639,low
CUST_PREMIUM_001145,Meera Hall,Platinum,meerahall@example.com,+1 (305) 683-1336,3918,b843f48261,"Miami, FL",HH_00048,41,18999.55,in_person,0.6002,0.3691,0.3488,0.8466,0.7612,4,7,False,0.129,low
CUST_PREMIUM_001146,Isla Williams,Platinum,i.williams@capital-demo.org,+1 (917) 808-9255,5536,0fd3498351,"Mumbai, India",HH_00048,24,73843.45,app,0.5905,0.5698,0.5059,0.4321,0.4362,1,2,False,0.0491,low
CUST_PREMIUM_001147,Sophia Campbell,Gold,sophiacampbell@harbor.example,+1 (917) 845-7174,3198,34ed64f2a6,"Mumbai, India",HH_SINGLE_000146,54,27401.21,call_center,0.2777,0.7933,0.4226,0.8706,0.3982,5,9,False,0.1874,low
CUST_PREMIUM_001148,Avery Miller,Centurion Black,avery.miller@harbor.example,+1 (646) 849-5093,2380,64650baed8,"London, UK",HH_00049,44,1035907.98,web,0.5035,0.8936,0.3358,0.1922,0.6794,2,4,False,0.1044,low
CUST_PREMIUM_001149,Benjamin Harris,Gold,benjamin.harris@harbor.example,+1 (617) 853-3012,8303,c849894858,"Boston, MA",HH_SINGLE_000148,55,14770.78,app,0.0029,0.5856,0.2945,0.8156,0.1779,6,12,False,0.3454,medium
CUST_PREMIUM_001150,Aisha Campbell,Centurion Black,aisha.campbell52@atlasmail.net,+1 (206) 879-0931,6738,23a6c7b49a,"Seattle, WA",HH_SINGLE_000149,50,70097.36,call_center,0.2645,0.9607,0.3026,0.8145,0.7322,3,7,False,0.1381,low
CUST_PREMIUM_001151,Alejandro Rodriguez,Centurion Black,a.rodriguez@harbor.example,+1 (415) 883-8850,5581,999f2806e9,"San Francisco, CA",HH_SINGLE_000150,4,758066.97,call_center,0.3048,0.4033,0.2365,0.6708,0.48,14,21,False,0.4086,medium
CUST_PREMIUM_001152,Leo Bennett,Platinum,leo.bennett54@bluepeak.co,+1 (305) 242-6769,1381,bad42ee2d9,"Miami, FL",HH_SINGLE_000151,124,42619.33,call_center,0.7173,0.3138,0.3216,0.3752,0.6683,2,3,False,0.0705,low
CUST_PREMIUM_001153,Yuki Ahmed,Gold,yukiahmed@orchardmail.com,+1 (212) 224-4688,1712,35d6ff37a3,"New York, NY",HH_SINGLE_000152,63,24887.5,web,0.8767,0.3467,0.4299,0.4737,0.6759,5,9,False,0.0924,low
CUST_PREMIUM_001154,Grace Perez,Platinum,graceperez@atlasmail.net,+1 (416) 382-2607,4751,00c69876ad,"Toronto, Canada",HH_SINGLE_000153,69,63572.3,web,0.2889,0.1104,0.5881,0.5918,0.7622,9,16,False,0.1193,low
CUST_PREMIUM_001155,Aditi Sato,Platinum,sato.aditi@orchardmail.com,+1 (469) 463-0526,9925,891fb0d30e,"Tokyo, Japan",HH_SINGLE_000154,91,82285.12,app,0.3408,0.036,0.9373,0.5906,0.7397,4,10,False,0.0497,low
CUST_PREMIUM_001156,Meera Anderson,Gold,meeraanderson@bluepeak.co,+1 (310) 346-8445,1250,566f9f62ba,"Los Angeles, CA",HH_SINGLE_000155,45,17952.63,call_center,0.4257,0.2139,0.4296,0.1773,0.0757,11,15,False,0.0913,low
CUST_PREMIUM_001157,Samuel Martinez,Gold,samuelmartinez@atlasmail.net,+1 (416) 493-6364,6022,725a864cf7,"Toronto, Canada",HH_SINGLE_000156,100,8090.55,app,0.5042,0.3015,0.4093,0.3314,0.5312,12,22,False,0.5217,high
CUST_PREMIUM_001158,Dev Kapoor,Platinum,dev.kapoor60@bluepeak.co,+1 (415) 442-4283,8870,e7653f9792,"San Francisco, CA",HH_SINGLE_000157,18,13529.45,app,0.451,0.1935,0.6254,0.902,0.5346,8,13,False,0.1206,low
CUST_PREMIUM_001159,Alejandro Baker,Green,alejandrobaker@bluepeak.co,+1 (310) 457-2202,1543,16df022351,"Los Angeles, CA",HH_SINGLE_000158,23,17688.53,app,0.4554,0.5271,0.308,0.3786,0.6159,5,7,False,0.1135,low
CUST_PREMIUM_001160,Aisha Walker,Platinum,walker.aisha@vectorlabs.co,+1 (305) 538-0121,6961,311ef2db70,"Miami, FL",HH_SINGLE_000159,80,19505.53,web,0.2239,0.5975,0.4384,0.2986,0.3088,3,4,False,0.0502,low
CUST_PREMIUM_001161,Arjun Jackson,Gold,arjun.jackson@atlasmail.net,+1 (415) 553-8040,7414,1ff1020a88,"San Francisco, CA",HH_SINGLE_000160,90,4481.78,web,0.4046,0.4992,0.3352,0.3363,0.4823,3,4,False,0.0778,low
CUST_PREMIUM_001162,Aisha Wright,Platinum,aisha.wright64@capital-demo.org,+1 (212) 557-5959,6300,a0a0616b77,"New York, NY",HH_SINGLE_000161,48,20265.18,web,0.6261,0.3574,0.7547,0.4559,0.5783,1,1,False,0.025,low
CUST_PREMIUM_001163,Dev Fernandez,Platinum,dev.fernandez65@harbor.example,+1 (212) 594-3878,3768,429f26d94f,"New York, NY",HH_SINGLE_000162,100,27631.19,web,0.5011,0.7019,0.2104,0.4892,0.0929,7,8,False,0.078,low
CUST_PREMIUM_001164,Adrian Anderson,Gold,adrian.anderson@summitmail.net,+1 (650) 763-1797,3287,74546519cd,Singapore,HH_SINGLE_000163,25,13128.85,app,0.097,0.8772,0.4636,0.6816,0.1423,4,6,False,0.1293,low
CUST_PREMIUM_001165,Ananya Murphy,Platinum,a.murphy@orchardmail.com,+1 (310) 679-9716,3232,985550a2a8,"Los Angeles, CA",HH_00054,68,34122.18,call_center,0.4435,0.1905,0.8273,0.3283,0.3186,3,3,False,0.0249,low
CUST_PREMIUM_001166,Jack Sato,Platinum,jacksato@orchardmail.com,+1 (206) 771-7635,7526,dc97831324,"Seattle, WA",HH_SINGLE_000165,37,136158.5,web,0.4196,0.2059,0.5049,0.8316,0.085,9,11,False,0.0347,low
CUST_PREMIUM_001167,Priya Miller,Gold,priya.miller69@atlasmail.net,+1 (617) 819-5554,8120,de1c0e1e13,"Boston, MA",HH_SINGLE_000166,36,12782.67,app,0.3203,0.4318,0.4142,0.5777,0.3076,7,12,False,0.1947,low
CUST_PREMIUM_001168,Amelia Baker,Green,baker.amelia@vectorlabs.co,+1 (416) 200-3473,6740,bddd1cafbb,"Toronto, Canada",HH_SINGLE_000167,45,7251.4,web,0.8908,0.1304,0.8299,0.8766,0.5219,5,9,False,0.0658,low
CUST_PREMIUM_001169,Noah Jackson,Gold,noah.jackson71@harbor.example,+1 (310) 827-1392,9273,a4cba8b46f,"Los Angeles, CA",HH_00056,11,20395.2,app,0.4996,0.4593,0.624,0.2786,0.815,9,17,False,0.1985,low
CUST_PREMIUM_001170,Noah Hernandez,Green,noah.hernandez@harbor.example,+1 (312) 875-9311,1065,cd6dadbc0f,"Chicago, IL",HH_SINGLE_000169,36,11532.92,in_person,0.1784,0.7341,0.2526,0.591,0.6119,9,24,True,0.9245,high
CUST_PREMIUM_001171,Gabriel Harris,Green,harris.gabriel@orchardmail.com,+1 (312) 212-7230,3251,33000b7419,"Chicago, IL",HH_SINGLE_000170,7,9578.7,in_person,0.4339,0.9079,0.8,0.7962,0.9052,5,7,False,0.1277,low
CUST_PREMIUM_001172,Omar Murphy,Green,murphy.omar@vectorlabs.co,+1 (305) 282-5149,8799,62007bd666,"Miami, FL",HH_SINGLE_000171,73,15292.99,app,0.3481,0.3912,0.6901,0.6673,0.6429,2,6,True,0.203,medium
CUST_PREMIUM_001173,Olivia Sterling,Platinum,o.sterling@summitmail.net,+1 (415) 297-3068,3193,4a6753e34e,"San Francisco, CA",HH_00057,41,146320.22,in_person,0.8267,0.6195,0.6415,0.8533,0.8492,2,3,False,0.0582,low
CUST_PREMIUM_001174,Amelia Williams,Green,ameliawilliams@capital-demo.org,+1 (646) 411-0987,9759,c50e4c0790,"London, UK",HH_SINGLE_000173,57,28146.59,app,0.1061,0.7541,0.6909,0.5,0.428,7,10,False,0.1195,low
CUST_PREMIUM_001175,Miguel Fernandez,Green,m.fernandez@example.com,+1 (212) 338-8906,6280,87fcdbb9a8,"New York, NY",HH_SINGLE_000174,97,10959.06,web,0.9896,0.5308,0.1942,0.5978,0.8585,14,25,False,0.5117,high
CUST_PREMIUM_001176,Lucas Perez,Gold,l.perez@vectorlabs.co,+1 (718) 529-6825,4093,7e35ddd9e8,"Delhi, India",HH_SINGLE_000175,43,31014.37,in_person,0.3674,0.4651,0.5096,0.1462,0.2244,1,1,False,0.0623,low
CUST_PREMIUM_001177,Aditi Morgan,Gold,aditi.morgan79@summitmail.net,+1 (650) 544-4744,8286,f28e7c01cd,Singapore,HH_SINGLE_000176,5,8736.97,app,0.3385,0.5948,0.3852,0.5444,0.9122,1,2,False,0.0268,low
CUST_PREMIUM_001178,Noah Young,Green,noah.young80@bluepeak.co,+1 (469) 614-2663,7539,802c981fe5,"Tokyo, Japan",HH_SINGLE_000177,37,21657.61,web,0.8794,0.301,0.5593,0.6968,0.8474,8,11,False,0.1121,low
CUST_PREMIUM_001179,Andre Morgan,Platinum,morgan.andre@northstar.org,+1 (206) 552-0582,3624,cb57b04506,"Seattle, WA",HH_SINGLE_000178,87,60189.28,call_center,0.3001,0.3281,0.3691,0.1644,0.5124,1,3,False,0.1478,low
CUST_PREMIUM_001180,Dev Sato,Gold,d.sato@orchardmail.com,+1 (312) 545-8501,6224,0c6b84c877,"Chicago, IL",HH_SINGLE_000179,11,20125.58,web,0.799,0.1982,0.6941,0.377,0.7102,1,1,False,0.0288,low
CUST_PREMIUM_001181,Aisha Lopez,Green,lopez.aisha@atlasmail.net,+1 (415) 593-6420,8622,7f3daf8d73,"San Francisco, CA",HH_SINGLE_000180,122,4317.86,web,0.3465,0.1775,0.4503,0.1174,0.1254,2,4,False,0.0879,low
CUST_PREMIUM_001182,Isla Davis,Green,isla.davis84@capital-demo.org,+1 (305) 652-4339,5283,bd4ae5df2a,"Miami, FL",HH_SINGLE_000181,67,9121.26,app,0.6317,0.4736,0.5837,0.8207,0.8234,7,13,True,0.173,low
CUST_PREMIUM_001183,Ethan Wilson,Platinum,ethan.wilson@capital-demo.org,+1 (416) 755-2258,3588,3b165d5bb6,"Toronto, Canada",HH_SINGLE_000182,121,37974.19,app,0.7318,0.3359,0.835,0.6316,0.6938,1,1,False,0.043,low
CUST_PREMIUM_001184,Naomi Harris,Platinum,harris.naomi@vectorlabs.co,+1 (214) 715-0177,7536,adc53841b1,"Dallas, TX",HH_SINGLE_000183,34,37164.5,app,0.3835,0.3945,0.613,0.5062,0.5911,5,11,False,0.156,low
CUST_PREMIUM_001185,Amara Garcia,Platinum,amara.garcia@vectorlabs.co,+1 (312) 730-8096,1316,451ad70277,"Chicago, IL",HH_SINGLE_000184,75,9617.26,app,0.6326,0.6637,0.8975,0.7395,0.9552,9,13,False,0.1072,low
CUST_PREMIUM_001186,Olivia Walker,Gold,oliviawalker@atlasmail.net,+1 (310) 756-6015,6311,f864a18841,"Los Angeles, CA",HH_SINGLE_000185,11,10444.16,call_center,0.6494,0.7627,0.5707,0.7163,0.3932,12,24,True,0.5538,high
CUST_PREMIUM_001187,Sora Smith,Gold,sorasmith@orchardmail.com,+1 (617) 859-3934,6606,0643e58771,"Boston, MA",HH_SINGLE_000186,7,6003.95,app,0.5219,0.5304,0.5168,0.4436,0.3645,3,6,False,0.1313,low
CUST_PREMIUM_001188,Akira Ahmed,Gold,akira.ahmed90@orchardmail.com,+1 (718) 273-1853,9384,5ba380c26b,"Delhi, India",HH_00062,67,9090.67,app,0.5467,0.4869,0.6752,0.4118,0.2287,4,9,False,0.1131,low
CUST_PREMIUM_001189,Maya Moore,Platinum,maya.moore@summitmail.net,+1 (310) 867-9772,7900,b4e6af318f,"Los Angeles, CA",HH_00062,33,47990.6,web,0.6784,0.4103,0.5937,0.581,0.4851,4,8,False,0.0995,low
CUST_PREMIUM_001190,David Rossi,Gold,david.rossi92@capital-demo.org,+1 (617) 270-7691,9155,4cc3d3b662,"Boston, MA",HH_SINGLE_000189,132,8727.48,call_center,0.8324,0.4634,0.2275,0.6511,0.1327,10,19,False,0.3938,medium
CUST_PREMIUM_001191,Yuki Brown,Green,yuki.brown@harbor.example,+1 (617) 307-5610,0559,f818732f35,"Boston, MA",HH_SINGLE_000190,115,3121.29,call_center,0.4344,0.2996,0.6314,0.4472,0.5187,2,2,False,0.0158,low
CUST_PREMIUM_001192,Layla Wilson,Platinum,layla.wilson@harbor.example,+1 (212) 267-3529,9639,edbac9fe83,"New York, NY",HH_SINGLE_000191,29,83895.8,call_center,0.3668,0.5646,0.6381,0.2616,0.3556,1,1,False,0.0192,low
CUST_PREMIUM_001193,Arjun Martinez,Gold,martinez.arjun@summitmail.net,+1 (212) 304-1448,9531,a875ddd704,"New York, NY",HH_SINGLE_000192,33,5832.99,web,0.2911,0.3684,0.5735,0.5223,0.7225,1,1,False,0.024,low
CUST_PREMIUM_001194,Jonah Thompson,Green,jonah.thompson@vectorlabs.co,+1 (312) 363-9367,3497,32488f879d,"Chicago, IL",HH_SINGLE_000193,74,6039.86,call_center,0.6867,0.2364,0.5929,0.1432,0.0453,4,9,True,0.1842,low
CUST_PREMIUM_001195,Liam Robinson,Platinum,l.robinson@summitmail.net,+1 (212) 378-7286,1976,79082e63c2,"New York, NY",HH_00064,11,206508.54,web,0.5026,0.6439,0.1878,0.3887,0.7784,6,10,False,0.1885,low
CUST_PREMIUM_001196,Dev Johnson,Green,dev.johnson@atlasmail.net,+1 (617) 492-5205,2100,93fbfb41b0,"Boston, MA",HH_SINGLE_000195,80,26656.02,call_center,0.5873,0.6274,0.6116,0.4307,0.4441,5,6,False,0.066,low
CUST_PREMIUM_001197,Grace Rodriguez,Platinum,grace.rodriguez@harbor.example,+1 (415) 485-3124,1461,49778ce4ac,"San Francisco, CA",HH_SINGLE_000196,94,34122.68,web,0.6301,0.3803,0.7259,0.4238,0.1927,2,2,False,0.0179,low
CUST_PREMIUM_001198,Sora Shah,Green,shah.sora@northstar.org,+1 (310) 500-1043,9008,d26f5e5459,"Los Angeles, CA",HH_SINGLE_000197,111,4861.51,app,0.2855,0.3107,0.9547,0.7918,0.7679,1,1,False,0.0185,low
CUST_PREMIUM_001199,Benjamin Walker,Gold,benjaminwalker@vectorlabs.co,+1 (917) 669-8962,9067,13583f2ace,"Mumbai, India",HH_SINGLE_000198,115,25476.78,in_person,0.5485,0.374,0.6936,0.5194,0.6486,2,2,False,0.0388,low
CUST_PREMIUM_001200,Miguel Diaz,Green,miguel.diaz@vectorlabs.co,+1 (404) 651-6881,7003,36ca6c6752,"Atlanta, GA",HH_SINGLE_000199,68,12508.69,web,0.6662,0.6089,0.1694,0.5359,0.3539,5,8,False,0.1329,low
CUST_PREMIUM_001201,Aisha Bennett,Green,bennett.aisha@orchardmail.com,+1 (206) 666-4800,3037,0154a3e532,"Seattle, WA",HH_SINGLE_000200,122,7332.89,call_center,0.4951,0.9085,0.4798,0.2827,0.6384,2,3,False,0.098,low
CUST_PREMIUM_001202,Harper Kumar,Gold,harper.kumar7@bluepeak.co,+1 (646) 747-2719,8188,3f5b5c75de,"London, UK",HH_SINGLE_000201,27,29397.27,in_person,0.7077,0.6425,0.3716,0.0727,0.4424,1,1,False,0.0259,low
CUST_PREMIUM_001203,Naomi Khan,Green,naomi.khan8@bluepeak.co,+1 (310) 685-0638,8728,2777e7e541,"Los Angeles, CA",HH_SINGLE_000202,42,3305.48,web,0.8405,0.3608,0.7886,0.3354,0.2755,4,9,False,0.1063,low
CUST_PREMIUM_001204,Adrian Khan,Centurion Black,adriankhan@vectorlabs.co,+1 (646) 821-8557,5552,f823d69f31,"London, UK",HH_SINGLE_000203,22,129654.63,app,0.6086,0.2148,0.6237,0.3061,0.1884,5,9,True,0.0784,low
CUST_PREMIUM_001205,Zoe Morris,Platinum,zoe.morris@bluepeak.co,+1 (312) 770-6476,8270,53da5a5c5f,"Chicago, IL",HH_SINGLE_000204,60,18572.57,app,0.7938,0.0967,0.806,0.3827,0.9486,10,12,False,0.0424,low
CUST_PREMIUM_001206,Zara Evans,Green,zara.evans11@summitmail.net,+1 (646) 895-4395,1051,87b8ec1b7a,"London, UK",HH_SINGLE_000205,60,17437.77,call_center,0.2337,0.7157,0.6063,0.4983,0.4279,14,30,True,0.814,high
CUST_PREMIUM_001207,Aditi Ramirez,Gold,aditi.ramirez12@harbor.example,+1 (617) 899-2314,7134,585508febb,"Boston, MA",HH_SINGLE_000206,48,11126.17,app,0.2564,0.8003,0.4219,0.2844,0.5259,5,11,True,0.3256,medium
CUST_PREMIUM_001208,Zara Robinson,Platinum,zararobinson@example.com,+1 (404) 247-0233,4037,7e49521945,"Atlanta, GA",HH_SINGLE_000207,47,62093.09,call_center,0.4545,0.7962,0.8558,0.8922,0.8191,8,12,False,0.1406,low
CUST_PREMIUM_001209,Diego Singh,Gold,diego.singh14@bluepeak.co,+1 (416) 317-8152,8291,7a758ab740,"Toronto, Canada",HH_SINGLE_000208,90,10181.82,app,0.3796,0.5681,0.2776,0.776,0.6599,1,2,False,0.0547,low
CUST_PREMIUM_001210,Kai Gupta,Gold,kai.gupta15@summitmail.net,+1 (312) 255-6071,1762,d91d1c8576,"Chicago, IL",HH_SINGLE_000209,17,23996.43,call_center,0.6231,0.5259,0.4767,0.2869,0.3035,1,2,False,0.0768,low
CUST_PREMIUM_001211,Jonah Nakamura,Gold,jonah.nakamura@summitmail.net,+1 (305) 325-3990,4429,5819d68e89,"Miami, FL",HH_SINGLE_000210,146,17517.97,web,0.6465,0.6849,0.5886,0.4441,0.5355,5,5,False,0.0577,low
CUST_PREMIUM_001212,Rafael Shah,Platinum,shah.rafael@atlasmail.net,+1 (312) 329-1909,4429,7809cf0092,"Chicago, IL",HH_SINGLE_000211,16,12716.17,web,0.57,0.6864,0.5867,0.4071,0.5265,1,1,False,0.0153,low
CUST_PREMIUM_001213,Kabir White,Gold,kabir.white18@example.com,+1 (469) 509-9828,7770,a3d78024e5,"Tokyo, Japan",HH_SINGLE_000212,72,17099.54,app,0.1209,0.7072,0.3068,0.3118,0.4249,1,3,True,0.138,low
CUST_PREMIUM_001214,Maya Diaz,Platinum,diaz.maya@capital-demo.org,+1 (310) 392-7747,9444,6ec9444d78,"Los Angeles, CA",HH_SINGLE_000213,95,14353.91,app,0.3647,0.7407,0.4684,0.2341,0.2849,9,15,False,0.349,medium
CUST_PREMIUM_001215,Omar Wang,Green,omarwang@northstar.org,+1 (312) 440-5666,4497,35a3f5c6b5,"Chicago, IL",HH_SINGLE_000214,8,3785.08,app,0.6235,0.7068,0.2988,0.7023,0.6211,6,14,True,0.4668,high
CUST_PREMIUM_001216,Ibrahim Nakamura,Green,ibrahimnakamura@summitmail.net,+1 (416) 576-3585,9749,0aaf50902b,"Toronto, Canada",HH_SINGLE_000215,30,20763.83,web,0.9444,0.5761,0.3924,0.8945,0.7472,14,26,True,0.5523,high
CUST_PREMIUM_001217,Liam Evans,Platinum,liam.evans@northstar.org,+1 (718) 646-1504,3542,0d67a07a99,"Delhi, India",HH_SINGLE_000216,86,89151.25,app,0.5851,0.5547,0.6698,0.3933,0.6567,2,2,False,0.0197,low
CUST_PREMIUM_001218,Dev Young,Gold,dev.young@bluepeak.co,+1 (212) 529-9423,8650,42175801f0,"New York, NY",HH_SINGLE_000217,123,5891.44,call_center,0.7259,0.4442,0.4757,0.4312,0.3184,3,5,False,0.0427,low
CUST_PREMIUM_001219,Grace Martin,Centurion Black,g.martin@summitmail.net,+1 (469) 731-7342,0124,1a523c5084,"Tokyo, Japan",HH_00072,76,374053.48,app,0.8511,0.6174,0.3992,0.6778,0.463,13,22,True,0.3155,medium
CUST_PREMIUM_001220,Elias Wilson,Platinum,elias.wilson25@harbor.example,+1 (416) 724-5261,7109,b257f554b2,"Toronto, Canada",HH_SINGLE_000219,53,112069.9,call_center,0.6811,0.2585,0.485,0.6302,0.5566,11,16,False,0.0933,low
CUST_PREMIUM_001221,Andre Williams,Gold,andrewilliams@example.com,+1 (617) 717-3180,1697,6051ca1bce,"Boston, MA",HH_SINGLE_000220,41,16953.2,web,0.3332,0.721,0.1343,0.4919,0.3504,1,2,False,0.073,low
CUST_PREMIUM_001222,Zoe Martin,Gold,z.martin@northstar.org,+1 (202) 776-1099,1949,6aa452f315,"Washington, DC",HH_SINGLE_000221,33,20321.97,app,0.8195,0.6423,0.3893,0.3505,0.4197,4,7,False,0.1138,low
CUST_PREMIUM_001223,Zara Ito,Centurion Black,zara.ito28@bluepeak.co,+1 (212) 714-9018,2193,f160363f88,"New York, NY",HH_SINGLE_000222,13,129661.15,call_center,0.7175,0.7252,0.4275,0.4865,0.5127,9,12,False,0.1518,low
CUST_PREMIUM_001224,Kai Brown,Platinum,kai.brown29@atlasmail.net,+1 (212) 751-6937,8935,7ae99c75c9,"New York, NY",HH_SINGLE_000223,67,79618.96,app,0.4469,0.0171,0.9961,0.5746,0.0476,1,1,False,0.0129,low
CUST_PREMIUM_001225,Elias Turner,Green,turner.elias@example.com,+1 (206) 854-4856,0853,fd99cf7e68,"Seattle, WA",HH_00074,177,9902.44,app,0.1885,0.5443,0.4081,0.1909,0.7557,6,9,False,0.1426,low
CUST_PREMIUM_001226,Hannah Lee,Gold,hannah.lee31@bluepeak.co,+1 (416) 246-2775,7154,9aa6058138,"Toronto, Canada",HH_00075,66,6839.51,web,0.5488,0.3502,0.6032,0.4586,0.7118,3,4,False,0.0323,low
CUST_PREMIUM_001227,Elias Young,Green,eliasyoung@capital-demo.org,+1 (212) 862-0694,9646,5fc70f2751,"New York, NY",HH_SINGLE_000226,37,14638.34,web,0.7763,0.2076,0.5813,0.7084,0.2226,4,9,False,0.2961,medium
CUST_PREMIUM_001228,Fatima Young,Green,f.young@northstar.org,+1 (404) 287-8613,4213,82810421a4,"Atlanta, GA",HH_00075,100,36962.72,app,0.8367,0.4275,0.8495,0.5297,0.7281,3,4,False,0.0649,low
CUST_PREMIUM_001229,Elias Ito,Platinum,e.ito@bluepeak.co,+1 (202) 335-6532,1731,90b7ed5e26,"Washington, DC",HH_00076,31,22754.8,app,0.5987,0.2336,0.5453,0.2301,0.0597,3,6,False,0.1265,low
CUST_PREMIUM_001230,Meera Williams,Centurion Black,meerawilliams@atlasmail.net,+1 (212) 273-4451,3710,f30d3e53e8,"New York, NY",HH_SINGLE_000229,86,220329.9,call_center,0.7312,0.4894,0.4544,0.6822,0.5062,6,6,False,0.0225,low
CUST_PREMIUM_001231,Arjun Carter,Platinum,a.carter@capital-demo.org,+1 (212) 310-2370,5654,8bc2826b73,"New York, NY",HH_00076,77,35209.8,web,0.2466,0.587,0.2673,0.5947,0.6317,8,16,False,0.2338,medium
CUST_PREMIUM_001232,Victoria Clark,Gold,victoriaclark@example.com,+1 (917) 490-0289,9174,531d0993cf,"Mumbai, India",HH_SINGLE_000231,39,9586.21,web,0.6499,0.8528,0.9932,0.2918,0.0017,7,14,False,0.1219,low
CUST_PREMIUM_001233,Akira Evans,Gold,akiraevans@atlasmail.net,+1 (310) 395-8208,4498,4a3151af0a,"Los Angeles, CA",HH_SINGLE_000232,62,111079.32,call_center,0.6266,0.3547,0.712,0.871,0.3177,1,1,False,0.0494,low
CUST_PREMIUM_001234,Camila Davis,Platinum,camila.davis39@capital-demo.org,+1 (214) 465-6127,5601,dde81f0850,"Dallas, TX",HH_SINGLE_000233,292,67056.7,web,0.266,0.2918,0.605,0.5989,0.257,3,5,False,0.0378,low
CUST_PREMIUM_001235,Maya Kumar,Green,maya.kumar40@vectorlabs.co,+1 (650) 590-4046,2158,238ccd777a,Singapore,HH_SINGLE_000234,62,49436.95,web,0.5172,0.1442,0.7981,0.3798,0.5643,1,2,False,0.0596,low
CUST_PREMIUM_001236,Hannah Khan,Green,hannah.khan41@northstar.org,+1 (404) 583-1965,2065,0905c0113d,"Atlanta, GA",HH_SINGLE_000235,105,10847.72,in_person,0.5569,0.5958,0.3557,0.4518,0.4777,1,1,False,0.0258,low
CUST_PREMIUM_001237,Nora Diaz,Gold,noradiaz@example.com,+1 (415) 565-9884,5327,ea960c9f44,"San Francisco, CA",HH_00078,28,3246.66,app,0.8363,0.2628,0.3482,0.7794,0.3796,5,6,False,0.0539,low
CUST_PREMIUM_001238,Adrian Robinson,Green,adrian.robinson@vectorlabs.co,+1 (917) 712-7803,3452,18e3c6d129,"Mumbai, India",HH_00079,14,16984.74,call_center,0.5259,0.61,0.379,0.5651,0.5267,6,8,False,0.0919,low
CUST_PREMIUM_001239,Hiro Smith,Green,hiro.smith@capital-demo.org,+1 (202) 705-5722,1324,ae8db18269,"Washington, DC",HH_00079,122,6096.19,app,0.017,0.37,0.8337,0.0456,0.1081,3,4,False,0.0397,low
CUST_PREMIUM_001240,Amelia Chen,Green,amelia.chen45@atlasmail.net,+1 (415) 676-3641,4307,79f56e2a48,"San Francisco, CA",HH_SINGLE_000239,71,7552.93,app,0.4279,0.4709,0.3322,0.5119,0.6346,2,5,True,0.1537,low
CUST_PREMIUM_001241,Maya Martinez,Platinum,m.martinez@northstar.org,+1 (469) 845-1560,7588,cff8269bc3,"Tokyo, Japan",HH_SINGLE_000240,157,101797.07,app,0.0575,0.5763,0.1396,0.1482,0.4405,5,9,False,0.2611,medium
CUST_PREMIUM_001242,Sara Hall,Gold,sarahall@harbor.example,+1 (404) 805-9479,9772,d5b97735b8,"Atlanta, GA",HH_SINGLE_000241,189,6453.03,web,0.1718,0.2285,0.1314,0.9713,0.4313,2,3,False,0.06,low
CUST_PREMIUM_001243,Jonah Clark,Centurion Black,clark.jonah@vectorlabs.co,+1 (415) 787-7398,9985,118b0eb7a8,"San Francisco, CA",HH_SINGLE_000242,151,79073.5,in_person,0.3065,0.7061,0.2574,0.6542,0.3167,3,5,False,0.1093,low
CUST_PREMIUM_001244,Harper Smith,Platinum,harper.smith49@vectorlabs.co,+1 (917) 234-5317,7704,570152adc2,"Mumbai, India",HH_00081,83,17035.4,app,0.5985,0.6044,0.3627,0.3863,0.6918,1,3,False,0.1235,low
CUST_PREMIUM_001245,Omar Taylor,Green,omar.taylor@summitmail.net,+1 (312) 850-3236,3724,4729a82914,"Chicago, IL",HH_SINGLE_000244,34,31501.5,app,0.5899,0.7822,0.2778,0.5427,0.5428,9,15,False,0.4046,medium
CUST_PREMIUM_001246,Andre Jones,Green,jones.andre@vectorlabs.co,+1 (312) 887-1155,1426,5a63f88f8c,"Chicago, IL",HH_SINGLE_000245,38,27138.59,web,0.4835,0.5763,0.4905,0.5887,0.8028,2,4,False,0.1238,low
CUST_PREMIUM_001247,Amara Patel,Green,a.patel@example.com,+1 (718) 356-9074,5087,59413dbcd4,"Delhi, India",HH_SINGLE_000246,8,17753.6,web,0.4834,0.7696,0.1475,0.6766,0.6044,1,1,False,0.0267,low
CUST_PREMIUM_001248,Avery Wilson,Centurion Black,avery.wilson53@northstar.org,+1 (917) 382-6993,5834,0bc4a78ea0,"Mumbai, India",HH_00082,134,164956.74,call_center,0.8583,0.3238,0.5596,0.6044,0.3757,9,14,False,0.1149,low
CUST_PREMIUM_001249,Harper Lopez,Platinum,h.lopez@vectorlabs.co,+1 (404) 364-4912,1888,5dd7781770,"Atlanta, GA",HH_SINGLE_000248,86,119983.79,app,0.4677,0.6041,0.3743,0.523,0.5337,4,10,False,0.2732,medium
CUST_PREMIUM_001250,Maya Lee,Green,maya.lee55@atlasmail.net,+1 (415) 346-2831,5686,936d993530,"San Francisco, CA",HH_SINGLE_000249,61,13309.84,app,0.6023,0.8259,0.266,0.5837,0.4442,4,10,True,0.3907,medium
CUST_PREMIUM_001251,Theo Anderson,Platinum,theoanderson@summitmail.net,+1 (214) 394-0750,1735,582dfaef99,"Dallas, TX",HH_00083,29,41731.45,call_center,0.2374,0.2644,0.6094,0.1611,0.0784,5,8,False,0.071,low
CUST_PREMIUM_001252,Akira Wang,Gold,akirawang@vectorlabs.co,+1 (310) 398-8669,7888,36efa6751e,"Los Angeles, CA",HH_SINGLE_000251,72,11557.83,app,0.5236,0.6095,0.1927,0.4284,0.4347,3,8,False,0.2534,medium
CUST_PREMIUM_001253,Rafael Wilson,Gold,rafael.wilson@orchardmail.com,+1 (416) 545-6588,7339,0b4b097b99,"Toronto, Canada",HH_SINGLE_000252,78,24733.31,web,0.6566,0.1168,0.8428,0.3582,0.5185,11,20,False,0.1089,low
CUST_PREMIUM_001254,Avery Morris,Gold,a.morris@summitmail.net,+1 (404) 549-4507,7855,838eaa2394,"Atlanta, GA",HH_SINGLE_000253,44,6176.44,in_person,0.1509,0.7418,0.9031,0.4815,0.97,4,9,False,0.0567,low
CUST_PREMIUM_001255,Hiro Thompson,Centurion Black,hiro.thompson@bluepeak.co,+1 (305) 553-2426,3892,8b1c85cb9c,"Miami, FL",HH_SINGLE_000254,115,18227.93,call_center,0.6639,0.3707,0.79,0.2661,0.6948,4,7,False,0.0743,low
CUST_PREMIUM_001256,Theo Williams,Green,t.williams@capital-demo.org,+1 (214) 579-0345,8176,309a744dc9,"Dallas, TX",HH_SINGLE_000255,75,17457.35,web,0.8516,0.3385,0.7798,0.5928,0.1819,1,2,False,0.1005,low
CUST_PREMIUM_001257,Jack Kumar,Green,jack.kumar62@example.com,+1 (305) 627-8264,9408,04c2f7bf71,"Miami, FL",HH_SINGLE_000256,100,8871.97,call_center,0.5866,0.6771,0.5635,0.7106,0.5267,5,11,False,0.3996,medium
CUST_PREMIUM_001258,Andre Thomas,Platinum,a.thomas@bluepeak.co,+1 (646) 719-6183,9809,d08708bb26,"London, UK",HH_SINGLE_000257,56,20944.16,in_person,0.4487,0.3109,0.4103,0.2075,0.3178,7,12,False,0.1888,low
CUST_PREMIUM_001259,Grace Roy,Gold,g.roy@capital-demo.org,+1 (469) 811-4102,0831,ad0eeca4f4,"Tokyo, Japan",HH_00086,48,6719.51,in_person,0.5194,0.5944,0.3718,0.6316,0.3265,12,19,False,0.2799,medium
CUST_PREMIUM_001260,Ethan Sato,Platinum,ethansato@bluepeak.co,+1 (214) 727-2021,8876,cfb2e739f1,"Dallas, TX",HH_00086,149,33687.62,in_person,0.9347,0.2056,0.8982,0.9153,0.7339,1,2,False,0.0146,low
CUST_PREMIUM_001261,Theo Patel,Green,t.patel@northstar.org,+1 (416) 841-9940,7023,ef089bb5c7,"Toronto, Canada",HH_SINGLE_000260,48,5220.49,web,0.3326,0.4871,0.596,0.4292,0.6732,1,1,False,0.0151,low
CUST_PREMIUM_001262,Nora Bennett,Green,nora.bennett@summitmail.net,+1 (310) 768-7859,1209,24595c214a,"Los Angeles, CA",HH_SINGLE_000261,62,6592.69,web,0.6175,0.6634,0.6843,0.6081,0.4786,1,1,False,0.0186,low
CUST_PREMIUM_001263,Nathan Williams,Platinum,nathan.williams@summitmail.net,+1 (312) 816-5778,0363,47458c7348,"Chicago, IL",HH_SINGLE_000262,34,81542.42,app,0.768,0.572,0.7102,0.8042,0.6366,2,4,False,0.0955,low
CUST_PREMIUM_001264,Diego Murphy,Centurion Black,diego.murphy@example.com,+1 (214) 875-3697,5708,1c46cb425c,"Dallas, TX",HH_SINGLE_000263,57,50754.62,app,0.3626,0.6024,0.6438,0.4594,0.6511,6,8,True,0.0474,low
CUST_PREMIUM_001265,Noah Walker,Green,walker.noah@atlasmail.net,+1 (617) 245-1616,6525,530a8c8613,"Boston, MA",HH_SINGLE_000264,34,5631.45,web,0.3475,0.8135,0.7193,0.3608,0.7297,4,6,False,0.0883,low
CUST_PREMIUM_001266,Victoria Vance,Platinum,v.vance@northstar.org,+1 (650) 337-9535,7714,8a48cb2385,Singapore,HH_SINGLE_000265,37,24974.55,web,0.7298,0.3511,0.481,0.3077,0.3648,5,10,True,0.1315,low
CUST_PREMIUM_001267,Ravi Young,Green,ravi.young72@summitmail.net,+1 (212) 242-7454,4607,4d9ea6a978,"New York, NY",HH_SINGLE_000266,82,11747.25,in_person,0.4695,0.8306,0.4784,0.9491,0.8283,14,19,False,0.2354,medium
CUST_PREMIUM_001268,Jasmine Martinez,Green,jasmine.martinez73@atlasmail.net,+1 (917) 422-5373,9515,c1d51b0625,"Mumbai, India",HH_00089,50,5200.5,web,0.4328,0.1347,0.8479,0.9414,0.3871,6,9,False,0.0747,low
CUST_PREMIUM_001269,Gabriel Singh,Platinum,gabrielsingh@atlasmail.net,+1 (312) 338-3292,7503,244106ab8c,"Chicago, IL",HH_SINGLE_000268,51,23279.47,call_center,0.5981,0.7921,0.371,0.4821,0.5048,4,6,False,0.0626,low
CUST_PREMIUM_001270,Daniel Gupta,Centurion Black,daniel.gupta@harbor.example,+1 (305) 408-1211,5940,cecd045e2e,"Miami, FL",HH_00089,47,122995.19,in_person,0.586,0.3305,0.5175,0.666,0.6896,13,23,False,0.1425,low
CUST_PREMIUM_001271,Zara Nguyen,Platinum,zara.nguyen76@bluepeak.co,+1 (917) 533-9130,0029,a3c95f978c,"Mumbai, India",HH_SINGLE_000270,25,160163.16,web,0.5113,0.6239,0.5321,0.7267,0.9593,3,5,False,0.0358,low
CUST_PREMIUM_001272,Zoe Miller,Gold,zoemiller@orchardmail.com,+1 (718) 581-7049,5550,ed812d28f1,"Delhi, India",HH_SINGLE_000271,79,20510.62,app,0.6714,0.1679,0.9063,0.7858,0.7998,13,19,False,0.1134,low
CUST_PREMIUM_001273,Fatima Jackson,Green,jackson.fatima@vectorlabs.co,+1 (305) 519-4968,1612,8be1dea17c,"Miami, FL",HH_SINGLE_000272,39,15680.68,in_person,0.6869,0.0094,0.788,0.1829,0.0012,6,7,False,0.0375,low
CUST_PREMIUM_001274,Kai Rodriguez,Green,rodriguez.kai@bluepeak.co,+1 (312) 523-2887,0319,af1c1679fe,"Chicago, IL",HH_SINGLE_000273,90,10682.37,call_center,0.7105,0.5907,0.6599,0.6568,0.215,4,7,True,0.1507,low
CUST_PREMIUM_001275,Olivia Thomas,Green,oliviathomas@atlasmail.net,+1 (312) 560-0806,9077,c46877b7f6,"Chicago, IL",HH_SINGLE_000274,85,6269.49,web,0.119,0.9208,0.271,0.2265,0.5019,3,4,False,0.136,low
CUST_PREMIUM_001276,Samuel Khan,Gold,s.khan@example.com,+1 (212) 575-8725,9695,4d4cdaf185,"New York, NY",HH_SINGLE_000275,94,9637.41,web,0.0627,0.6238,0.5686,0.0316,0.1422,6,14,False,0.3583,medium
CUST_PREMIUM_001277,Elena Shah,Green,elenashah@harbor.example,+1 (646) 722-6644,1299,9b17b670fa,"London, UK",HH_SINGLE_000276,26,17978.18,app,0.5881,0.2401,0.6011,0.8802,0.3465,4,6,False,0.0704,low
CUST_PREMIUM_001278,Mia White,Gold,m.white@orchardmail.com,+1 (646) 759-4563,4712,f030391c67,"London, UK",HH_SINGLE_000277,113,10036.86,app,0.6844,0.5746,0.508,0.7139,0.7081,11,19,False,0.4009,medium
CUST_PREMIUM_001279,Camila Campbell,Gold,camila.campbell@summitmail.net,+1 (617) 763-2482,6369,6e8306ec33,"Boston, MA",HH_SINGLE_000278,99,20625.63,web,0.7665,0.5782,0.6109,0.2845,0.5791,6,10,False,0.0766,low
CUST_PREMIUM_001280,Jasmine Kim,Gold,kim.jasmine@vectorlabs.co,+1 (214) 767-0401,1869,c073bb8bf8,"Dallas, TX",HH_00093,39,7401.45,web,0.8899,0.5606,0.737,0.9567,0.0401,14,18,False,0.1336,low
CUST_PREMIUM_001281,Hazel Sterling,Gold,sterling.hazel@capital-demo.org,+1 (312) 782-8320,2017,279b3f7654,"Chicago, IL",HH_SINGLE_000280,32,16406.05,app,0.3796,0.4781,0.7467,0.6892,0.2137,11,17,False,0.1286,low
CUST_PREMIUM_001282,Ravi Evans,Platinum,ravi.evans87@example.com,+1 (202) 896-6239,9636,82d4cf5686,"Washington, DC",HH_SINGLE_000281,134,44898.55,web,0.5842,0.6515,0.2609,0.4323,0.4031,4,5,False,0.1032,low
CUST_PREMIUM_001283,Lucas Ahmed,Green,lucas.ahmed@harbor.example,+1 (312) 856-4158,1194,518e4eaa4f,"Chicago, IL",HH_SINGLE_000282,116,14238.29,app,0.29,0.4788,0.7113,0.9213,0.7089,3,4,False,0.0372,low
CUST_PREMIUM_001284,Riya Banerjee,Gold,riya.banerjee89@harbor.example,+1 (650) 303-2077,3397,08decc96b4,Singapore,HH_SINGLE_000283,52,7774.01,web,0.6966,0.2336,0.4647,0.4577,0.5852,5,8,False,0.0783,low
CUST_PREMIUM_001285,Zara Nguyen,Platinum,z.nguyen@atlasmail.net,+1 (212) 208-9996,6098,26a2326770,"New York, NY",HH_SINGLE_000284,114,40705.46,call_center,0.2037,0.8503,0.8249,0.3566,0.7422,10,12,False,0.0486,low
CUST_PREMIUM_001286,Liam Perez,Gold,l.perez@capital-demo.org,+1 (416) 366-7915,4950,c93be1c3e6,"Toronto, Canada",HH_00095,48,22085.04,app,0.3308,0.4193,0.2369,0.565,0.6449,1,3,False,0.1728,low
CUST_PREMIUM_001287,Kai Garcia,Platinum,garcia.kai@vectorlabs.co,+1 (202) 381-5834,4777,59efa3eda1,"Washington, DC",HH_SINGLE_000286,78,44666.11,app,0.746,0.2623,0.2855,0.5424,0.339,6,10,False,0.198,low
CUST_PREMIUM_001288,Alejandro Khan,Green,alejandrokhan@northstar.org,+1 (212) 319-3753,4876,2f6a8b8afd,"New York, NY",HH_SINGLE_000287,4,4441.26,call_center,0.8393,0.613,0.6453,0.8218,0.6555,5,9,True,0.2371,medium
CUST_PREMIUM_001289,Eleanor Kapoor,Gold,eleanor.kapoor@vectorlabs.co,+1 (310) 367-1672,6187,711c4f4cac,"Los Angeles, CA",HH_SINGLE_000288,35,20168.41,app,0.5513,0.7559,0.4393,0.7074,0.4238,12,25,True,0.6468,high
CUST_PREMIUM_001290,Sophia Wang,Platinum,sophia.wang@northstar.org,+1 (646) 503-9591,6599,d73d92cb01,"London, UK",HH_SINGLE_000289,62,73902.54,in_person,0.2752,0.6296,0.7112,0.3732,0.1453,3,4,False,0.0578,low
CUST_PREMIUM_001291,Olivia Fernandez,Platinum,fernandez.olivia@atlasmail.net,+1 (312) 452-7510,7500,581f62e546,"Chicago, IL",HH_SINGLE_000290,54,77041.38,call_center,0.587,0.4642,0.7436,0.4552,0.8257,4,6,False,0.0296,low
CUST_PREMIUM_001292,Alejandro Wright,Gold,alejandrowright@vectorlabs.co,+1 (310) 478-5429,7593,e97a180387,"Los Angeles, CA",HH_SINGLE_000291,65,15311.45,call_center,0.8173,0.2699,0.4717,0.9052,0.7051,2,3,False,0.065,low
CUST_PREMIUM_001293,Arjun Fernandez,Platinum,arjun.fernandez@atlasmail.net,+1 (305) 559-3348,2552,16e6d835c4,"Miami, FL",HH_SINGLE_000292,14,21594.66,call_center,0.4905,0.3347,0.4349,0.1894,0.2125,6,10,False,0.1396,low
CUST_PREMIUM_001294,Yuki Wilson,Gold,yuki.wilson@vectorlabs.co,+1 (416) 662-1267,0444,75d17e156c,"Toronto, Canada",HH_SINGLE_000293,84,46113.0,web,0.7035,0.254,0.8809,0.2333,0.2885,10,13,False,0.0624,low
CUST_PREMIUM_001295,Zara Cooper,Green,cooper.zara@capital-demo.org,+1 (718) 732-9186,5665,a218f5efde,"Delhi, India",HH_SINGLE_000294,83,7885.82,app,0.9321,0.8241,0.5546,0.9227,0.8715,1,1,False,0.0419,low
CUST_PREMIUM_001296,Camila Shah,Centurion Black,camila.shah4@example.com,+1 (415) 648-7105,4188,e7cd107ccd,"San Francisco, CA",HH_SINGLE_000295,75,88874.09,web,0.6858,0.5343,0.394,0.6363,0.7497,6,13,False,0.1863,low
CUST_PREMIUM_001297,Yuki Clark,Green,yuki.clark@example.com,+1 (212) 652-5024,2003,6af4b9fa58,"New York, NY",HH_00098,60,5493.67,in_person,0.6826,0.5672,0.6803,0.3899,0.7547,7,12,False,0.1617,low
CUST_PREMIUM_001298,Dev Brown,Gold,dev.brown6@atlasmail.net,+1 (469) 854-2943,7843,e3d1d782fb,"Tokyo, Japan",HH_SINGLE_000297,87,4619.97,app,0.5247,0.447,0.8631,0.3057,0.2663,11,17,True,0.1831,low
CUST_PREMIUM_001299,Sara Patel,Platinum,s.patel@orchardmail.com,+1 (212) 726-0862,9583,b1853b751a,"New York, NY",HH_SINGLE_000298,4,59944.09,app,0.6548,0.6224,0.6299,0.6738,0.2712,5,7,False,0.0447,low
CUST_PREMIUM_001300,Rei Smith,Green,r.smith@atlasmail.net,+1 (415) 796-8781,4572,5cfb471aa0,"San Francisco, CA",HH_SINGLE_000299,9,4698.47,app,0.3417,0.3279,0.6217,0.4305,0.5664,1,2,False,0.0875,low
CUST_PREMIUM_001301,Aisha Chen,Platinum,a.chen@example.com,+1 (310) 811-6700,4521,ffc1b19394,"Los Angeles, CA",HH_SINGLE_000300,37,74727.95,app,0.6539,0.5212,0.6631,0.5682,0.6904,2,2,False,0.0349,low
CUST_PREMIUM_001302,Zoe Lopez,Gold,z.lopez@atlasmail.net,+1 (310) 848-4619,4964,f5bb75dc3d,"Los Angeles, CA",HH_SINGLE_000301,30,29253.81,call_center,0.5361,0.7097,0.4701,0.81,0.6662,11,19,True,0.5726,high
CUST_PREMIUM_001303,Lucas Roberts,Gold,lucas.roberts11@example.com,+1 (312) 896-2538,9755,a56c86a06e,"Chicago, IL",HH_SINGLE_000302,112,16935.5,call_center,0.5117,0.3868,0.5806,0.2697,0.447,4,8,False,0.0665,low
CUST_PREMIUM_001304,Hannah Campbell,Green,hannah.campbell12@vectorlabs.co,+1 (617) 288-0457,0297,fcc7734bcd,"Boston, MA",HH_SINGLE_000303,99,7426.16,in_person,0.5231,0.4473,0.1899,0.1331,0.4634,5,8,False,0.1352,low
CUST_PREMIUM_001305,Priya Cooper,Green,priyacooper@atlasmail.net,+1 (617) 325-8376,5367,3d80843992,"Boston, MA",HH_SINGLE_000304,68,32176.58,app,0.505,0.1745,0.5286,0.6476,0.0905,3,5,True,0.0725,low
CUST_PREMIUM_001306,Harper Hernandez,Platinum,harperhernandez@northstar.org,+1 (469) 450-6295,4264,c1d2e0e318,"Tokyo, Japan",HH_SINGLE_000305,36,35033.09,in_person,0.3249,0.7045,0.7104,0.6471,0.4596,12,21,False,0.2507,medium
CUST_PREMIUM_001307,Jasmine Rossi,Gold,jasmine.rossi15@atlasmail.net,+1 (202) 421-4214,5995,ed79cc1448,"Washington, DC",HH_SINGLE_000306,48,59657.94,call_center,0.563,0.6271,0.7179,0.8131,0.5791,6,12,False,0.0955,low
CUST_PREMIUM_001308,Meera Shah,Platinum,meera.shah16@harbor.example,+1 (917) 502-2133,3579,9d60fbbcef,"Mumbai, India",HH_SINGLE_000307,70,14608.12,web,0.2316,0.5769,0.6419,0.4956,0.4974,5,9,False,0.0909,low
CUST_PREMIUM_001309,Victoria Ramirez,Platinum,victoria.ramirez17@orchardmail.com,+1 (617) 473-0052,1276,f59bfc5176,"Boston, MA",HH_SINGLE_000308,105,138803.23,call_center,0.5532,0.5761,0.5869,0.6722,0.9053,5,7,False,0.0574,low
CUST_PREMIUM_001310,Aditi Martinez,Gold,aditi.martinez@atlasmail.net,+1 (310) 444-7971,7842,7f37cee0c7,"Los Angeles, CA",HH_SINGLE_000309,39,8817.17,call_center,0.1534,0.8482,0.4865,0.3953,0.6079,2,4,False,0.1378,low
CUST_PREMIUM_001311,Nathan Banerjee,Green,nathan.banerjee19@summitmail.net,+1 (917) 613-5890,1993,f5c776604f,"Mumbai, India",HH_SINGLE_000310,49,13612.92,call_center,0.3669,0.3334,0.1027,0.4208,0.1595,9,14,False,0.2836,medium
CUST_PREMIUM_001312,Nathan Wright,Gold,n.wright@atlasmail.net,+1 (310) 518-3809,2835,9f8c6df5de,"Los Angeles, CA",HH_SINGLE_000311,124,6026.57,web,0.3594,0.586,0.5252,0.8082,0.6562,3,6,False,0.1053,low
CUST_PREMIUM_001313,Vivian Fernandez,Gold,vivian.fernandez21@northstar.org,+1 (404) 632-1728,6270,1014e993aa,"Atlanta, GA",HH_00104,42,13628.53,web,0.8711,0.462,0.3568,0.2755,0.2752,12,21,False,0.4147,medium
CUST_PREMIUM_001314,Aisha Wilson,Platinum,a.wilson@orchardmail.com,+1 (416) 702-9647,4198,5fd3c9455b,"Toronto, Canada",HH_SINGLE_000313,89,55904.52,app,0.9728,0.5618,0.6623,0.8688,0.9317,14,30,False,0.4769,high
CUST_PREMIUM_001315,Ananya Morgan,Platinum,morgan.ananya@bluepeak.co,+1 (917) 761-7566,4635,6ee439e42d,"Mumbai, India",HH_SINGLE_000314,3,38160.34,app,0.4128,0.4958,0.3243,0.5662,0.7524,7,11,False,0.1039,low
CUST_PREMIUM_001316,Elias Evans,Platinum,elias.evans@harbor.example,+1 (212) 655-5485,0917,a5250fe642,"New York, NY",HH_SINGLE_000315,139,69470.44,app,0.4133,0.4427,0.548,0.8043,0.6563,9,14,False,0.1991,low
CUST_PREMIUM_001317,Hannah Anderson,Gold,hannahanderson@orchardmail.com,+1 (212) 692-3404,2018,0ea462ffbc,"New York, NY",HH_00105,43,111800.67,call_center,0.0912,0.5148,0.0358,0.7947,0.8375,4,8,True,0.24,medium
CUST_PREMIUM_001318,Gabriel Taylor,Green,gabriel.taylor@example.com,+1 (416) 850-1323,2187,703195978a,"Toronto, Canada",HH_SINGLE_000317,54,13654.16,app,0.5459,0.3213,0.6902,0.5963,0.5366,5,6,False,0.0648,low
CUST_PREMIUM_001319,Camila Nguyen,Platinum,c.nguyen@bluepeak.co,+1 (415) 799-9242,0724,2b8505af45,"San Francisco, CA",HH_00106,73,12691.22,app,0.8427,0.1378,0.7582,0.5239,0.3721,2,3,False,0.0368,low
CUST_PREMIUM_001320,Ravi Morgan,Green,morgan.ravi@bluepeak.co,+1 (202) 202-7161,4973,1e77b44973,"Washington, DC",HH_SINGLE_000319,10,3386.47,app,0.1387,0.8042,0.5497,0.2728,0.0808,1,1,False,0.071,low
CUST_PREMIUM_001321,Hannah Martin,Platinum,h.martin@bluepeak.co,+1 (917) 283-5080,6986,ec91dfada9,"Mumbai, India",HH_SINGLE_000320,38,70165.2,call_center,0.4272,0.4058,0.898,0.6517,0.5494,6,13,False,0.0935,low
CUST_PREMIUM_001322,Aarav Vance,Platinum,a.vance@northstar.org,+1 (305) 232-2999,1129,aca4982cd6,"Miami, FL",HH_SINGLE_000321,106,44818.48,app,0.0893,0.5894,0.619,0.4682,0.1136,1,1,False,0.0153,low
CUST_PREMIUM_001323,Kabir Diaz,Green,kabir.diaz@northstar.org,+1 (404) 302-0918,8668,9097aca8e9,"Atlanta, GA",HH_SINGLE_000322,43,7060.29,call_center,0.4588,0.3071,0.6506,0.3003,0.2408,5,7,False,0.0851,low
CUST_PREMIUM_001324,Rei Bennett,Green,bennett.rei@vectorlabs.co,+1 (214) 295-8837,4919,c4bf419416,"Dallas, TX",HH_SINGLE_000323,41,7502.14,in_person,0.5655,0.5216,0.4202,0.4921,0.6574,2,3,True,0.1238,low
CUST_PREMIUM_001325,Theo Khan,Gold,khan.theo@summitmail.net,+1 (214) 332-6756,5354,d47807d413,"Dallas, TX",HH_SINGLE_000324,56,5615.19,app,0.227,0.4638,0.3877,0.3927,0.3291,3,6,False,0.1755,low
CUST_PREMIUM_001326,Fatima Wright,Gold,fatima.wright@harbor.example,+1 (312) 347-4675,1018,fd40d39a2e,"Chicago, IL",HH_SINGLE_000325,96,12531.31,call_center,0.6396,0.5555,0.4702,0.7398,0.6742,3,7,False,0.2283,medium
CUST_PREMIUM_001327,Akira Campbell,Centurion Black,a.campbell@capital-demo.org,+1 (416) 483-2594,9545,e85c8e997a,"Toronto, Canada",HH_SINGLE_000326,53,44148.92,web,0.6347,0.2433,0.5524,0.6952,0.4209,5,7,False,0.0499,low
CUST_PREMIUM_001328,Victoria Sato,Green,v.sato@northstar.org,+1 (404) 487-0513,9100,034ec1e5c9,"Atlanta, GA",HH_SINGLE_000327,10,10870.9,app,0.5682,0.3866,0.7218,0.3745,0.5736,2,2,False,0.0246,low
CUST_PREMIUM_001329,Dev Kapoor,Gold,dev.kapoor37@example.com,+1 (212) 436-8432,9975,8ffc4e7fbf,"New York, NY",HH_SINGLE_000328,97,7663.07,web,0.0656,0.3571,0.4335,0.067,0.3178,4,7,False,0.1575,low
CUST_PREMIUM_001330,Priya Williams,Platinum,priyawilliams@example.com,+1 (214) 517-6351,5821,137e3df16c,"Dallas, TX",HH_SINGLE_000329,142,12813.96,web,0.706,0.662,0.256,0.6048,0.6748,6,12,False,0.27,medium
CUST_PREMIUM_001331,Amara Hall,Platinum,hall.amara@harbor.example,+1 (312) 532-4270,2128,64672fe42d,"Chicago, IL",HH_SINGLE_000330,36,14437.11,call_center,0.2065,0.5087,0.5543,0.3577,0.2424,5,9,False,0.1807,low
CUST_PREMIUM_001332,Adrian Hernandez,Green,hernandez.adrian@atlasmail.net,+1 (415) 580-2189,0736,d033a91533,"San Francisco, CA",HH_SINGLE_000331,24,5499.29,in_person,0.4959,0.4172,0.543,0.6157,0.3693,3,6,False,0.1121,low
CUST_PREMIUM_001333,Diego Chen,Centurion Black,diego.chen@example.com,+1 (416) 705-0108,1106,7868f8ed4d,"Toronto, Canada",HH_SINGLE_000332,100,162783.73,app,0.2275,0.9232,0.0719,0.6507,0.6531,3,4,False,0.1271,low
CUST_PREMIUM_001334,Camila Garcia,Gold,c.garcia@orchardmail.com,+1 (206) 687-8027,1474,9ca5186de6,"Seattle, WA",HH_SINGLE_000333,142,4094.3,web,0.608,0.2446,0.2689,0.4555,0.2666,3,4,False,0.0385,low
CUST_PREMIUM_001335,Kai Morgan,Gold,kai.morgan43@example.com,+1 (415) 691-5946,9140,a51517273d,"San Francisco, CA",HH_SINGLE_000334,7,32125.77,call_center,0.0898,0.8524,0.6923,0.1107,0.2842,3,3,False,0.0675,low
CUST_PREMIUM_001336,Chloe Turner,Gold,chloe.turner@bluepeak.co,+1 (206) 761-3865,6990,cdb002b4b1,"Seattle, WA",HH_SINGLE_000335,62,22217.59,call_center,0.4428,0.657,0.4457,0.6474,0.6226,9,15,False,0.3167,medium
CUST_PREMIUM_001337,Hannah Ito,Gold,h.ito@example.com,+1 (617) 809-1784,5499,c1fae2916b,"Boston, MA",HH_SINGLE_000336,43,15574.0,app,0.3701,0.4188,0.3739,0.3843,0.6469,10,12,True,0.0785,low
CUST_PREMIUM_001338,Aarav Gupta,Green,aarav.gupta46@capital-demo.org,+1 (617) 846-9703,0163,58d6e9b3ae,"Boston, MA",HH_SINGLE_000337,98,7594.12,web,0.6269,0.7408,0.7332,0.2766,0.3571,8,14,False,0.1463,low
CUST_PREMIUM_001339,Daniel Wang,Gold,wang.daniel@summitmail.net,+1 (310) 817-7622,8669,4ddd2926d8,"Los Angeles, CA",HH_SINGLE_000338,95,18168.54,in_person,0.3698,0.8802,0.2366,0.357,0.6147,9,15,False,0.2958,medium
CUST_PREMIUM_001340,Ibrahim Roberts,Platinum,roberts.ibrahim@summitmail.net,+1 (214) 887-5541,3061,43a307e8dc,"Dallas, TX",HH_SINGLE_000339,22,55592.65,call_center,0.4749,0.4622,0.5777,0.2362,0.2953,5,10,False,0.0901,low
CUST_PREMIUM_001341,Kabir Roberts,Gold,roberts.kabir@example.com,+1 (416) 301-3460,6425,9c638d30a5,"Toronto, Canada",HH_SINGLE_000340,106,22568.96,in_person,0.7519,0.4718,0.6807,0.6997,0.4073,3,3,False,0.0245,low
CUST_PREMIUM_001342,James Evans,Gold,jamesevans@bluepeak.co,+1 (305) 272-1379,8216,b52480e922,"Miami, FL",HH_00113,125,8821.46,call_center,0.2025,0.5812,0.5292,0.4837,0.2657,1,1,False,0.1123,low
CUST_PREMIUM_001343,Elena Baker,Green,e.baker@northstar.org,+1 (212) 254-9298,6850,bc42c4537d,"New York, NY",HH_SINGLE_000342,41,14400.74,in_person,0.4303,0.4411,0.392,0.0954,0.379,14,21,False,0.4561,high
CUST_PREMIUM_001344,Miguel Jackson,Green,jackson.miguel@capital-demo.org,+1 (415) 324-7217,5477,c36b736193,"San Francisco, CA",HH_SINGLE_000343,127,6630.52,app,0.1668,0.435,0.2289,0.0589,0.0229,14,24,True,0.5045,high
CUST_PREMIUM_001345,Leo Taylor,Green,taylor.leo@bluepeak.co,+1 (646) 438-5136,7633,8049a5a055,"London, UK",HH_SINGLE_000344,11,12560.03,web,0.8542,0.0525,0.4117,0.0757,0.0726,4,6,False,0.0777,low
CUST_PREMIUM_001346,Priya Roberts,Gold,priyaroberts@northstar.org,+1 (917) 508-3055,2013,3a1876cb38,"Mumbai, India",HH_SINGLE_000345,41,37970.83,app,0.2756,0.6105,0.1473,0.8649,0.4633,6,9,True,0.2375,medium
CUST_PREMIUM_001347,Sophia Sterling,Gold,s.sterling@example.com,+1 (212) 402-0974,7978,9515325010,"New York, NY",HH_SINGLE_000346,10,98797.37,web,0.6256,0.43,0.5054,0.8906,0.3585,2,4,False,0.132,low
CUST_PREMIUM_001348,Liam Roy,Gold,l.roy@orchardmail.com,+1 (404) 527-8893,5015,6299326f58,"Atlanta, GA",HH_SINGLE_000347,149,40133.39,call_center,0.7332,0.084,0.0473,0.4973,0.1555,10,17,False,0.3384,medium
CUST_PREMIUM_001349,James Adams,Platinum,adams.james@northstar.org,+1 (310) 487-6812,5503,88f48943ec,"Los Angeles, CA",HH_SINGLE_000348,85,17388.67,call_center,0.577,0.2851,0.8824,0.9995,0.9713,3,3,False,0.0242,low
CUST_PREMIUM_001350,Eleanor Fernandez,Gold,eleanor.fernandez58@vectorlabs.co,+1 (416) 634-4731,3406,d5482d4baf,"Toronto, Canada",HH_SINGLE_000349,114,20987.2,app,0.2942,0.3653,0.5799,0.4089,0.6698,1,1,False,0.0216,low
CUST_PREMIUM_001351,Sora Kumar,Green,sora.kumar@northstar.org,+1 (212) 550-2650,9919,6da348e5d6,"New York, NY",HH_00116,31,9599.06,in_person,0.0506,0.554,0.1341,0.1744,0.3475,6,10,False,0.2072,medium
CUST_PREMIUM_001352,Andre Thomas,Platinum,a.thomas@vectorlabs.co,+1 (212) 587-0569,5879,0bed52833b,"New York, NY",HH_SINGLE_000351,89,100107.09,call_center,0.7335,0.3929,0.7502,0.6763,0.4836,6,11,False,0.0863,low
CUST_PREMIUM_001353,Lucas Garcia,Gold,garcia.lucas@summitmail.net,+1 (617) 701-8488,4126,ae0dc6ecc0,"Boston, MA",HH_SINGLE_000352,50,15164.13,app,0.7366,0.1394,0.0124,0.2005,0.234,2,4,True,0.1704,low
CUST_PREMIUM_001354,Eleanor Walker,Platinum,eleanorwalker@orchardmail.com,+1 (212) 661-6407,9572,39b9f08cbd,"New York, NY",HH_00117,2,73282.54,web,0.5728,0.7773,0.4457,0.7951,0.5695,6,10,False,0.074,low
CUST_PREMIUM_001355,Theo Roy,Gold,t.roy@northstar.org,+1 (646) 808-4326,7294,94d5abb097,"London, UK",HH_00118,16,21218.44,in_person,0.1644,0.7159,0.284,0.4597,0.5681,1,3,False,0.2416,medium
CUST_PREMIUM_001356,Meera Lee,Green,meeralee@capital-demo.org,+1 (202) 834-2245,3849,0d6b045a48,"Washington, DC",HH_SINGLE_000355,72,19251.05,app,0.6574,0.5801,0.5398,0.7403,0.5624,3,5,False,0.0978,low
CUST_PREMIUM_001357,Riya Roy,Green,riya.roy@capital-demo.org,+1 (646) 882-0164,8630,84574996fc,"London, UK",HH_SINGLE_000356,42,9790.3,call_center,0.6947,0.1376,0.7847,0.7625,0.4514,7,10,False,0.0774,low
CUST_PREMIUM_001358,Avery Patel,Green,avery.patel@example.com,+1 (718) 263-8083,4906,3db5797bfd,"Delhi, India",HH_00119,83,8098.31,app,0.3462,0.0764,0.1376,0.2765,0.118,4,6,False,0.166,low
CUST_PREMIUM_001359,Amelia Rivera,Green,rivera.amelia@harbor.example,+1 (310) 857-6002,7613,adf3039f01,"Los Angeles, CA",HH_SINGLE_000358,64,6502.08,web,0.6458,0.4767,0.3525,0.7703,0.4752,4,7,True,0.1477,low
CUST_PREMIUM_001360,Ananya Williams,Green,ananya.williams@orchardmail.com,+1 (617) 260-3921,9843,1088825275,"Boston, MA",HH_SINGLE_000359,90,29805.2,app,0.5408,0.6456,0.5039,0.6342,0.6748,3,3,False,0.0378,low
CUST_PREMIUM_001361,Chloe Clark,Green,c.clark@capital-demo.org,+1 (310) 231-1840,7919,6cf88adb10,"Los Angeles, CA",HH_SINGLE_000360,163,11590.49,call_center,0.1248,0.602,0.4362,0.214,0.378,8,13,False,0.136,low
CUST_PREMIUM_001362,Hazel Reed,Platinum,hazel.reed70@example.com,+1 (310) 268-9759,4310,00d85722dc,"Los Angeles, CA",HH_00120,56,25114.1,app,0.908,0.0367,0.9275,0.5341,0.112,3,4,False,0.0343,low
CUST_PREMIUM_001363,Eleanor Roy,Centurion Black,eleanor.roy71@orchardmail.com,+1 (415) 327-7678,4383,b328b0ff08,"San Francisco, CA",HH_00120,43,34256.36,web,0.3467,0.1912,0.221,0.7184,0.0761,4,5,False,0.0455,low
CUST_PREMIUM_001364,Hannah Wright,Green,hannah.wright72@vectorlabs.co,+1 (917) 474-5597,8135,f883597a87,"Mumbai, India",HH_00121,85,8246.04,web,0.9106,0.3099,0.3436,0.9731,0.2134,2,5,False,0.2045,medium
CUST_PREMIUM_001365,Layla Nguyen,Platinum,nguyen.layla@capital-demo.org,+1 (212) 368-3516,1680,e8c1c07551,"New York, NY",HH_SINGLE_000364,151,40089.46,app,0.5009,0.2768,0.2327,0.3074,0.0988,1,1,True,0.0279,low
CUST_PREMIUM_001366,Aarav Nakamura,Platinum,aarav.nakamura74@bluepeak.co,+1 (312) 427-1435,7181,fb7b584e99,"Chicago, IL",HH_SINGLE_000365,12,36717.91,app,0.7274,0.7205,0.1747,0.8984,0.4717,3,8,False,0.3869,medium
CUST_PREMIUM_001367,Kabir Martin,Platinum,martin.kabir@bluepeak.co,+1 (206) 508-9354,7600,975e2d956c,"Seattle, WA",HH_00122,136,34211.45,call_center,0.5277,0.2147,0.4073,0.7809,0.8045,2,2,False,0.0477,low
CUST_PREMIUM_001368,Avery Morgan,Platinum,avery.morgan@atlasmail.net,+1 (214) 523-7273,5862,55b0d06ff6,"Dallas, TX",HH_SINGLE_000367,138,126411.67,in_person,0.5764,0.327,0.7902,0.7772,0.5718,6,8,False,0.0501,low
CUST_PREMIUM_001369,Rafael Brown,Green,r.brown@orchardmail.com,+1 (305) 571-5192,8814,60dfb081ff,"Miami, FL",HH_SINGLE_000368,73,9680.26,app,0.2633,0.6306,0.5149,0.3945,0.4412,1,1,False,0.0632,low
CUST_PREMIUM_001370,Miguel Rivera,Green,miguel.rivera@orchardmail.com,+1 (305) 608-3111,4553,2d5a0c191c,"Miami, FL",HH_SINGLE_000369,48,6931.51,call_center,0.2461,0.6372,0.4314,0.3696,0.4276,4,12,False,0.3205,medium
CUST_PREMIUM_001371,Dev Roberts,Green,dev.roberts79@example.com,+1 (917) 733-1030,9825,7e0c884c7a,"Mumbai, India",HH_SINGLE_000370,81,6455.93,in_person,0.2972,0.6109,0.1254,0.543,0.1073,1,2,False,0.0853,low
CUST_PREMIUM_001372,Miguel Chen,Gold,chen.miguel@example.com,+1 (469) 792-8949,5172,ef447fce28,"Tokyo, Japan",HH_SINGLE_000371,56,36820.56,app,0.3468,0.6486,0.2201,0.3734,0.3433,5,5,False,0.173,low
CUST_PREMIUM_001373,Riya Davis,Green,davis.riya@vectorlabs.co,+1 (617) 741-6868,3671,bd7310bdd3,"Boston, MA",HH_SINGLE_000372,47,22415.6,app,0.895,0.451,0.8139,0.8609,0.5631,1,1,False,0.036,low
CUST_PREMIUM_001374,Kai Lee,Gold,lee.kai@vectorlabs.co,+1 (650) 833-4787,8590,ad5fa2df0a,Singapore,HH_SINGLE_000373,87,6933.3,web,0.8789,0.4227,0.2842,0.0956,0.3072,14,24,False,0.4866,high
CUST_PREMIUM_001375,Aisha Moore,Green,moore.aisha@orchardmail.com,+1 (212) 738-2706,2706,9c18c243e5,"New York, NY",HH_SINGLE_000374,97,12691.09,app,0.4953,0.7873,0.8796,0.9156,0.9029,14,18,False,0.1036,low
CUST_PREMIUM_001376,Layla Roy,Centurion Black,layla.roy@example.com,+1 (404) 863-0625,5911,5ec7b83e9c,"Atlanta, GA",HH_SINGLE_000375,126,32378.42,web,0.4931,0.0571,0.1218,0.8948,0.2975,1,1,False,0.0216,low
CUST_PREMIUM_001377,Ethan Banerjee,Green,ethan.banerjee@harbor.example,+1 (646) 222-8544,9788,721c58b050,"London, UK",HH_SINGLE_000376,100,6756.94,web,0.5446,0.3959,0.8719,0.6237,0.4397,7,10,False,0.0881,low
CUST_PREMIUM_001378,Gabriel Taylor,Gold,gabrieltaylor@northstar.org,+1 (202) 248-6463,3027,f164f3b0b7,"Washington, DC",HH_SINGLE_000377,80,12818.16,app,0.93,0.6521,0.754,0.6424,0.8826,3,4,False,0.0658,low
CUST_PREMIUM_001379,David Diaz,Green,david.diaz@example.com,+1 (310) 897-4382,3884,ba91b74191,"Los Angeles, CA",HH_SINGLE_000378,17,5382.74,app,0.385,0.5539,0.2462,0.3074,0.3675,9,24,True,0.748,high
CUST_PREMIUM_001380,Hiro Thompson,Green,hirothompson@harbor.example,+1 (404) 311-2301,7368,7415c4f7d6,"Atlanta, GA",HH_SINGLE_000379,164,20966.87,app,0.4399,0.2856,0.4951,0.4559,0.3683,5,11,False,0.2788,medium
CUST_PREMIUM_001381,Dev Morris,Green,morris.dev@atlasmail.net,+1 (416) 381-0220,9272,c05840837a,"Toronto, Canada",HH_SINGLE_000380,20,15856.71,app,0.2732,0.6069,0.2688,0.2373,0.6939,4,8,False,0.1845,low
CUST_PREMIUM_001382,Lucas Harris,Platinum,l.harris@example.com,+1 (404) 385-8139,6834,a6bf99e46a,"Atlanta, GA",HH_SINGLE_000381,41,16373.41,app,0.875,0.3048,0.852,0.1743,0.3004,6,13,False,0.1439,low
CUST_PREMIUM_001383,Akira Roberts,Gold,a.roberts@harbor.example,+1 (305) 389-6058,8026,49bec81fe0,"Miami, FL",HH_SINGLE_000382,19,12862.64,app,0.7117,0.4475,0.5172,0.5548,0.5731,6,9,True,0.1194,low
CUST_PREMIUM_001384,Gabriel Carter,Green,gabriel.carter@example.com,+1 (212) 371-3977,8052,149f852dd5,"New York, NY",HH_SINGLE_000383,119,7089.36,app,0.0698,0.8505,0.5091,0.5653,0.1796,2,2,False,0.0924,low
CUST_PREMIUM_001385,Zoe Thompson,Green,z.thompson@orchardmail.com,+1 (214) 452-1896,8515,78fbfc76d0,"Dallas, TX",HH_SINGLE_000384,37,12239.09,web,0.8295,0.3715,0.7454,0.6797,0.4692,8,15,False,0.2673,medium
CUST_PREMIUM_001386,Eleanor Young,Gold,eleanor.young94@bluepeak.co,+1 (305) 500-9815,1338,6545cd5eef,"Miami, FL",HH_00128,77,50327.76,call_center,0.1394,0.9524,0.1202,0.649,0.0937,4,11,False,0.4589,high
CUST_PREMIUM_001387,Akira Walker,Platinum,akira.walker95@summitmail.net,+1 (212) 482-7734,1886,15fcd77745,"New York, NY",HH_SINGLE_000386,77,70014.54,app,0.5466,0.2791,0.5179,0.3489,0.3384,9,16,False,0.1374,low
CUST_PREMIUM_001388,Elias Martin,Green,elias.martin@atlasmail.net,+1 (212) 519-5653,9318,cba877b0c0,"New York, NY",HH_SINGLE_000387,21,3452.21,web,0.3979,0.2811,0.5461,0.273,0.4208,4,6,False,0.0842,low
CUST_PREMIUM_001389,Liam Hall,Green,liam.hall0@northstar.org,+1 (415) 589-3572,3862,4157d81499,"San Francisco, CA",HH_00129,32,8399.04,web,0.6222,0.1618,0.1536,0.3984,0.1739,3,4,False,0.0838,low
CUST_PREMIUM_001390,Rei Anderson,Platinum,reianderson@summitmail.net,+1 (646) 703-1491,6201,db3b328e21,"London, UK",HH_SINGLE_000389,95,95980.32,call_center,0.7273,0.2102,0.6558,0.4286,0.6087,5,7,False,0.0701,low
CUST_PREMIUM_001391,Nora Sato,Gold,nora.sato2@summitmail.net,+1 (650) 762-9410,2527,70fcd70cc8,Singapore,HH_SINGLE_000390,113,62353.81,app,0.9605,0.0625,0.6585,0.8127,0.7121,10,14,False,0.0662,low
CUST_PREMIUM_001392,Jonah Young,Green,jonah.young3@bluepeak.co,+1 (312) 689-7329,5760,63cab64340,"Chicago, IL",HH_00130,133,4595.73,app,0.655,0.3681,0.7763,0.5917,0.4168,1,3,False,0.054,low
CUST_PREMIUM_001393,Alejandro Reed,Gold,alejandroreed@example.com,+1 (312) 726-5248,2720,1275f4c624,"Chicago, IL",HH_SINGLE_000392,68,21187.0,web,0.7028,0.7203,0.5228,0.723,0.5316,9,20,True,0.3591,medium
CUST_PREMIUM_001394,Aditi Wilson,Gold,wilson.aditi@example.com,+1 (212) 741-3167,7742,e252248591,"New York, NY",HH_SINGLE_000393,12,4959.78,call_center,0.4206,0.4722,0.5535,0.3234,0.3436,6,9,False,0.1084,low
CUST_PREMIUM_001395,Diego Carter,Platinum,carter.diego@harbor.example,+1 (469) 243-1086,1759,c6b3eb138b,"Tokyo, Japan",HH_SINGLE_000394,66,25293.86,app,0.9252,0.5184,0.7163,0.5275,0.5703,10,17,False,0.1763,low
CUST_PREMIUM_001396,Nikhil Moore,Gold,nikhil.moore@vectorlabs.co,+1 (305) 870-9005,7696,6e8576d81d,"Miami, FL",HH_00131,86,16422.39,in_person,0.2999,0.8948,0.3012,0.2584,0.7749,1,1,False,0.0524,low
CUST_PREMIUM_001397,Grace Carter,Platinum,grace.carter@orchardmail.com,+1 (212) 852-6924,0317,8a49056e80,"New York, NY",HH_SINGLE_000396,109,46348.84,app,0.6428,0.732,0.2563,0.6022,0.2279,14,27,False,0.7312,high
CUST_PREMIUM_001398,James Khan,Platinum,j.khan@capital-demo.org,+1 (415) 222-4843,9829,e5ae86f4fd,"San Francisco, CA",HH_SINGLE_000397,52,20184.18,web,0.7223,0.2852,0.816,0.8755,0.7659,4,5,False,0.0304,low
CUST_PREMIUM_001399,Elena Patel,Gold,patel.elena@example.com,+1 (312) 248-2762,2563,02c390dfec,"Chicago, IL",HH_SINGLE_000398,33,2742.07,app,0.432,0.3291,0.1929,0.3655,0.5937,12,25,True,0.825,high
CUST_PREMIUM_001400,Vivian Smith,Gold,vivian.smith@capital-demo.org,+1 (415) 296-0681,7086,c37e732020,"San Francisco, CA",HH_SINGLE_000399,59,27292.18,call_center,0.9276,0.3564,0.4206,0.8638,0.8513,9,18,False,0.3435,medium
CUST_PREMIUM_001401,Hazel Sterling,Green,sterling.hazel@harbor.example,+1 (212) 300-8600,1577,9dd376db18,"New York, NY",HH_00133,72,17729.32,app,0.5738,0.4347,0.579,0.5105,0.4781,4,6,False,0.067,low
CUST_PREMIUM_001402,Adrian Banerjee,Green,a.banerjee@capital-demo.org,+1 (416) 458-6519,7463,2961b99843,"Toronto, Canada",HH_00133,89,33177.53,call_center,0.3713,0.0348,0.3208,0.0026,0.0022,3,4,False,0.0942,low
CUST_PREMIUM_001403,Sophia Kumar,Platinum,sophia.kumar14@vectorlabs.co,+1 (212) 374-4438,8978,4f41593f33,"New York, NY",HH_SINGLE_000402,54,82999.94,web,0.5877,0.5958,0.7876,0.3311,0.5265,1,1,False,0.0345,low
CUST_PREMIUM_001404,Yuki Roy,Green,y.roy@atlasmail.net,+1 (415) 444-2357,9110,2167dcb29c,"San Francisco, CA",HH_SINGLE_000403,43,13593.73,call_center,0.8299,0.3261,0.6927,0.5493,0.6239,1,3,False,0.1196,low
CUST_PREMIUM_001405,Avery Williams,Gold,williams.avery@atlasmail.net,+1 (206) 514-0276,7450,7d29b3f81d,"Seattle, WA",HH_SINGLE_000404,150,48940.71,call_center,0.299,0.8051,0.0752,0.4756,0.646,1,1,False,0.1005,low
CUST_PREMIUM_001406,Rafael Wright,Gold,r.wright@bluepeak.co,+1 (305) 540-8195,2933,874ca6244c,"Miami, FL",HH_SINGLE_000405,48,42699.53,app,0.405,0.5831,0.301,0.6382,0.4382,2,4,False,0.0905,low
CUST_PREMIUM_001407,Nora Rivera,Green,n.rivera@harbor.example,+1 (206) 588-6114,8299,b3544bbfeb,"Seattle, WA",HH_SINGLE_000406,75,9179.93,call_center,0.567,0.3477,0.4138,0.0758,0.293,2,5,False,0.1724,low
CUST_PREMIUM_001408,Arjun Davis,Green,arjundavis@orchardmail.com,+1 (310) 570-4033,0136,1ea1755b7f,"Los Angeles, CA",HH_SINGLE_000407,43,5937.88,app,0.2535,0.871,0.4811,0.5441,0.7818,12,18,True,0.5406,high
CUST_PREMIUM_001409,Lucas Chen,Green,lucas.chen@northstar.org,+1 (404) 684-1952,0200,3b336a84a3,"Atlanta, GA",HH_00136,52,6350.12,app,0.45,0.262,0.1466,0.1652,0.2423,3,4,False,0.1126,low
CUST_PREMIUM_001410,Mia Kumar,Platinum,kumar.mia@capital-demo.org,+1 (617) 710-9871,2353,b1cbc7f7b8,"Boston, MA",HH_00136,99,92696.37,web,0.6502,0.6746,0.6275,0.8207,0.8749,4,6,False,0.0472,low
CUST_PREMIUM_001411,Aarav Campbell,Gold,aarav.campbell22@orchardmail.com,+1 (212) 670-7790,7203,68951f2f4a,"New York, NY",HH_SINGLE_000410,38,4514.09,call_center,0.2199,0.7941,0.303,0.193,0.4706,1,3,False,0.1553,low
CUST_PREMIUM_001412,Amelia Reed,Platinum,reed.amelia@bluepeak.co,+1 (415) 740-5709,4369,56c097673f,"San Francisco, CA",HH_SINGLE_000411,90,18509.96,web,0.6181,0.3516,0.3571,0.5235,0.5518,1,1,False,0.0242,low
CUST_PREMIUM_001413,Emma Diaz,Green,emmadiaz@northstar.org,+1 (305) 799-3628,3117,5f3bfb1e8b,"Miami, FL",HH_SINGLE_000412,36,18065.37,app,0.7471,0.4031,0.4868,0.296,0.3963,5,8,False,0.1751,low
CUST_PREMIUM_001414,Omar Perez,Gold,o.perez@atlasmail.net,+1 (214) 825-1547,6291,795ac9ec23,"Dallas, TX",HH_00137,18,22289.92,call_center,0.811,0.1022,0.6283,0.4509,0.5583,5,6,False,0.0568,low
CUST_PREMIUM_001415,Jasmine Hernandez,Platinum,jasmine.hernandez@vectorlabs.co,+1 (214) 862-9466,9912,0ffd941e0d,"Dallas, TX",HH_SINGLE_000414,34,31369.49,web,0.2658,0.3435,0.5721,0.3171,0.4528,7,8,False,0.0274,low
CUST_PREMIUM_001416,Riya Chen,Green,riya.chen@northstar.org,+1 (415) 888-7385,5362,5903bd870f,"San Francisco, CA",HH_00138,70,5863.82,in_person,0.4624,0.6179,0.0863,0.0638,0.2133,2,3,False,0.0834,low
CUST_PREMIUM_001417,Nikhil Walker,Green,nikhilwalker@atlasmail.net,+1 (212) 892-5304,7630,d7c0b91498,"New York, NY",HH_SINGLE_000416,26,5997.16,app,0.6079,0.0633,0.8781,0.0859,0.4212,5,7,False,0.0363,low
CUST_PREMIUM_001418,Priya Evans,Platinum,priya.evans@orchardmail.com,+1 (214) 273-3223,4655,0c27a74546,"Dallas, TX",HH_SINGLE_000417,58,18504.22,call_center,0.1404,0.2982,0.4096,0.1233,0.7003,4,4,False,0.0279,low
CUST_PREMIUM_001419,Jack Carter,Green,jack.carter30@vectorlabs.co,+1 (312) 288-1142,2561,4a386e7417,"Chicago, IL",HH_SINGLE_000418,99,6189.29,web,0.8184,0.222,0.9471,0.5501,0.5869,5,6,False,0.0338,low
CUST_PREMIUM_001420,Harper Williams,Gold,harper.williams@bluepeak.co,+1 (214) 347-9061,8992,bcafb262a6,"Dallas, TX",HH_SINGLE_000419,135,72636.32,web,0.3296,0.7186,0.5229,0.4292,0.7897,1,2,False,0.1001,low
CUST_PREMIUM_001421,Jasmine Carter,Gold,jasmine.carter32@orchardmail.com,+1 (312) 362-6980,8502,4e5776f25a,"Chicago, IL",HH_SINGLE_000420,57,2911.92,in_person,0.1251,0.5862,0.751,0.2961,0.6732,5,7,False,0.0642,low
CUST_PREMIUM_001422,Sara Adams,Platinum,sara.adams33@bluepeak.co,+1 (206) 443-4899,0468,b389f82b2c,"Seattle, WA",HH_SINGLE_000421,96,143351.65,in_person,0.6882,0.8609,0.1835,0.566,0.8427,1,1,False,0.0311,low
CUST_PREMIUM_001423,Fatima Hall,Platinum,hall.fatima@example.com,+1 (718) 568-2818,9797,82558997a6,"Delhi, India",HH_SINGLE_000422,94,19611.48,app,0.9288,0.0486,0.9082,0.0484,0.174,2,3,False,0.0279,low
CUST_PREMIUM_001424,Ananya Hernandez,Platinum,a.hernandez@atlasmail.net,+1 (206) 517-0737,3669,0097e3f620,"Seattle, WA",HH_SINGLE_000423,40,53660.79,web,0.8609,0.4245,0.7277,0.9579,0.6028,7,8,False,0.013,low
CUST_PREMIUM_001425,Aisha Wright,Platinum,aishawright@vectorlabs.co,+1 (415) 521-8656,7923,c318173198,"San Francisco, CA",HH_SINGLE_000424,30,59010.9,call_center,0.8808,0.8206,0.7032,0.8015,0.9234,6,15,True,0.3615,medium
CUST_PREMIUM_001426,Amelia Morgan,Gold,a.morgan@orchardmail.com,+1 (416) 646-6575,9011,3a92057a37,"Toronto, Canada",HH_SINGLE_000425,41,13074.46,app,0.2856,0.4057,0.6488,0.7207,0.3203,1,2,False,0.0779,low
CUST_PREMIUM_001427,Daniel Kumar,Gold,daniel.kumar38@summitmail.net,+1 (310) 573-4494,6443,070fe047a1,"Los Angeles, CA",HH_SINGLE_000426,116,19461.73,app,0.2064,0.9815,0.376,0.3028,0.6662,10,17,False,0.3653,medium
CUST_PREMIUM_001428,Olivia Williams,Green,olivia.williams@vectorlabs.co,+1 (469) 764-2413,5644,267b361964,"Tokyo, Japan",HH_SINGLE_000427,110,10595.49,call_center,0.5817,0.2339,0.5715,0.4117,0.1908,2,2,False,0.0176,low
CUST_PREMIUM_001429,Samuel Hernandez,Gold,hernandez.samuel@example.com,+1 (312) 658-0332,8308,d95b86f78e,"Chicago, IL",HH_SINGLE_000428,109,12798.65,in_person,0.4809,0.5679,0.3049,0.458,0.1821,7,13,False,0.2287,medium
CUST_PREMIUM_001430,Sophia Roy,Platinum,s.roy@example.com,+1 (305) 728-8251,9655,10be1673a9,"Miami, FL",HH_SINGLE_000429,30,200474.56,web,0.5223,0.4009,0.4919,0.2311,0.2342,3,6,False,0.0745,low
CUST_PREMIUM_001431,Sara Anderson,Green,saraanderson@vectorlabs.co,+1 (646) 820-6170,5467,f7f12c66e4,"London, UK",HH_SINGLE_000430,12,2711.24,web,0.3043,0.5207,0.4383,0.6887,0.3151,1,2,False,0.1062,low
CUST_PREMIUM_001432,Rafael Diaz,Green,rafaeldiaz@bluepeak.co,+1 (404) 835-4089,8670,ede37183b4,"Atlanta, GA",HH_SINGLE_000431,121,10935.75,web,0.7108,0.4384,0.3198,0.6116,0.5292,10,18,False,0.3357,medium
CUST_PREMIUM_001433,Eleanor Anderson,Platinum,eleanor.anderson44@harbor.example,+1 (646) 894-2008,2852,d58fe63ae8,"London, UK",HH_SINGLE_000432,152,21722.79,app,0.4886,0.5984,0.3305,0.1854,0.2149,8,17,False,0.547,high
CUST_PREMIUM_001434,Grace Carter,Green,grace.carter45@capital-demo.org,+1 (416) 242-9927,0115,c638b1f0c7,"Toronto, Canada",HH_SINGLE_000433,114,5098.73,web,0.9427,0.1459,0.2956,0.515,0.6798,14,24,True,0.3295,medium
CUST_PREMIUM_001435,Hannah Banerjee,Gold,hannah.banerjee@atlasmail.net,+1 (650) 290-7846,9630,41711e8195,Singapore,HH_SINGLE_000434,99,21061.25,app,0.9024,0.0539,0.8316,0.6766,0.4304,2,3,False,0.0439,low
CUST_PREMIUM_001436,Andre Vance,Green,andre.vance@orchardmail.com,+1 (305) 250-5765,4183,ebedd80a21,"Miami, FL",HH_SINGLE_000435,95,8004.61,call_center,0.4532,0.8331,0.1394,0.2021,0.1481,5,14,False,0.6267,high
CUST_PREMIUM_001437,Liam Smith,Gold,l.smith@capital-demo.org,+1 (310) 243-3684,2922,9b1c88162f,"Los Angeles, CA",HH_SINGLE_000436,109,8384.47,in_person,0.7354,0.2006,0.7121,0.6407,0.1966,3,7,False,0.0987,low
CUST_PREMIUM_001438,Ibrahim Sato,Platinum,ibrahimsato@atlasmail.net,+1 (212) 269-1603,0991,192fa8a81d,"New York, NY",HH_SINGLE_000437,51,6639.55,app,0.2581,0.4777,0.3063,0.3143,0.4922,6,8,False,0.098,low
CUST_PREMIUM_001439,Aisha Perez,Platinum,aisha.perez50@example.com,+1 (312) 328-9522,9479,1e66991a9e,"Chicago, IL",HH_SINGLE_000438,29,101558.65,app,0.7803,0.5284,0.3384,0.8563,0.7246,12,20,False,0.3148,medium
CUST_PREMIUM_001440,Layla Lee,Gold,lee.layla@vectorlabs.co,+1 (310) 354-7441,0877,2015cb87e1,"Los Angeles, CA",HH_SINGLE_000439,55,14770.82,in_person,0.8829,0.282,0.819,0.6914,0.673,14,22,False,0.2298,medium
CUST_PREMIUM_001441,Harper Young,Centurion Black,harperyoung@bluepeak.co,+1 (206) 446-5360,0544,54c6b6f24c,"Seattle, WA",HH_00146,55,242969.31,call_center,0.2344,0.8681,0.0216,0.314,0.3074,9,18,True,0.4102,medium
CUST_PREMIUM_001442,Isabella Anderson,Centurion Black,i.anderson@capital-demo.org,+1 (212) 417-3279,7226,520ab75580,"New York, NY",HH_SINGLE_000441,84,271416.65,in_person,0.5709,0.6127,0.0224,0.8938,0.4036,6,13,False,0.266,medium
CUST_PREMIUM_001443,Kabir Moore,Green,kabir.moore@capital-demo.org,+1 (212) 454-1198,9620,f95a03e182,"New York, NY",HH_SINGLE_000442,56,6723.67,app,0.1209,0.8059,0.3327,0.5611,0.767,3,4,False,0.1401,low
CUST_PREMIUM_001444,Sophia Carter,Platinum,carter.sophia@orchardmail.com,+1 (214) 535-9117,3738,6bd685df41,"Dallas, TX",HH_SINGLE_000443,25,40965.06,app,0.5136,0.5669,0.5603,0.5966,0.4979,8,17,False,0.3449,medium
CUST_PREMIUM_001445,Chloe Evans,Platinum,chloe.evans@atlasmail.net,+1 (212) 528-7036,9801,e1da85c2ba,"New York, NY",HH_SINGLE_000444,25,15916.96,web,0.4429,0.5037,0.5119,0.3092,0.3829,3,5,False,0.1643,low
CUST_PREMIUM_001446,Miguel Roberts,Gold,miguelroberts@summitmail.net,+1 (312) 587-4955,9763,4e2035d4ce,"Chicago, IL",HH_SINGLE_000445,97,21707.92,call_center,0.9037,0.9684,0.0981,0.9612,0.2301,5,11,False,0.3838,medium
CUST_PREMIUM_001447,Naomi Martinez,Gold,n.martinez@example.com,+1 (312) 624-2874,9595,250b1c1227,"Chicago, IL",HH_SINGLE_000446,55,13088.72,web,0.5785,0.7469,0.1389,0.5826,0.7878,7,11,False,0.192,low
CUST_PREMIUM_001448,Liam Kim,Gold,l.kim@vectorlabs.co,+1 (310) 650-0793,3061,90ce63f983,"Los Angeles, CA",HH_SINGLE_000447,145,33612.49,in_person,0.7106,0.2002,0.795,0.7712,0.4883,1,1,False,0.0235,low
CUST_PREMIUM_001449,Chloe Campbell,Green,chloe.campbell@capital-demo.org,+1 (310) 687-8712,0028,92844240b6,"Los Angeles, CA",HH_SINGLE_000448,15,6158.61,app,0.2097,0.7905,0.0906,0.1652,0.503,5,7,True,0.1836,low
CUST_PREMIUM_001450,James Ahmed,Centurion Black,james.ahmed61@capital-demo.org,+1 (212) 713-6631,5006,a6e5c297c0,"New York, NY",HH_SINGLE_000449,124,90304.89,call_center,0.7445,0.1701,0.8707,0.7342,0.6904,7,7,False,0.0149,low
CUST_PREMIUM_001451,Ananya Hernandez,Gold,ananya.hernandez@bluepeak.co,+1 (310) 761-4550,9434,05b220d2fb,"Los Angeles, CA",HH_00150,83,19525.82,call_center,0.0854,0.1197,0.8799,0.2922,0.0987,5,6,False,0.0312,low
CUST_PREMIUM_001452,Sara Carter,Gold,s.carter@summitmail.net,+1 (718) 241-2469,4344,4fe0d99f76,"Delhi, India",HH_SINGLE_000451,15,16208.16,in_person,0.4371,0.5607,0.5841,0.5147,0.3932,4,6,False,0.0533,low
CUST_PREMIUM_001453,Noah Johnson,Platinum,n.johnson@harbor.example,+1 (312) 846-0388,7603,37a96811bb,"Chicago, IL",HH_SINGLE_000452,62,106327.91,app,0.7018,0.6398,0.4414,0.5206,0.4013,9,10,False,0.0537,low
CUST_PREMIUM_001454,Elias Williams,Gold,e.williams@summitmail.net,+1 (415) 894-8307,8756,a8c5eb95c6,"San Francisco, CA",HH_SINGLE_000453,11,6982.44,in_person,0.5082,0.3592,0.6662,0.6166,0.5932,2,3,False,0.1106,low
CUST_PREMIUM_001455,Dev Johnson,Gold,dev.johnson@northstar.org,+1 (312) 220-6226,0705,ed374f932b,"Chicago, IL",HH_SINGLE_000454,57,9616.65,call_center,0.0133,0.4232,0.5164,0.1935,0.2326,3,3,False,0.0289,low
CUST_PREMIUM_001456,Samuel Wang,Gold,wang.samuel@orchardmail.com,+1 (415) 268-4145,0109,08ad867403,"San Francisco, CA",HH_00151,92,35051.9,web,0.3641,0.8775,0.0883,0.9295,0.8981,10,15,False,0.2953,medium
CUST_PREMIUM_001457,Amara Khan,Platinum,a.khan@vectorlabs.co,+1 (305) 327-2064,9427,30adce7d5b,"Miami, FL",HH_SINGLE_000456,41,111934.99,call_center,0.9246,0.5377,0.0158,0.5729,0.064,1,2,False,0.1301,low
CUST_PREMIUM_001458,Omar Ito,Green,omar.ito69@northstar.org,+1 (617) 386-9983,2493,81bbd5dc3f,"Boston, MA",HH_SINGLE_000457,111,16809.67,call_center,0.3476,0.3781,0.7929,0.3277,0.4751,2,3,False,0.0444,low
CUST_PREMIUM_001459,Harper Nakamura,Gold,nakamura.harper@orchardmail.com,+1 (312) 368-7902,4917,230334a0a8,"Chicago, IL",HH_SINGLE_000458,59,26735.82,in_person,0.9445,0.2667,0.5342,0.6719,0.6733,14,22,True,0.4477,medium
CUST_PREMIUM_001460,Gabriel Martinez,Gold,gabriel.martinez71@atlasmail.net,+1 (212) 383-5821,0159,4ed1247023,"New York, NY",HH_SINGLE_000459,70,6041.26,call_center,0.4577,0.4239,0.8412,0.4861,0.7295,4,6,False,0.0477,low
CUST_PREMIUM_001461,Noah Harris,Gold,noah.harris72@summitmail.net,+1 (310) 431-3740,7936,1912e7d8ca,"Los Angeles, CA",HH_SINGLE_000460,10,22428.04,app,0.151,0.7236,0.3907,0.249,0.3843,8,13,False,0.3612,medium
CUST_PREMIUM_001462,Dev Robinson,Gold,devrobinson@northstar.org,+1 (214) 501-1659,1129,bf3c47b596,"Dallas, TX",HH_SINGLE_000461,55,12464.4,call_center,0.2308,0.574,0.4235,0.2761,0.3757,1,1,False,0.0569,low
CUST_PREMIUM_001463,Amara Anderson,Green,amaraanderson@example.com,+1 (202) 593-9578,1215,73e63933a6,"Washington, DC",HH_SINGLE_000462,43,9176.96,in_person,0.3743,0.3398,0.9217,0.3785,0.2588,7,13,False,0.1948,low
CUST_PREMIUM_001464,Noah Sterling,Platinum,noahsterling@northstar.org,+1 (646) 641-7497,4930,0328684833,"London, UK",HH_SINGLE_000463,86,62486.23,in_person,0.4615,0.4571,0.7349,0.3019,0.508,14,21,False,0.2235,medium
CUST_PREMIUM_001465,Ibrahim Nguyen,Platinum,ibrahim.nguyen76@orchardmail.com,+1 (312) 590-5416,3449,004e18859e,"Chicago, IL",HH_SINGLE_000464,47,93601.0,app,0.5991,0.6366,0.5649,0.7236,0.4366,3,4,False,0.0776,low
CUST_PREMIUM_001466,Elena Sterling,Gold,elena.sterling77@capital-demo.org,+1 (404) 693-3335,1338,35ab87e848,"Atlanta, GA",HH_SINGLE_000465,32,17130.45,app,0.6483,0.0473,0.2113,0.1218,0.0648,8,19,True,0.5968,high
CUST_PREMIUM_001467,Nora Jackson,Green,n.jackson@vectorlabs.co,+1 (469) 807-1254,5708,da5ed9a0c3,"Tokyo, Japan",HH_SINGLE_000466,45,11439.25,app,0.858,0.1719,0.9894,0.6673,0.7659,3,4,False,0.0529,low
CUST_PREMIUM_001468,Jonah Sterling,Green,jonah.sterling79@atlasmail.net,+1 (415) 712-9173,9016,aff4694f13,"San Francisco, CA",HH_00155,104,5581.29,app,0.4652,0.4638,0.3286,0.6545,0.4636,3,8,False,0.435,medium
CUST_PREMIUM_001469,Hazel Wright,Platinum,hazel.wright80@capital-demo.org,+1 (718) 870-7092,1982,12203bfc76,"Delhi, India",HH_SINGLE_000468,74,28199.19,call_center,0.1386,0.8028,0.1537,0.3711,0.3444,1,1,False,0.0534,low
CUST_PREMIUM_001470,Akira Vance,Green,akira.vance@northstar.org,+1 (718) 207-5011,9309,976d6eb823,"Delhi, India",HH_00156,102,19280.46,app,0.426,0.8417,0.3526,0.3797,0.4818,1,1,False,0.1302,low
CUST_PREMIUM_001471,Nora Wang,Platinum,nora.wang82@orchardmail.com,+1 (310) 801-2930,3840,637ef71e9a,"Los Angeles, CA",HH_SINGLE_000470,43,75235.0,in_person,0.5351,0.7274,0.2138,0.6522,0.8539,5,10,False,0.2673,medium
CUST_PREMIUM_001472,Lucas Walker,Green,lucas.walker@bluepeak.co,+1 (312) 849-0849,9891,24d4dfdb8d,"Chicago, IL",HH_SINGLE_000471,95,43403.82,web,0.3174,0.6466,0.4543,0.6447,0.2279,5,9,False,0.1962,low
CUST_PREMIUM_001473,David Thomas,Green,d.thomas@capital-demo.org,+1 (310) 875-8768,3194,1ea9352b96,"Los Angeles, CA",HH_SINGLE_000472,96,3551.15,call_center,0.6449,0.6788,0.547,0.4513,0.6002,3,6,True,0.1196,low
CUST_PREMIUM_001474,Fatima Miller,Platinum,fatimamiller@summitmail.net,+1 (917) 344-6687,3230,8efc9a757f,"Mumbai, India",HH_SINGLE_000473,48,27553.79,app,0.7103,0.6214,0.9395,0.7766,0.9249,4,5,False,0.0362,low
CUST_PREMIUM_001475,Elena Campbell,Green,campbell.elena@northstar.org,+1 (415) 271-4606,2060,b42ad52584,"San Francisco, CA",HH_SINGLE_000474,12,7815.54,web,0.4247,0.6265,0.2155,0.5694,0.524,13,21,True,0.3831,medium
CUST_PREMIUM_001476,Hazel Williams,Platinum,hazelwilliams@northstar.org,+1 (404) 363-2525,5144,10246c4268,"Atlanta, GA",HH_SINGLE_000475,25,304792.79,web,0.4923,0.5103,0.6456,0.515,0.1852,10,15,False,0.1393,low
CUST_PREMIUM_001477,Nikhil Robinson,Platinum,robinson.nikhil@summitmail.net,+1 (404) 400-0444,9118,4364dbc10f,"Atlanta, GA",HH_00158,30,93026.24,app,0.398,0.2811,0.5611,0.491,0.2864,1,2,False,0.055,low
CUST_PREMIUM_001478,Maya Campbell,Centurion Black,mayacampbell@bluepeak.co,+1 (312) 371-8363,5226,d74bc466d5,"Chicago, IL",HH_SINGLE_000477,89,344426.18,in_person,0.9924,0.2862,0.1363,0.8411,0.0438,3,4,False,0.0328,low
CUST_PREMIUM_001479,Ibrahim Rodriguez,Platinum,rodriguez.ibrahim@capital-demo.org,+1 (415) 419-6282,9892,11db8656e2,"San Francisco, CA",HH_00159,90,30966.19,app,0.8284,0.5286,0.7563,0.3236,0.9402,5,15,False,0.3567,medium
CUST_PREMIUM_001480,Kai Campbell,Platinum,k.campbell@orchardmail.com,+1 (310) 434-4201,2462,0c9f9c1ac9,"Los Angeles, CA",HH_SINGLE_000479,86,11154.6,web,0.6997,0.3586,0.4896,0.2835,0.3005,14,33,True,0.7673,high
CUST_PREMIUM_001481,Harper Walker,Green,harper.walker92@orchardmail.com,+1 (416) 581-2120,6109,1cad097788,"Toronto, Canada",HH_00160,32,4245.93,app,0.1877,0.4092,0.4041,0.1054,0.0592,3,6,True,0.1757,low
CUST_PREMIUM_001482,Jack Taylor,Gold,jack.taylor93@summitmail.net,+1 (415) 530-0039,2821,07969208ba,"San Francisco, CA",HH_SINGLE_000481,90,31226.56,web,0.4809,0.3034,0.5175,0.5697,0.6065,4,4,False,0.0214,low
CUST_PREMIUM_001483,Omar Thomas,Green,omar.thomas94@summitmail.net,+1 (650) 666-7958,5810,dcae97f182,Singapore,HH_00160,25,11810.09,call_center,0.0499,0.8767,0.1818,0.214,0.2249,1,1,False,0.0857,low
CUST_PREMIUM_001484,Dev Harris,Centurion Black,dev.harris95@atlasmail.net,+1 (404) 659-5877,4792,2cb0975b47,"Atlanta, GA",HH_SINGLE_000483,65,213449.25,app,0.8895,0.5406,0.5025,0.7579,0.5886,14,18,False,0.1083,low
CUST_PREMIUM_001485,Priya Smith,Platinum,priya.smith@bluepeak.co,+1 (404) 696-3796,0828,2abd0cbf4e,"Atlanta, GA",HH_SINGLE_000484,43,56925.86,web,0.5373,0.5508,0.2064,0.6743,0.3472,9,13,True,0.2268,medium
CUST_PREMIUM_001486,Diego White,Platinum,diego.white@bluepeak.co,+1 (650) 777-1715,8488,5c261986ba,Singapore,HH_SINGLE_000485,92,17591.61,app,0.3718,0.4894,0.2466,0.5392,0.6363,3,7,False,0.1745,low
CUST_PREMIUM_001487,Riya Hall,Gold,riya.hall@bluepeak.co,+1 (214) 726-9634,7248,1225c43f5d,"Dallas, TX",HH_SINGLE_000486,86,5210.71,in_person,0.1555,0.7398,0.2108,0.9034,0.5188,4,5,False,0.1276,low
CUST_PREMIUM_001488,Riya Nguyen,Platinum,riya.nguyen@capital-demo.org,+1 (415) 752-7553,7915,1fb57a468d,"San Francisco, CA",HH_SINGLE_000487,17,87580.58,call_center,0.5871,0.9991,0.1236,0.8278,0.0289,4,5,False,0.1128,low
CUST_PREMIUM_001489,Hazel Baker,Platinum,hazelbaker@harbor.example,+1 (917) 899-5472,3251,23449995df,"Mumbai, India",HH_SINGLE_000488,42,49484.73,app,0.3763,0.8189,0.1602,0.6201,0.4047,5,6,False,0.0856,low
CUST_PREMIUM_001490,Vivian Jones,Green,vivianjones@example.com,+1 (415) 826-3391,0457,1ffde67d47,"San Francisco, CA",HH_SINGLE_000489,229,10545.94,web,0.169,0.7938,0.3974,0.2811,0.5313,3,5,False,0.1379,low
CUST_PREMIUM_001491,Camila Nakamura,Gold,nakamura.camila@summitmail.net,+1 (214) 874-1310,8132,ad6d7ee9de,"Dallas, TX",HH_SINGLE_000490,10,28994.21,app,0.1957,0.2297,0.5696,0.3574,0.2215,10,18,False,0.1106,low
CUST_PREMIUM_001492,Leo Brown,Gold,leo.brown@example.com,+1 (212) 867-9229,5931,e669d03fc7,"New York, NY",HH_00163,69,24145.5,web,0.3325,0.4748,0.6696,0.4632,0.197,11,21,False,0.2745,medium
CUST_PREMIUM_001493,Aarav Lewis,Centurion Black,aarav.lewis@harbor.example,+1 (212) 204-7148,5588,83f4705fff,"New York, NY",HH_SINGLE_000492,92,73089.29,app,0.718,0.3045,0.7606,0.1554,0.704,8,12,False,0.0752,low
CUST_PREMIUM_001494,Theo Garcia,Green,theo.garcia8@harbor.example,+1 (305) 296-5067,8633,6f19afaa3c,"Miami, FL",HH_SINGLE_000493,68,6910.22,app,0.8011,0.9528,0.5115,0.4831,0.4231,8,14,False,0.4279,medium
CUST_PREMIUM_001495,Fatima Thompson,Platinum,thompson.fatima@orchardmail.com,+1 (617) 355-2986,7435,142b3d7db8,"Boston, MA",HH_SINGLE_000494,69,19006.87,app,0.8604,0.2092,0.4864,0.4729,0.2331,4,9,True,0.189,low
CUST_PREMIUM_001496,Isabella Wang,Gold,isabella.wang@capital-demo.org,+1 (212) 315-0905,2031,ce4478f2dd,"New York, NY",HH_00165,93,30946.0,app,0.2908,0.8111,0.2808,0.4353,0.4673,7,11,False,0.1278,low
CUST_PREMIUM_001497,Isabella Williams,Platinum,williams.isabella@bluepeak.co,+1 (305) 407-8824,2644,0f652c5225,"Miami, FL",HH_SINGLE_000496,19,92648.99,web,0.9291,0.2792,0.9237,0.9328,0.5505,14,18,False,0.0498,low
CUST_PREMIUM_001498,Yuki Khan,Platinum,yuki.khan12@northstar.org,+1 (416) 510-6743,3006,7029359c2f,"Toronto, Canada",HH_00165,7,51932.24,app,0.3159,0.2283,0.454,0.6466,0.5431,4,6,False,0.023,low
CUST_PREMIUM_001499,Leo Smith,Platinum,leo.smith13@atlasmail.net,+1 (212) 426-4662,5533,2f5ca62adf,"New York, NY",HH_SINGLE_000498,18,16779.85,call_center,0.3631,0.3999,0.3046,0.5919,0.3273,1,1,False,0.1004,low
CUST_PREMIUM_001500,Dev Moore,Gold,d.moore@example.com,+1 (646) 573-2581,1693,fa79b18573,"London, UK",HH_SINGLE_000499,12,16178.24,web,0.4727,0.4702,0.5742,0.5908,0.5501,1,1,False,0.0348,low
CUST_PREMIUM_001501,Mia Lee,Green,mialee@summitmail.net,+1 (404) 588-0500,0824,5ec92c85cb,"Atlanta, GA",HH_SINGLE_000500,19,7979.45,app,0.9961,0.045,0.7705,0.9832,0.1105,4,9,False,0.103,low
CUST_PREMIUM_001502,Akira Robinson,Platinum,akirarobinson@harbor.example,+1 (312) 559-8419,4565,41f40bbf1a,"Chicago, IL",HH_SINGLE_000501,32,8161.59,app,0.1693,0.278,0.2403,0.1296,0.3047,1,5,True,0.2543,medium
CUST_PREMIUM_001503,Eleanor Garcia,Platinum,garcia.eleanor@bluepeak.co,+1 (415) 607-6338,7663,b0753806c8,"San Francisco, CA",HH_SINGLE_000502,14,15145.57,web,0.0315,0.8918,0.8382,0.6976,0.6451,2,2,False,0.017,low
CUST_PREMIUM_001504,Harper Singh,Green,harpersingh@harbor.example,+1 (310) 622-4257,0098,86fe5a9d3f,"Los Angeles, CA",HH_SINGLE_000503,127,4210.99,web,0.8495,0.5218,0.4925,0.4273,0.4714,7,14,True,0.2622,medium
CUST_PREMIUM_001505,Camila Young,Gold,young.camila@atlasmail.net,+1 (312) 670-2176,0711,30c301ff42,"Chicago, IL",HH_00168,15,17789.27,app,0.7459,0.7719,0.6031,0.9029,0.3046,1,2,False,0.0464,low
CUST_PREMIUM_001506,Kabir Martinez,Green,kabir.martinez20@harbor.example,+1 (469) 850-0095,3462,5610e6321d,"Tokyo, Japan",HH_00168,116,17794.65,web,0.4693,0.671,0.5121,0.5126,0.7431,2,3,False,0.0649,low
CUST_PREMIUM_001507,Hannah Wilson,Platinum,hannah.wilson21@orchardmail.com,+1 (415) 755-8014,1673,2098c45692,"San Francisco, CA",HH_SINGLE_000506,53,16150.36,app,0.7176,0.3032,0.3337,0.6703,0.4959,8,12,False,0.1826,low
CUST_PREMIUM_001508,Jasmine Ito,Green,jasmine.ito@orchardmail.com,+1 (404) 847-5933,8243,031ebad591,"Atlanta, GA",HH_00169,71,17155.01,call_center,0.9541,0.81,0.3101,0.9774,0.5117,10,22,False,0.7426,high
CUST_PREMIUM_001509,Nora Anderson,Gold,nora.anderson@orchardmail.com,+1 (718) 250-3852,8518,dc3ff1a83d,"Delhi, India",HH_00169,46,13853.82,web,0.4525,0.4955,0.8131,0.6305,0.4966,1,1,False,0.0732,low
CUST_PREMIUM_001510,Hazel Vance,Gold,hazel.vance24@example.com,+1 (212) 833-1771,2110,ede7c4cc1b,"New York, NY",HH_SINGLE_000509,40,34550.26,call_center,0.5464,0.3783,0.5538,0.6816,0.4068,4,7,False,0.0721,low
CUST_PREMIUM_001511,Noah Roberts,Gold,noahroberts@orchardmail.com,+1 (415) 203-9690,2658,dace3e6bb2,"San Francisco, CA",HH_SINGLE_000510,85,49942.72,call_center,0.1187,0.5325,0.527,0.8314,0.8362,5,7,False,0.0996,low
CUST_PREMIUM_001512,Rei Taylor,Platinum,r.taylor@vectorlabs.co,+1 (212) 207-7609,9478,9843a20658,"New York, NY",HH_SINGLE_000511,15,15719.05,web,0.4398,0.7502,0.2023,0.4511,0.7356,1,1,False,0.0389,low
CUST_PREMIUM_001513,Rei Lopez,Platinum,rei.lopez27@orchardmail.com,+1 (305) 299-5528,1403,248c7e7de5,"Miami, FL",HH_SINGLE_000512,81,8614.44,web,0.1733,0.2043,0.1297,0.2447,0.1748,7,14,True,0.2918,medium
CUST_PREMIUM_001514,Daniel Rodriguez,Gold,daniel.rodriguez28@summitmail.net,+1 (202) 380-3447,3356,18f253f771,"Washington, DC",HH_SINGLE_000513,74,10899.69,app,0.2639,0.4136,0.5206,0.213,0.2424,4,7,False,0.0742,low
CUST_PREMIUM_001515,Elias Rivera,Platinum,elias.rivera@northstar.org,+1 (312) 340-1366,7580,d5eb874bb4,"Chicago, IL",HH_SINGLE_000514,51,13459.7,call_center,0.2804,0.9053,0.3593,0.6052,0.7133,2,2,True,0.0964,low
CUST_PREMIUM_001516,Emma White,Green,white.emma@example.com,+1 (650) 487-9285,5145,60b7fa062e,Singapore,HH_SINGLE_000515,40,9435.92,app,0.4377,0.552,0.5164,0.2822,0.6536,3,5,False,0.0762,low
CUST_PREMIUM_001517,Maya Reed,Gold,m.reed@vectorlabs.co,+1 (305) 447-7204,4371,3853f2a654,"Miami, FL",HH_SINGLE_000516,97,24992.92,call_center,0.2876,0.8391,0.5422,0.5463,0.6058,1,1,False,0.0224,low
CUST_PREMIUM_001518,Ethan Roberts,Gold,e.roberts@harbor.example,+1 (650) 561-5123,8380,2370e46d58,Singapore,HH_00172,28,29722.14,web,0.6515,0.0075,0.9802,0.9103,0.2571,1,1,False,0.0206,low
CUST_PREMIUM_001519,Lucas Kumar,Platinum,lucas.kumar33@summitmail.net,+1 (310) 477-3042,2890,4634307eca,"Los Angeles, CA",HH_SINGLE_000518,120,46455.59,web,0.5249,0.545,0.5295,0.5792,0.6583,7,12,False,0.0909,low
CUST_PREMIUM_001520,Arjun Rivera,Platinum,arjun.rivera@summitmail.net,+1 (617) 580-0961,2311,f8240d2eae,"Boston, MA",HH_SINGLE_000519,50,100153.54,web,0.8099,0.1919,0.813,0.4764,0.2314,4,5,False,0.0359,low
CUST_PREMIUM_001521,Harper Wang,Gold,harper.wang35@summitmail.net,+1 (212) 540-8880,3818,c95a7a0a3f,"New York, NY",HH_SINGLE_000520,111,10931.96,web,0.3752,0.7081,0.3398,0.3803,0.5376,3,9,False,0.2651,medium
CUST_PREMIUM_001522,Zara Wright,Green,zarawright@bluepeak.co,+1 (718) 731-6799,1672,ef5b1322d9,"Delhi, India",HH_00173,68,12284.82,in_person,0.4234,0.2888,0.6697,0.3407,0.4621,2,4,False,0.1088,low
CUST_PREMIUM_001523,Amara Wang,Platinum,amarawang@harbor.example,+1 (312) 636-4718,4291,d27645e576,"Chicago, IL",HH_SINGLE_000522,47,52443.16,call_center,0.3275,0.1134,0.9709,0.7201,0.2498,11,20,False,0.1113,low
CUST_PREMIUM_001524,Elena Perez,Green,elena.perez38@example.com,+1 (212) 651-2637,8756,430b1f0eb4,"New York, NY",HH_00174,114,21914.26,in_person,0.6254,0.8443,0.7886,0.5299,0.4052,1,1,False,0.0257,low
CUST_PREMIUM_001525,Victoria Jones,Gold,victoria.jones39@bluepeak.co,+1 (312) 710-0556,3628,f40efa18da,"Chicago, IL",HH_SINGLE_000524,40,13870.44,app,0.4625,0.2967,0.5578,0.5088,0.7013,8,15,False,0.3763,medium
CUST_PREMIUM_001526,Harper Reed,Green,reed.harper@northstar.org,+1 (718) 879-8475,5621,9dd563c3de,"Delhi, India",HH_SINGLE_000525,9,12051.23,web,0.3725,0.1665,0.6875,0.0377,0.0372,1,1,False,0.0492,low
CUST_PREMIUM_001527,Elena Gupta,Platinum,e.gupta@capital-demo.org,+1 (469) 227-6394,2008,3df6ae94bb,"Tokyo, Japan",HH_SINGLE_000526,97,37011.35,call_center,0.2534,0.5142,0.2641,0.5256,0.0867,5,7,False,0.0813,low
CUST_PREMIUM_001528,Zoe Bennett,Platinum,zoe.bennett42@orchardmail.com,+1 (310) 810-4313,9565,a88afb1cd5,"Los Angeles, CA",HH_SINGLE_000527,18,42457.82,web,0.8263,0.1884,0.1737,0.7482,0.3069,4,6,False,0.0414,low
CUST_PREMIUM_001529,Ravi Evans,Green,evans.ravi@bluepeak.co,+1 (310) 847-2232,8239,b111ac80ca,"Los Angeles, CA",HH_SINGLE_000528,91,22840.75,web,0.5541,0.3511,0.2681,0.9124,0.7258,6,7,False,0.1239,low
CUST_PREMIUM_001530,Sara Ito,Platinum,ito.sara@vectorlabs.co,+1 (212) 873-0151,2888,4c0750b8d6,"New York, NY",HH_SINGLE_000529,20,14884.27,call_center,0.1464,0.7566,0.6598,0.3095,0.7809,4,8,False,0.0752,low
CUST_PREMIUM_001531,Zara Martinez,Green,zaramartinez@atlasmail.net,+1 (202) 309-8070,2580,21af26240f,"Washington, DC",HH_SINGLE_000530,56,3932.62,in_person,0.2117,0.9272,0.5715,0.7175,0.7507,12,21,False,0.4889,high
CUST_PREMIUM_001532,Jasmine Morgan,Platinum,morgan.jasmine@orchardmail.com,+1 (206) 313-5989,9449,a802d6fe83,"Seattle, WA",HH_SINGLE_000531,82,138313.83,app,0.3802,0.7722,0.4301,0.2695,0.6991,5,9,False,0.2678,medium
CUST_PREMIUM_001533,Nora Adams,Green,noraadams@atlasmail.net,+1 (310) 295-3908,5726,b4f205c49c,"Los Angeles, CA",HH_SINGLE_000532,14,21609.12,app,0.2636,0.6977,0.1489,0.7574,0.3017,4,8,False,0.3381,medium
CUST_PREMIUM_001534,Naomi Brown,Platinum,naomi.brown@northstar.org,+1 (212) 321-1827,1220,cb3ea7dc6d,"New York, NY",HH_SINGLE_000533,87,48237.85,app,0.4811,0.0976,0.7333,0.3458,0.5528,2,2,False,0.0141,low
CUST_PREMIUM_001535,Kai Miller,Gold,kaimiller@harbor.example,+1 (416) 479-9746,3382,872d7bf1b1,"Toronto, Canada",HH_00178,72,9005.22,app,0.7548,0.4227,0.243,0.4219,0.5149,9,18,True,0.6137,high
CUST_PREMIUM_001536,Arjun Taylor,Green,arjun.taylor50@atlasmail.net,+1 (310) 406-7665,6215,970e41a41a,"Los Angeles, CA",HH_SINGLE_000535,96,3079.2,app,0.3747,0.6539,0.4126,0.1776,0.2232,5,8,True,0.1707,low
CUST_PREMIUM_001537,Kai Reed,Platinum,kaireed@capital-demo.org,+1 (404) 520-5584,0397,0e7f6e6c91,"Atlanta, GA",HH_00178,61,122867.54,app,0.565,0.8947,0.5638,0.8107,0.7518,14,23,False,0.3763,medium
CUST_PREMIUM_001538,Amara Smith,Platinum,amara.smith@summitmail.net,+1 (312) 491-3503,0284,4d449fe583,"Chicago, IL",HH_SINGLE_000537,35,82326.89,call_center,0.6976,0.4956,0.5259,0.8452,0.4885,10,21,False,0.4118,medium
CUST_PREMIUM_001539,Sara White,Platinum,sara.white@bluepeak.co,+1 (718) 660-1422,7549,aef279654d,"Delhi, India",HH_SINGLE_000538,109,251996.91,app,0.4246,0.7031,0.2298,0.6815,0.5459,5,8,False,0.0711,low
CUST_PREMIUM_001540,Ethan Wang,Platinum,ethan.wang54@atlasmail.net,+1 (305) 598-9341,2659,b07305fc16,"Miami, FL",HH_SINGLE_000539,35,61505.22,in_person,0.5266,0.7046,0.4937,0.8155,0.4805,11,23,False,0.4349,medium
CUST_PREMIUM_001541,Sara Young,Platinum,sara.young55@orchardmail.com,+1 (650) 712-7260,1162,1ef3af4673,Singapore,HH_SINGLE_000540,18,38553.06,web,0.7806,0.2692,0.8593,0.7232,0.6639,1,2,False,0.0171,low
CUST_PREMIUM_001542,Liam Kim,Gold,liam.kim56@harbor.example,+1 (404) 705-5179,0886,bed964cd7a,"Atlanta, GA",HH_SINGLE_000541,68,32382.33,app,0.7578,0.0393,0.5078,0.7555,0.7661,7,14,False,0.1416,low
CUST_PREMIUM_001543,Jack Shah,Gold,jack.shah57@northstar.org,+1 (214) 698-3098,9348,b33d690990,"Dallas, TX",HH_SINGLE_000542,51,5902.01,call_center,0.9215,0.9749,0.4982,0.9825,0.1976,6,14,False,0.3339,medium
CUST_PREMIUM_001544,Adrian Rossi,Platinum,adrian.rossi@bluepeak.co,+1 (212) 691-1017,8681,b979642a18,"New York, NY",HH_SINGLE_000543,135,58341.87,app,0.7142,0.6645,0.5019,0.5435,0.7157,1,1,False,0.0533,low
CUST_PREMIUM_001545,Noah Robinson,Platinum,noahrobinson@northstar.org,+1 (202) 827-8936,1343,07bf30171e,"Washington, DC",HH_SINGLE_000544,46,38529.28,in_person,0.4356,0.4949,0.5223,0.1957,0.4809,14,16,False,0.0904,low
CUST_PREMIUM_001546,Daniel Ramirez,Gold,d.ramirez@capital-demo.org,+1 (212) 765-6855,2704,631ba5fb8c,"New York, NY",HH_00181,45,17620.78,call_center,0.7288,0.7476,0.4068,0.8675,0.7293,7,11,True,0.2628,medium
CUST_PREMIUM_001547,Amara Nguyen,Green,a.nguyen@bluepeak.co,+1 (404) 890-4774,0070,6fd5418743,"Atlanta, GA",HH_SINGLE_000546,111,18989.0,app,0.219,0.7517,0.4083,0.3874,0.5336,14,19,False,0.3065,medium
CUST_PREMIUM_001548,Dev Kumar,Platinum,kumar.dev@summitmail.net,+1 (310) 850-2693,4563,0e4fc36b5a,"Los Angeles, CA",HH_00182,27,40093.55,app,0.5743,0.7912,0.0487,0.406,0.7283,5,5,False,0.1142,low
CUST_PREMIUM_001549,Rafael Davis,Gold,r.davis@summitmail.net,+1 (305) 231-0612,2696,d6c2a2778f,"Miami, FL",HH_SINGLE_000548,74,18176.69,app,0.4708,0.4791,0.5343,0.3291,0.3531,6,9,False,0.1075,low
CUST_PREMIUM_001550,Charlotte Martin,Green,charlotte.martin@example.com,+1 (310) 224-8531,0706,aa1a25c4e3,"Los Angeles, CA",HH_SINGLE_000549,94,5352.31,call_center,0.1713,0.6334,0.7076,0.3779,0.2915,5,8,False,0.0821,low
CUST_PREMIUM_001551,Akira Khan,Gold,akirakhan@harbor.example,+1 (212) 250-6450,9857,7282ab3693,"New York, NY",HH_SINGLE_000550,133,42722.6,app,0.7344,0.4158,0.4968,0.8728,0.6966,11,22,True,0.3963,medium
CUST_PREMIUM_001552,Zoe Turner,Gold,turner.zoe@example.com,+1 (305) 342-4369,1525,7277b51532,"Miami, FL",HH_SINGLE_000551,39,10031.88,app,0.2002,0.487,0.5328,0.1413,0.3826,6,6,False,0.084,low
CUST_PREMIUM_001553,Kabir Fernandez,Green,kabir.fernandez67@atlasmail.net,+1 (206) 390-2288,7150,bb3dfafa8d,"Seattle, WA",HH_SINGLE_000552,43,31031.19,web,0.8515,0.143,0.9129,0.5837,0.3156,3,6,False,0.0733,low
CUST_PREMIUM_001554,Meera Hernandez,Platinum,m.hernandez@example.com,+1 (214) 405-0207,8431,010719f2bc,"Dallas, TX",HH_SINGLE_000553,10,109509.41,app,0.6697,0.1857,0.7202,0.4627,0.5418,7,8,False,0.0223,low
CUST_PREMIUM_001555,Daniel Rossi,Green,d.rossi@atlasmail.net,+1 (214) 442-8126,3348,c1d24db4ec,"Dallas, TX",HH_SINGLE_000554,94,4595.28,app,0.1936,0.4064,0.6612,0.4182,0.4866,4,5,False,0.0657,low
CUST_PREMIUM_001556,Samuel Hernandez,Gold,samuel.hernandez70@example.com,+1 (718) 589-6045,9239,caf57b2dfc,"Delhi, India",HH_SINGLE_000555,100,50414.86,web,0.7509,0.0758,0.4813,0.4338,0.3848,8,16,True,0.3455,medium
CUST_PREMIUM_001557,Ananya Garcia,Gold,ananyagarcia@harbor.example,+1 (212) 472-3964,0096,6ab1d73fbf,"New York, NY",HH_SINGLE_000556,140,10845.51,web,0.1787,0.0504,0.7501,0.481,0.1753,5,11,False,0.1665,low
CUST_PREMIUM_001558,Meera Ahmed,Centurion Black,m.ahmed@example.com,+1 (415) 542-1883,0140,e999748646,"San Francisco, CA",HH_SINGLE_000557,26,83309.87,web,0.1719,0.691,0.7675,0.3916,0.6343,1,1,False,0.0282,low
CUST_PREMIUM_001559,Aditi Morris,Gold,aditi.morris73@example.com,+1 (415) 579-9802,0894,cfd2f1f237,"San Francisco, CA",HH_SINGLE_000558,32,27134.43,call_center,0.6968,0.7798,0.7329,0.4901,0.3544,6,12,False,0.2576,medium
CUST_PREMIUM_001560,Isla Gupta,Platinum,islagupta@orchardmail.com,+1 (416) 704-7721,7747,ace279f72e,"Toronto, Canada",HH_SINGLE_000559,32,105329.35,call_center,0.2634,0.1456,0.9045,0.1574,0.6865,3,4,False,0.0258,low
CUST_PREMIUM_001561,Naomi Roy,Gold,naomi.roy75@bluepeak.co,+1 (202) 719-5640,0326,469ba6a716,"Washington, DC",HH_SINGLE_000560,68,6354.0,web,0.6022,0.6165,0.0465,0.3686,0.6606,14,26,False,0.4804,high
CUST_PREMIUM_001562,Yuki Campbell,Green,yuki.campbell76@example.com,+1 (646) 767-3559,1262,eb0dd9361e,"London, UK",HH_SINGLE_000561,116,6321.58,web,0.4117,0.7342,0.607,0.4608,0.5972,2,3,False,0.0393,low
CUST_PREMIUM_001563,Nora Vance,Platinum,nora.vance77@capital-demo.org,+1 (404) 782-1478,4965,bf39a9eb5d,"Atlanta, GA",HH_SINGLE_000562,22,32410.6,app,0.563,0.748,0.1504,0.419,0.6029,5,9,False,0.1756,low
CUST_PREMIUM_001564,Nora Cooper,Gold,nora.cooper78@capital-demo.org,+1 (212) 731-9397,2361,f834f51486,"New York, NY",HH_SINGLE_000563,68,8422.6,call_center,0.4753,0.5858,0.143,0.5066,0.5562,6,8,False,0.1953,low
CUST_PREMIUM_001565,Priya Baker,Gold,p.baker@summitmail.net,+1 (617) 845-7316,7433,00d6afb491,"Boston, MA",HH_SINGLE_000564,27,16049.23,call_center,0.3653,0.7737,0.1451,0.3488,0.3663,1,1,False,0.1147,low
CUST_PREMIUM_001566,Diego Fernandez,Gold,diego.fernandez@orchardmail.com,+1 (310) 816-5235,3941,90f70f2154,"Los Angeles, CA",HH_SINGLE_000565,57,9591.18,call_center,0.6359,0.6334,0.2096,0.5866,0.5794,2,3,False,0.0989,low
CUST_PREMIUM_001567,Omar Garcia,Gold,o.garcia@orchardmail.com,+1 (416) 263-3154,7539,64c1e38069,"Toronto, Canada",HH_SINGLE_000566,159,14715.96,app,0.7942,0.8471,0.611,0.7196,0.5202,6,10,False,0.1345,low
CUST_PREMIUM_001568,Ananya Diaz,Gold,a.diaz@atlasmail.net,+1 (212) 879-1073,1454,ab46c9a338,"New York, NY",HH_SINGLE_000567,14,12193.49,app,0.57,0.6726,0.4577,0.2094,0.3125,4,8,False,0.1092,low
CUST_PREMIUM_001569,Sora Murphy,Green,murphy.sora@example.com,+1 (312) 238-8992,7158,f1eff7a652,"Chicago, IL",HH_SINGLE_000568,26,51539.49,web,0.5796,0.7113,0.1682,0.514,0.381,1,4,False,0.1699,low
CUST_PREMIUM_001570,Dev Hernandez,Gold,dev.hernandez@vectorlabs.co,+1 (310) 264-6911,4659,4751334b46,"Los Angeles, CA",HH_SINGLE_000569,196,8625.38,web,0.73,0.3466,0.8125,0.3782,0.4901,14,21,False,0.1929,low
CUST_PREMIUM_001571,Andre Ito,Platinum,andre.ito85@northstar.org,+1 (202) 389-4830,3648,a20336ee06,"Washington, DC",HH_SINGLE_000570,96,37622.74,call_center,0.3418,0.7182,0.8391,0.6973,0.689,5,8,False,0.0557,low
CUST_PREMIUM_001572,Dev Banerjee,Green,banerjee.dev@northstar.org,+1 (718) 481-2749,8720,9d33d67ea8,"Delhi, India",HH_SINGLE_000571,103,12171.22,in_person,0.2691,0.0239,0.8849,0.8054,0.7873,1,1,False,0.0309,low
CUST_PREMIUM_001573,Zoe Gupta,Gold,gupta.zoe@vectorlabs.co,+1 (312) 386-0668,0052,35283a6857,"Chicago, IL",HH_SINGLE_000572,8,8577.99,app,0.2991,0.836,0.5479,0.5867,0.489,10,14,False,0.0839,low
CUST_PREMIUM_001574,Nora Taylor,Green,taylor.nora@harbor.example,+1 (312) 423-8587,3508,5e6e544fd6,"Chicago, IL",HH_SINGLE_000573,35,8779.14,in_person,0.2455,0.8022,0.2786,0.4036,0.6523,9,15,True,0.227,medium
CUST_PREMIUM_001575,David Kim,Green,david.kim@harbor.example,+1 (415) 471-6506,2217,202b030715,"San Francisco, CA",HH_SINGLE_000574,87,10101.3,in_person,0.5942,0.4173,0.8295,0.2435,0.099,7,7,False,0.0265,low
CUST_PREMIUM_001576,Victoria Evans,Gold,victoria.evans90@example.com,+1 (214) 519-4425,3461,cf05ebb36d,"Dallas, TX",HH_SINGLE_000575,50,59154.91,web,0.9479,0.4154,0.8109,0.9883,0.2163,5,8,True,0.0608,low
CUST_PREMIUM_001577,Sora Miller,Platinum,soramiller@bluepeak.co,+1 (646) 622-2344,3220,9d71e36ad1,"London, UK",HH_SINGLE_000576,52,8856.02,call_center,0.6112,0.444,0.4059,0.2459,0.6437,6,10,False,0.1257,low
CUST_PREMIUM_001578,Eleanor Hall,Platinum,hall.eleanor@atlasmail.net,+1 (310) 560-0263,9506,aa19970205,"Los Angeles, CA",HH_00192,78,24418.49,app,0.0918,0.3902,0.1428,0.0332,0.832,4,6,False,0.0739,low
CUST_PREMIUM_001579,Theo Williams,Gold,t.williams@example.com,+1 (312) 608-8182,7803,149d82499c,"Chicago, IL",HH_SINGLE_000578,31,15400.32,web,0.605,0.1679,0.5157,0.3012,0.5602,14,18,False,0.148,low
CUST_PREMIUM_001580,Priya Kumar,Green,priyakumar@atlasmail.net,+1 (917) 766-6101,6752,e1e41cd69d,"Mumbai, India",HH_00193,126,4159.69,web,0.2256,0.5445,0.6562,0.3679,0.8157,3,5,False,0.0848,low
CUST_PREMIUM_001581,Ananya Baker,Green,ananya.baker95@bluepeak.co,+1 (646) 770-4020,7780,250b4742ba,"London, UK",HH_SINGLE_000580,56,2952.89,call_center,0.938,0.6993,0.051,0.0032,0.2278,14,24,True,0.7017,high
CUST_PREMIUM_001582,Naomi Walker,Gold,walker.naomi@example.com,+1 (212) 697-1939,7940,31e7299bf7,"New York, NY",HH_SINGLE_000581,20,6090.6,web,0.734,0.4052,0.7263,0.6167,0.6031,9,15,False,0.1557,low
CUST_PREMIUM_001583,Priya Rossi,Gold,priya.rossi0@orchardmail.com,+1 (718) 888-9858,1924,52b4bdae78,"Delhi, India",HH_SINGLE_000582,100,18649.51,web,0.3902,0.6605,0.2213,0.5717,0.7062,9,14,False,0.2398,medium
CUST_PREMIUM_001584,Sora Khan,Platinum,s.khan@bluepeak.co,+1 (650) 203-7777,5319,410520e8b6,Singapore,HH_SINGLE_000583,81,95472.73,web,0.7085,0.1579,0.5978,0.6376,0.4216,4,5,False,0.0255,low
CUST_PREMIUM_001585,Lucas Nguyen,Platinum,lucas.nguyen@capital-demo.org,+1 (206) 874-5696,6064,651578af03,"Seattle, WA",HH_SINGLE_000584,74,48039.05,web,0.8487,0.351,0.8032,0.9274,0.2138,5,7,False,0.0358,low
CUST_PREMIUM_001586,Ravi Patel,Green,ravi.patel@example.com,+1 (310) 856-3615,7935,0423916f29,"Los Angeles, CA",HH_SINGLE_000585,196,31117.47,app,0.2383,0.5611,0.1898,0.1025,0.5662,4,8,False,0.1995,low
CUST_PREMIUM_001587,Isabella Kapoor,Gold,kapoor.isabella@summitmail.net,+1 (416) 303-1534,8826,636b0ea324,"Toronto, Canada",HH_00195,52,35446.5,call_center,0.0734,0.8622,0.3204,0.8982,0.7031,14,21,False,0.474,high
CUST_PREMIUM_001588,Sara Miller,Green,s.miller@northstar.org,+1 (214) 263-9453,1535,2567b22f2e,"Dallas, TX",HH_SINGLE_000587,27,3174.21,web,0.1773,0.74,0.1479,0.5945,0.2442,4,6,False,0.1437,low
CUST_PREMIUM_001589,Rei Anderson,Green,anderson.rei@northstar.org,+1 (469) 421-7372,8818,b2565dcdac,"Tokyo, Japan",HH_SINGLE_000588,31,3669.99,app,0.5678,0.5702,0.0359,0.5619,0.4874,4,7,True,0.1656,low
CUST_PREMIUM_001590,Avery Wilson,Green,avery.wilson@harbor.example,+1 (202) 392-5291,9834,68cc22f1fb,"Washington, DC",HH_SINGLE_000589,36,4275.67,web,0.1498,0.9485,0.0339,0.8746,0.8017,4,4,True,0.1608,low
CUST_PREMIUM_001591,Noah Rivera,Platinum,rivera.noah@vectorlabs.co,+1 (305) 385-3210,8637,71757ff447,"Miami, FL",HH_00196,108,39055.92,app,0.3405,0.4021,0.4193,0.2746,0.3289,14,18,False,0.2273,medium
CUST_PREMIUM_001592,Lucas Khan,Platinum,lucaskhan@bluepeak.co,+1 (404) 455-1129,3020,e365095d0d,"Atlanta, GA",HH_SINGLE_000591,69,56167.17,in_person,0.2589,0.9919,0.0686,0.5596,0.5344,7,13,True,0.2624,medium
CUST_PREMIUM_001593,Alejandro Reed,Green,alejandroreed@capital-demo.org,+1 (404) 492-9048,3286,f4b8814c6f,"Atlanta, GA",HH_SINGLE_000592,71,15402.88,in_person,0.3266,0.1737,0.4103,0.2095,0.3699,11,15,False,0.1877,low
CUST_PREMIUM_001594,Meera Gupta,Green,meeragupta@orchardmail.com,+1 (415) 474-6967,4127,f0f06ccf96,"San Francisco, CA",HH_SINGLE_000593,115,9465.72,call_center,0.8059,0.3787,0.4491,0.2887,0.346,13,20,False,0.2338,medium
CUST_PREMIUM_001595,Aditi Gupta,Gold,aditi.gupta12@northstar.org,+1 (310) 489-4886,1071,e056f94102,"Los Angeles, CA",HH_SINGLE_000594,144,18018.86,app,0.5168,0.7743,0.6586,0.3211,0.6872,6,8,False,0.0795,low
CUST_PREMIUM_001596,Sora Wright,Green,sora.wright13@atlasmail.net,+1 (202) 614-2805,9139,dc38d5970e,"Washington, DC",HH_SINGLE_000595,73,4263.92,in_person,0.5776,0.3753,0.579,0.6459,0.7895,7,8,False,0.0501,low
CUST_PREMIUM_001597,Hazel Rossi,Gold,h.rossi@northstar.org,+1 (646) 662-0724,9680,3c11a02cb9,"London, UK",HH_SINGLE_000596,39,8124.31,web,0.2398,0.4898,0.201,0.1048,0.4717,4,7,False,0.1193,low
CUST_PREMIUM_001598,Jack Roberts,Gold,roberts.jack@example.com,+1 (212) 589-8643,5171,4777c5332c,"New York, NY",HH_SINGLE_000597,86,82309.72,web,0.8372,0.25,0.5614,0.6476,0.2305,1,1,False,0.0677,low
CUST_PREMIUM_001599,Diego Gupta,Green,diegogupta@atlasmail.net,+1 (415) 659-6562,2595,3d60459f1a,"San Francisco, CA",HH_SINGLE_000598,106,19465.8,app,0.5478,0.3167,0.7843,0.6484,0.2232,4,8,False,0.1083,low
CUST_PREMIUM_001600,Amelia Anderson,Gold,ameliaanderson@capital-demo.org,+1 (312) 685-4481,7178,becd7288bb,"Chicago, IL",HH_SINGLE_000599,5,32232.61,web,0.6862,0.6127,0.4903,0.5092,0.7166,14,21,True,0.2319,medium
CUST_PREMIUM_001601,Priya Taylor,Gold,priya.taylor@bluepeak.co,+1 (469) 865-2400,0502,19ac03ac24,"Tokyo, Japan",HH_SINGLE_000600,75,23200.37,in_person,0.6562,0.2341,0.3516,0.6394,0.4927,6,11,False,0.2248,medium
CUST_PREMIUM_001602,Nikhil Baker,Platinum,nikhil.baker19@summitmail.net,+1 (206) 803-0319,8633,6a6f3e675a,"Seattle, WA",HH_SINGLE_000601,20,77096.39,call_center,0.3237,0.6988,0.354,0.3763,0.5944,12,21,False,0.5256,high
CUST_PREMIUM_001603,Harper Murphy,Green,murphy.harper@example.com,+1 (310) 785-8238,8657,f0cf2ba48c,"Los Angeles, CA",HH_SINGLE_000602,52,9287.15,app,0.855,0.2761,0.6518,0.5133,0.3655,7,11,False,0.1309,low
CUST_PREMIUM_001604,Gabriel Patel,Platinum,gabriel.patel21@orchardmail.com,+1 (650) 243-6157,0484,c9a929cbe8,Singapore,HH_SINGLE_000603,5,25767.23,web,0.1331,0.063,0.4384,0.4134,0.0515,2,6,False,0.1909,low
CUST_PREMIUM_001605,Liam Evans,Gold,evans.liam@summitmail.net,+1 (310) 859-4076,1703,484900de5a,"Los Angeles, CA",HH_SINGLE_000604,106,51252.61,app,0.024,0.1761,0.2856,0.0742,0.0459,3,5,False,0.0419,low
CUST_PREMIUM_001606,Rafael Diaz,Platinum,diaz.rafael@atlasmail.net,+1 (404) 273-1995,4828,0a51c158cd,"Atlanta, GA",HH_SINGLE_000605,42,18133.77,call_center,0.1374,0.6198,0.5479,0.1345,0.2399,13,22,False,0.5397,high
CUST_PREMIUM_001607,Chloe Cooper,Centurion Black,cooper.chloe@example.com,+1 (214) 266-9914,0691,222039628d,"Dallas, TX",HH_SINGLE_000606,37,303788.27,call_center,0.502,0.7411,0.5035,0.6599,0.7536,8,19,True,0.2998,medium
CUST_PREMIUM_001608,Ravi Vance,Green,ravi.vance@vectorlabs.co,+1 (415) 292-7833,4112,0b623b26a5,"San Francisco, CA",HH_SINGLE_000607,66,26220.89,in_person,0.3652,0.7612,0.8783,0.543,0.8096,4,6,False,0.0985,low
CUST_PREMIUM_001609,Eleanor Robinson,Gold,robinson.eleanor@orchardmail.com,+1 (312) 318-5752,8304,239d710a0f,"Chicago, IL",HH_SINGLE_000608,108,15412.54,web,0.0692,0.7105,0.5985,0.6535,0.6677,12,19,False,0.2774,medium
CUST_PREMIUM_001610,Fatima Brown,Gold,fatimabrown@vectorlabs.co,+1 (617) 410-3671,2848,d75be9dec2,"Boston, MA",HH_SINGLE_000609,34,22272.87,web,0.5647,0.7749,0.638,0.674,0.7165,4,7,True,0.0857,low
CUST_PREMIUM_001611,Isla Garcia,Gold,isla.garcia28@vectorlabs.co,+1 (404) 458-1590,0731,4771500f6a,"Atlanta, GA",HH_SINGLE_000610,44,7023.98,call_center,0.0186,0.6459,0.3871,0.3148,0.1653,6,11,False,0.2024,medium
CUST_PREMIUM_001612,Theo Morgan,Gold,morgan.theo@summitmail.net,+1 (415) 440-9509,2403,442fcf4ca5,"San Francisco, CA",HH_SINGLE_000611,61,19645.59,app,0.55,0.3565,0.6676,0.1894,0.2405,3,5,False,0.0811,low
CUST_PREMIUM_001613,Isabella Rivera,Green,i.rivera@vectorlabs.co,+1 (646) 554-7428,7885,e0605bbc75,"London, UK",HH_00204,139,24178.1,app,0.6568,0.528,0.5926,0.6953,0.1433,7,12,True,0.2105,medium
CUST_PREMIUM_001614,Gabriel Anderson,Platinum,gabriel.anderson@bluepeak.co,+1 (305) 536-5347,7889,de633ab103,"Miami, FL",HH_SINGLE_000613,3,73091.39,call_center,0.5269,0.508,0.7578,0.8424,0.4211,1,2,False,0.0275,low
CUST_PREMIUM_001615,Maya Williams,Green,williams.maya@bluepeak.co,+1 (206) 584-3266,0188,f2ce30526f,"Seattle, WA",HH_00204,16,14406.32,app,0.2479,0.8204,0.5359,0.5245,0.8608,3,6,True,0.1652,low
CUST_PREMIUM_001616,Akira Patel,Gold,a.patel@summitmail.net,+1 (212) 555-1185,7139,b5fff62a80,"New York, NY",HH_00205,185,14736.33,app,0.857,0.5354,0.5141,0.8065,0.3625,14,20,False,0.2928,medium
CUST_PREMIUM_001617,Leo Sato,Platinum,l.sato@vectorlabs.co,+1 (646) 702-9104,9455,616be54de6,"London, UK",HH_SINGLE_000616,63,151341.62,call_center,0.6714,0.4649,0.556,0.4693,0.6733,13,18,False,0.1985,low
CUST_PREMIUM_001618,Emma Wang,Gold,e.wang@bluepeak.co,+1 (415) 662-7023,8581,bd329092a0,"San Francisco, CA",HH_SINGLE_000617,79,15631.16,app,0.9233,0.8004,0.3669,0.4756,0.4206,8,14,True,0.3108,medium
CUST_PREMIUM_001619,Sara Singh,Green,singh.sara@atlasmail.net,+1 (214) 710-4942,9166,d7dd4f09b1,"Dallas, TX",HH_SINGLE_000618,245,4226.45,app,0.4703,0.7708,0.3958,0.508,0.3118,5,5,False,0.0634,low
CUST_PREMIUM_001620,Nora Jones,Gold,nora.jones37@atlasmail.net,+1 (206) 769-2861,4582,ce90f53f3f,"Seattle, WA",HH_SINGLE_000619,11,33687.07,call_center,0.5726,0.5448,0.2096,0.5237,0.6435,8,11,True,0.1983,low
CUST_PREMIUM_001621,Alejandro Shah,Gold,alejandroshah@vectorlabs.co,+1 (646) 850-0780,6148,a2843484b5,"London, UK",HH_SINGLE_000620,21,14533.72,in_person,0.551,0.5479,0.5244,0.7074,0.8329,2,4,False,0.0849,low
CUST_PREMIUM_001622,Nathan Harris,Gold,nathanharris@harbor.example,+1 (312) 799-8699,9229,a3c7885c4c,"Chicago, IL",HH_SINGLE_000621,90,11686.36,app,0.5028,0.2795,0.3729,0.4242,0.3982,3,4,False,0.068,low
CUST_PREMIUM_001623,Benjamin Lewis,Gold,benjamin.lewis@atlasmail.net,+1 (202) 213-6618,9412,69e46397dd,"Washington, DC",HH_SINGLE_000622,33,7014.83,call_center,0.2859,0.2933,0.4647,0.627,0.4205,1,2,False,0.1327,low
CUST_PREMIUM_001624,Jack Robinson,Platinum,jack.robinson@northstar.org,+1 (617) 228-4537,8723,008a4a69c3,"Boston, MA",HH_SINGLE_000623,85,49202.81,in_person,0.0289,0.9744,0.153,0.3855,0.7327,3,8,False,0.3936,medium
CUST_PREMIUM_001625,Ibrahim Wilson,Gold,ibrahimwilson@harbor.example,+1 (310) 899-2456,8584,d42745363d,"Los Angeles, CA",HH_00208,34,1767.4,web,0.2916,0.52,0.6401,0.7125,0.5641,8,17,False,0.3589,medium
CUST_PREMIUM_001626,Zoe Smith,Gold,z.smith@bluepeak.co,+1 (310) 236-0375,5741,be989956e1,"Los Angeles, CA",HH_SINGLE_000625,105,9660.49,web,0.33,0.4821,0.4908,0.5561,0.562,7,11,False,0.1862,low
CUST_PREMIUM_001627,Dev Campbell,Gold,campbell.dev@example.com,+1 (617) 339-8294,7183,7ecf807f82,"Boston, MA",HH_SINGLE_000626,77,18905.98,web,0.4244,0.4741,0.4923,0.4956,0.4269,1,3,False,0.0599,low
CUST_PREMIUM_001628,Isla Banerjee,Gold,isla.banerjee45@capital-demo.org,+1 (416) 420-6213,2950,8c06c5b083,"Toronto, Canada",HH_00209,38,32745.04,call_center,0.4074,0.2628,0.534,0.371,0.1735,1,2,False,0.0192,low
CUST_PREMIUM_001629,Kabir Lewis,Gold,kabirlewis@orchardmail.com,+1 (212) 336-4132,6092,987da2bd64,"New York, NY",HH_00209,54,8124.14,app,0.6312,0.3068,0.714,0.3065,0.3836,14,20,False,0.156,low
CUST_PREMIUM_001630,Akira Khan,Gold,akira.khan47@atlasmail.net,+1 (404) 461-2051,9527,a7e60f5271,"Atlanta, GA",HH_SINGLE_000629,85,32879.0,call_center,0.4214,0.3246,0.5068,0.4683,0.4712,6,9,False,0.099,low
CUST_PREMIUM_001631,Nikhil Martin,Gold,nikhilmartin@example.com,+1 (202) 509-9970,5401,ea9f924e4c,"Washington, DC",HH_SINGLE_000630,20,97182.31,app,0.5754,0.5431,0.4397,0.6736,0.5338,14,21,False,0.4413,medium
CUST_PREMIUM_001632,Andre Ito,Green,ito.andre@bluepeak.co,+1 (214) 491-7889,7598,321389b97f,"Dallas, TX",HH_SINGLE_000631,138,11571.75,call_center,0.6736,0.3928,0.8727,0.6884,0.4757,3,5,False,0.0814,low
CUST_PREMIUM_001633,Olivia Murphy,Platinum,olivia.murphy50@summitmail.net,+1 (312) 506-5808,9522,d821a5e7e6,"Chicago, IL",HH_SINGLE_000632,52,88126.32,app,0.9302,0.7743,0.8552,0.7899,0.3521,8,11,False,0.1152,low
CUST_PREMIUM_001634,Nathan Cooper,Gold,cooper.nathan@northstar.org,+1 (305) 576-3727,1304,0414924a13,"Miami, FL",HH_SINGLE_000633,18,6324.01,call_center,0.6265,0.2591,0.7119,0.4302,0.6369,3,4,False,0.0766,low
CUST_PREMIUM_001635,Samuel Walker,Green,samuel.walker@harbor.example,+1 (415) 591-1646,3946,fbf7f4bdcd,"San Francisco, CA",HH_SINGLE_000634,65,4090.38,app,0.5809,0.5118,0.7309,0.7832,0.7674,7,12,False,0.1518,low
CUST_PREMIUM_001636,Hiro Adams,Platinum,hiro.adams53@vectorlabs.co,+1 (415) 628-9565,1486,bd79c868ed,"San Francisco, CA",HH_SINGLE_000635,74,47237.03,web,0.2878,0.3899,0.5343,0.5176,0.2923,2,6,False,0.0707,low
CUST_PREMIUM_001637,Harper Young,Green,young.harper@summitmail.net,+1 (212) 632-7484,1891,d20c2ed375,"New York, NY",HH_SINGLE_000636,19,1986.12,app,0.1933,0.4319,0.7005,0.607,0.7383,9,13,False,0.1516,low
CUST_PREMIUM_001638,Adrian Sato,Gold,adrian.sato@summitmail.net,+1 (415) 702-5403,8208,da98407711,"San Francisco, CA",HH_SINGLE_000637,140,32634.12,app,0.8189,0.5931,0.2779,0.4733,0.268,4,8,False,0.1708,low
CUST_PREMIUM_001639,Lucas Nakamura,Gold,lucas.nakamura@northstar.org,+1 (212) 706-3322,3900,f3b3ccb5c3,"New York, NY",HH_SINGLE_000638,72,14749.03,app,0.5679,0.1984,0.5327,0.8131,0.5869,3,7,False,0.0924,low
CUST_PREMIUM_001640,Theo Vance,Gold,theo.vance@atlasmail.net,+1 (469) 208-1241,5934,4b07130603,"Tokyo, Japan",HH_00213,52,9284.13,app,0.1757,0.8616,0.0246,0.8523,0.8746,2,7,True,0.417,medium
CUST_PREMIUM_001641,Chloe Diaz,Platinum,c.diaz@example.com,+1 (646) 890-9160,3791,d33e491879,"London, UK",HH_SINGLE_000640,130,10109.37,app,0.765,0.6166,0.6972,0.744,0.5198,1,3,False,0.0383,low
CUST_PREMIUM_001642,Hazel Lewis,Green,lewis.hazel@northstar.org,+1 (469) 282-7079,2939,7bc5785e1f,"Tokyo, Japan",HH_SINGLE_000641,103,6392.35,web,0.7229,0.8269,0.4211,0.5502,0.8412,9,18,False,0.4698,high
CUST_PREMIUM_001643,Omar Evans,Centurion Black,o.evans@northstar.org,+1 (312) 876-4998,0000,60d30fbdda,"Chicago, IL",HH_00214,42,132912.63,call_center,0.3733,0.6365,0.5019,0.5189,0.6374,14,25,False,0.3554,medium
CUST_PREMIUM_001644,Benjamin Banerjee,Platinum,banerjee.benjamin@summitmail.net,+1 (310) 202-2917,7976,725649b85e,"Los Angeles, CA",HH_00214,69,94551.2,web,0.4921,0.7459,0.1713,0.5134,0.1472,12,26,True,0.7119,high
CUST_PREMIUM_001645,Theo Rivera,Platinum,theo.rivera@northstar.org,+1 (404) 316-0836,7541,4b0869c6cf,"Atlanta, GA",HH_SINGLE_000644,198,61642.89,app,0.6506,0.6606,0.8975,0.9236,0.9036,11,14,False,0.0554,low
CUST_PREMIUM_001646,Harper Sato,Green,harper.sato63@example.com,+1 (416) 386-8755,1266,500494d33f,"Toronto, Canada",HH_SINGLE_000645,43,7510.15,app,0.0665,0.4182,0.067,0.0688,0.2862,2,4,False,0.1187,low
CUST_PREMIUM_001647,Grace Hernandez,Green,grace.hernandez@vectorlabs.co,+1 (212) 302-6674,9152,8bdf5f413a,"New York, NY",HH_SINGLE_000646,73,23507.53,app,0.7044,0.9065,0.0403,0.3656,0.6466,1,2,False,0.1609,low
CUST_PREMIUM_001648,Ravi Baker,Green,ravi.baker@orchardmail.com,+1 (312) 361-4593,4421,67251ae793,"Chicago, IL",HH_SINGLE_000647,8,25431.73,in_person,0.3455,0.4859,0.7543,0.511,0.8599,1,1,True,0.0161,low
CUST_PREMIUM_001649,Samuel Morgan,Green,s.morgan@summitmail.net,+1 (310) 387-2512,5165,7014309a85,"Los Angeles, CA",HH_SINGLE_000648,45,9700.75,in_person,0.3377,0.0926,0.9248,0.5228,0.1389,7,12,False,0.0673,low
CUST_PREMIUM_001650,Elena Carter,Platinum,elenacarter@example.com,+1 (617) 490-0431,4382,c92f41228d,"Boston, MA",HH_SINGLE_000649,107,95461.89,web,0.1356,0.1843,0.4214,0.0362,0.0955,9,15,False,0.1539,low
CUST_PREMIUM_001651,Akira Nakamura,Platinum,nakamura.akira@orchardmail.com,+1 (214) 494-8350,3592,d6079a0526,"Dallas, TX",HH_SINGLE_000650,36,31864.09,web,0.9122,0.4492,0.2941,0.4304,0.6913,10,17,True,0.1497,low
CUST_PREMIUM_001652,Harper Ahmed,Gold,harper.ahmed69@capital-demo.org,+1 (305) 542-6269,2626,9f63ca9fd2,"Miami, FL",HH_SINGLE_000651,37,17069.77,in_person,0.2871,0.6849,0.5525,0.1352,0.3509,2,2,True,0.028,low
CUST_PREMIUM_001653,Arjun Brown,Platinum,brown.arjun@vectorlabs.co,+1 (212) 524-4188,9645,7f9a181311,"New York, NY",HH_SINGLE_000652,22,50158.45,app,0.1135,0.9448,0.2735,0.553,0.6733,5,9,True,0.1656,low
CUST_PREMIUM_001654,Ravi Smith,Platinum,ravi.smith71@vectorlabs.co,+1 (415) 594-2107,6136,e3920d12cd,"San Francisco, CA",HH_SINGLE_000653,229,56659.94,web,0.8156,0.3271,0.948,0.5413,0.7873,7,8,False,0.0255,low
CUST_PREMIUM_001655,Akira Khan,Gold,khan.akira@orchardmail.com,+1 (214) 642-0026,6828,4f473b0347,"Dallas, TX",HH_SINGLE_000654,131,11403.65,app,0.5813,0.1909,0.746,0.5443,0.7777,1,1,False,0.0115,low
CUST_PREMIUM_001656,Camila Reed,Green,camilareed@bluepeak.co,+1 (310) 646-7945,7150,53d3b1d422,"Los Angeles, CA",HH_SINGLE_000655,116,18525.19,web,0.688,0.5114,0.4914,0.6836,0.4859,13,19,True,0.2497,medium
CUST_PREMIUM_001657,Riya Anderson,Gold,riyaanderson@harbor.example,+1 (305) 727-5864,0598,4f48c4b2b3,"Miami, FL",HH_SINGLE_000656,34,17820.07,app,0.6209,0.6937,0.4708,0.628,0.5029,6,7,False,0.1118,low
CUST_PREMIUM_001658,Ethan Nakamura,Gold,nakamura.ethan@bluepeak.co,+1 (212) 709-3783,2259,2ae099f217,"New York, NY",HH_SINGLE_000657,112,52366.85,app,0.18,0.8608,0.4151,0.2389,0.8236,3,4,True,0.1773,low
CUST_PREMIUM_001659,Elias Nguyen,Platinum,eliasnguyen@harbor.example,+1 (212) 746-1702,8961,0bdf8b58a9,"New York, NY",HH_SINGLE_000658,67,253273.02,app,0.5192,0.1657,0.7077,0.7542,0.4086,8,14,True,0.1232,low
CUST_PREMIUM_001660,Rafael Hall,Green,rafaelhall@bluepeak.co,+1 (617) 860-9621,2235,15ee63bbd1,"Boston, MA",HH_SINGLE_000659,88,20261.28,web,0.5942,0.0037,0.3787,0.0252,0.197,1,2,False,0.0371,low
CUST_PREMIUM_001661,Ravi Fernandez,Gold,ravi.fernandez@vectorlabs.co,+1 (312) 842-7540,6081,7a5103d391,"Chicago, IL",HH_SINGLE_000660,78,8232.43,web,0.3591,0.6282,0.442,0.5464,0.5957,3,4,False,0.0483,low
CUST_PREMIUM_001662,Olivia Walker,Platinum,olivia.walker79@vectorlabs.co,+1 (415) 890-5459,4799,1932be27c1,"San Francisco, CA",HH_SINGLE_000661,67,35122.89,web,0.4147,0.346,0.5498,0.3979,0.4628,1,2,False,0.0354,low
CUST_PREMIUM_001663,Olivia White,Green,white.olivia@capital-demo.org,+1 (917) 337-3378,7247,9ac6a47f8b,"Mumbai, India",HH_00220,91,4773.39,in_person,0.9487,0.3237,0.0556,0.1666,0.5875,5,9,False,0.1904,low
CUST_PREMIUM_001664,Amelia Wright,Platinum,wright.amelia@bluepeak.co,+1 (305) 286-1297,3466,65133eb052,"Miami, FL",HH_SINGLE_000663,62,22435.99,call_center,0.3075,0.7751,0.3405,0.4473,0.8286,14,22,False,0.3015,medium
CUST_PREMIUM_001665,Charlotte Jones,Green,charlotte.jones82@harbor.example,+1 (305) 323-9216,6612,6a23090cc2,"Miami, FL",HH_00221,83,7102.25,app,0.1914,0.4992,0.1209,0.5292,0.2731,2,4,False,0.1347,low
CUST_PREMIUM_001666,Victoria Williams,Green,victoria.williams83@bluepeak.co,+1 (206) 371-7135,9302,db88e61e7c,"Seattle, WA",HH_SINGLE_000665,22,13261.11,app,0.5832,0.6517,0.497,0.4936,0.5619,6,11,False,0.1398,low
CUST_PREMIUM_001667,Rei Reed,Green,rei.reed@summitmail.net,+1 (312) 364-5054,3604,7d3be7fd09,"Chicago, IL",HH_SINGLE_000666,37,11751.67,app,0.2614,0.0702,0.7335,0.3733,0.0425,3,4,False,0.0418,low
CUST_PREMIUM_001668,Emma Jones,Gold,emma.jones@capital-demo.org,+1 (305) 434-2973,4858,ea355af246,"Miami, FL",HH_SINGLE_000667,27,26603.99,app,0.1528,0.7443,0.7938,0.8409,0.1136,6,15,True,0.3548,medium
CUST_PREMIUM_001669,Olivia Murphy,Platinum,oliviamurphy@summitmail.net,+1 (212) 416-0892,2146,415697063e,"New York, NY",HH_SINGLE_000668,205,56007.65,web,0.2307,0.4181,0.4488,0.8023,0.6237,4,8,False,0.136,low
CUST_PREMIUM_001670,Noah Vance,Green,noah.vance@bluepeak.co,+1 (312) 475-8811,5742,f7ef7277c3,"Chicago, IL",HH_SINGLE_000669,84,4208.76,web,0.4981,0.7341,0.3759,0.4576,0.8463,2,2,False,0.1314,low
CUST_PREMIUM_001671,Amelia Young,Green,amelia.young@bluepeak.co,+1 (646) 600-6730,3527,78efb8e1db,"London, UK",HH_SINGLE_000670,91,9622.67,call_center,0.5524,0.7078,0.8968,0.5214,0.4058,1,1,False,0.0312,low
CUST_PREMIUM_001672,Ethan Kim,Platinum,ethankim@vectorlabs.co,+1 (310) 538-4649,8786,b5a19baa6a,"Los Angeles, CA",HH_SINGLE_000671,48,37220.68,call_center,0.322,0.2002,0.2445,0.3435,0.9242,1,1,False,0.0282,low
CUST_PREMIUM_001673,Naomi Lee,Green,naomilee@harbor.example,+1 (415) 597-2568,7706,0144071903,"San Francisco, CA",HH_SINGLE_000672,57,5918.54,app,0.7983,0.9404,0.7986,0.8962,0.9362,1,2,False,0.0559,low
CUST_PREMIUM_001674,Priya Jones,Platinum,priyajones@bluepeak.co,+1 (404) 689-0487,7070,a1ce6d13fa,"Atlanta, GA",HH_SINGLE_000673,142,82282.38,web,0.4657,0.6542,0.4767,0.572,0.5041,8,18,True,0.3667,medium
CUST_PREMIUM_001675,Avery Kapoor,Gold,a.kapoor@harbor.example,+1 (206) 704-8406,3530,0954dcb9bc,"Seattle, WA",HH_SINGLE_000674,25,13352.85,web,0.739,0.7147,0.692,0.5089,0.7932,14,22,True,0.4357,medium
CUST_PREMIUM_001676,Omar Ramirez,Gold,ramirez.omar@capital-demo.org,+1 (212) 675-6325,9960,a1d63d8f5b,"New York, NY",HH_SINGLE_000675,43,20359.73,web,0.3727,0.9709,0.1501,0.2749,0.7391,2,3,False,0.0535,low
CUST_PREMIUM_001677,Grace Lopez,Green,lopez.grace@atlasmail.net,+1 (305) 767-4244,3276,ecc8d680e0,"Miami, FL",HH_SINGLE_000676,99,15002.66,app,0.0468,0.9578,0.3464,0.0402,0.2814,6,13,False,0.3895,medium
CUST_PREMIUM_001678,Jonah Cooper,Platinum,jonahcooper@northstar.org,+1 (718) 203-2163,1750,1bdc8cf343,"Delhi, India",HH_SINGLE_000677,89,427066.62,call_center,0.3558,0.8509,0.8061,0.4162,0.2406,5,7,False,0.0814,low
CUST_PREMIUM_001679,Olivia Miller,Platinum,miller.olivia@atlasmail.net,+1 (206) 852-0082,9740,b5f6a108d3,"Seattle, WA",HH_SINGLE_000678,23,110292.86,app,0.3877,0.486,0.6615,0.5415,0.4536,14,30,True,0.6645,high
CUST_PREMIUM_001680,Hazel Robinson,Green,robinson.hazel@orchardmail.com,+1 (202) 222-8001,9634,c471b27aee,"Washington, DC",HH_00226,54,3667.92,web,0.5131,0.3321,0.8396,0.4943,0.3886,5,6,True,0.0597,low
CUST_PREMIUM_001681,Ananya Evans,Gold,ananya.evans1@bluepeak.co,+1 (646) 270-5920,3563,112cfa3488,"London, UK",HH_SINGLE_000680,52,9157.88,web,0.3676,0.4736,0.9942,0.5594,0.8249,14,20,False,0.109,low
CUST_PREMIUM_001682,Ravi Murphy,Gold,murphy.ravi@atlasmail.net,+1 (310) 208-3839,2882,78a2dd6bc6,"Los Angeles, CA",HH_00227,23,42601.74,call_center,0.4525,0.6867,0.218,0.4993,0.8237,14,27,True,0.4652,high
CUST_PREMIUM_001683,Amara Rodriguez,Green,amara.rodriguez3@example.com,+1 (212) 234-1758,9717,62cea9d86d,"New York, NY",HH_SINGLE_000682,71,20203.28,call_center,0.5354,0.6353,0.2615,0.4787,0.2827,2,5,False,0.1359,low
CUST_PREMIUM_001684,Noah Lee,Green,noah.lee4@summitmail.net,+1 (404) 359-9677,9010,df65958966,"Atlanta, GA",HH_00227,53,4321.56,in_person,0.405,0.8699,0.0768,0.3399,0.7621,4,5,True,0.1363,low
CUST_PREMIUM_001685,Lucas Diaz,Gold,lucas.diaz5@harbor.example,+1 (312) 330-7596,2013,66bb50db52,"Chicago, IL",HH_SINGLE_000684,86,35045.25,call_center,0.5474,0.8567,0.368,0.7854,0.5969,6,8,False,0.1258,low
CUST_PREMIUM_001686,Akira Murphy,Gold,murphy.akira@orchardmail.com,+1 (212) 345-5515,3650,a66828f1f2,"New York, NY",HH_SINGLE_000685,16,18746.26,web,0.5083,0.3182,0.2119,0.1221,0.2291,14,32,False,0.8359,high
CUST_PREMIUM_001687,Dev Ramirez,Platinum,dev.ramirez7@example.com,+1 (917) 525-3434,2684,b1e1141076,"Mumbai, India",HH_SINGLE_000686,26,7554.98,web,0.414,0.34,0.6286,0.5732,0.3801,1,2,False,0.0367,low
CUST_PREMIUM_001688,Hiro Evans,Gold,hiro.evans@example.com,+1 (650) 551-1353,4766,fa6df1c9c8,Singapore,HH_SINGLE_000687,14,18966.5,app,0.6653,0.785,0.7094,0.2697,0.3336,14,25,False,0.346,medium
CUST_PREMIUM_001689,Alejandro Morgan,Gold,alejandro.morgan@northstar.org,+1 (617) 533-9272,7686,7911992dd8,"Boston, MA",HH_SINGLE_000688,102,13100.53,in_person,0.6446,0.4114,0.4168,0.6186,0.7767,8,12,False,0.1605,low
CUST_PREMIUM_001690,Liam Clark,Green,liamclark@example.com,+1 (469) 658-7191,7148,98f9880563,"Tokyo, Japan",HH_SINGLE_000689,79,3924.82,in_person,0.3406,0.8345,0.2232,0.1735,0.5269,4,7,False,0.1693,low
CUST_PREMIUM_001691,Isabella Reed,Gold,isabella.reed11@vectorlabs.co,+1 (214) 574-5110,6762,8834143f7e,"Dallas, TX",HH_SINGLE_000690,113,9817.51,web,0.4307,0.417,0.4246,0.5708,0.3883,10,15,True,0.2137,medium
CUST_PREMIUM_001692,Emma Nguyen,Platinum,nguyen.emma@atlasmail.net,+1 (212) 567-3029,2009,51a16bfc50,"New York, NY",HH_SINGLE_000691,27,10115.69,in_person,0.6443,0.1453,0.8223,0.4945,0.5567,1,2,False,0.0179,low
CUST_PREMIUM_001693,Elias Walker,Gold,elias.walker13@bluepeak.co,+1 (718) 758-0948,8716,e83a47756a,"Delhi, India",HH_SINGLE_000692,91,10100.44,in_person,0.5683,0.6973,0.4882,0.6378,0.413,10,17,True,0.4619,high
CUST_PREMIUM_001694,Miguel Kumar,Gold,kumar.miguel@northstar.org,+1 (718) 795-8867,8092,3cc80d4b78,"Delhi, India",HH_SINGLE_000693,174,14315.13,app,0.0387,0.5754,0.7465,0.1333,0.1253,6,11,False,0.171,low
CUST_PREMIUM_001695,Kai Johnson,Green,kai.johnson15@bluepeak.co,+1 (312) 700-6786,8350,c81657b828,"Chicago, IL",HH_SINGLE_000694,182,6811.22,call_center,0.2145,0.5749,0.3355,0.4676,0.506,4,6,False,0.1113,low
CUST_PREMIUM_001696,Omar Jackson,Gold,omar.jackson16@example.com,+1 (617) 792-4705,1343,f0d77b0c51,"Boston, MA",HH_SINGLE_000695,81,12274.71,app,0.9573,0.3926,0.3187,0.5163,0.8535,10,21,False,0.4619,high
CUST_PREMIUM_001697,Chloe Robinson,Green,chloe.robinson@northstar.org,+1 (646) 862-2624,3748,64b7f5ae5e,"London, UK",HH_SINGLE_000696,78,8367.03,web,0.3129,0.5127,0.3426,0.495,0.306,6,11,True,0.2615,medium
CUST_PREMIUM_001698,Noah Evans,Green,n.evans@orchardmail.com,+1 (646) 899-0543,4290,8929b76da6,"London, UK",HH_SINGLE_000697,79,18451.89,web,0.3385,0.716,0.2429,0.4381,0.3151,6,12,True,0.3666,medium
CUST_PREMIUM_001699,Jack Fernandez,Gold,jackfernandez@harbor.example,+1 (404) 214-8462,9667,2ec476f898,"Atlanta, GA",HH_SINGLE_000698,81,3970.31,app,0.5202,0.5646,0.4271,0.4741,0.6453,4,9,False,0.2243,medium
CUST_PREMIUM_001700,Zara Sato,Centurion Black,zara.sato@capital-demo.org,+1 (310) 874-6381,7608,6a279cf228,"Los Angeles, CA",HH_SINGLE_000699,74,234377.18,in_person,0.7965,0.366,0.4328,0.7562,0.581,11,12,False,0.0367,low
CUST_PREMIUM_001701,Hannah Morgan,Green,hannahmorgan@example.com,+1 (718) 354-4300,7439,fa003f1847,"Delhi, India",HH_SINGLE_000700,98,7647.22,web,0.5873,0.0852,0.7382,0.5564,0.4884,10,14,False,0.082,low
CUST_PREMIUM_001702,Elias Nakamura,Gold,elias.nakamura22@harbor.example,+1 (305) 292-2219,9917,40355b79c7,"Miami, FL",HH_SINGLE_000701,147,8402.65,app,0.3167,0.927,0.6501,0.939,0.8331,2,2,False,0.0867,low
CUST_PREMIUM_001703,Jonah Johnson,Green,jonah.johnson23@orchardmail.com,+1 (212) 274-0138,4952,4982a4b51d,"New York, NY",HH_SINGLE_000702,51,11148.88,app,0.4189,0.5005,0.441,0.7676,0.2456,4,5,False,0.1241,low
CUST_PREMIUM_001704,Nathan Rodriguez,Green,nathanrodriguez@summitmail.net,+1 (469) 476-8057,1796,e62feea222,"Tokyo, Japan",HH_SINGLE_000703,46,12665.32,app,0.3347,0.5213,0.4532,0.7523,0.6407,5,8,False,0.1075,low
CUST_PREMIUM_001705,Kabir Cooper,Gold,k.cooper@bluepeak.co,+1 (206) 414-5976,1290,ab095bfee6,"Seattle, WA",HH_SINGLE_000704,22,40721.24,in_person,0.5742,0.629,0.4286,0.7321,0.6119,8,18,True,0.6294,high
CUST_PREMIUM_001706,Aisha Rossi,Green,rossi.aisha@capital-demo.org,+1 (416) 506-3895,6724,2305b732fa,"Toronto, Canada",HH_SINGLE_000705,51,3872.71,web,0.6098,0.6237,0.2817,0.3648,0.3724,14,23,False,0.4819,high
CUST_PREMIUM_001707,Kabir Walker,Platinum,kabir.walker@example.com,+1 (214) 466-1814,9038,dbfc022aa4,"Dallas, TX",HH_SINGLE_000706,101,43937.39,app,0.857,0.1199,0.9613,0.2543,0.635,4,5,False,0.0204,low
CUST_PREMIUM_001708,Rei Vance,Gold,r.vance@orchardmail.com,+1 (416) 580-9733,3739,1e6053f7c7,"Toronto, Canada",HH_SINGLE_000707,88,6488.68,in_person,0.6976,0.3751,0.3002,0.6234,0.4403,10,16,False,0.1487,low
CUST_PREMIUM_001709,Jasmine Patel,Gold,jasmine.patel@capital-demo.org,+1 (212) 496-7652,0643,84b9d2e5b7,"New York, NY",HH_SINGLE_000708,4,4578.87,call_center,0.769,0.6275,0.5176,0.4579,0.5449,14,24,True,0.3825,medium
CUST_PREMIUM_001710,Jasmine Hall,Gold,jasmine.hall@vectorlabs.co,+1 (650) 665-5571,5832,62359160d8,Singapore,HH_SINGLE_000709,28,16325.13,call_center,0.8579,0.7799,0.2154,0.2824,0.9762,7,13,True,0.2819,medium
CUST_PREMIUM_001711,James Shah,Green,j.shah@atlasmail.net,+1 (212) 570-3490,4187,d8583f67cb,"New York, NY",HH_SINGLE_000710,6,3325.72,call_center,0.5131,0.7427,0.2723,0.3036,0.3968,6,9,False,0.1549,low
CUST_PREMIUM_001712,Hannah Fernandez,Green,hannahfernandez@capital-demo.org,+1 (415) 640-1409,4487,7d893cbdb7,"San Francisco, CA",HH_SINGLE_000711,58,34930.94,app,0.8802,0.3908,0.8695,0.6519,0.9662,14,25,False,0.3377,medium
CUST_PREMIUM_001713,James Kumar,Platinum,james.kumar33@example.com,+1 (212) 644-9328,7509,440ffb50ec,"New York, NY",HH_SINGLE_000712,118,22203.72,app,0.6303,0.4369,0.6711,0.1719,0.7438,5,11,False,0.1389,low
CUST_PREMIUM_001714,Liam Evans,Gold,l.evans@vectorlabs.co,+1 (214) 725-7247,2557,83e5789334,"Dallas, TX",HH_SINGLE_000713,6,125692.83,call_center,0.3054,0.7035,0.3652,0.2715,0.8363,4,6,False,0.108,low
CUST_PREMIUM_001715,Riya Campbell,Green,r.campbell@vectorlabs.co,+1 (206) 784-5166,8917,b7bb885a0d,"Seattle, WA",HH_SINGLE_000714,24,7470.14,app,0.1212,0.6643,0.752,0.0764,0.2055,6,8,False,0.0679,low
CUST_PREMIUM_001716,Akira Ito,Platinum,akira.ito@summitmail.net,+1 (469) 220-3085,0051,37a35cc291,"Tokyo, Japan",HH_SINGLE_000715,48,68429.4,app,0.769,0.8228,0.399,0.5583,0.1988,5,8,False,0.1496,low
CUST_PREMIUM_001717,Zara Rodriguez,Green,zararodriguez@northstar.org,+1 (617) 869-1004,3967,5e9e28d36c,"Boston, MA",HH_SINGLE_000716,85,3380.89,in_person,0.3469,0.5476,0.3265,0.196,0.3714,7,11,False,0.1325,low
CUST_PREMIUM_001718,Ethan Walker,Platinum,ethan.walker38@harbor.example,+1 (718) 283-8923,3922,17f67efa41,"Delhi, India",HH_SINGLE_000717,36,22302.65,web,0.8688,0.0605,0.9629,0.3346,0.393,6,13,False,0.0483,low
CUST_PREMIUM_001719,Rei Walker,Green,r.walker@atlasmail.net,+1 (617) 243-6842,5785,f0603d6506,"Boston, MA",HH_SINGLE_000718,68,5298.4,web,0.7906,0.5154,0.6928,0.6879,0.6774,3,4,False,0.0425,low
CUST_PREMIUM_001720,Riya Morris,Centurion Black,riyamorris@summitmail.net,+1 (305) 258-4761,7453,6c6a10d8c8,"Miami, FL",HH_SINGLE_000719,38,174193.19,in_person,0.915,0.2431,0.9313,0.6573,0.8276,5,10,False,0.0582,low
CUST_PREMIUM_001721,Ibrahim Lee,Green,i.lee@northstar.org,+1 (312) 262-2680,4409,3e48ab5bc4,"Chicago, IL",HH_SINGLE_000720,96,16366.16,web,0.4881,0.2887,0.8217,0.4436,0.3692,8,15,False,0.2114,medium
CUST_PREMIUM_001722,Adrian Sato,Green,adrian.sato@example.com,+1 (650) 409-0599,9603,e59d8e50be,Singapore,HH_SINGLE_000721,8,14112.24,app,0.5193,0.1323,0.7046,0.7505,0.7435,1,1,False,0.0109,low
CUST_PREMIUM_001723,Andre Evans,Gold,andre.evans43@orchardmail.com,+1 (312) 336-8518,9681,d5d9d2081c,"Chicago, IL",HH_SINGLE_000722,101,7296.0,call_center,0.1047,0.6571,0.6053,0.5149,0.5587,2,4,False,0.0766,low
CUST_PREMIUM_001724,Eleanor Hernandez,Green,eleanorhernandez@example.com,+1 (312) 373-6437,7011,0b0e3d9275,"Chicago, IL",HH_SINGLE_000723,12,20462.23,web,0.4213,0.7236,0.4493,0.554,0.3672,7,12,False,0.2509,medium
CUST_PREMIUM_001725,Nikhil Johnson,Gold,n.johnson@example.com,+1 (212) 388-4356,8043,0f756a57d3,"New York, NY",HH_00241,36,5577.61,in_person,0.4614,0.5159,0.4289,0.4106,0.433,5,8,False,0.0799,low
CUST_PREMIUM_001726,Isabella Morgan,Green,isabella.morgan@northstar.org,+1 (310) 436-2275,8753,9d3e924958,"Los Angeles, CA",HH_SINGLE_000725,9,9236.48,call_center,0.7985,0.8681,0.3414,0.9423,0.2418,3,7,True,0.2348,medium
CUST_PREMIUM_001727,Samuel Diaz,Gold,diaz.samuel@atlasmail.net,+1 (312) 484-0194,0200,b04a20875a,"Chicago, IL",HH_SINGLE_000726,8,28418.37,web,0.6723,0.4758,0.1949,0.7357,0.721,3,5,False,0.152,low
CUST_PREMIUM_001728,Rafael Nakamura,Platinum,r.nakamura@bluepeak.co,+1 (917) 642-8113,4656,6454021d4e,"Mumbai, India",HH_00242,39,28134.11,call_center,0.2323,0.9022,0.3289,0.4658,0.1608,6,10,True,0.1581,low
CUST_PREMIUM_001729,Harper Hernandez,Platinum,h.hernandez@capital-demo.org,+1 (617) 613-6032,6538,02cee39181,"Boston, MA",HH_SINGLE_000728,89,15151.47,in_person,0.8017,0.6012,0.5448,0.3729,0.5626,10,15,False,0.1621,low
CUST_PREMIUM_001730,Ethan Banerjee,Gold,ethan.banerjee@vectorlabs.co,+1 (415) 606-3951,7545,a471fa6b99,"San Francisco, CA",HH_00243,128,17863.99,app,0.5383,0.259,0.9212,0.4019,0.2128,4,7,False,0.0623,low
CUST_PREMIUM_001731,Aisha Wang,Platinum,aisha.wang@northstar.org,+1 (212) 610-1870,6382,624d2eff79,"New York, NY",HH_SINGLE_000730,3,49665.58,call_center,0.1684,0.8014,0.6514,0.6069,0.9393,2,2,False,0.0366,low
CUST_PREMIUM_001732,Kai Baker,Gold,baker.kai@atlasmail.net,+1 (305) 702-9789,3936,ae5967879d,"Miami, FL",HH_SINGLE_000731,103,9006.43,app,0.8981,0.495,0.5359,0.2878,0.5206,9,15,False,0.0981,low
CUST_PREMIUM_001733,Omar Clark,Platinum,omarclark@vectorlabs.co,+1 (617) 761-7708,3636,648d370353,"Boston, MA",HH_SINGLE_000732,83,19983.47,app,0.8858,0.2181,0.8074,0.7403,0.4555,8,12,False,0.0744,low
CUST_PREMIUM_001734,Theo Wang,Gold,t.wang@harbor.example,+1 (617) 798-5627,8076,d190bccfb1,"Boston, MA",HH_SINGLE_000733,66,9741.21,app,0.6032,0.6273,0.4594,0.4172,0.4523,3,8,False,0.1642,low
CUST_PREMIUM_001735,Leo Adams,Platinum,l.adams@capital-demo.org,+1 (617) 835-3546,8825,da38e861c4,"Boston, MA",HH_SINGLE_000734,43,14451.05,app,0.3779,0.6711,0.6485,0.9332,0.5273,6,10,False,0.2128,medium
CUST_PREMIUM_001736,Riya Kim,Green,riya.kim56@bluepeak.co,+1 (214) 839-1465,1881,a9cdb14d6e,"Dallas, TX",HH_SINGLE_000735,131,3002.26,app,0.2682,0.7403,0.2646,0.4565,0.8249,5,9,False,0.3379,medium
CUST_PREMIUM_001737,James Gupta,Gold,james.gupta57@orchardmail.com,+1 (415) 865-9384,3689,ad0103cdd7,"San Francisco, CA",HH_SINGLE_000736,33,11861.79,app,0.4945,0.9768,0.0703,0.4635,0.1815,14,24,True,0.7676,high
CUST_PREMIUM_001738,Noah Singh,Gold,singh.noah@example.com,+1 (305) 224-7303,3041,38835e5149,"Miami, FL",HH_00245,87,15770.42,web,0.6397,0.5308,0.3648,0.2032,0.2877,4,8,False,0.1289,low
CUST_PREMIUM_001739,Liam Morris,Green,liam.morris59@atlasmail.net,+1 (310) 217-5222,5054,d406dcd345,"Los Angeles, CA",HH_SINGLE_000738,59,3486.38,web,0.8652,0.2659,0.3944,0.3478,0.815,5,7,False,0.1064,low
CUST_PREMIUM_001740,Nora Reed,Platinum,nora.reed60@orchardmail.com,+1 (212) 243-3141,6667,9854f71626,"New York, NY",HH_SINGLE_000739,37,34318.41,web,0.7217,0.5434,0.4559,0.9493,0.8504,4,6,False,0.1038,low
CUST_PREMIUM_001741,Grace Brown,Platinum,gracebrown@orchardmail.com,+1 (310) 291-1060,2602,066826b4f2,"Los Angeles, CA",HH_SINGLE_000740,128,25175.66,call_center,0.5712,0.6294,0.4234,0.4746,0.3427,13,20,False,0.3901,medium
CUST_PREMIUM_001742,Amelia Morris,Platinum,amelia.morris62@vectorlabs.co,+1 (206) 383-8979,5480,7134ff3477,"Seattle, WA",HH_00247,179,39795.29,app,0.4704,0.5075,0.4173,0.2684,0.3766,6,14,False,0.3924,medium
CUST_PREMIUM_001743,Jasmine Walker,Gold,jasmine.walker@bluepeak.co,+1 (415) 387-6898,0456,83684c2562,"San Francisco, CA",HH_SINGLE_000742,57,2788.38,call_center,0.7392,0.7329,0.881,0.0346,0.0748,1,1,False,0.0169,low
CUST_PREMIUM_001744,Fatima Diaz,Green,f.diaz@summitmail.net,+1 (617) 468-4817,2174,0465896d59,"Boston, MA",HH_SINGLE_000743,66,15651.95,web,0.7005,0.2206,0.3681,0.6272,0.7909,4,6,False,0.1289,low
CUST_PREMIUM_001745,Rei Kapoor,Green,r.kapoor@example.com,+1 (404) 516-2736,4587,3da2491680,"Atlanta, GA",HH_SINGLE_000744,45,16598.45,web,0.5053,0.5083,0.4468,0.4193,0.6518,1,2,False,0.1791,low
CUST_PREMIUM_001746,Lucas Jackson,Green,l.jackson@summitmail.net,+1 (617) 542-0655,9395,1d823b3aca,"Boston, MA",HH_SINGLE_000745,20,3942.34,call_center,0.3418,0.6376,0.1984,0.4021,0.5157,13,18,True,0.3607,medium
CUST_PREMIUM_001747,Jasmine Campbell,Gold,jasmine.campbell@capital-demo.org,+1 (617) 579-8574,8073,7bd4accdae,"Boston, MA",HH_SINGLE_000746,127,14354.01,web,0.3813,0.1267,0.8575,0.197,0.326,1,2,False,0.0447,low
CUST_PREMIUM_001748,Avery Turner,Gold,turner.avery@vectorlabs.co,+1 (212) 539-6493,7937,ef76966794,"New York, NY",HH_SINGLE_000747,45,10349.97,app,0.4551,0.4306,0.6559,0.3957,0.2111,10,14,False,0.111,low
CUST_PREMIUM_001749,Jack Turner,Gold,jack.turner@capital-demo.org,+1 (206) 642-4412,6112,7549ff50b1,"Seattle, WA",HH_SINGLE_000748,13,8209.9,app,0.3796,0.6233,0.6098,0.4043,0.6661,9,11,False,0.0928,low
CUST_PREMIUM_001750,Arjun Gupta,Platinum,gupta.arjun@bluepeak.co,+1 (312) 635-2331,5026,4da4fa4050,"Chicago, IL",HH_00249,36,22410.67,app,0.1753,0.8222,0.4239,0.4506,0.7576,2,3,False,0.0989,low
CUST_PREMIUM_001751,Hannah Robinson,Green,robinson.hannah@summitmail.net,+1 (646) 760-0250,3348,91ca1f793f,"London, UK",HH_SINGLE_000750,36,14994.79,app,0.6196,0.9701,0.4909,0.475,0.9549,2,3,False,0.1106,low
CUST_PREMIUM_001752,Maya Adams,Platinum,maya.adams@bluepeak.co,+1 (202) 786-8169,1377,5ca057a9b7,"Washington, DC",HH_SINGLE_000751,35,35796.15,app,0.6037,0.8267,0.3218,0.5842,0.4149,7,13,False,0.2061,medium
CUST_PREMIUM_001753,Fatima Lopez,Green,fatima.lopez@orchardmail.com,+1 (650) 856-6088,0904,f69031e741,Singapore,HH_SINGLE_000752,59,20003.23,web,0.1973,0.7474,0.1301,0.0957,0.2298,3,6,False,0.2472,medium
CUST_PREMIUM_001754,Hannah Smith,Platinum,smith.hannah@summitmail.net,+1 (310) 772-4007,6530,99e333dc34,"Los Angeles, CA",HH_SINGLE_000753,124,53090.8,app,0.1871,0.4475,0.6458,0.3536,0.4394,6,10,True,0.1061,low
CUST_PREMIUM_001755,Nikhil Carter,Gold,nikhilcarter@harbor.example,+1 (206) 864-1926,0421,707df5757e,"Seattle, WA",HH_SINGLE_000754,84,16493.1,in_person,0.4633,0.282,0.4895,0.8234,0.681,11,14,False,0.0993,low
CUST_PREMIUM_001756,Jasmine Hernandez,Platinum,jasmine.hernandez@bluepeak.co,+1 (646) 245-9845,8006,099f3ef05f,"London, UK",HH_SINGLE_000755,81,35915.51,call_center,0.321,0.682,0.832,0.6231,0.4596,6,7,False,0.0231,low
CUST_PREMIUM_001757,Ravi Young,Platinum,ravi.young@capital-demo.org,+1 (305) 227-7764,2878,05342b8fd3,"Miami, FL",HH_00252,21,68060.35,web,0.997,0.8414,0.0382,0.2234,0.9871,7,17,True,0.6472,high
CUST_PREMIUM_001758,Nikhil Carter,Platinum,carter.nikhil@summitmail.net,+1 (214) 253-5683,9958,6a9f7c547e,"Dallas, TX",HH_SINGLE_000757,155,8437.4,web,0.5131,0.6663,0.3588,0.4988,0.4331,14,23,False,0.5727,high
CUST_PREMIUM_001759,David Khan,Gold,d.khan@northstar.org,+1 (312) 268-3602,8385,2ca6997376,"Chicago, IL",HH_SINGLE_000758,99,84838.41,app,0.3322,0.4639,0.7719,0.339,0.6872,9,14,False,0.086,low
CUST_PREMIUM_001760,Chloe Banerjee,Gold,c.banerjee@capital-demo.org,+1 (416) 404-1521,4388,e863ffcd5a,"Toronto, Canada",HH_SINGLE_000759,82,5444.94,web,0.5436,0.2652,0.3934,0.5484,0.4204,5,10,False,0.187,low
CUST_PREMIUM_001761,Ravi White,Gold,ravi.white81@capital-demo.org,+1 (415) 353-9440,9995,a93f10f58b,"San Francisco, CA",HH_SINGLE_000760,26,6330.68,app,0.4338,0.3295,0.345,0.4661,0.3692,2,4,False,0.0982,low
CUST_PREMIUM_001762,Zoe Morgan,Green,zoe.morgan82@orchardmail.com,+1 (305) 412-7359,9969,0a7a9ac1be,"Miami, FL",HH_SINGLE_000761,29,16410.76,in_person,0.4854,0.5473,0.4051,0.3351,0.3349,1,1,False,0.1173,low
CUST_PREMIUM_001763,Priya Baker,Green,priya.baker83@vectorlabs.co,+1 (212) 394-5278,6393,02d9a0eb61,"New York, NY",HH_SINGLE_000762,4,11009.42,app,0.745,0.9695,0.0597,0.8973,0.9271,3,8,False,0.3035,medium
CUST_PREMIUM_001764,Aarav Rivera,Green,a.rivera@capital-demo.org,+1 (415) 464-3197,8820,73142698e0,"San Francisco, CA",HH_SINGLE_000763,99,6108.49,app,0.3498,0.5323,0.1688,0.5997,0.2738,7,16,True,0.6765,high
CUST_PREMIUM_001765,Aditi Anderson,Platinum,aditi.anderson85@capital-demo.org,+1 (212) 468-1116,3349,7a19e81569,"New York, NY",HH_SINGLE_000764,77,33856.49,app,0.6866,0.4397,0.4003,0.5014,0.3118,5,14,False,0.2855,medium
CUST_PREMIUM_001766,Charlotte Davis,Green,charlottedavis@summitmail.net,+1 (650) 637-9035,0398,53c141f2f5,Singapore,HH_SINGLE_000765,100,9616.09,call_center,0.3637,0.6645,0.3088,0.6247,0.2599,2,3,False,0.0397,low
CUST_PREMIUM_001767,Alejandro Ahmed,Gold,alejandro.ahmed@harbor.example,+1 (310) 553-6954,3058,11a18453bb,"Los Angeles, CA",HH_SINGLE_000766,33,9287.76,in_person,0.7206,0.5935,0.1646,0.4364,0.4869,8,20,False,0.5605,high
CUST_PREMIUM_001768,Lucas Shah,Platinum,lucasshah@example.com,+1 (212) 579-4873,6245,08a9b50411,"New York, NY",HH_SINGLE_000767,45,28552.81,app,0.8152,0.1193,0.5833,0.2814,0.215,9,15,False,0.1173,low
CUST_PREMIUM_001769,Yuki Campbell,Green,campbell.yuki@harbor.example,+1 (206) 682-2792,7957,cfc737c4ee,"Seattle, WA",HH_00256,24,5884.69,app,0.4692,0.3491,0.4016,0.5405,0.4386,13,23,True,0.5468,high
CUST_PREMIUM_001770,Chloe Walker,Gold,chloewalker@bluepeak.co,+1 (202) 752-0711,0703,d9645e962d,"Washington, DC",HH_SINGLE_000769,31,9360.65,app,0.3133,0.5075,0.1694,0.3788,0.6435,4,5,False,0.1064,low
CUST_PREMIUM_001771,Charlotte Evans,Gold,charlotte.evans@example.com,+1 (202) 789-8630,7936,b012a06c13,"Washington, DC",HH_SINGLE_000770,20,19764.01,call_center,0.2442,0.7185,0.1137,0.7979,0.396,2,5,False,0.2861,medium
CUST_PREMIUM_001772,Daniel Wang,Gold,danielwang@harbor.example,+1 (310) 738-6549,0717,1f3d342544,"Los Angeles, CA",HH_SINGLE_000771,53,8979.48,call_center,0.6002,0.0377,0.8815,0.1161,0.1839,5,7,False,0.0328,low
CUST_PREMIUM_001773,Samuel Hernandez,Platinum,samuel.hernandez93@example.com,+1 (206) 830-4468,7710,523888a3ef,"Seattle, WA",HH_SINGLE_000772,73,18932.0,web,0.5048,0.1055,0.541,0.1214,0.7195,9,18,False,0.233,medium
CUST_PREMIUM_001774,Dev Nguyen,Gold,devnguyen@vectorlabs.co,+1 (206) 867-2387,5389,ce0196b197,"Seattle, WA",HH_SINGLE_000773,148,12938.55,web,0.2064,0.679,0.7372,0.6584,0.4779,6,9,False,0.0437,low
CUST_PREMIUM_001775,Sophia Williams,Gold,williams.sophia@northstar.org,+1 (469) 303-0306,4317,73aa09fbfe,"Tokyo, Japan",HH_SINGLE_000774,74,28375.04,call_center,0.3543,0.9947,0.0709,0.1472,0.0179,1,2,False,0.1184,low
CUST_PREMIUM_001776,Jack Martin,Gold,j.martin@harbor.example,+1 (305) 230-8225,7644,0c2ddd5099,"Miami, FL",HH_SINGLE_000775,28,3639.29,app,0.6017,0.8556,0.2951,0.8836,0.638,4,6,False,0.1829,low
CUST_PREMIUM_001777,Ananya Fernandez,Gold,ananya.fernandez@example.com,+1 (404) 300-6144,7705,45aff5ca7b,"Atlanta, GA",HH_SINGLE_000776,19,24805.9,call_center,0.7704,0.5123,0.3387,0.903,0.5503,7,17,True,0.3874,medium
CUST_PREMIUM_001778,Kabir Rossi,Gold,kabirrossi@summitmail.net,+1 (212) 249-4063,1815,bcd83622da,"New York, NY",HH_SINGLE_000777,57,15689.55,app,0.59,0.5487,0.6564,0.7837,0.912,4,5,False,0.0463,low
CUST_PREMIUM_001779,Theo Lewis,Gold,lewis.theo@capital-demo.org,+1 (312) 308-1982,3705,6faff71be3,"Chicago, IL",HH_SINGLE_000778,12,33505.57,call_center,0.5101,0.628,0.48,0.2009,0.7958,10,16,False,0.2567,medium
CUST_PREMIUM_001780,Leo Davis,Green,l.davis@northstar.org,+1 (305) 378-9901,9714,b0bfebddfc,"Miami, FL",HH_00259,94,5185.2,call_center,0.0053,0.9519,0.1184,0.0329,0.7391,3,4,False,0.126,low
CUST_PREMIUM_001781,Jack Martin,Green,martin.jack@atlasmail.net,+1 (305) 415-7820,0230,b34c10a6a3,"Miami, FL",HH_SINGLE_000780,50,5688.96,app,0.6078,0.8391,0.1043,0.0084,0.052,6,8,False,0.2304,medium
CUST_PREMIUM_001782,Grace Hernandez,Platinum,g.hernandez@summitmail.net,+1 (310) 408-5739,8683,6f16d5cdd7,"Los Angeles, CA",HH_SINGLE_000781,61,28562.11,app,0.1562,0.4524,0.4499,0.5211,0.1417,4,6,False,0.0567,low
CUST_PREMIUM_001783,Layla Lewis,Platinum,layla.lewis6@bluepeak.co,+1 (212) 434-3658,8790,9e7caf426a,"New York, NY",HH_00260,41,61106.84,web,0.4844,0.3338,0.6727,0.8017,0.6463,4,5,False,0.058,low
CUST_PREMIUM_001784,Arjun Baker,Green,arjun.baker@capital-demo.org,+1 (404) 559-1577,1613,b433a50674,"Atlanta, GA",HH_SINGLE_000783,26,2901.3,app,0.2005,0.0386,0.2839,0.3528,0.2621,3,5,False,0.1117,low
CUST_PREMIUM_001785,Emma Evans,Gold,emma.evans@atlasmail.net,+1 (214) 552-9496,6541,c7a19be54f,"Dallas, TX",HH_SINGLE_000784,74,21955.5,app,0.359,0.2518,0.8183,0.5446,0.1229,2,3,False,0.0754,low
CUST_PREMIUM_001786,Emma Chen,Green,emmachen@summitmail.net,+1 (212) 545-7415,5722,c2010feeb9,"New York, NY",HH_SINGLE_000785,113,3128.08,in_person,0.2809,0.3706,0.2028,0.1946,0.6026,3,6,False,0.198,low
CUST_PREMIUM_001787,Ravi Hernandez,Gold,ravihernandez@harbor.example,+1 (646) 692-5334,2769,e4df4950e8,"London, UK",HH_00262,74,12002.59,web,0.4989,0.2679,0.5892,0.2476,0.2515,5,10,False,0.1695,low
CUST_PREMIUM_001788,Aisha Murphy,Green,aisha.murphy@example.com,+1 (415) 652-3253,0446,c59104d45f,"San Francisco, CA",HH_00262,42,3455.03,call_center,0.3058,0.6173,0.8278,0.1596,0.4148,2,4,False,0.0811,low
CUST_PREMIUM_001789,Noah Hernandez,Green,noah.hernandez@example.com,+1 (650) 788-1172,1101,fad65b1257,Singapore,HH_SINGLE_000788,102,9103.03,app,0.679,0.8135,0.5219,0.2493,0.7367,1,1,False,0.0322,low
CUST_PREMIUM_001790,Zoe Hernandez,Green,z.hernandez@bluepeak.co,+1 (415) 726-9091,4820,d69958aff0,"San Francisco, CA",HH_00263,59,6578.91,web,0.8249,0.4533,0.4845,0.949,0.9003,6,10,True,0.1259,low
CUST_PREMIUM_001791,Arjun Roberts,Platinum,arjunroberts@capital-demo.org,+1 (305) 785-7010,9743,926933611e,"Miami, FL",HH_00263,27,54444.33,app,0.8281,0.2148,0.5977,0.515,0.3383,1,2,False,0.0376,low
CUST_PREMIUM_001792,Olivia Wilson,Gold,olivia.wilson@example.com,+1 (202) 866-4929,6714,7c9b7aab5a,"Washington, DC",HH_SINGLE_000791,46,7603.57,web,0.4553,0.1634,0.7756,0.5493,0.361,3,3,False,0.0217,low
CUST_PREMIUM_001793,Andre Turner,Platinum,a.turner@vectorlabs.co,+1 (212) 804-2848,6207,2f7c56409d,"New York, NY",HH_SINGLE_000792,51,24511.04,app,0.7439,0.7214,0.5649,0.5523,0.3898,14,22,False,0.4243,medium
CUST_PREMIUM_001794,Jonah Roberts,Gold,jonahroberts@atlasmail.net,+1 (650) 273-0767,0054,35b5ef3b93,Singapore,HH_SINGLE_000793,41,4552.61,web,0.5727,0.7589,0.9032,0.5161,0.9014,2,3,False,0.0444,low
CUST_PREMIUM_001795,Jasmine Lee,Platinum,j.lee@vectorlabs.co,+1 (212) 878-8686,2777,ff933fba8c,"New York, NY",HH_SINGLE_000794,164,34784.72,app,0.7811,0.2076,0.1983,0.5934,0.7254,4,8,False,0.1066,low
CUST_PREMIUM_001796,Ethan Taylor,Gold,ethantaylor@northstar.org,+1 (214) 259-6605,5447,298f29f37f,"Dallas, TX",HH_SINGLE_000795,66,5427.92,app,0.696,0.1703,0.7109,0.4681,0.1748,9,13,False,0.0826,low
CUST_PREMIUM_001797,Isabella Rossi,Green,isabella.rossi20@bluepeak.co,+1 (212) 252-4524,1546,bc843bd896,"New York, NY",HH_SINGLE_000796,64,11260.41,call_center,0.3983,0.5847,0.0968,0.2979,0.6457,10,21,True,0.5747,high
CUST_PREMIUM_001798,James Sterling,Platinum,j.sterling@example.com,+1 (718) 443-2443,3063,6581e73ff6,"Delhi, India",HH_SINGLE_000797,210,42352.89,call_center,0.9288,0.523,0.8556,0.5423,0.6724,7,10,False,0.0619,low
CUST_PREMIUM_001799,Isabella Kim,Green,isabella.kim22@vectorlabs.co,+1 (305) 381-0362,6983,eb6517558c,"Miami, FL",HH_SINGLE_000798,47,3738.92,app,0.6469,0.194,0.415,0.6173,0.3467,3,5,False,0.07,low
CUST_PREMIUM_001800,Sophia Smith,Platinum,smith.sophia@vectorlabs.co,+1 (214) 407-8281,4892,ffc9cc66f8,"Dallas, TX",HH_SINGLE_000799,30,25685.64,in_person,0.2159,0.9702,0.0069,0.5751,0.8726,14,24,True,0.6207,high
CUST_PREMIUM_001801,James Lewis,Gold,james.lewis24@vectorlabs.co,+1 (917) 543-6200,5156,64aacc7611,"Mumbai, India",HH_00266,69,7431.51,app,0.2201,0.392,0.412,0.3457,0.2384,6,11,False,0.1263,low
CUST_PREMIUM_001802,David Wright,Gold,wright.david@bluepeak.co,+1 (212) 437-4119,3645,2816c633df,"New York, NY",HH_00267,68,14297.7,web,0.6611,0.1722,0.8081,0.7898,0.4406,4,4,False,0.0204,low
CUST_PREMIUM_001803,Liam Martin,Platinum,liam.martin26@northstar.org,+1 (312) 496-2038,7791,40c23035ab,"Chicago, IL",HH_SINGLE_000802,25,67822.11,app,0.9939,0.0003,0.9467,0.1115,0.0386,6,12,True,0.0997,low
CUST_PREMIUM_001804,Nora Kim,Gold,n.kim@bluepeak.co,+1 (310) 522-9957,9443,1515841d27,"Los Angeles, CA",HH_SINGLE_000803,117,5969.35,app,0.5987,0.0856,0.6784,0.1422,0.0776,10,17,False,0.2318,medium
CUST_PREMIUM_001805,Diego Moore,Green,moore.diego@harbor.example,+1 (212) 548-7876,2713,14fccf4496,"New York, NY",HH_SINGLE_000804,140,10628.56,call_center,0.4505,0.4816,0.231,0.3692,0.5885,3,6,False,0.1364,low
CUST_PREMIUM_001806,Emma Thomas,Platinum,emmathomas@orchardmail.com,+1 (214) 629-5795,2999,78fa643174,"Dallas, TX",HH_SINGLE_000805,20,134076.1,in_person,0.4895,0.6825,0.1036,0.4707,0.3912,5,10,True,0.1429,low
CUST_PREMIUM_001807,Liam Williams,Platinum,liam.williams@orchardmail.com,+1 (415) 655-3714,8681,5ba473c79d,"San Francisco, CA",HH_SINGLE_000806,106,63814.01,web,0.9631,0.4446,0.7156,0.492,0.4929,7,10,False,0.0469,low
CUST_PREMIUM_001808,Isla Shah,Gold,i.shah@example.com,+1 (212) 659-1633,9643,df1bc0e674,"New York, NY",HH_SINGLE_000807,7,51772.05,web,0.4104,0.6689,0.6836,0.3807,0.4239,4,4,False,0.0258,low
CUST_PREMIUM_001809,Harper Martin,Green,martin.harper@northstar.org,+1 (617) 773-9552,1572,2c90b23b7b,"Boston, MA",HH_SINGLE_000808,37,5405.77,in_person,0.5892,0.9774,0.3751,0.3837,0.8432,8,17,True,0.556,high
CUST_PREMIUM_001810,Benjamin Kim,Gold,benjamin.kim@vectorlabs.co,+1 (212) 733-7471,0232,a1326960e6,"New York, NY",HH_00269,93,70760.39,web,0.2706,0.6192,0.1718,0.3148,0.6121,2,4,False,0.2179,medium
CUST_PREMIUM_001811,Liam Thompson,Platinum,thompson.liam@atlasmail.net,+1 (617) 847-5390,8654,8cdaba5aa3,"Boston, MA",HH_SINGLE_000810,137,64242.11,app,0.4216,0.3214,0.6448,0.4384,0.4635,8,12,False,0.1251,low
CUST_PREMIUM_001812,James Gupta,Platinum,j.gupta@northstar.org,+1 (212) 807-3309,3775,ea0a642d92,"New York, NY",HH_SINGLE_000811,60,30499.92,app,0.7261,0.3026,0.6982,0.3705,0.2358,5,10,False,0.081,low
CUST_PREMIUM_001813,Kai Nguyen,Green,kai.nguyen@atlasmail.net,+1 (416) 265-1228,3175,dafecd6868,"Toronto, Canada",HH_SINGLE_000812,19,2952.59,call_center,0.2574,0.0646,0.2344,0.0328,0.0119,3,3,False,0.0335,low
CUST_PREMIUM_001814,Jonah Lopez,Green,jonahlopez@atlasmail.net,+1 (617) 258-9147,1411,f6f6892ea7,"Boston, MA",HH_SINGLE_000813,82,9677.62,web,0.1093,0.5554,0.5986,0.3242,0.6453,3,4,False,0.0694,low
CUST_PREMIUM_001815,Noah Adams,Gold,noahadams@capital-demo.org,+1 (416) 339-7066,9279,6081ac7d28,"Toronto, Canada",HH_SINGLE_000814,71,49775.3,web,0.5703,0.6448,0.4532,0.6972,0.6617,1,1,False,0.1349,low
CUST_PREMIUM_001816,Rafael Ahmed,Green,r.ahmed@northstar.org,+1 (404) 343-4985,2672,2f024afaa7,"Atlanta, GA",HH_SINGLE_000815,88,2144.81,app,0.8454,0.3085,0.4253,0.796,0.3152,3,4,False,0.1048,low
CUST_PREMIUM_001817,Diego Turner,Gold,diego.turner@harbor.example,+1 (416) 413-2904,3412,7af881e5ab,"Toronto, Canada",HH_00272,124,15114.45,app,0.5446,0.5038,0.3777,0.4518,0.2943,1,2,False,0.0731,low
CUST_PREMIUM_001818,Akira Carter,Platinum,akira.carter41@orchardmail.com,+1 (212) 329-0823,3118,ddc10ce8a9,"New York, NY",HH_SINGLE_000817,63,45818.34,call_center,0.8322,0.7476,0.3837,0.4283,0.8499,14,17,False,0.1352,low
CUST_PREMIUM_001819,Ananya Walker,Green,a.walker@example.com,+1 (214) 410-8742,9779,d9388c0d66,"Dallas, TX",HH_SINGLE_000818,55,29187.63,in_person,0.7358,0.4498,0.5459,0.5632,0.5057,10,17,False,0.2958,medium
CUST_PREMIUM_001820,Riya Brown,Gold,r.brown@orchardmail.com,+1 (214) 447-6661,7233,0efbe0de4f,"Dallas, TX",HH_00273,42,17989.83,app,0.584,0.875,0.3596,0.562,0.6651,3,3,False,0.0451,low
CUST_PREMIUM_001821,Rei Wright,Gold,rei.wright44@orchardmail.com,+1 (646) 550-4580,2736,35a16e5d68,"London, UK",HH_00273,31,60799.42,call_center,0.2452,0.8227,0.2119,0.6209,0.5792,3,5,False,0.144,low
CUST_PREMIUM_001822,Theo Reed,Platinum,theo.reed@bluepeak.co,+1 (310) 488-2499,2016,b9bceb0c3c,"Los Angeles, CA",HH_00273,124,16855.36,web,0.184,0.5806,0.5192,0.3162,0.409,1,1,False,0.0352,low
CUST_PREMIUM_001823,Aisha Lewis,Green,lewis.aisha@northstar.org,+1 (206) 580-0418,1790,2a725c8707,"Seattle, WA",HH_SINGLE_000822,47,8180.74,call_center,0.5443,0.6476,0.2072,0.1433,0.5124,5,9,False,0.1785,low
CUST_PREMIUM_001824,Zara Lee,Platinum,zara.lee47@orchardmail.com,+1 (305) 606-8337,3356,5a23f9a9a8,"Miami, FL",HH_SINGLE_000823,187,86248.63,app,0.5201,0.3502,0.3286,0.4944,0.4886,14,22,False,0.2248,medium
CUST_PREMIUM_001825,Nathan Evans,Gold,nathan.evans48@example.com,+1 (917) 731-6256,7054,aaf4d3f8b6,"Mumbai, India",HH_SINGLE_000824,91,26033.0,web,0.57,0.6423,0.2474,0.6308,0.6677,7,8,False,0.1034,low
CUST_PREMIUM_001826,Priya Ito,Green,priya.ito@summitmail.net,+1 (404) 713-4175,6383,8bf95d321a,"Atlanta, GA",HH_SINGLE_000825,20,7474.96,app,0.6519,0.2241,0.0188,0.5943,0.1087,1,1,False,0.1533,low
CUST_PREMIUM_001827,Sara Bennett,Green,sara.bennett50@vectorlabs.co,+1 (202) 761-2094,9337,3ed3e70809,"Washington, DC",HH_SINGLE_000826,91,10427.63,web,0.0573,0.5008,0.6837,0.4089,0.536,2,4,False,0.0729,low
CUST_PREMIUM_001828,Mia Nakamura,Gold,mianakamura@harbor.example,+1 (310) 710-0013,7066,c4e3647d33,"Los Angeles, CA",HH_SINGLE_000827,96,42995.99,web,0.0145,0.9626,0.4129,0.3272,0.7238,1,3,False,0.1565,low
CUST_PREMIUM_001829,Nikhil Young,Green,nikhil.young@vectorlabs.co,+1 (212) 736-7932,4498,81ea87d409,"New York, NY",HH_SINGLE_000828,2,3196.86,app,0.6825,0.7763,0.2415,0.5606,0.4379,1,1,False,0.0519,low
CUST_PREMIUM_001830,Leo Roy,Green,leo.roy@example.com,+1 (212) 773-5851,1693,20cd14e6a9,"New York, NY",HH_00276,53,7459.4,web,0.2738,0.199,0.756,0.6008,0.2647,3,4,False,0.0375,low
CUST_PREMIUM_001831,Aisha Rossi,Green,rossi.aisha@summitmail.net,+1 (646) 220-3770,6441,f03a077421,"London, UK",HH_SINGLE_000830,18,9534.08,web,0.7721,0.3933,0.8856,0.5482,0.5102,3,5,False,0.0585,low
CUST_PREMIUM_001832,Nikhil Vance,Platinum,vance.nikhil@atlasmail.net,+1 (650) 279-1689,6988,0e1932739a,Singapore,HH_SINGLE_000831,24,355230.22,app,0.6777,0.1698,0.7605,0.9617,0.8604,8,9,False,0.0182,low
CUST_PREMIUM_001833,Nikhil Johnson,Platinum,nikhiljohnson@summitmail.net,+1 (212) 884-9608,1542,9c3f1795d6,"New York, NY",HH_SINGLE_000832,75,57605.47,app,0.1885,0.215,0.5685,0.4056,0.3423,3,6,False,0.0896,low
CUST_PREMIUM_001834,Kai Chen,Gold,kai.chen57@northstar.org,+1 (212) 221-7527,8152,f8e2a412ec,"New York, NY",HH_SINGLE_000833,92,26925.5,web,0.4029,0.8104,0.227,0.477,0.3981,14,24,True,0.5964,high
CUST_PREMIUM_001835,Noah Patel,Platinum,noahpatel@bluepeak.co,+1 (469) 423-5446,2339,8e285b2a90,"Tokyo, Japan",HH_00278,33,324301.63,app,0.7486,0.9829,0.3525,0.9787,0.9884,10,13,False,0.0847,low
CUST_PREMIUM_001836,Leo Rodriguez,Platinum,leo.rodriguez59@harbor.example,+1 (415) 328-3365,0417,84f83639de,"San Francisco, CA",HH_SINGLE_000835,54,40704.35,web,0.5546,0.4254,0.6797,0.5641,0.5102,6,12,False,0.1719,low
CUST_PREMIUM_001837,Noah Vance,Gold,noah.vance60@bluepeak.co,+1 (305) 387-1284,6839,d3098ab0cd,"Miami, FL",HH_SINGLE_000836,75,33118.94,app,0.5197,0.561,0.535,0.618,0.4482,1,1,False,0.0237,low
CUST_PREMIUM_001838,Hiro Morris,Gold,hiro.morris61@northstar.org,+1 (310) 380-9203,1049,b904a315a0,"Los Angeles, CA",HH_SINGLE_000837,91,28676.29,app,0.3724,0.4669,0.4633,0.4951,0.3138,3,6,False,0.0916,low
CUST_PREMIUM_001839,Chloe Clark,Green,clark.chloe@harbor.example,+1 (404) 494-7122,8412,1178600b87,"Atlanta, GA",HH_SINGLE_000838,174,17038.5,in_person,0.4872,0.2976,0.5888,0.2921,0.3311,3,4,False,0.085,low
CUST_PREMIUM_001840,Jack White,Gold,jack.white63@capital-demo.org,+1 (310) 454-5041,6732,9fb9ca2a43,"Los Angeles, CA",HH_SINGLE_000839,57,23022.06,in_person,0.3591,0.6215,0.6117,0.7476,0.776,3,6,False,0.0712,low
CUST_PREMIUM_001841,Elias Patel,Platinum,eliaspatel@summitmail.net,+1 (212) 480-2960,8169,1cb75aeef9,"New York, NY",HH_00280,13,49732.24,app,0.3299,0.1878,0.7334,0.4641,0.1845,5,6,True,0.0297,low
CUST_PREMIUM_001842,Meera Morgan,Gold,m.morgan@bluepeak.co,+1 (212) 517-0879,2883,d2b76f5c63,"New York, NY",HH_SINGLE_000841,47,10928.97,call_center,0.4693,0.6252,0.8773,0.6825,0.7811,1,1,False,0.037,low
CUST_PREMIUM_001843,Aditi Khan,Gold,aditi.khan66@northstar.org,+1 (206) 620-8798,4009,3f628284d5,"Seattle, WA",HH_SINGLE_000842,89,12179.38,app,0.9264,0.2742,0.9965,0.6974,0.4914,7,15,False,0.1423,low
CUST_PREMIUM_001844,Daniel White,Centurion Black,daniel.white@summitmail.net,+1 (416) 712-6717,8134,a4df4eedfe,"Toronto, Canada",HH_SINGLE_000843,66,25251.7,call_center,0.3335,0.2686,0.7549,0.5912,0.5501,6,7,False,0.0325,low
CUST_PREMIUM_001845,Leo Robinson,Platinum,leo.robinson68@summitmail.net,+1 (206) 694-4636,7874,3abdae3cff,"Seattle, WA",HH_SINGLE_000844,12,52827.97,app,0.7643,0.1593,0.4893,0.278,0.2739,1,4,False,0.0488,low
CUST_PREMIUM_001846,Noah Fernandez,Green,fernandez.noah@bluepeak.co,+1 (212) 665-2555,8323,efeaa5f8ae,"New York, NY",HH_SINGLE_000845,125,12128.09,web,0.6816,0.3838,0.1099,0.6883,0.2144,3,3,False,0.0934,low
CUST_PREMIUM_001847,Naomi Campbell,Platinum,campbell.naomi@harbor.example,+1 (415) 735-0474,2661,2f39449c6b,"San Francisco, CA",HH_SINGLE_000846,63,103464.94,call_center,0.391,0.8022,0.3654,0.3444,0.6227,6,9,False,0.1189,low
CUST_PREMIUM_001848,Eleanor Lee,Gold,e.lee@bluepeak.co,+1 (617) 816-8393,7800,82251f69ac,"Boston, MA",HH_00282,60,28541.9,call_center,0.0758,0.1664,0.2923,0.121,0.2191,10,17,False,0.2292,medium
CUST_PREMIUM_001849,Mia Chen,Gold,mia.chen72@capital-demo.org,+1 (312) 798-6312,4264,bed594082a,"Chicago, IL",HH_SINGLE_000848,29,8302.49,app,0.7373,0.5381,0.1502,0.4556,0.806,3,7,True,0.3149,medium
CUST_PREMIUM_001850,Camila Walker,Platinum,camilawalker@orchardmail.com,+1 (214) 857-4231,8482,0f97b7d0a7,"Dallas, TX",HH_SINGLE_000849,9,11485.31,web,0.0968,0.4035,0.2761,0.0678,0.5437,1,2,False,0.0668,low
CUST_PREMIUM_001851,Rafael Robinson,Gold,rafael.robinson@atlasmail.net,+1 (212) 850-2150,6412,50bab7b108,"New York, NY",HH_SINGLE_000850,41,26826.45,call_center,0.1883,0.5999,0.5843,0.6098,0.4157,1,2,False,0.1034,low
CUST_PREMIUM_001852,Elena White,Green,elena.white@harbor.example,+1 (917) 330-0069,3162,eaa1b433ee,"Mumbai, India",HH_SINGLE_000851,15,26006.51,app,0.6792,0.6474,0.4275,0.6196,0.7748,12,15,False,0.1194,low
CUST_PREMIUM_001853,Theo Carter,Gold,theo.carter@capital-demo.org,+1 (212) 224-7988,0547,3163e6a187,"New York, NY",HH_00284,59,18136.33,web,0.2221,0.8571,0.1308,0.1865,0.6127,2,5,False,0.1865,low
CUST_PREMIUM_001854,Vivian Shah,Gold,vivianshah@summitmail.net,+1 (214) 305-5907,2751,557f612c59,"Dallas, TX",HH_00284,62,16775.5,call_center,0.4998,0.6165,0.6486,0.4237,0.6782,14,24,False,0.3366,medium
CUST_PREMIUM_001855,Kai Thomas,Gold,thomas.kai@example.com,+1 (206) 364-3826,1806,65188843e5,"Seattle, WA",HH_SINGLE_000854,127,18940.42,web,0.6003,0.3076,0.0768,0.6038,0.0496,8,14,False,0.3287,medium
CUST_PREMIUM_001856,Zoe Morris,Gold,zoe.morris79@bluepeak.co,+1 (305) 390-1745,7289,9323f839b4,"Miami, FL",HH_SINGLE_000855,80,16391.69,in_person,0.6481,0.342,0.9262,0.8325,0.9537,6,9,False,0.1002,low
CUST_PREMIUM_001857,Nikhil Kumar,Platinum,nikhil.kumar@capital-demo.org,+1 (212) 372-9664,8977,a51bcbed7b,"New York, NY",HH_SINGLE_000856,13,45386.47,in_person,0.4619,0.1461,0.7483,0.4374,0.2506,4,5,False,0.0387,low
CUST_PREMIUM_001858,Elias Thompson,Gold,elias.thompson@northstar.org,+1 (212) 409-7583,4960,b83bd04b74,"New York, NY",HH_SINGLE_000857,23,15716.02,web,0.8425,0.3946,0.7492,0.6152,0.8598,7,14,False,0.2003,medium
CUST_PREMIUM_001859,Nikhil Jackson,Gold,n.jackson@capital-demo.org,+1 (212) 446-5502,1235,8cae4ff24f,"New York, NY",HH_SINGLE_000858,49,11459.17,app,0.7226,0.3693,0.4003,0.9209,0.3567,6,10,False,0.1815,low
CUST_PREMIUM_001860,Grace Chen,Green,gracechen@vectorlabs.co,+1 (312) 505-3421,9644,ae76c3419c,"Chicago, IL",HH_SINGLE_000859,44,10894.84,web,0.3646,0.5324,0.4992,0.3238,0.6449,4,4,False,0.0596,low
CUST_PREMIUM_001861,Leo Jones,Gold,leojones@northstar.org,+1 (310) 531-1340,8308,47ec0125f5,"Los Angeles, CA",HH_SINGLE_000860,94,20764.73,app,0.6373,0.422,0.802,0.7652,0.4337,5,7,False,0.0595,low
CUST_PREMIUM_001862,Layla Cooper,Platinum,l.cooper@atlasmail.net,+1 (310) 568-9259,8216,63e222a863,"Los Angeles, CA",HH_SINGLE_000861,72,56778.78,app,0.8028,0.2945,0.7308,0.5128,0.6732,3,4,False,0.0149,low
CUST_PREMIUM_001863,Miguel Moore,Platinum,miguelmoore@orchardmail.com,+1 (312) 616-7178,2912,1a539745e0,"Chicago, IL",HH_SINGLE_000862,107,36131.56,app,0.371,0.1675,0.8296,0.3066,0.6462,4,5,False,0.0162,low
CUST_PREMIUM_001864,Meera Sterling,Gold,meera.sterling@capital-demo.org,+1 (469) 796-5097,8073,62868498f8,"Tokyo, Japan",HH_SINGLE_000863,144,12247.37,call_center,0.5812,0.217,0.6451,0.5325,0.5515,2,4,False,0.0536,low
CUST_PREMIUM_001865,Nathan Sato,Gold,nathan.sato@capital-demo.org,+1 (212) 668-3016,5599,5eb3df5a91,"New York, NY",HH_SINGLE_000864,147,14629.78,in_person,0.9083,0.4981,0.6164,0.4148,0.5146,8,13,False,0.1478,low
CUST_PREMIUM_001866,Priya Adams,Green,priyaadams@harbor.example,+1 (416) 826-0935,7441,67088993bc,"Toronto, Canada",HH_SINGLE_000865,25,9547.08,call_center,0.3538,0.5023,0.3529,0.1001,0.6648,3,5,False,0.1299,low
CUST_PREMIUM_001867,Victoria Jones,Gold,victoria.jones@northstar.org,+1 (206) 808-8854,2196,ed9d4abbdb,"Seattle, WA",HH_SINGLE_000866,138,24403.78,call_center,0.3821,0.7213,0.0658,0.2327,0.1787,7,13,False,0.37,medium
CUST_PREMIUM_001868,Andre Chen,Platinum,andre.chen@summitmail.net,+1 (206) 845-6773,3518,9117700b2a,"Seattle, WA",HH_SINGLE_000867,116,60253.61,web,0.7411,0.374,0.471,0.6091,0.5379,14,29,False,0.639,high
CUST_PREMIUM_001869,Sora Patel,Gold,sora.patel92@harbor.example,+1 (312) 838-4692,9972,d80d3d1cd0,"Chicago, IL",HH_SINGLE_000868,20,26849.47,in_person,0.1963,0.7038,0.4553,0.5339,0.4594,1,3,False,0.1184,low
CUST_PREMIUM_001870,Maya Jackson,Gold,maya.jackson93@northstar.org,+1 (310) 864-2611,0121,9eb7963b61,"Los Angeles, CA",HH_SINGLE_000869,55,10891.32,app,0.848,0.5094,0.7142,0.8304,0.8295,9,14,False,0.0978,low
CUST_PREMIUM_001871,Harper Lopez,Platinum,harper.lopez@capital-demo.org,+1 (212) 890-0530,4237,102ca95f7d,"New York, NY",HH_SINGLE_000870,31,26991.56,web,0.6376,0.0872,0.7023,0.0653,0.2971,6,14,False,0.2676,medium
CUST_PREMIUM_001872,Eleanor Martin,Gold,eleanor.martin95@northstar.org,+1 (646) 337-8449,2853,c25515cea5,"London, UK",HH_SINGLE_000871,44,8392.41,web,0.4576,0.5219,0.3224,0.6287,0.8542,3,8,True,0.1737,low
CUST_PREMIUM_001873,Leo Rossi,Gold,leorossi@summitmail.net,+1 (202) 363-6368,8467,500d598995,"Washington, DC",HH_SINGLE_000872,47,11295.48,app,0.6986,0.5707,0.4789,0.2639,0.2494,7,9,False,0.0783,low
CUST_PREMIUM_001874,Emma Smith,Gold,emma.smith0@atlasmail.net,+1 (469) 466-4287,5317,63326c7652,"Tokyo, Japan",HH_SINGLE_000873,46,26301.84,app,0.4449,0.3034,0.7911,0.4974,0.5696,1,2,False,0.0192,low
CUST_PREMIUM_001875,Jasmine Smith,Gold,jasmine.smith@example.com,+1 (212) 338-2206,7964,707733d607,"New York, NY",HH_SINGLE_000874,101,23224.18,app,0.9469,0.1267,0.9306,0.9165,0.7471,1,1,False,0.0127,low
CUST_PREMIUM_001876,Akira Brown,Gold,brown.akira@orchardmail.com,+1 (404) 463-0125,6922,c383a5b8ca,"Atlanta, GA",HH_SINGLE_000875,47,88963.95,app,0.2026,0.6337,0.6183,0.4024,0.5701,1,2,False,0.0339,low
CUST_PREMIUM_001877,Akira Gupta,Gold,a.gupta@vectorlabs.co,+1 (917) 555-8044,4656,239cc330da,"Mumbai, India",HH_00292,202,10636.41,in_person,0.3437,0.8467,0.6841,0.7515,0.7038,1,1,False,0.0269,low
CUST_PREMIUM_001878,Ibrahim Turner,Platinum,i.turner@summitmail.net,+1 (214) 493-5963,2422,85e055c6e1,"Dallas, TX",HH_SINGLE_000877,134,19188.27,call_center,0.1605,0.8245,0.4112,0.6016,0.4604,3,6,False,0.1721,low
CUST_PREMIUM_001879,Nathan Khan,Green,khan.nathan@orchardmail.com,+1 (415) 519-3882,8958,c9a836c492,"San Francisco, CA",HH_SINGLE_000878,40,3734.58,call_center,0.5045,0.4786,0.668,0.7701,0.3555,10,16,False,0.1476,low
CUST_PREMIUM_001880,Isabella Shah,Gold,isabella.shah@summitmail.net,+1 (214) 567-1801,2447,31e513c580,"Dallas, TX",HH_SINGLE_000879,47,23330.77,in_person,0.7118,0.1247,0.9643,0.0797,0.4464,1,1,False,0.0146,low
CUST_PREMIUM_001881,Ethan Garcia,Platinum,garcia.ethan@orchardmail.com,+1 (310) 571-9720,6849,1cc58ba06c,"Los Angeles, CA",HH_00293,90,39936.94,app,0.7679,0.472,0.5842,0.5014,0.3606,2,3,True,0.0497,low
CUST_PREMIUM_001882,Vivian Young,Gold,v.young@vectorlabs.co,+1 (617) 674-7639,6467,2413b800bc,"Boston, MA",HH_SINGLE_000881,43,17871.5,call_center,0.4881,0.5844,0.2451,0.212,0.6699,7,11,False,0.2003,medium
CUST_PREMIUM_001883,Theo Hernandez,Platinum,hernandez.theo@harbor.example,+1 (415) 667-5558,7465,639ef3ac86,"San Francisco, CA",HH_SINGLE_000882,39,47824.5,web,0.3915,0.5847,0.8331,0.5765,0.4934,2,2,False,0.0115,low
CUST_PREMIUM_001884,Ananya Kumar,Platinum,ananya.kumar10@harbor.example,+1 (212) 671-3477,9026,a84b4be225,"New York, NY",HH_00294,72,58225.51,call_center,0.6525,0.7376,0.2022,0.2107,0.5539,4,7,True,0.0955,low
CUST_PREMIUM_001885,Priya Evans,Green,priyaevans@example.com,+1 (917) 851-1396,2639,c2b2bcb710,"Mumbai, India",HH_SINGLE_000884,23,25034.44,call_center,0.512,0.9623,0.2828,0.2959,0.0822,14,24,True,0.7613,high
CUST_PREMIUM_001886,Amara Murphy,Green,murphy.amara@capital-demo.org,+1 (310) 756-9315,1899,516e1d7b74,"Los Angeles, CA",HH_SINGLE_000885,80,11546.46,in_person,0.1436,0.6416,0.5336,0.3649,0.4223,8,17,False,0.6407,high
CUST_PREMIUM_001887,Amara Wilson,Platinum,amara.wilson@vectorlabs.co,+1 (310) 793-7234,4814,ee3b65780f,"Los Angeles, CA",HH_SINGLE_000886,40,24138.26,in_person,0.7476,0.0623,0.8683,0.62,0.8777,8,11,False,0.0467,low
CUST_PREMIUM_001888,Kabir Bennett,Green,k.bennett@northstar.org,+1 (202) 218-5153,6873,1647b1645f,"Washington, DC",HH_SINGLE_000887,67,7413.21,web,0.7607,0.5557,0.0499,0.2525,0.2414,3,4,True,0.1042,low
CUST_PREMIUM_001889,Elias Adams,Green,e.adams@atlasmail.net,+1 (650) 288-3072,8659,e2fd4c42d5,Singapore,HH_SINGLE_000888,57,7270.03,app,0.0736,0.9267,0.1085,0.136,0.5043,1,1,False,0.1884,low
CUST_PREMIUM_001890,Aisha Davis,Gold,davis.aisha@summitmail.net,+1 (310) 204-0991,0023,729e610559,"Los Angeles, CA",HH_SINGLE_000889,46,10665.9,call_center,0.5721,0.3895,0.6696,0.6808,0.4526,6,8,False,0.0535,low
CUST_PREMIUM_001891,Aditi Bennett,Gold,a.bennett@summitmail.net,+1 (305) 285-8910,8773,6d0f5f46cd,"Miami, FL",HH_00296,98,72525.9,in_person,0.3463,0.3854,0.4371,0.329,0.2738,2,5,False,0.0719,low
CUST_PREMIUM_001892,Meera Campbell,Green,meeracampbell@atlasmail.net,+1 (212) 267-6829,7265,febcca9e5d,"New York, NY",HH_00297,50,6366.48,web,0.8101,0.2721,0.3054,0.7519,0.3576,7,10,False,0.1286,low
CUST_PREMIUM_001893,Samuel Perez,Gold,samuel.perez@orchardmail.com,+1 (212) 304-4748,3624,c379cacf2a,"New York, NY",HH_SINGLE_000892,15,11507.91,app,0.4968,0.7568,0.1439,0.4954,0.5259,1,1,False,0.1703,low
CUST_PREMIUM_001894,Eleanor Cooper,Gold,eleanorcooper@example.com,+1 (212) 341-2667,5122,30ecdaa75b,"New York, NY",HH_SINGLE_000893,100,41728.04,web,0.3028,0.3282,0.3683,0.7604,0.705,1,2,False,0.0542,low
CUST_PREMIUM_001895,Akira Sato,Green,akira.sato@orchardmail.com,+1 (646) 488-0586,3841,5660a2e307,"London, UK",HH_SINGLE_000894,37,7334.43,app,0.1376,0.2901,0.4447,0.2127,0.2385,4,5,False,0.052,low
CUST_PREMIUM_001896,Camila Martinez,Green,c.martinez@capital-demo.org,+1 (617) 492-8505,0589,b245071ab7,"Boston, MA",HH_SINGLE_000895,124,13412.24,web,0.5247,0.2284,0.7655,0.5712,0.4523,3,6,False,0.1631,low
CUST_PREMIUM_001897,Victoria Banerjee,Green,victoriabanerjee@summitmail.net,+1 (917) 595-6424,5996,a9d7d079d0,"Mumbai, India",HH_SINGLE_000896,127,13265.29,app,0.8347,0.2488,0.2947,0.4965,0.2755,13,20,False,0.369,medium
CUST_PREMIUM_001898,Zoe Bennett,Gold,zoe.bennett24@harbor.example,+1 (214) 533-4343,7515,89d42bdd1f,"Dallas, TX",HH_SINGLE_000897,51,16680.43,call_center,0.9617,0.0617,0.8516,0.668,0.7752,2,4,False,0.0908,low
CUST_PREMIUM_001899,Sara Ito,Platinum,sara.ito25@summitmail.net,+1 (646) 636-2262,1736,94b9b86933,"London, UK",HH_SINGLE_000898,96,8581.72,app,0.2876,0.6232,0.2522,0.3397,0.5239,9,16,True,0.2666,medium
CUST_PREMIUM_001900,Hiro Vance,Green,hirovance@example.com,+1 (212) 563-0181,2815,de726b27b8,"New York, NY",HH_SINGLE_000899,127,40866.15,app,0.7682,0.0994,0.9779,0.321,0.0631,8,12,False,0.071,low
CUST_PREMIUM_001901,Aarav Kapoor,Centurion Black,a.kapoor@harbor.example,+1 (415) 633-8100,8883,3ff36aac8b,"San Francisco, CA",HH_00300,66,55038.42,call_center,0.5965,0.7099,0.3444,0.6874,0.5455,5,9,False,0.1313,low
CUST_PREMIUM_001902,Nathan Wilson,Gold,n.wilson@summitmail.net,+1 (312) 659-6019,9860,9a3e55eab0,"Chicago, IL",HH_00300,50,19195.48,app,0.7768,0.2748,0.6453,0.4792,0.543,6,9,False,0.0797,low
CUST_PREMIUM_001903,Ananya Clark,Green,a.clark@orchardmail.com,+1 (650) 806-3938,8074,768e10ef0c,Singapore,HH_SINGLE_000902,42,13063.86,app,0.1558,0.4621,0.4083,0.5663,0.2773,2,3,False,0.0702,low
CUST_PREMIUM_001904,Kabir Rivera,Green,k.rivera@orchardmail.com,+1 (312) 733-1857,2917,db6a5b115f,"Chicago, IL",HH_00301,93,7092.59,in_person,0.3861,0.5519,0.4874,0.2602,0.5806,8,15,False,0.2848,medium
CUST_PREMIUM_001905,Sora Robinson,Green,s.robinson@bluepeak.co,+1 (310) 759-9776,1050,61b72f6700,"Los Angeles, CA",HH_SINGLE_000904,50,27647.23,app,0.3871,0.7636,0.0452,0.6405,0.8742,12,16,False,0.2903,medium
CUST_PREMIUM_001906,Samuel Moore,Platinum,samuel.moore32@harbor.example,+1 (646) 895-7695,9842,3bc3a75e46,"London, UK",HH_SINGLE_000905,100,48085.68,web,0.4731,0.6674,0.4141,0.705,0.7253,1,6,False,0.2088,medium
CUST_PREMIUM_001907,Jack Wang,Green,jack.wang33@atlasmail.net,+1 (212) 822-5614,0124,55d87a102e,"New York, NY",HH_SINGLE_000906,138,10155.1,app,0.375,0.5245,0.5106,0.3881,0.3697,2,2,False,0.027,low
CUST_PREMIUM_001908,Alejandro Wilson,Gold,wilson.alejandro@orchardmail.com,+1 (212) 859-3533,7653,21f02fb96f,"New York, NY",HH_SINGLE_000907,41,14130.55,in_person,0.3384,0.4928,0.0897,0.6288,0.732,2,2,False,0.0355,low
CUST_PREMIUM_001909,James Sterling,Green,james.sterling35@orchardmail.com,+1 (305) 251-1452,3330,ccf903f954,"Miami, FL",HH_SINGLE_000908,69,8671.33,call_center,0.1895,0.4006,0.8884,0.2789,0.0747,2,4,False,0.0655,low
CUST_PREMIUM_001910,Layla Carter,Platinum,laylacarter@atlasmail.net,+1 (305) 288-9371,7876,bed79498df,"Miami, FL",HH_SINGLE_000909,33,139355.47,app,0.4739,0.6764,0.3993,0.3863,0.8562,8,19,True,0.6384,high
CUST_PREMIUM_001911,Nora Rossi,Green,nora.rossi@bluepeak.co,+1 (310) 281-7290,3620,a54c773cae,"Los Angeles, CA",HH_SINGLE_000910,23,4679.44,call_center,0.6664,0.8454,0.8527,0.1356,0.8719,5,10,False,0.1062,low
CUST_PREMIUM_001912,Naomi Fernandez,Platinum,fernandez.naomi@northstar.org,+1 (212) 307-5209,4105,2ec85b0333,"New York, NY",HH_SINGLE_000911,144,60170.42,in_person,0.3881,0.3988,0.656,0.2162,0.5336,7,8,False,0.0292,low
CUST_PREMIUM_001913,Jonah Rivera,Platinum,jonah.rivera@summitmail.net,+1 (310) 355-3128,6779,37a5c70548,"Los Angeles, CA",HH_SINGLE_000912,32,28475.91,app,0.6486,0.5775,0.5352,0.6353,0.6742,3,6,False,0.0867,low
CUST_PREMIUM_001914,Aarav Banerjee,Gold,a.banerjee@vectorlabs.co,+1 (312) 403-1047,8834,68af84e04a,"Chicago, IL",HH_SINGLE_000913,72,29829.4,app,0.0586,0.619,0.7099,0.8284,0.293,3,5,False,0.084,low
CUST_PREMIUM_001915,Amelia Morgan,Green,ameliamorgan@vectorlabs.co,+1 (312) 440-8966,2059,88f4c5a9de,"Chicago, IL",HH_SINGLE_000914,50,24954.0,call_center,0.4895,0.5343,0.5886,0.508,0.6539,6,9,True,0.1066,low
CUST_PREMIUM_001916,Ethan Lee,Platinum,e.lee@bluepeak.co,+1 (416) 576-6885,4207,e69d5d85c7,"Toronto, Canada",HH_SINGLE_000915,66,32294.67,app,0.3537,0.6567,0.7452,0.4526,0.8942,9,15,False,0.1924,low
CUST_PREMIUM_001917,Alejandro Morgan,Green,alejandro.morgan43@vectorlabs.co,+1 (202) 591-4804,5010,ec95b467d2,"Washington, DC",HH_SINGLE_000916,33,13466.71,app,0.3569,0.3408,0.312,0.5457,0.1723,1,1,False,0.0245,low
CUST_PREMIUM_001918,Aisha Sato,Green,sato.aisha@harbor.example,+1 (718) 683-2723,7480,5808290057,"Delhi, India",HH_SINGLE_000917,77,8603.13,app,0.4746,0.6213,0.3574,0.3518,0.469,14,27,False,0.5999,high
CUST_PREMIUM_001919,Daniel Shah,Gold,shah.daniel@summitmail.net,+1 (617) 643-0642,6403,79fa32483a,"Boston, MA",HH_SINGLE_000918,38,5823.55,call_center,0.4081,0.5815,0.6492,0.473,0.309,6,7,False,0.0695,low
CUST_PREMIUM_001920,Vivian Harris,Platinum,vivian.harris@example.com,+1 (212) 603-8561,9295,a79815458d,"New York, NY",HH_00306,43,55846.17,call_center,0.1675,0.6877,0.212,0.8397,0.5374,11,20,False,0.4202,medium
CUST_PREMIUM_001921,Arjun Davis,Platinum,arjundavis@summitmail.net,+1 (312) 662-6480,6863,1b301d47d3,"Chicago, IL",HH_SINGLE_000920,20,35597.31,web,0.2365,0.8832,0.4465,0.6363,0.8627,3,9,False,0.1829,low
CUST_PREMIUM_001922,Sophia Patel,Platinum,patel.sophia@capital-demo.org,+1 (305) 732-4399,9835,c24eb87db5,"Miami, FL",HH_SINGLE_000921,98,19252.89,in_person,0.3374,0.531,0.7495,0.1927,0.5129,10,14,False,0.0964,low
CUST_PREMIUM_001923,Harper Garcia,Gold,harpergarcia@bluepeak.co,+1 (312) 736-2318,7190,853df5776e,"Chicago, IL",HH_00307,133,5675.38,app,0.0945,0.229,0.482,0.2816,0.2119,5,10,False,0.1358,low
CUST_PREMIUM_001924,Meera Bennett,Green,meerabennett@summitmail.net,+1 (305) 806-0237,9257,49fcb59bf2,"Miami, FL",HH_SINGLE_000923,75,4517.89,web,0.6418,0.2861,0.6913,0.5199,0.6283,7,14,False,0.1276,low
CUST_PREMIUM_001925,Lucas Khan,Green,lucas.khan51@capital-demo.org,+1 (718) 242-8156,0766,393f27e46e,"Delhi, India",HH_00308,36,11302.68,app,0.4942,0.3128,0.5226,0.4149,0.3682,3,6,False,0.0871,low
CUST_PREMIUM_001926,Fatima Hall,Platinum,fatima.hall@summitmail.net,+1 (617) 202-6075,8399,431875ebc7,"Boston, MA",HH_SINGLE_000925,51,51403.31,in_person,0.6212,0.7271,0.5159,0.7552,0.5271,7,10,False,0.1426,low
CUST_PREMIUM_001927,Isla Robinson,Green,i.robinson@harbor.example,+1 (214) 206-3994,8410,31bf5b6215,"Dallas, TX",HH_SINGLE_000926,41,5804.82,call_center,0.8734,0.2112,0.6237,0.4014,0.4908,11,17,False,0.1819,low
CUST_PREMIUM_001928,Riya Garcia,Green,riyagarcia@capital-demo.org,+1 (206) 265-1913,8270,bdc9ba7572,"Seattle, WA",HH_SINGLE_000927,9,2397.06,web,0.2998,0.4664,0.6628,0.0889,0.145,14,22,False,0.388,medium
CUST_PREMIUM_001929,Grace Roy,Gold,roy.grace@vectorlabs.co,+1 (312) 258-9832,1752,80b3c3f8cc,"Chicago, IL",HH_SINGLE_000928,24,11421.21,app,0.2619,0.5097,0.4889,0.5776,0.5669,2,3,False,0.0641,low
CUST_PREMIUM_001930,Rei Rossi,Gold,reirossi@northstar.org,+1 (206) 339-7751,4908,e0618e0308,"Seattle, WA",HH_00309,49,14663.68,app,0.4774,0.4356,0.4471,0.095,0.0923,1,1,False,0.0339,low
CUST_PREMIUM_001931,Nikhil Smith,Green,nikhil.smith@northstar.org,+1 (404) 398-5670,9126,7cba146db1,"Atlanta, GA",HH_SINGLE_000930,30,6527.88,web,0.0005,0.4052,0.5355,0.939,0.1637,3,3,False,0.056,low
CUST_PREMIUM_001932,Yuki Turner,Gold,yukiturner@atlasmail.net,+1 (415) 380-3589,9088,bdb2a48ce4,"San Francisco, CA",HH_SINGLE_000931,44,9309.66,web,0.7066,0.7553,0.2592,0.2581,0.5409,8,16,False,0.4009,medium
CUST_PREMIUM_001933,Nathan Wang,Green,nathanwang@vectorlabs.co,+1 (212) 384-1508,3353,73ad3fe827,"New York, NY",HH_00310,105,3827.79,app,0.608,0.5125,0.1689,0.3667,0.2698,11,20,False,0.453,high
CUST_PREMIUM_001934,Sora Smith,Green,sora.smith@northstar.org,+1 (202) 520-9427,3004,1413e65beb,"Washington, DC",HH_SINGLE_000933,76,5898.23,app,0.2531,0.369,0.8385,0.5486,0.7966,8,14,False,0.1072,low
CUST_PREMIUM_001935,Emma Young,Gold,young.emma@example.com,+1 (404) 546-7346,6837,987dfb4949,"Atlanta, GA",HH_00311,108,21201.42,call_center,0.4902,0.4977,0.5851,0.3621,0.7324,5,6,False,0.0552,low
CUST_PREMIUM_001936,Elias Ahmed,Gold,ahmed.elias@atlasmail.net,+1 (212) 495-5265,6118,8bc97eedd0,"New York, NY",HH_00311,23,26866.18,app,0.615,0.5991,0.6907,0.6988,0.5474,3,4,False,0.0681,low
CUST_PREMIUM_001937,Priya Carter,Gold,priya.carter@example.com,+1 (917) 675-3184,1267,8a308a870f,"Mumbai, India",HH_SINGLE_000936,71,14696.99,in_person,0.1079,0.2355,0.5381,0.2182,0.2104,13,22,False,0.2824,medium
CUST_PREMIUM_001938,Camila Campbell,Gold,camilacampbell@northstar.org,+1 (310) 580-1103,6116,c81cdfbfef,"Los Angeles, CA",HH_00312,48,61592.51,web,0.649,0.3409,0.4933,0.8948,0.821,14,25,True,0.4657,high
CUST_PREMIUM_001939,David Rivera,Green,d.rivera@vectorlabs.co,+1 (206) 672-9022,3304,4b04c25890,"Seattle, WA",HH_00312,81,10191.31,call_center,0.576,0.5907,0.5221,0.412,0.5579,7,8,False,0.0659,low
CUST_PREMIUM_001940,Diego Hall,Green,diegohall@harbor.example,+1 (310) 654-6941,1267,b613258f4f,"Los Angeles, CA",HH_SINGLE_000939,173,1758.28,in_person,0.2266,0.2218,0.1719,0.221,0.3252,3,4,True,0.1318,low
CUST_PREMIUM_001941,Maya Lewis,Green,maya.lewis@bluepeak.co,+1 (310) 691-4860,2124,14f1ebd69e,"Los Angeles, CA",HH_00313,82,13288.92,app,0.5471,0.5182,0.424,0.8137,0.5649,1,1,False,0.0633,low
CUST_PREMIUM_001942,Diego White,Green,white.diego@summitmail.net,+1 (214) 761-2779,2610,9126327d12,"Dallas, TX",HH_SINGLE_000941,88,7839.34,app,0.29,0.3563,0.4781,0.1207,0.1981,1,3,False,0.1842,low
CUST_PREMIUM_001943,Gabriel Hernandez,Gold,gabrielhernandez@harbor.example,+1 (310) 765-0698,9273,d8bddcfe7d,"Los Angeles, CA",HH_SINGLE_000942,27,30538.48,app,0.5074,0.1888,0.5082,0.6257,0.3855,11,20,False,0.1634,low
CUST_PREMIUM_001944,Sora Perez,Gold,perez.sora@summitmail.net,+1 (214) 835-8617,7385,6a9cd41f48,"Dallas, TX",HH_SINGLE_000943,106,8872.31,app,0.1843,0.8915,0.9904,0.9206,0.8256,9,12,False,0.0993,low
CUST_PREMIUM_001945,Akira Kumar,Platinum,akira.kumar71@harbor.example,+1 (310) 839-6536,5370,e80a0ac3af,"Los Angeles, CA",HH_SINGLE_000944,22,49405.31,app,0.4701,0.4189,0.5974,0.3633,0.5613,2,2,False,0.0211,low
CUST_PREMIUM_001946,Leo Lewis,Gold,leolewis@atlasmail.net,+1 (650) 297-4455,0994,9785977331,Singapore,HH_00315,28,5675.33,web,0.2061,0.1788,0.1165,0.0981,0.6642,3,4,False,0.1205,low
CUST_PREMIUM_001947,Sophia Wright,Gold,s.wright@orchardmail.com,+1 (212) 202-2374,5493,fc038a43b8,"New York, NY",HH_SINGLE_000946,23,21592.07,app,0.4693,0.6017,0.8544,0.4052,0.5627,5,7,False,0.0376,low
CUST_PREMIUM_001948,Sophia Taylor,Green,sophia.taylor74@northstar.org,+1 (212) 239-0293,4769,444ad4b3fc,"New York, NY",HH_00315,118,4508.13,call_center,0.5176,0.5953,0.4707,0.2792,0.5066,11,23,False,0.661,high
CUST_PREMIUM_001949,Sophia Anderson,Platinum,sophiaanderson@harbor.example,+1 (312) 298-8212,8095,a19218f8d6,"Chicago, IL",HH_SINGLE_000948,106,28797.86,call_center,0.6574,0.6788,0.9409,0.324,0.3795,14,22,False,0.2449,medium
CUST_PREMIUM_001950,Grace Young,Platinum,grace.young@capital-demo.org,+1 (310) 324-6131,5945,d7b86499d0,"Los Angeles, CA",HH_SINGLE_000949,31,56865.74,app,0.7596,0.3738,0.0144,0.2905,0.4212,1,2,False,0.1568,low
CUST_PREMIUM_001951,Ananya Anderson,Platinum,anderson.ananya@atlasmail.net,+1 (416) 471-4050,0664,8fb24cd089,"Toronto, Canada",HH_SINGLE_000950,45,18559.68,app,0.3314,0.5166,0.178,0.706,0.6865,6,15,False,0.3508,medium
CUST_PREMIUM_001952,Jack Carter,Gold,j.carter@example.com,+1 (202) 486-1969,7008,b388ed0937,"Washington, DC",HH_00317,107,8743.56,app,0.3729,0.4289,0.7673,0.7149,0.38,8,12,False,0.0876,low
CUST_PREMIUM_001953,Aditi Turner,Green,adititurner@capital-demo.org,+1 (404) 512-9888,6752,23a6f10d37,"Atlanta, GA",HH_00317,78,5479.45,call_center,0.2299,0.0753,0.822,0.0622,0.0044,11,17,True,0.1824,low
CUST_PREMIUM_001954,Meera Singh,Gold,meera.singh80@capital-demo.org,+1 (212) 461-7807,0982,db147f72cf,"New York, NY",HH_SINGLE_000953,29,4163.26,app,0.6998,0.2936,0.6732,0.7274,0.3648,5,7,True,0.0805,low
CUST_PREMIUM_001955,Arjun Roy,Gold,a.roy@vectorlabs.co,+1 (312) 520-5726,4279,e1aa81f959,"Chicago, IL",HH_00318,52,16135.61,in_person,0.6332,0.4325,0.7555,0.4226,0.349,7,14,False,0.2373,medium
CUST_PREMIUM_001956,Zara Ito,Gold,zara.ito@capital-demo.org,+1 (917) 678-3645,6927,a07bcb00ca,"Mumbai, India",HH_SINGLE_000955,7,15609.11,app,0.2541,0.653,0.5689,0.361,0.2843,3,5,False,0.1153,low
CUST_PREMIUM_001957,Amelia White,Green,amelia.white83@example.com,+1 (305) 627-1564,6905,a626f8b838,"Miami, FL",HH_SINGLE_000956,81,7729.1,call_center,0.7154,0.0516,0.8271,0.0106,0.8344,3,4,False,0.0349,low
CUST_PREMIUM_001958,Nikhil Adams,Gold,adams.nikhil@bluepeak.co,+1 (206) 675-9483,8680,c566dbbb5e,"Seattle, WA",HH_00319,25,68601.62,web,0.6313,0.4966,0.4904,0.5347,0.264,14,22,False,0.1956,low
CUST_PREMIUM_001959,Eleanor Young,Green,eleanor.young85@atlasmail.net,+1 (415) 679-7402,6174,886a278603,"San Francisco, CA",HH_SINGLE_000958,47,4995.69,web,0.6527,0.5999,0.299,0.6476,0.8158,11,14,False,0.2101,medium
CUST_PREMIUM_001960,Noah Adams,Gold,adams.noah@harbor.example,+1 (212) 683-5321,4527,02d9864e69,"New York, NY",HH_00319,56,15345.68,web,0.3901,0.6018,0.5009,0.5921,0.4861,8,12,False,0.1335,low
CUST_PREMIUM_001961,Amara Johnson,Gold,johnson.amara@bluepeak.co,+1 (202) 819-3240,7919,d9c0add1f3,"Washington, DC",HH_SINGLE_000960,157,6565.41,app,0.4652,0.1546,0.3967,0.1971,0.1837,10,19,False,0.4364,medium
CUST_PREMIUM_001962,Liam Shah,Platinum,liam.shah88@bluepeak.co,+1 (415) 790-1159,5163,03e782b92b,"San Francisco, CA",HH_SINGLE_000961,48,19126.44,app,0.4844,0.4559,0.5555,0.4322,0.5075,2,3,False,0.0414,low
CUST_PREMIUM_001963,Harper Sterling,Platinum,h.sterling@vectorlabs.co,+1 (202) 893-9078,2649,6a94e0e636,"Washington, DC",HH_SINGLE_000962,58,6632.04,call_center,0.5668,0.442,0.3279,0.4564,0.6112,11,19,False,0.2973,medium
CUST_PREMIUM_001964,Vivian White,Green,white.vivian@northstar.org,+1 (305) 886-6997,0426,8d915ace2d,"Miami, FL",HH_SINGLE_000963,54,2042.9,app,0.9223,0.0536,0.7713,0.1868,0.0284,1,2,False,0.0183,low
CUST_PREMIUM_001965,Elias Smith,Platinum,eliassmith@summitmail.net,+1 (312) 890-4916,7862,551216d371,"Chicago, IL",HH_SINGLE_000964,23,4843.97,web,0.2996,0.1712,0.753,0.1519,0.2148,1,2,False,0.0201,low
CUST_PREMIUM_001966,Kabir Harris,Gold,kabirharris@harbor.example,+1 (212) 205-2835,1458,943cd97159,"New York, NY",HH_00321,82,40906.5,web,0.6351,0.5368,0.4157,0.5703,0.4943,1,1,False,0.02,low
CUST_PREMIUM_001967,Amelia Diaz,Gold,amelia.diaz@summitmail.net,+1 (312) 264-0754,5349,e607bd9f69,"Chicago, IL",HH_SINGLE_000966,17,24433.92,web,0.1677,0.1798,0.5088,0.1796,0.1105,5,6,False,0.0613,low
CUST_PREMIUM_001968,Akira Diaz,Green,akira.diaz@example.com,+1 (312) 301-8673,2366,1c8f53cae1,"Chicago, IL",HH_SINGLE_000967,77,9894.45,app,0.1553,0.2982,0.7885,0.1798,0.2419,2,2,False,0.0191,low
CUST_PREMIUM_001969,Jack Martin,Gold,jack.martin95@northstar.org,+1 (650) 448-6592,6739,da63edfba9,Singapore,HH_SINGLE_000968,74,17400.28,web,0.6799,0.1976,0.8624,0.6159,0.0883,5,7,False,0.0404,low
CUST_PREMIUM_001970,Akira Singh,Gold,akira.singh96@vectorlabs.co,+1 (617) 430-4511,3971,e585e2c77c,"Boston, MA",HH_SINGLE_000969,61,43800.18,app,0.063,0.7582,0.1277,0.557,0.644,5,10,False,0.3987,medium
CUST_PREMIUM_001971,Mia Young,Gold,mia.young@bluepeak.co,+1 (214) 434-2430,1554,f6afdecc44,"Dallas, TX",HH_00323,75,28522.99,web,0.6782,0.4405,0.3551,0.4944,0.2641,14,21,False,0.3734,medium
CUST_PREMIUM_001972,Eleanor Chen,Platinum,chen.eleanor@harbor.example,+1 (305) 482-0349,7312,8b7846c092,"Miami, FL",HH_SINGLE_000971,197,8871.08,web,0.4896,0.2689,0.5713,0.4399,0.6912,14,22,False,0.2277,medium
CUST_PREMIUM_001973,Aarav Morgan,Platinum,aarav.morgan2@vectorlabs.co,+1 (310) 475-8268,8056,b07d5318c5,"Los Angeles, CA",HH_00324,27,147330.88,app,0.41,0.2885,0.8472,0.6994,0.1385,2,2,False,0.0183,low
CUST_PREMIUM_001974,Jonah Baker,Platinum,jonahbaker@northstar.org,+1 (212) 501-6187,4920,f0f162f571,"New York, NY",HH_SINGLE_000973,18,24209.51,in_person,0.2566,0.8836,0.2609,0.394,0.6807,6,9,False,0.1379,low
CUST_PREMIUM_001975,Yuki Morgan,Platinum,morgan.yuki@bluepeak.co,+1 (312) 560-4106,3573,21bb81bbdf,"Chicago, IL",HH_SINGLE_000974,39,33282.45,app,0.3808,0.4965,0.5274,0.5678,0.4849,1,1,False,0.0173,low
CUST_PREMIUM_001976,Jasmine Adams,Green,adams.jasmine@orchardmail.com,+1 (312) 597-2025,6930,aa148dcfa3,"Chicago, IL",HH_SINGLE_000975,53,3875.3,app,0.9558,0.0539,0.9535,0.0773,0.8422,10,12,False,0.0412,low
CUST_PREMIUM_001977,Amelia Bennett,Platinum,a.bennett@atlasmail.net,+1 (646) 722-9944,7349,5cf5cb1187,"London, UK",HH_SINGLE_000976,50,87222.52,in_person,0.3524,0.7989,0.0517,0.964,0.5199,14,25,True,0.6994,high
CUST_PREMIUM_001978,Andre Ito,Green,ito.andre@bluepeak.co,+1 (415) 682-7863,7844,c9fb770786,"San Francisco, CA",HH_SINGLE_000977,114,5066.85,app,0.4536,0.8633,0.1209,0.0491,0.486,9,22,True,0.6892,high
CUST_PREMIUM_001979,Eleanor Kim,Green,eleanor.kim@vectorlabs.co,+1 (646) 796-5782,0686,c3ed9a0181,"London, UK",HH_SINGLE_000978,24,4455.65,app,0.6298,0.4094,0.4209,0.5741,0.3287,3,7,False,0.1907,low
CUST_PREMIUM_001980,Kabir Anderson,Gold,anderson.kabir@northstar.org,+1 (310) 734-3701,5072,d22e5fcc5e,"Los Angeles, CA",HH_SINGLE_000979,19,18519.14,web,0.7332,0.6425,0.3505,0.4178,0.6114,2,3,False,0.0386,low
CUST_PREMIUM_001981,Jonah Ito,Green,j.ito@atlasmail.net,+1 (646) 870-1620,7068,914807831c,"London, UK",HH_SINGLE_000980,72,10952.31,app,0.8081,0.0878,0.7692,0.7277,0.3677,4,8,False,0.087,low
CUST_PREMIUM_001982,Amelia Cooper,Gold,ameliacooper@harbor.example,+1 (212) 797-9539,5387,8bb7cc102a,"New York, NY",HH_SINGLE_000981,48,17254.94,call_center,0.5731,0.6887,0.2977,0.5103,0.6449,7,13,False,0.3291,medium
CUST_PREMIUM_001983,Isabella Moore,Gold,isabellamoore@northstar.org,+1 (310) 845-7458,6431,1bd8a4c02e,"Los Angeles, CA",HH_00327,57,3417.9,call_center,0.2177,0.2605,0.4827,0.464,0.5081,3,5,False,0.1013,low
CUST_PREMIUM_001984,Arjun Martinez,Green,a.martinez@bluepeak.co,+1 (415) 204-5377,5551,95d141959a,"San Francisco, CA",HH_SINGLE_000983,80,6965.51,web,0.7876,0.195,0.5728,0.5448,0.7697,1,1,False,0.0228,low
CUST_PREMIUM_001985,Liam Young,Gold,l.young@northstar.org,+1 (312) 230-3296,4826,4bb7cff87b,"Chicago, IL",HH_SINGLE_000984,177,14653.63,app,0.964,0.7834,0.2114,0.6476,0.8127,8,17,False,0.4642,high
CUST_PREMIUM_001986,Vivian Thompson,Gold,thompson.vivian@orchardmail.com,+1 (415) 278-1215,9528,c2f79cba0f,"San Francisco, CA",HH_SINGLE_000985,13,11641.51,app,0.4871,0.5153,0.3428,0.4826,0.4516,9,19,False,0.4615,high
CUST_PREMIUM_001987,Alejandro Ramirez,Gold,alejandro.ramirez16@harbor.example,+1 (212) 282-9134,9752,58ae9dfc63,"New York, NY",HH_SINGLE_000986,114,15062.63,call_center,0.6181,0.3362,0.5449,0.8895,0.7686,12,21,False,0.3274,medium
CUST_PREMIUM_001988,Vivian Jones,Platinum,v.jones@bluepeak.co,+1 (312) 341-7053,1012,fcaee388a5,"Chicago, IL",HH_SINGLE_000987,28,69255.47,web,0.457,0.1275,0.8812,0.5926,0.308,8,12,False,0.0495,low
CUST_PREMIUM_001989,Jasmine Thompson,Green,thompson.jasmine@harbor.example,+1 (415) 389-4972,0509,377557dc2e,"San Francisco, CA",HH_00329,63,20495.28,call_center,0.838,0.8721,0.5735,0.7499,0.9132,5,6,False,0.0746,low
CUST_PREMIUM_001990,Dev Sato,Gold,dev.sato@harbor.example,+1 (469) 558-2891,9745,679485cc20,"Tokyo, Japan",HH_SINGLE_000989,76,8137.94,in_person,0.5681,0.321,0.5725,0.5436,0.7293,2,3,False,0.0498,low
CUST_PREMIUM_001991,Ananya Rossi,Gold,rossi.ananya@orchardmail.com,+1 (469) 595-0810,4532,d8e8dccd0e,"Tokyo, Japan",HH_00330,43,11964.53,call_center,0.5581,0.8614,0.2248,0.6791,0.4955,6,11,False,0.2628,medium
CUST_PREMIUM_001992,Theo Khan,Green,t.khan@example.com,+1 (646) 577-8729,2497,2be1ee114a,"London, UK",HH_SINGLE_000991,10,5563.51,in_person,0.4301,0.339,0.6121,0.3894,0.4261,3,5,False,0.1064,low
CUST_PREMIUM_001993,James Hall,Gold,hall.james@harbor.example,+1 (310) 515-6648,3241,673345f298,"Los Angeles, CA",HH_SINGLE_000992,60,14642.37,in_person,0.5356,0.3611,0.595,0.0545,0.8171,5,8,False,0.0527,low
CUST_PREMIUM_001994,Nathan Reed,Platinum,nathan.reed@northstar.org,+1 (404) 629-4567,9489,065a9fcff2,"Atlanta, GA",HH_SINGLE_000993,19,44266.5,call_center,0.3973,0.9188,0.2065,0.871,0.2186,6,14,False,0.3323,medium
CUST_PREMIUM_001995,Jonah White,Platinum,jonah.white24@orchardmail.com,+1 (617) 655-2486,6708,45ea503d10,"Boston, MA",HH_SINGLE_000994,88,30371.24,app,0.1609,0.5576,0.6074,0.5429,0.6011,10,16,False,0.0816,low
CUST_PREMIUM_001996,Ananya Wilson,Platinum,ananya.wilson25@northstar.org,+1 (415) 648-0405,5117,8fcf74deb9,"San Francisco, CA",HH_00331,70,45598.75,call_center,0.2822,0.3891,0.5419,0.1666,0.3336,3,4,False,0.0216,low
CUST_PREMIUM_001997,Alejandro Hernandez,Gold,alejandrohernandez@harbor.example,+1 (214) 696-8324,8683,f89265a75e,"Dallas, TX",HH_SINGLE_000996,28,39602.83,app,0.7439,0.3147,0.8027,0.505,0.6826,4,4,False,0.0145,low
CUST_PREMIUM_001998,Nathan Morris,Gold,nathan.morris27@atlasmail.net,+1 (212) 689-6243,1551,f3348229ea,"New York, NY",HH_00332,127,87304.99,app,0.5256,0.773,0.24,0.61,0.9272,13,22,False,0.4292,medium
CUST_PREMIUM_001999,Yuki Smith,Gold,yukismith@harbor.example,+1 (415) 759-4162,2525,0dc9cf2fc4,"San Francisco, CA",HH_SINGLE_000998,40,32640.14,web,0.7846,0.8575,0.4985,0.6781,0.9247,2,2,False,0.0452,low
CUST_PREMIUM_002000,Akira Khan,Green,akira.khan@vectorlabs.co,+1 (202) 862-2081,3784,29ba06cc01,"Washington, DC",HH_SINGLE_000999,34,17588.05,call_center,0.8074,0.5,0.4351,0.8638,0.5588,1,1,False,0.039,low
