id,type,val,owner_cust_id
CUST_PREMIUM_001001,cust_id,CUST_PREMIUM_001001,CUST_PREMIUM_001001
isla.sato0@bluepeak.co,email,isla.sato0@bluepeak.co,CUST_PREMIUM_001001
+1 (718) 354-1000,phone,+1 (718) 354-1000,CUST_PREMIUM_001001
8374,card_last4,Card *8374,CUST_PREMIUM_001001
ck_cf9c50ac51,cookie,ck_cf9c50ac51,CUST_PREMIUM_001001
dev_364a6b14f1,device_id,dev_364a6b14f1,CUST_PREMIUM_001001
CUST_PREMIUM_001002,cust_id,CUST_PREMIUM_001002,CUST_PREMIUM_001002
p.ramirez@atlasmail.net,email,p.ramirez@atlasmail.net,CUST_PREMIUM_001002
+1 (404) 325-8919,phone,+1 (404) 325-8919,CUST_PREMIUM_001002
2334,card_last4,Card *2334,CUST_PREMIUM_001002
ck_abe4c2a0fb,cookie,ck_abe4c2a0fb,CUST_PREMIUM_001002
ck_af9dc7e5ab,cookie,ck_af9dc7e5ab,CUST_PREMIUM_001002
ck_568983c699,cookie,ck_568983c699,CUST_PREMIUM_001002
ck_4c648af672,cookie,ck_4c648af672,CUST_PREMIUM_001002
dev_93634104a1,device_id,dev_93634104a1,CUST_PREMIUM_001002
CUST_PREMIUM_001003,cust_id,CUST_PREMIUM_001003,CUST_PREMIUM_001003
brown.leo@bluepeak.co,email,brown.leo@bluepeak.co,CUST_PREMIUM_001003
+1 (617) 351-6838,phone,+1 (617) 351-6838,CUST_PREMIUM_001003
1093,card_last4,Card *1093,CUST_PREMIUM_001003
ck_2ad4fc2a7d,cookie,ck_2ad4fc2a7d,CUST_PREMIUM_001003
ck_2340156543,cookie,ck_2340156543,CUST_PREMIUM_001003
dev_a70eb03805,device_id,dev_a70eb03805,CUST_PREMIUM_001003
dev_shared_a09add667,device_id,dev_shared_a09add667,CUST_PREMIUM_001003
CUST_PREMIUM_001004,cust_id,CUST_PREMIUM_001004,CUST_PREMIUM_001004
s.baker@vectorlabs.co,email,s.baker@vectorlabs.co,CUST_PREMIUM_001004
+1 (214) 355-4757,phone,+1 (214) 355-4757,CUST_PREMIUM_001004
6296,card_last4,Card *6296,CUST_PREMIUM_001004
ck_546e1a5aa2,cookie,ck_546e1a5aa2,CUST_PREMIUM_001004
ck_a4112e7072,cookie,ck_a4112e7072,CUST_PREMIUM_001004
dev_68900b1ec1,device_id,dev_68900b1ec1,CUST_PREMIUM_001004
CUST_PREMIUM_001005,cust_id,CUST_PREMIUM_001005,CUST_PREMIUM_001005
o.bennett@orchardmail.com,email,o.bennett@orchardmail.com,CUST_PREMIUM_001005
+1 (212) 348-2676,phone,+1 (212) 348-2676,CUST_PREMIUM_001005
1542,card_last4,Card *1542,CUST_PREMIUM_001005
ck_b3950b7e73,cookie,ck_b3950b7e73,CUST_PREMIUM_001005
dev_5e3aa13048,device_id,dev_5e3aa13048,CUST_PREMIUM_001005
dev_2632e7ee32,device_id,dev_2632e7ee32,CUST_PREMIUM_001005
CUST_PREMIUM_001006,cust_id,CUST_PREMIUM_001006,CUST_PREMIUM_001006
sara.young5@orchardmail.com,email,sara.young5@orchardmail.com,CUST_PREMIUM_001006
+1 (404) 473-0595,phone,+1 (404) 473-0595,CUST_PREMIUM_001006
0479,card_last4,Card *0479,CUST_PREMIUM_001006
ck_f7e29d9ac1,cookie,ck_f7e29d9ac1,CUST_PREMIUM_001006
dev_2d9ce90713,device_id,dev_2d9ce90713,CUST_PREMIUM_001006
CUST_PREMIUM_001007,cust_id,CUST_PREMIUM_001007,CUST_PREMIUM_001007
amelia.roy6@northstar.org,email,amelia.roy6@northstar.org,CUST_PREMIUM_001007
+1 (404) 510-8514,phone,+1 (404) 510-8514,CUST_PREMIUM_001007
2981,card_last4,Card *2981,CUST_PREMIUM_001007
ck_53135ec3d6,cookie,ck_53135ec3d6,CUST_PREMIUM_001007
dev_89a046623e,device_id,dev_89a046623e,CUST_PREMIUM_001007
dev_18b9e0292e,device_id,dev_18b9e0292e,CUST_PREMIUM_001007
CUST_PREMIUM_001008,cust_id,CUST_PREMIUM_001008,CUST_PREMIUM_001008
sophiahernandez@northstar.org,email,sophiahernandez@northstar.org,CUST_PREMIUM_001008
+1 (202) 558-6433,phone,+1 (202) 558-6433,CUST_PREMIUM_001008
6419,card_last4,Card *6419,CUST_PREMIUM_001008
ck_c3de34eabb,cookie,ck_c3de34eabb,CUST_PREMIUM_001008
ck_6baaa18eed,cookie,ck_6baaa18eed,CUST_PREMIUM_001008
dev_2c6ce1ba97,device_id,dev_2c6ce1ba97,CUST_PREMIUM_001008
dev_shared_91e42d586,device_id,dev_shared_91e42d586,CUST_PREMIUM_001008
CUST_PREMIUM_001009,cust_id,CUST_PREMIUM_001009,CUST_PREMIUM_001009
david.lee@atlasmail.net,email,david.lee@atlasmail.net,CUST_PREMIUM_001009
+1 (650) 628-4352,phone,+1 (650) 628-4352,CUST_PREMIUM_001009
8814,card_last4,Card *8814,CUST_PREMIUM_001009
ck_55704d3341,cookie,ck_55704d3341,CUST_PREMIUM_001009
ck_535213866d,cookie,ck_535213866d,CUST_PREMIUM_001009
dev_5d9136405f,device_id,dev_5d9136405f,CUST_PREMIUM_001009
CUST_PREMIUM_001010,cust_id,CUST_PREMIUM_001010,CUST_PREMIUM_001010
k.campbell@vectorlabs.co,email,k.campbell@vectorlabs.co,CUST_PREMIUM_001010
+1 (310) 544-2271,phone,+1 (310) 544-2271,CUST_PREMIUM_001010
6470,card_last4,Card *6470,CUST_PREMIUM_001010
ck_90132381d1,cookie,ck_90132381d1,CUST_PREMIUM_001010
ck_2865cb759a,cookie,ck_2865cb759a,CUST_PREMIUM_001010
ck_3ba215353a,cookie,ck_3ba215353a,CUST_PREMIUM_001010
dev_8146742b37,device_id,dev_8146742b37,CUST_PREMIUM_001010
CUST_PREMIUM_001011,cust_id,CUST_PREMIUM_001011,CUST_PREMIUM_001011
emma.kumar10@summitmail.net,email,emma.kumar10@summitmail.net,CUST_PREMIUM_001011
+1 (212) 570-0190,phone,+1 (212) 570-0190,CUST_PREMIUM_001011
9671,card_last4,Card *9671,CUST_PREMIUM_001011
ck_9319b16569,cookie,ck_9319b16569,CUST_PREMIUM_001011
dev_a5fd2b44c0,device_id,dev_a5fd2b44c0,CUST_PREMIUM_001011
CUST_PREMIUM_001012,cust_id,CUST_PREMIUM_001012,CUST_PREMIUM_001012
sterling.liam@vectorlabs.co,email,sterling.liam@vectorlabs.co,CUST_PREMIUM_001012
+1 (404) 695-8109,phone,+1 (404) 695-8109,CUST_PREMIUM_001012
9899,card_last4,Card *9899,CUST_PREMIUM_001012
ck_75cdfb5314,cookie,ck_75cdfb5314,CUST_PREMIUM_001012
ck_bd9c12dc1f,cookie,ck_bd9c12dc1f,CUST_PREMIUM_001012
ck_f6082e24a0,cookie,ck_f6082e24a0,CUST_PREMIUM_001012
dev_a4f623a69f,device_id,dev_a4f623a69f,CUST_PREMIUM_001012
CUST_PREMIUM_001013,cust_id,CUST_PREMIUM_001013,CUST_PREMIUM_001013
chloe.ito@vectorlabs.co,email,chloe.ito@vectorlabs.co,CUST_PREMIUM_001013
+1 (404) 732-6028,phone,+1 (404) 732-6028,CUST_PREMIUM_001013
9838,card_last4,Card *9838,CUST_PREMIUM_001013
ck_8a777c3dd7,cookie,ck_8a777c3dd7,CUST_PREMIUM_001013
ck_deae147c63,cookie,ck_deae147c63,CUST_PREMIUM_001013
ck_fab096768d,cookie,ck_fab096768d,CUST_PREMIUM_001013
ck_6232a0c599,cookie,ck_6232a0c599,CUST_PREMIUM_001013
dev_cc95f13d10,device_id,dev_cc95f13d10,CUST_PREMIUM_001013
dev_5ddacf961b,device_id,dev_5ddacf961b,CUST_PREMIUM_001013
CUST_PREMIUM_001014,cust_id,CUST_PREMIUM_001014,CUST_PREMIUM_001014
isabellahall@orchardmail.com,email,isabellahall@orchardmail.com,CUST_PREMIUM_001014
+1 (202) 780-3947,phone,+1 (202) 780-3947,CUST_PREMIUM_001014
8290,card_last4,Card *8290,CUST_PREMIUM_001014
ck_2c29d569d3,cookie,ck_2c29d569d3,CUST_PREMIUM_001014
dev_0c1b190193,device_id,dev_0c1b190193,CUST_PREMIUM_001014
CUST_PREMIUM_001015,cust_id,CUST_PREMIUM_001015,CUST_PREMIUM_001015
ibrahim.shah@example.com,email,ibrahim.shah@example.com,CUST_PREMIUM_001015
+1 (212) 718-1866,phone,+1 (212) 718-1866,CUST_PREMIUM_001015
2421,card_last4,Card *2421,CUST_PREMIUM_001015
ck_73eba13dcd,cookie,ck_73eba13dcd,CUST_PREMIUM_001015
dev_0ed1fa9c91,device_id,dev_0ed1fa9c91,CUST_PREMIUM_001015
dev_e117af689e,device_id,dev_e117af689e,CUST_PREMIUM_001015
CUST_PREMIUM_001016,cust_id,CUST_PREMIUM_001016,CUST_PREMIUM_001016
baker.sophia@harbor.example,email,baker.sophia@harbor.example,CUST_PREMIUM_001016
+1 (310) 766-9785,phone,+1 (310) 766-9785,CUST_PREMIUM_001016
7599,card_last4,Card *7599,CUST_PREMIUM_001016
ck_738675a076,cookie,ck_738675a076,CUST_PREMIUM_001016
ck_f3b7e5dad1,cookie,ck_f3b7e5dad1,CUST_PREMIUM_001016
dev_4121692443,device_id,dev_4121692443,CUST_PREMIUM_001016
dev_shared_8a63caf7b,device_id,dev_shared_8a63caf7b,CUST_PREMIUM_001016
CUST_PREMIUM_001017,cust_id,CUST_PREMIUM_001017,CUST_PREMIUM_001017
l.evans@harbor.example,email,l.evans@harbor.example,CUST_PREMIUM_001017
+1 (212) 792-7704,phone,+1 (212) 792-7704,CUST_PREMIUM_001017
9838,card_last4,Card *9838,CUST_PREMIUM_001017
ck_8729d23214,cookie,ck_8729d23214,CUST_PREMIUM_001017
ck_896d5936d4,cookie,ck_896d5936d4,CUST_PREMIUM_001017
dev_a43c0fb4de,device_id,dev_a43c0fb4de,CUST_PREMIUM_001017
CUST_PREMIUM_001018,cust_id,CUST_PREMIUM_001018,CUST_PREMIUM_001018
leo.young17@example.com,email,leo.young17@example.com,CUST_PREMIUM_001018
+1 (646) 239-5623,phone,+1 (646) 239-5623,CUST_PREMIUM_001018
2461,card_last4,Card *2461,CUST_PREMIUM_001018
ck_9d11724e7e,cookie,ck_9d11724e7e,CUST_PREMIUM_001018
dev_1a827ad986,device_id,dev_1a827ad986,CUST_PREMIUM_001018
CUST_PREMIUM_001019,cust_id,CUST_PREMIUM_001019,CUST_PREMIUM_001019
gracesingh@capital-demo.org,email,gracesingh@capital-demo.org,CUST_PREMIUM_001019
+1 (305) 221-3542,phone,+1 (305) 221-3542,CUST_PREMIUM_001019
2513,card_last4,Card *2513,CUST_PREMIUM_001019
ck_6b2efacc9b,cookie,ck_6b2efacc9b,CUST_PREMIUM_001019
dev_68c677b7bf,device_id,dev_68c677b7bf,CUST_PREMIUM_001019
dev_5e783fe642,device_id,dev_5e783fe642,CUST_PREMIUM_001019
CUST_PREMIUM_001020,cust_id,CUST_PREMIUM_001020,CUST_PREMIUM_001020
aaravrobinson@bluepeak.co,email,aaravrobinson@bluepeak.co,CUST_PREMIUM_001020
+1 (650) 335-1461,phone,+1 (650) 335-1461,CUST_PREMIUM_001020
9649,card_last4,Card *9649,CUST_PREMIUM_001020
ck_748cf2a95a,cookie,ck_748cf2a95a,CUST_PREMIUM_001020
dev_17a1b6efef,device_id,dev_17a1b6efef,CUST_PREMIUM_001020
CUST_PREMIUM_001021,cust_id,CUST_PREMIUM_001021,CUST_PREMIUM_001021
diegocampbell@example.com,email,diegocampbell@example.com,CUST_PREMIUM_001021
+1 (206) 306-9380,phone,+1 (206) 306-9380,CUST_PREMIUM_001021
3321,card_last4,Card *3321,CUST_PREMIUM_001021
ck_ff1f086ebd,cookie,ck_ff1f086ebd,CUST_PREMIUM_001021
dev_13d8ea7f2d,device_id,dev_13d8ea7f2d,CUST_PREMIUM_001021
CUST_PREMIUM_001022,cust_id,CUST_PREMIUM_001022,CUST_PREMIUM_001022
r.baker@orchardmail.com,email,r.baker@orchardmail.com,CUST_PREMIUM_001022
+1 (310) 288-7299,phone,+1 (310) 288-7299,CUST_PREMIUM_001022
3652,card_last4,Card *3652,CUST_PREMIUM_001022
ck_cc17ceaf2d,cookie,ck_cc17ceaf2d,CUST_PREMIUM_001022
dev_24319bf21d,device_id,dev_24319bf21d,CUST_PREMIUM_001022
CUST_PREMIUM_001023,cust_id,CUST_PREMIUM_001023,CUST_PREMIUM_001023
d.kumar@vectorlabs.co,email,d.kumar@vectorlabs.co,CUST_PREMIUM_001023
+1 (469) 479-5218,phone,+1 (469) 479-5218,CUST_PREMIUM_001023
8481,card_last4,Card *8481,CUST_PREMIUM_001023
ck_006716ef54,cookie,ck_006716ef54,CUST_PREMIUM_001023
ck_a8c8bff2d5,cookie,ck_a8c8bff2d5,CUST_PREMIUM_001023
dev_53810a67df,device_id,dev_53810a67df,CUST_PREMIUM_001023
CUST_PREMIUM_001024,cust_id,CUST_PREMIUM_001024,CUST_PREMIUM_001024
p.khan@vectorlabs.co,email,p.khan@vectorlabs.co,CUST_PREMIUM_001024
+1 (469) 516-3137,phone,+1 (469) 516-3137,CUST_PREMIUM_001024
1868,card_last4,Card *1868,CUST_PREMIUM_001024
ck_973940181a,cookie,ck_973940181a,CUST_PREMIUM_001024
dev_4b1f6d0659,device_id,dev_4b1f6d0659,CUST_PREMIUM_001024
dev_93a54b235c,device_id,dev_93a54b235c,CUST_PREMIUM_001024
CUST_PREMIUM_001025,cust_id,CUST_PREMIUM_001025,CUST_PREMIUM_001025
rafael.jones@orchardmail.com,email,rafael.jones@orchardmail.com,CUST_PREMIUM_001025
+1 (312) 410-1056,phone,+1 (312) 410-1056,CUST_PREMIUM_001025
2353,card_last4,Card *2353,CUST_PREMIUM_001025
ck_f408bf1b52,cookie,ck_f408bf1b52,CUST_PREMIUM_001025
ck_95e2c11c5d,cookie,ck_95e2c11c5d,CUST_PREMIUM_001025
ck_8816eff4b5,cookie,ck_8816eff4b5,CUST_PREMIUM_001025
dev_96e9c8c2ea,device_id,dev_96e9c8c2ea,CUST_PREMIUM_001025
CUST_PREMIUM_001026,cust_id,CUST_PREMIUM_001026,CUST_PREMIUM_001026
i.khan@summitmail.net,email,i.khan@summitmail.net,CUST_PREMIUM_001026
+1 (212) 425-8975,phone,+1 (212) 425-8975,CUST_PREMIUM_001026
7432,card_last4,Card *7432,CUST_PREMIUM_001026
ck_12c62554b6,cookie,ck_12c62554b6,CUST_PREMIUM_001026
dev_b4d4967352,device_id,dev_b4d4967352,CUST_PREMIUM_001026
dev_a22ba0277d,device_id,dev_a22ba0277d,CUST_PREMIUM_001026
dev_shared_38588bdb8,device_id,dev_shared_38588bdb8,CUST_PREMIUM_001026
CUST_PREMIUM_001027,cust_id,CUST_PREMIUM_001027,CUST_PREMIUM_001027
morgan.kabir@example.com,email,morgan.kabir@example.com,CUST_PREMIUM_001027
+1 (202) 561-6894,phone,+1 (202) 561-6894,CUST_PREMIUM_001027
5028,card_last4,Card *5028,CUST_PREMIUM_001027
ck_048d02cb05,cookie,ck_048d02cb05,CUST_PREMIUM_001027
dev_4df2f2131c,device_id,dev_4df2f2131c,CUST_PREMIUM_001027
CUST_PREMIUM_001028,cust_id,CUST_PREMIUM_001028,CUST_PREMIUM_001028
n.hall@harbor.example,email,n.hall@harbor.example,CUST_PREMIUM_001028
+1 (416) 620-4813,phone,+1 (416) 620-4813,CUST_PREMIUM_001028
2250,card_last4,Card *2250,CUST_PREMIUM_001028
ck_ece6021fa7,cookie,ck_ece6021fa7,CUST_PREMIUM_001028
dev_7c7bdf2bed,device_id,dev_7c7bdf2bed,CUST_PREMIUM_001028
CUST_PREMIUM_001029,cust_id,CUST_PREMIUM_001029,CUST_PREMIUM_001029
nathan.diaz@capital-demo.org,email,nathan.diaz@capital-demo.org,CUST_PREMIUM_001029
+1 (212) 536-2732,phone,+1 (212) 536-2732,CUST_PREMIUM_001029
1880,card_last4,Card *1880,CUST_PREMIUM_001029
ck_7791aad3b2,cookie,ck_7791aad3b2,CUST_PREMIUM_001029
ck_8e42206428,cookie,ck_8e42206428,CUST_PREMIUM_001029
dev_1eeeebfc62,device_id,dev_1eeeebfc62,CUST_PREMIUM_001029
CUST_PREMIUM_001030,cust_id,CUST_PREMIUM_001030,CUST_PREMIUM_001030
d.williams@northstar.org,email,d.williams@northstar.org,CUST_PREMIUM_001030
+1 (650) 705-0651,phone,+1 (650) 705-0651,CUST_PREMIUM_001030
1075,card_last4,Card *1075,CUST_PREMIUM_001030
ck_4cd64b9235,cookie,ck_4cd64b9235,CUST_PREMIUM_001030
ck_97a37804ef,cookie,ck_97a37804ef,CUST_PREMIUM_001030
dev_75970e203a,device_id,dev_75970e203a,CUST_PREMIUM_001030
CUST_PREMIUM_001031,cust_id,CUST_PREMIUM_001031,CUST_PREMIUM_001031
kumar.olivia@northstar.org,email,kumar.olivia@northstar.org,CUST_PREMIUM_001031
+1 (415) 643-8570,phone,+1 (415) 643-8570,CUST_PREMIUM_001031
5507,card_last4,Card *5507,CUST_PREMIUM_001031
ck_dc35672da9,cookie,ck_dc35672da9,CUST_PREMIUM_001031
dev_8a19be61d5,device_id,dev_8a19be61d5,CUST_PREMIUM_001031
dev_a7fcb3663a,device_id,dev_a7fcb3663a,CUST_PREMIUM_001031
CUST_PREMIUM_001032,cust_id,CUST_PREMIUM_001032,CUST_PREMIUM_001032
oliviathomas@example.com,email,oliviathomas@example.com,CUST_PREMIUM_001032
+1 (305) 702-6489,phone,+1 (305) 702-6489,CUST_PREMIUM_001032
8169,card_last4,Card *8169,CUST_PREMIUM_001032
ck_f8cf3c2a1a,cookie,ck_f8cf3c2a1a,CUST_PREMIUM_001032
ck_c8b1b04ecb,cookie,ck_c8b1b04ecb,CUST_PREMIUM_001032
dev_7dda7bb445,device_id,dev_7dda7bb445,CUST_PREMIUM_001032
dev_shared_52d9a51f6,device_id,dev_shared_52d9a51f6,CUST_PREMIUM_001032
CUST_PREMIUM_001033,cust_id,CUST_PREMIUM_001033,CUST_PREMIUM_001033
vivianrobinson@bluepeak.co,email,vivianrobinson@bluepeak.co,CUST_PREMIUM_001033
+1 (404) 772-4408,phone,+1 (404) 772-4408,CUST_PREMIUM_001033
6495,card_last4,Card *6495,CUST_PREMIUM_001033
ck_0614f77886,cookie,ck_0614f77886,CUST_PREMIUM_001033
dev_c408541875,device_id,dev_c408541875,CUST_PREMIUM_001033
CUST_PREMIUM_001034,cust_id,CUST_PREMIUM_001034,CUST_PREMIUM_001034
hiro.chen@orchardmail.com,email,hiro.chen@orchardmail.com,CUST_PREMIUM_001034
+1 (212) 721-2327,phone,+1 (212) 721-2327,CUST_PREMIUM_001034
9935,card_last4,Card *9935,CUST_PREMIUM_001034
ck_f6961de967,cookie,ck_f6961de967,CUST_PREMIUM_001034
ck_a3ee265cae,cookie,ck_a3ee265cae,CUST_PREMIUM_001034
dev_6899997465,device_id,dev_6899997465,CUST_PREMIUM_001034
CUST_PREMIUM_001035,cust_id,CUST_PREMIUM_001035,CUST_PREMIUM_001035
sora.rodriguez@summitmail.net,email,sora.rodriguez@summitmail.net,CUST_PREMIUM_001035
+1 (416) 879-0246,phone,+1 (416) 879-0246,CUST_PREMIUM_001035
3233,card_last4,Card *3233,CUST_PREMIUM_001035
ck_9310e17bd2,cookie,ck_9310e17bd2,CUST_PREMIUM_001035
ck_e96efd3b0f,cookie,ck_e96efd3b0f,CUST_PREMIUM_001035
dev_a24249603f,device_id,dev_a24249603f,CUST_PREMIUM_001035
CUST_PREMIUM_001036,cust_id,CUST_PREMIUM_001036,CUST_PREMIUM_001036
f.cooper@capital-demo.org,email,f.cooper@capital-demo.org,CUST_PREMIUM_001036
+1 (917) 238-8165,phone,+1 (917) 238-8165,CUST_PREMIUM_001036
1844,card_last4,Card *1844,CUST_PREMIUM_001036
ck_e8fd2afa90,cookie,ck_e8fd2afa90,CUST_PREMIUM_001036
dev_927e5ec89f,device_id,dev_927e5ec89f,CUST_PREMIUM_001036
dev_shared_96bd14734,device_id,dev_shared_96bd14734,CUST_PREMIUM_001036
CUST_PREMIUM_001037,cust_id,CUST_PREMIUM_001037,CUST_PREMIUM_001037
brown.andre@example.com,email,brown.andre@example.com,CUST_PREMIUM_001037
+1 (212) 832-6084,phone,+1 (212) 832-6084,CUST_PREMIUM_001037
0505,card_last4,Card *0505,CUST_PREMIUM_001037
ck_d61049417a,cookie,ck_d61049417a,CUST_PREMIUM_001037
ck_4f8ce10b99,cookie,ck_4f8ce10b99,CUST_PREMIUM_001037
dev_bfc6903b9a,device_id,dev_bfc6903b9a,CUST_PREMIUM_001037
CUST_PREMIUM_001038,cust_id,CUST_PREMIUM_001038,CUST_PREMIUM_001038
nathan.sato37@bluepeak.co,email,nathan.sato37@bluepeak.co,CUST_PREMIUM_001038
+1 (617) 246-4003,phone,+1 (617) 246-4003,CUST_PREMIUM_001038
7118,card_last4,Card *7118,CUST_PREMIUM_001038
ck_076c7fdf85,cookie,ck_076c7fdf85,CUST_PREMIUM_001038
ck_1f8fd6b1da,cookie,ck_1f8fd6b1da,CUST_PREMIUM_001038
dev_d1bade4bce,device_id,dev_d1bade4bce,CUST_PREMIUM_001038
CUST_PREMIUM_001039,cust_id,CUST_PREMIUM_001039,CUST_PREMIUM_001039
emma.anderson38@orchardmail.com,email,emma.anderson38@orchardmail.com,CUST_PREMIUM_001039
+1 (212) 206-1922,phone,+1 (212) 206-1922,CUST_PREMIUM_001039
9562,card_last4,Card *9562,CUST_PREMIUM_001039
ck_598dfb1e70,cookie,ck_598dfb1e70,CUST_PREMIUM_001039
ck_00faa84a78,cookie,ck_00faa84a78,CUST_PREMIUM_001039
dev_5693c9da80,device_id,dev_5693c9da80,CUST_PREMIUM_001039
CUST_PREMIUM_001040,cust_id,CUST_PREMIUM_001040,CUST_PREMIUM_001040
aditi.roy@harbor.example,email,aditi.roy@harbor.example,CUST_PREMIUM_001040
+1 (646) 353-9841,phone,+1 (646) 353-9841,CUST_PREMIUM_001040
5085,card_last4,Card *5085,CUST_PREMIUM_001040
ck_4611b6de9a,cookie,ck_4611b6de9a,CUST_PREMIUM_001040
ck_ebf376a2d2,cookie,ck_ebf376a2d2,CUST_PREMIUM_001040
ck_1ec84b63db,cookie,ck_1ec84b63db,CUST_PREMIUM_001040
dev_1ad5e78785,device_id,dev_1ad5e78785,CUST_PREMIUM_001040
dev_3d426b951d,device_id,dev_3d426b951d,CUST_PREMIUM_001040
CUST_PREMIUM_001041,cust_id,CUST_PREMIUM_001041,CUST_PREMIUM_001041
jasmineyoung@orchardmail.com,email,jasmineyoung@orchardmail.com,CUST_PREMIUM_001041
+1 (617) 357-7760,phone,+1 (617) 357-7760,CUST_PREMIUM_001041
9796,card_last4,Card *9796,CUST_PREMIUM_001041
ck_8f632391f4,cookie,ck_8f632391f4,CUST_PREMIUM_001041
dev_cc89420026,device_id,dev_cc89420026,CUST_PREMIUM_001041
dev_shared_6b20681da,device_id,dev_shared_6b20681da,CUST_PREMIUM_001041
CUST_PREMIUM_001042,cust_id,CUST_PREMIUM_001042,CUST_PREMIUM_001042
ibrahim.thompson41@vectorlabs.co,email,ibrahim.thompson41@vectorlabs.co,CUST_PREMIUM_001042
+1 (415) 350-5679,phone,+1 (415) 350-5679,CUST_PREMIUM_001042
0567,card_last4,Card *0567,CUST_PREMIUM_001042
ck_66f04acb7f,cookie,ck_66f04acb7f,CUST_PREMIUM_001042
dev_1207b88aa1,device_id,dev_1207b88aa1,CUST_PREMIUM_001042
CUST_PREMIUM_001043,cust_id,CUST_PREMIUM_001043,CUST_PREMIUM_001043
omarlopez@capital-demo.org,email,omarlopez@capital-demo.org,CUST_PREMIUM_001043
+1 (202) 453-3598,phone,+1 (202) 453-3598,CUST_PREMIUM_001043
6895,card_last4,Card *6895,CUST_PREMIUM_001043
ck_6c2768fa36,cookie,ck_6c2768fa36,CUST_PREMIUM_001043
dev_93481e629e,device_id,dev_93481e629e,CUST_PREMIUM_001043
CUST_PREMIUM_001044,cust_id,CUST_PREMIUM_001044,CUST_PREMIUM_001044
h.robinson@example.com,email,h.robinson@example.com,CUST_PREMIUM_001044
+1 (312) 413-1517,phone,+1 (312) 413-1517,CUST_PREMIUM_001044
4581,card_last4,Card *4581,CUST_PREMIUM_001044
ck_452162c95a,cookie,ck_452162c95a,CUST_PREMIUM_001044
dev_10457b0110,device_id,dev_10457b0110,CUST_PREMIUM_001044
CUST_PREMIUM_001045,cust_id,CUST_PREMIUM_001045,CUST_PREMIUM_001045
baker.chloe@example.com,email,baker.chloe@example.com,CUST_PREMIUM_001045
+1 (617) 505-9436,phone,+1 (617) 505-9436,CUST_PREMIUM_001045
9955,card_last4,Card *9955,CUST_PREMIUM_001045
ck_446defdb20,cookie,ck_446defdb20,CUST_PREMIUM_001045
ck_fdfa08f3ae,cookie,ck_fdfa08f3ae,CUST_PREMIUM_001045
dev_04da70dcf3,device_id,dev_04da70dcf3,CUST_PREMIUM_001045
dev_be0acb2a12,device_id,dev_be0acb2a12,CUST_PREMIUM_001045
dev_239a5c9600,device_id,dev_239a5c9600,CUST_PREMIUM_001045
CUST_PREMIUM_001046,cust_id,CUST_PREMIUM_001046,CUST_PREMIUM_001046
grace.rodriguez@bluepeak.co,email,grace.rodriguez@bluepeak.co,CUST_PREMIUM_001046
+1 (617) 542-7355,phone,+1 (617) 542-7355,CUST_PREMIUM_001046
4737,card_last4,Card *4737,CUST_PREMIUM_001046
ck_75703e1a18,cookie,ck_75703e1a18,CUST_PREMIUM_001046
ck_96524fecaf,cookie,ck_96524fecaf,CUST_PREMIUM_001046
dev_58e4798b9b,device_id,dev_58e4798b9b,CUST_PREMIUM_001046
CUST_PREMIUM_001047,cust_id,CUST_PREMIUM_001047,CUST_PREMIUM_001047
norarobinson@northstar.org,email,norarobinson@northstar.org,CUST_PREMIUM_001047
+1 (469) 667-5274,phone,+1 (469) 667-5274,CUST_PREMIUM_001047
6701,card_last4,Card *6701,CUST_PREMIUM_001047
ck_e2dc59bfc2,cookie,ck_e2dc59bfc2,CUST_PREMIUM_001047
dev_08e243ad2c,device_id,dev_08e243ad2c,CUST_PREMIUM_001047
CUST_PREMIUM_001048,cust_id,CUST_PREMIUM_001048,CUST_PREMIUM_001048
isla.jones47@summitmail.net,email,isla.jones47@summitmail.net,CUST_PREMIUM_001048
+1 (206) 605-3193,phone,+1 (206) 605-3193,CUST_PREMIUM_001048
3911,card_last4,Card *3911,CUST_PREMIUM_001048
ck_579cb7ea78,cookie,ck_579cb7ea78,CUST_PREMIUM_001048
dev_5f1e2f7217,device_id,dev_5f1e2f7217,CUST_PREMIUM_001048
CUST_PREMIUM_001049,cust_id,CUST_PREMIUM_001049,CUST_PREMIUM_001049
rafael.wilson48@atlasmail.net,email,rafael.wilson48@atlasmail.net,CUST_PREMIUM_001049
+1 (212) 576-1112,phone,+1 (212) 576-1112,CUST_PREMIUM_001049
7572,card_last4,Card *7572,CUST_PREMIUM_001049
ck_fc42e0040f,cookie,ck_fc42e0040f,CUST_PREMIUM_001049
dev_97d9792b01,device_id,dev_97d9792b01,CUST_PREMIUM_001049
CUST_PREMIUM_001050,cust_id,CUST_PREMIUM_001050,CUST_PREMIUM_001050
fatimadiaz@example.com,email,fatimadiaz@example.com,CUST_PREMIUM_001050
+1 (617) 690-9031,phone,+1 (617) 690-9031,CUST_PREMIUM_001050
2780,card_last4,Card *2780,CUST_PREMIUM_001050
ck_57018ff3d0,cookie,ck_57018ff3d0,CUST_PREMIUM_001050
ck_537579249b,cookie,ck_537579249b,CUST_PREMIUM_001050
dev_cf56ebe91e,device_id,dev_cf56ebe91e,CUST_PREMIUM_001050
dev_shared_fa527b5e0,device_id,dev_shared_fa527b5e0,CUST_PREMIUM_001050
CUST_PREMIUM_001051,cust_id,CUST_PREMIUM_001051,CUST_PREMIUM_001051
a.wilson@example.com,email,a.wilson@example.com,CUST_PREMIUM_001051
+1 (305) 705-6950,phone,+1 (305) 705-6950,CUST_PREMIUM_001051
0627,card_last4,Card *0627,CUST_PREMIUM_001051
ck_e937eca893,cookie,ck_e937eca893,CUST_PREMIUM_001051
ck_05f1f5a0f4,cookie,ck_05f1f5a0f4,CUST_PREMIUM_001051
ck_0739e52f96,cookie,ck_0739e52f96,CUST_PREMIUM_001051
ck_a44ee95b8a,cookie,ck_a44ee95b8a,CUST_PREMIUM_001051
dev_7e67825b4a,device_id,dev_7e67825b4a,CUST_PREMIUM_001051
dev_7112dc3256,device_id,dev_7112dc3256,CUST_PREMIUM_001051
CUST_PREMIUM_001052,cust_id,CUST_PREMIUM_001052,CUST_PREMIUM_001052
sara.campbell51@orchardmail.com,email,sara.campbell51@orchardmail.com,CUST_PREMIUM_001052
+1 (214) 731-4869,phone,+1 (214) 731-4869,CUST_PREMIUM_001052
7266,card_last4,Card *7266,CUST_PREMIUM_001052
ck_2894973a2d,cookie,ck_2894973a2d,CUST_PREMIUM_001052
dev_6bb68a2707,device_id,dev_6bb68a2707,CUST_PREMIUM_001052
CUST_PREMIUM_001053,cust_id,CUST_PREMIUM_001053,CUST_PREMIUM_001053
priyavance@harbor.example,email,priyavance@harbor.example,CUST_PREMIUM_001053
+1 (718) 878-2788,phone,+1 (718) 878-2788,CUST_PREMIUM_001053
0817,card_last4,Card *0817,CUST_PREMIUM_001053
ck_6d2adfc871,cookie,ck_6d2adfc871,CUST_PREMIUM_001053
dev_de7d9b2b86,device_id,dev_de7d9b2b86,CUST_PREMIUM_001053
CUST_PREMIUM_001054,cust_id,CUST_PREMIUM_001054,CUST_PREMIUM_001054
carter.alejandro@vectorlabs.co,email,carter.alejandro@vectorlabs.co,CUST_PREMIUM_001054
+1 (206) 827-0707,phone,+1 (206) 827-0707,CUST_PREMIUM_001054
1724,card_last4,Card *1724,CUST_PREMIUM_001054
ck_3cc03c1bd8,cookie,ck_3cc03c1bd8,CUST_PREMIUM_001054
ck_73ba6cea31,cookie,ck_73ba6cea31,CUST_PREMIUM_001054
ck_3d53dd8f6c,cookie,ck_3d53dd8f6c,CUST_PREMIUM_001054
dev_64278b3ecc,device_id,dev_64278b3ecc,CUST_PREMIUM_001054
dev_427bde635d,device_id,dev_427bde635d,CUST_PREMIUM_001054
CUST_PREMIUM_001055,cust_id,CUST_PREMIUM_001055,CUST_PREMIUM_001055
miguelshah@capital-demo.org,email,miguelshah@capital-demo.org,CUST_PREMIUM_001055
+1 (310) 809-8626,phone,+1 (310) 809-8626,CUST_PREMIUM_001055
5874,card_last4,Card *5874,CUST_PREMIUM_001055
ck_6ac43e0670,cookie,ck_6ac43e0670,CUST_PREMIUM_001055
ck_9bb37908c6,cookie,ck_9bb37908c6,CUST_PREMIUM_001055
ck_f580c3db6b,cookie,ck_f580c3db6b,CUST_PREMIUM_001055
dev_327a1f736b,device_id,dev_327a1f736b,CUST_PREMIUM_001055
CUST_PREMIUM_001056,cust_id,CUST_PREMIUM_001056,CUST_PREMIUM_001056
sara.sato@summitmail.net,email,sara.sato@summitmail.net,CUST_PREMIUM_001056
+1 (404) 223-6545,phone,+1 (404) 223-6545,CUST_PREMIUM_001056
4977,card_last4,Card *4977,CUST_PREMIUM_001056
ck_ed52d31e2e,cookie,ck_ed52d31e2e,CUST_PREMIUM_001056
dev_d9a1970ce1,device_id,dev_d9a1970ce1,CUST_PREMIUM_001056
CUST_PREMIUM_001057,cust_id,CUST_PREMIUM_001057,CUST_PREMIUM_001057
leogupta@example.com,email,leogupta@example.com,CUST_PREMIUM_001057
+1 (650) 304-4464,phone,+1 (650) 304-4464,CUST_PREMIUM_001057
0003,card_last4,Card *0003,CUST_PREMIUM_001057
ck_f39c785402,cookie,ck_f39c785402,CUST_PREMIUM_001057
ck_c1b00f6cb2,cookie,ck_c1b00f6cb2,CUST_PREMIUM_001057
ck_715a8c15dc,cookie,ck_715a8c15dc,CUST_PREMIUM_001057
dev_99174e72e5,device_id,dev_99174e72e5,CUST_PREMIUM_001057
CUST_PREMIUM_001058,cust_id,CUST_PREMIUM_001058,CUST_PREMIUM_001058
aditi.evans@example.com,email,aditi.evans@example.com,CUST_PREMIUM_001058
+1 (310) 220-2383,phone,+1 (310) 220-2383,CUST_PREMIUM_001058
5022,card_last4,Card *5022,CUST_PREMIUM_001058
ck_7b983e2ff0,cookie,ck_7b983e2ff0,CUST_PREMIUM_001058
dev_1f01755886,device_id,dev_1f01755886,CUST_PREMIUM_001058
dev_8c7893906e,device_id,dev_8c7893906e,CUST_PREMIUM_001058
CUST_PREMIUM_001059,cust_id,CUST_PREMIUM_001059,CUST_PREMIUM_001059
g.rodriguez@atlasmail.net,email,g.rodriguez@atlasmail.net,CUST_PREMIUM_001059
+1 (650) 378-0302,phone,+1 (650) 378-0302,CUST_PREMIUM_001059
4992,card_last4,Card *4992,CUST_PREMIUM_001059
ck_7ffb3f6ca7,cookie,ck_7ffb3f6ca7,CUST_PREMIUM_001059
dev_490c9c7b49,device_id,dev_490c9c7b49,CUST_PREMIUM_001059
CUST_PREMIUM_001060,cust_id,CUST_PREMIUM_001060,CUST_PREMIUM_001060
chloe.roy@capital-demo.org,email,chloe.roy@capital-demo.org,CUST_PREMIUM_001060
+1 (646) 393-8221,phone,+1 (646) 393-8221,CUST_PREMIUM_001060
0461,card_last4,Card *0461,CUST_PREMIUM_001060
ck_ce0b53aa35,cookie,ck_ce0b53aa35,CUST_PREMIUM_001060
dev_f776fdd6c5,device_id,dev_f776fdd6c5,CUST_PREMIUM_001060
CUST_PREMIUM_001061,cust_id,CUST_PREMIUM_001061,CUST_PREMIUM_001061
amara.wilson60@northstar.org,email,amara.wilson60@northstar.org,CUST_PREMIUM_001061
+1 (206) 386-6140,phone,+1 (206) 386-6140,CUST_PREMIUM_001061
1649,card_last4,Card *1649,CUST_PREMIUM_001061
ck_3f3ca74eef,cookie,ck_3f3ca74eef,CUST_PREMIUM_001061
ck_debeb430bb,cookie,ck_debeb430bb,CUST_PREMIUM_001061
dev_c18f97297a,device_id,dev_c18f97297a,CUST_PREMIUM_001061
CUST_PREMIUM_001062,cust_id,CUST_PREMIUM_001062,CUST_PREMIUM_001062
amara.robinson61@vectorlabs.co,email,amara.robinson61@vectorlabs.co,CUST_PREMIUM_001062
+1 (312) 379-4059,phone,+1 (312) 379-4059,CUST_PREMIUM_001062
2290,card_last4,Card *2290,CUST_PREMIUM_001062
ck_27cde89bd6,cookie,ck_27cde89bd6,CUST_PREMIUM_001062
dev_c18e6eea2f,device_id,dev_c18e6eea2f,CUST_PREMIUM_001062
dev_62e3eb4233,device_id,dev_62e3eb4233,CUST_PREMIUM_001062
CUST_PREMIUM_001063,cust_id,CUST_PREMIUM_001063,CUST_PREMIUM_001063
ibrahim.nguyen@summitmail.net,email,ibrahim.nguyen@summitmail.net,CUST_PREMIUM_001063
+1 (212) 394-1978,phone,+1 (212) 394-1978,CUST_PREMIUM_001063
2097,card_last4,Card *2097,CUST_PREMIUM_001063
ck_e684fcad08,cookie,ck_e684fcad08,CUST_PREMIUM_001063
ck_51bae5d14a,cookie,ck_51bae5d14a,CUST_PREMIUM_001063
dev_bd2cd8fb8a,device_id,dev_bd2cd8fb8a,CUST_PREMIUM_001063
CUST_PREMIUM_001064,cust_id,CUST_PREMIUM_001064,CUST_PREMIUM_001064
ito.nora@northstar.org,email,ito.nora@northstar.org,CUST_PREMIUM_001064
+1 (646) 541-9897,phone,+1 (646) 541-9897,CUST_PREMIUM_001064
2788,card_last4,Card *2788,CUST_PREMIUM_001064
ck_c2257e8d45,cookie,ck_c2257e8d45,CUST_PREMIUM_001064
dev_3593b42c5c,device_id,dev_3593b42c5c,CUST_PREMIUM_001064
dev_shared_29456b365,device_id,dev_shared_29456b365,CUST_PREMIUM_001064
CUST_PREMIUM_001065,cust_id,CUST_PREMIUM_001065,CUST_PREMIUM_001065
elias.miller@orchardmail.com,email,elias.miller@orchardmail.com,CUST_PREMIUM_001065
+1 (415) 501-7816,phone,+1 (415) 501-7816,CUST_PREMIUM_001065
5665,card_last4,Card *5665,CUST_PREMIUM_001065
ck_7c8f3a870a,cookie,ck_7c8f3a870a,CUST_PREMIUM_001065
dev_dd241fbdb2,device_id,dev_dd241fbdb2,CUST_PREMIUM_001065
CUST_PREMIUM_001066,cust_id,CUST_PREMIUM_001066,CUST_PREMIUM_001066
samuel.kumar65@orchardmail.com,email,samuel.kumar65@orchardmail.com,CUST_PREMIUM_001066
+1 (310) 516-5735,phone,+1 (310) 516-5735,CUST_PREMIUM_001066
7385,card_last4,Card *7385,CUST_PREMIUM_001066
ck_8d2028afff,cookie,ck_8d2028afff,CUST_PREMIUM_001066
ck_567d793fc3,cookie,ck_567d793fc3,CUST_PREMIUM_001066
dev_275f5633eb,device_id,dev_275f5633eb,CUST_PREMIUM_001066
CUST_PREMIUM_001067,cust_id,CUST_PREMIUM_001067,CUST_PREMIUM_001067
rei.baker@bluepeak.co,email,rei.baker@bluepeak.co,CUST_PREMIUM_001067
+1 (617) 619-3654,phone,+1 (617) 619-3654,CUST_PREMIUM_001067
3990,card_last4,Card *3990,CUST_PREMIUM_001067
ck_884a0c1f01,cookie,ck_884a0c1f01,CUST_PREMIUM_001067
ck_ea66d50754,cookie,ck_ea66d50754,CUST_PREMIUM_001067
dev_a4589612dc,device_id,dev_a4589612dc,CUST_PREMIUM_001067
CUST_PREMIUM_001068,cust_id,CUST_PREMIUM_001068,CUST_PREMIUM_001068
mia.reed@harbor.example,email,mia.reed@harbor.example,CUST_PREMIUM_001068
+1 (312) 601-1573,phone,+1 (312) 601-1573,CUST_PREMIUM_001068
9440,card_last4,Card *9440,CUST_PREMIUM_001068
ck_30ae162527,cookie,ck_30ae162527,CUST_PREMIUM_001068
dev_71d44d5db8,device_id,dev_71d44d5db8,CUST_PREMIUM_001068
CUST_PREMIUM_001069,cust_id,CUST_PREMIUM_001069,CUST_PREMIUM_001069
sarashah@vectorlabs.co,email,sarashah@vectorlabs.co,CUST_PREMIUM_001069
+1 (650) 748-9492,phone,+1 (650) 748-9492,CUST_PREMIUM_001069
1641,card_last4,Card *1641,CUST_PREMIUM_001069
ck_5a46ea43e1,cookie,ck_5a46ea43e1,CUST_PREMIUM_001069
dev_fb1c928eac,device_id,dev_fb1c928eac,CUST_PREMIUM_001069
dev_shared_6a7b1d417,device_id,dev_shared_6a7b1d417,CUST_PREMIUM_001069
CUST_PREMIUM_001070,cust_id,CUST_PREMIUM_001070,CUST_PREMIUM_001070
s.sato@vectorlabs.co,email,s.sato@vectorlabs.co,CUST_PREMIUM_001070
+1 (404) 741-7411,phone,+1 (404) 741-7411,CUST_PREMIUM_001070
5144,card_last4,Card *5144,CUST_PREMIUM_001070
ck_3c80130db8,cookie,ck_3c80130db8,CUST_PREMIUM_001070
ck_f14bc7ac1f,cookie,ck_f14bc7ac1f,CUST_PREMIUM_001070
dev_510baf2b95,device_id,dev_510baf2b95,CUST_PREMIUM_001070
CUST_PREMIUM_001071,cust_id,CUST_PREMIUM_001071,CUST_PREMIUM_001071
i.adams@atlasmail.net,email,i.adams@atlasmail.net,CUST_PREMIUM_001071
+1 (416) 811-5330,phone,+1 (416) 811-5330,CUST_PREMIUM_001071
2275,card_last4,Card *2275,CUST_PREMIUM_001071
ck_a6beed4f35,cookie,ck_a6beed4f35,CUST_PREMIUM_001071
ck_eda4f19d97,cookie,ck_eda4f19d97,CUST_PREMIUM_001071
dev_dbd4fa0610,device_id,dev_dbd4fa0610,CUST_PREMIUM_001071
CUST_PREMIUM_001072,cust_id,CUST_PREMIUM_001072,CUST_PREMIUM_001072
elenakapoor@atlasmail.net,email,elenakapoor@atlasmail.net,CUST_PREMIUM_001072
+1 (469) 892-3249,phone,+1 (469) 892-3249,CUST_PREMIUM_001072
5569,card_last4,Card *5569,CUST_PREMIUM_001072
ck_0d6884da3a,cookie,ck_0d6884da3a,CUST_PREMIUM_001072
ck_1f1905539b,cookie,ck_1f1905539b,CUST_PREMIUM_001072
dev_bd862d118a,device_id,dev_bd862d118a,CUST_PREMIUM_001072
CUST_PREMIUM_001073,cust_id,CUST_PREMIUM_001073,CUST_PREMIUM_001073
avery.williams@vectorlabs.co,email,avery.williams@vectorlabs.co,CUST_PREMIUM_001073
+1 (214) 808-1168,phone,+1 (214) 808-1168,CUST_PREMIUM_001073
6150,card_last4,Card *6150,CUST_PREMIUM_001073
ck_bcbbebbea2,cookie,ck_bcbbebbea2,CUST_PREMIUM_001073
dev_20c6f88a60,device_id,dev_20c6f88a60,CUST_PREMIUM_001073
dev_shared_f65ee373f,device_id,dev_shared_f65ee373f,CUST_PREMIUM_001073
dev_shared_21133448e,device_id,dev_shared_21133448e,CUST_PREMIUM_001073
CUST_PREMIUM_001074,cust_id,CUST_PREMIUM_001074,CUST_PREMIUM_001074
hazel.murphy@capital-demo.org,email,hazel.murphy@capital-demo.org,CUST_PREMIUM_001074
+1 (206) 867-9087,phone,+1 (206) 867-9087,CUST_PREMIUM_001074
5315,card_last4,Card *5315,CUST_PREMIUM_001074
ck_89b75f8d97,cookie,ck_89b75f8d97,CUST_PREMIUM_001074
dev_cbc4a48704,device_id,dev_cbc4a48704,CUST_PREMIUM_001074
CUST_PREMIUM_001075,cust_id,CUST_PREMIUM_001075,CUST_PREMIUM_001075
zara.ahmed@vectorlabs.co,email,zara.ahmed@vectorlabs.co,CUST_PREMIUM_001075
+1 (917) 281-7006,phone,+1 (917) 281-7006,CUST_PREMIUM_001075
9107,card_last4,Card *9107,CUST_PREMIUM_001075
ck_2c106595d3,cookie,ck_2c106595d3,CUST_PREMIUM_001075
ck_258c70628c,cookie,ck_258c70628c,CUST_PREMIUM_001075
dev_139d9db29a,device_id,dev_139d9db29a,CUST_PREMIUM_001075
dev_shared_2c36261da,device_id,dev_shared_2c36261da,CUST_PREMIUM_001075
CUST_PREMIUM_001076,cust_id,CUST_PREMIUM_001076,CUST_PREMIUM_001076
baker.zoe@example.com,email,baker.zoe@example.com,CUST_PREMIUM_001076
+1 (404) 263-4925,phone,+1 (404) 263-4925,CUST_PREMIUM_001076
1237,card_last4,Card *1237,CUST_PREMIUM_001076
ck_c857a93931,cookie,ck_c857a93931,CUST_PREMIUM_001076
dev_7acfbeebf2,device_id,dev_7acfbeebf2,CUST_PREMIUM_001076
CUST_PREMIUM_001077,cust_id,CUST_PREMIUM_001077,CUST_PREMIUM_001077
miguel.robinson@harbor.example,email,miguel.robinson@harbor.example,CUST_PREMIUM_001077
+1 (312) 234-2844,phone,+1 (312) 234-2844,CUST_PREMIUM_001077
6299,card_last4,Card *6299,CUST_PREMIUM_001077
ck_b10630ce1d,cookie,ck_b10630ce1d,CUST_PREMIUM_001077
dev_e49be11b7a,device_id,dev_e49be11b7a,CUST_PREMIUM_001077
CUST_PREMIUM_001078,cust_id,CUST_PREMIUM_001078,CUST_PREMIUM_001078
rivera.rafael@harbor.example,email,rivera.rafael@harbor.example,CUST_PREMIUM_001078
+1 (312) 271-0763,phone,+1 (312) 271-0763,CUST_PREMIUM_001078
9097,card_last4,Card *9097,CUST_PREMIUM_001078
ck_9af0859887,cookie,ck_9af0859887,CUST_PREMIUM_001078
dev_557b561b94,device_id,dev_557b561b94,CUST_PREMIUM_001078
CUST_PREMIUM_001079,cust_id,CUST_PREMIUM_001079,CUST_PREMIUM_001079
adriankim@northstar.org,email,adriankim@northstar.org,CUST_PREMIUM_001079
+1 (650) 418-8682,phone,+1 (650) 418-8682,CUST_PREMIUM_001079
3085,card_last4,Card *3085,CUST_PREMIUM_001079
ck_9b30a6549f,cookie,ck_9b30a6549f,CUST_PREMIUM_001079
dev_f340cf7138,device_id,dev_f340cf7138,CUST_PREMIUM_001079
CUST_PREMIUM_001080,cust_id,CUST_PREMIUM_001080,CUST_PREMIUM_001080
jasminesterling@bluepeak.co,email,jasminesterling@bluepeak.co,CUST_PREMIUM_001080
+1 (310) 334-6601,phone,+1 (310) 334-6601,CUST_PREMIUM_001080
6943,card_last4,Card *6943,CUST_PREMIUM_001080
ck_bbc9e2c1d6,cookie,ck_bbc9e2c1d6,CUST_PREMIUM_001080
dev_250e8040e2,device_id,dev_250e8040e2,CUST_PREMIUM_001080
CUST_PREMIUM_001081,cust_id,CUST_PREMIUM_001081,CUST_PREMIUM_001081
ethan.kumar80@harbor.example,email,ethan.kumar80@harbor.example,CUST_PREMIUM_001081
+1 (310) 371-4520,phone,+1 (310) 371-4520,CUST_PREMIUM_001081
0512,card_last4,Card *0512,CUST_PREMIUM_001081
ck_d0e19eedb9,cookie,ck_d0e19eedb9,CUST_PREMIUM_001081
ck_8244a92c90,cookie,ck_8244a92c90,CUST_PREMIUM_001081
ck_92300b404c,cookie,ck_92300b404c,CUST_PREMIUM_001081
ck_2acc9bfa5e,cookie,ck_2acc9bfa5e,CUST_PREMIUM_001081
dev_999d3cc819,device_id,dev_999d3cc819,CUST_PREMIUM_001081
CUST_PREMIUM_001082,cust_id,CUST_PREMIUM_001082,CUST_PREMIUM_001082
ravimorris@orchardmail.com,email,ravimorris@orchardmail.com,CUST_PREMIUM_001082
+1 (650) 529-2439,phone,+1 (650) 529-2439,CUST_PREMIUM_001082
6767,card_last4,Card *6767,CUST_PREMIUM_001082
ck_b5baec9568,cookie,ck_b5baec9568,CUST_PREMIUM_001082
ck_6815621681,cookie,ck_6815621681,CUST_PREMIUM_001082
dev_c6d157f744,device_id,dev_c6d157f744,CUST_PREMIUM_001082
CUST_PREMIUM_001083,cust_id,CUST_PREMIUM_001083,CUST_PREMIUM_001083
l.brown@orchardmail.com,email,l.brown@orchardmail.com,CUST_PREMIUM_001083
+1 (646) 544-0358,phone,+1 (646) 544-0358,CUST_PREMIUM_001083
8464,card_last4,Card *8464,CUST_PREMIUM_001083
ck_402a9fffc6,cookie,ck_402a9fffc6,CUST_PREMIUM_001083
dev_6769ea261e,device_id,dev_6769ea261e,CUST_PREMIUM_001083
CUST_PREMIUM_001084,cust_id,CUST_PREMIUM_001084,CUST_PREMIUM_001084
roy.elena@summitmail.net,email,roy.elena@summitmail.net,CUST_PREMIUM_001084
+1 (646) 581-8277,phone,+1 (646) 581-8277,CUST_PREMIUM_001084
4873,card_last4,Card *4873,CUST_PREMIUM_001084
ck_116c4a58d7,cookie,ck_116c4a58d7,CUST_PREMIUM_001084
dev_4922c4f05c,device_id,dev_4922c4f05c,CUST_PREMIUM_001084
CUST_PREMIUM_001085,cust_id,CUST_PREMIUM_001085,CUST_PREMIUM_001085
grace.harris@capital-demo.org,email,grace.harris@capital-demo.org,CUST_PREMIUM_001085
+1 (202) 607-6196,phone,+1 (202) 607-6196,CUST_PREMIUM_001085
1245,card_last4,Card *1245,CUST_PREMIUM_001085
ck_291c69d986,cookie,ck_291c69d986,CUST_PREMIUM_001085
ck_d2c1f92a5c,cookie,ck_d2c1f92a5c,CUST_PREMIUM_001085
ck_38b1b1191d,cookie,ck_38b1b1191d,CUST_PREMIUM_001085
dev_26567c2aa4,device_id,dev_26567c2aa4,CUST_PREMIUM_001085
CUST_PREMIUM_001086,cust_id,CUST_PREMIUM_001086,CUST_PREMIUM_001086
reithompson@example.com,email,reithompson@example.com,CUST_PREMIUM_001086
+1 (214) 589-4115,phone,+1 (214) 589-4115,CUST_PREMIUM_001086
4617,card_last4,Card *4617,CUST_PREMIUM_001086
ck_fa6fc48a8d,cookie,ck_fa6fc48a8d,CUST_PREMIUM_001086
ck_e748c3ba26,cookie,ck_e748c3ba26,CUST_PREMIUM_001086
dev_a39ca406d9,device_id,dev_a39ca406d9,CUST_PREMIUM_001086
CUST_PREMIUM_001087,cust_id,CUST_PREMIUM_001087,CUST_PREMIUM_001087
sara.reed@vectorlabs.co,email,sara.reed@vectorlabs.co,CUST_PREMIUM_001087
+1 (212) 582-2034,phone,+1 (212) 582-2034,CUST_PREMIUM_001087
4132,card_last4,Card *4132,CUST_PREMIUM_001087
ck_b719c615a7,cookie,ck_b719c615a7,CUST_PREMIUM_001087
dev_5c8aa376e7,device_id,dev_5c8aa376e7,CUST_PREMIUM_001087
CUST_PREMIUM_001088,cust_id,CUST_PREMIUM_001088,CUST_PREMIUM_001088
lopez.dev@example.com,email,lopez.dev@example.com,CUST_PREMIUM_001088
+1 (212) 619-9953,phone,+1 (212) 619-9953,CUST_PREMIUM_001088
0146,card_last4,Card *0146,CUST_PREMIUM_001088
ck_2735846e7b,cookie,ck_2735846e7b,CUST_PREMIUM_001088
ck_f653167c86,cookie,ck_f653167c86,CUST_PREMIUM_001088
dev_3b7b586af3,device_id,dev_3b7b586af3,CUST_PREMIUM_001088
dev_00830508e0,device_id,dev_00830508e0,CUST_PREMIUM_001088
CUST_PREMIUM_001089,cust_id,CUST_PREMIUM_001089,CUST_PREMIUM_001089
moore.elias@example.com,email,moore.elias@example.com,CUST_PREMIUM_001089
+1 (617) 733-7872,phone,+1 (617) 733-7872,CUST_PREMIUM_001089
5961,card_last4,Card *5961,CUST_PREMIUM_001089
ck_f529bc0d2b,cookie,ck_f529bc0d2b,CUST_PREMIUM_001089
dev_afc087f9ca,device_id,dev_afc087f9ca,CUST_PREMIUM_001089
CUST_PREMIUM_001090,cust_id,CUST_PREMIUM_001090,CUST_PREMIUM_001090
rodriguez.amelia@orchardmail.com,email,rodriguez.amelia@orchardmail.com,CUST_PREMIUM_001090
+1 (310) 704-5791,phone,+1 (310) 704-5791,CUST_PREMIUM_001090
4082,card_last4,Card *4082,CUST_PREMIUM_001090
ck_ee5c05a2ce,cookie,ck_ee5c05a2ce,CUST_PREMIUM_001090
ck_0e6d9382bc,cookie,ck_0e6d9382bc,CUST_PREMIUM_001090
dev_5bea6ef1bf,device_id,dev_5bea6ef1bf,CUST_PREMIUM_001090
dev_8e5b9afce8,device_id,dev_8e5b9afce8,CUST_PREMIUM_001090
dev_shared_a09add667,device_id,dev_shared_a09add667,CUST_PREMIUM_001090
CUST_PREMIUM_001091,cust_id,CUST_PREMIUM_001091,CUST_PREMIUM_001091
andre.thomas90@vectorlabs.co,email,andre.thomas90@vectorlabs.co,CUST_PREMIUM_001091
+1 (202) 829-3710,phone,+1 (202) 829-3710,CUST_PREMIUM_001091
0940,card_last4,Card *0940,CUST_PREMIUM_001091
ck_b0bb9036c7,cookie,ck_b0bb9036c7,CUST_PREMIUM_001091
ck_75cb47c4bb,cookie,ck_75cb47c4bb,CUST_PREMIUM_001091
ck_ec983888dc,cookie,ck_ec983888dc,CUST_PREMIUM_001091
ck_4042af03ce,cookie,ck_4042af03ce,CUST_PREMIUM_001091
dev_bce8d9727a,device_id,dev_bce8d9727a,CUST_PREMIUM_001091
CUST_PREMIUM_001092,cust_id,CUST_PREMIUM_001092,CUST_PREMIUM_001092
meera.thompson91@orchardmail.com,email,meera.thompson91@orchardmail.com,CUST_PREMIUM_001092
+1 (415) 800-1629,phone,+1 (415) 800-1629,CUST_PREMIUM_001092
8720,card_last4,Card *8720,CUST_PREMIUM_001092
ck_ed9eadeedd,cookie,ck_ed9eadeedd,CUST_PREMIUM_001092
ck_8e2da42737,cookie,ck_8e2da42737,CUST_PREMIUM_001092
dev_157b4bf660,device_id,dev_157b4bf660,CUST_PREMIUM_001092
CUST_PREMIUM_001093,cust_id,CUST_PREMIUM_001093,CUST_PREMIUM_001093
theosmith@harbor.example,email,theosmith@harbor.example,CUST_PREMIUM_001093
+1 (469) 269-9548,phone,+1 (469) 269-9548,CUST_PREMIUM_001093
9900,card_last4,Card *9900,CUST_PREMIUM_001093
ck_466f7f58a2,cookie,ck_466f7f58a2,CUST_PREMIUM_001093
dev_77f8f77331,device_id,dev_77f8f77331,CUST_PREMIUM_001093
dev_3177093f89,device_id,dev_3177093f89,CUST_PREMIUM_001093
CUST_PREMIUM_001094,cust_id,CUST_PREMIUM_001094,CUST_PREMIUM_001094
c.young@bluepeak.co,email,c.young@bluepeak.co,CUST_PREMIUM_001094
+1 (202) 240-7467,phone,+1 (202) 240-7467,CUST_PREMIUM_001094
0124,card_last4,Card *0124,CUST_PREMIUM_001094
ck_c6ebecf970,cookie,ck_c6ebecf970,CUST_PREMIUM_001094
dev_e82d72c90c,device_id,dev_e82d72c90c,CUST_PREMIUM_001094
CUST_PREMIUM_001095,cust_id,CUST_PREMIUM_001095,CUST_PREMIUM_001095
isabellawhite@orchardmail.com,email,isabellawhite@orchardmail.com,CUST_PREMIUM_001095
+1 (617) 255-5386,phone,+1 (617) 255-5386,CUST_PREMIUM_001095
2349,card_last4,Card *2349,CUST_PREMIUM_001095
ck_ebdb2ff887,cookie,ck_ebdb2ff887,CUST_PREMIUM_001095
dev_a21e3be1ee,device_id,dev_a21e3be1ee,CUST_PREMIUM_001095
CUST_PREMIUM_001096,cust_id,CUST_PREMIUM_001096,CUST_PREMIUM_001096
a.garcia@summitmail.net,email,a.garcia@summitmail.net,CUST_PREMIUM_001096
+1 (310) 226-3305,phone,+1 (310) 226-3305,CUST_PREMIUM_001096
2505,card_last4,Card *2505,CUST_PREMIUM_001096
ck_a1f078dfa6,cookie,ck_a1f078dfa6,CUST_PREMIUM_001096
ck_fe68ded200,cookie,ck_fe68ded200,CUST_PREMIUM_001096
dev_3190b94f95,device_id,dev_3190b94f95,CUST_PREMIUM_001096
CUST_PREMIUM_001097,cust_id,CUST_PREMIUM_001097,CUST_PREMIUM_001097
aishachen@example.com,email,aishachen@example.com,CUST_PREMIUM_001097
+1 (416) 373-1224,phone,+1 (416) 373-1224,CUST_PREMIUM_001097
5522,card_last4,Card *5522,CUST_PREMIUM_001097
ck_c335387e32,cookie,ck_c335387e32,CUST_PREMIUM_001097
ck_7824b49b9f,cookie,ck_7824b49b9f,CUST_PREMIUM_001097
dev_6bc8a33108,device_id,dev_6bc8a33108,CUST_PREMIUM_001097
dev_shared_34335eed8,device_id,dev_shared_34335eed8,CUST_PREMIUM_001097
CUST_PREMIUM_001098,cust_id,CUST_PREMIUM_001098,CUST_PREMIUM_001098
priyabrown@harbor.example,email,priyabrown@harbor.example,CUST_PREMIUM_001098
+1 (212) 289-9143,phone,+1 (212) 289-9143,CUST_PREMIUM_001098
0904,card_last4,Card *0904,CUST_PREMIUM_001098
ck_032740dc4f,cookie,ck_032740dc4f,CUST_PREMIUM_001098
dev_7b51908d14,device_id,dev_7b51908d14,CUST_PREMIUM_001098
CUST_PREMIUM_001099,cust_id,CUST_PREMIUM_001099,CUST_PREMIUM_001099
charlotte.sterling@harbor.example,email,charlotte.sterling@harbor.example,CUST_PREMIUM_001099
+1 (310) 337-7062,phone,+1 (310) 337-7062,CUST_PREMIUM_001099
7237,card_last4,Card *7237,CUST_PREMIUM_001099
ck_5c79ee7873,cookie,ck_5c79ee7873,CUST_PREMIUM_001099
ck_d5bc32ee2f,cookie,ck_d5bc32ee2f,CUST_PREMIUM_001099
ck_b414222c41,cookie,ck_b414222c41,CUST_PREMIUM_001099
dev_8e1b916972,device_id,dev_8e1b916972,CUST_PREMIUM_001099
dev_d8069d34c3,device_id,dev_d8069d34c3,CUST_PREMIUM_001099
CUST_PREMIUM_001100,cust_id,CUST_PREMIUM_001100,CUST_PREMIUM_001100
hannah.wright@atlasmail.net,email,hannah.wright@atlasmail.net,CUST_PREMIUM_001100
+1 (310) 374-4981,phone,+1 (310) 374-4981,CUST_PREMIUM_001100
1079,card_last4,Card *1079,CUST_PREMIUM_001100
ck_64c51ab571,cookie,ck_64c51ab571,CUST_PREMIUM_001100
ck_85d39c1baf,cookie,ck_85d39c1baf,CUST_PREMIUM_001100
ck_3b468785e1,cookie,ck_3b468785e1,CUST_PREMIUM_001100
dev_20086ed0f6,device_id,dev_20086ed0f6,CUST_PREMIUM_001100
dev_shared_efd69d758,device_id,dev_shared_efd69d758,CUST_PREMIUM_001100
CUST_PREMIUM_001101,cust_id,CUST_PREMIUM_001101,CUST_PREMIUM_001101
yukiroy@capital-demo.org,email,yukiroy@capital-demo.org,CUST_PREMIUM_001101
+1 (415) 433-2900,phone,+1 (415) 433-2900,CUST_PREMIUM_001101
6786,card_last4,Card *6786,CUST_PREMIUM_001101
ck_04018a7909,cookie,ck_04018a7909,CUST_PREMIUM_001101
dev_3f30c6b623,device_id,dev_3f30c6b623,CUST_PREMIUM_001101
CUST_PREMIUM_001102,cust_id,CUST_PREMIUM_001102,CUST_PREMIUM_001102
davidbaker@example.com,email,davidbaker@example.com,CUST_PREMIUM_001102
+1 (650) 569-0819,phone,+1 (650) 569-0819,CUST_PREMIUM_001102
8677,card_last4,Card *8677,CUST_PREMIUM_001102
ck_2c86882871,cookie,ck_2c86882871,CUST_PREMIUM_001102
ck_1e91dac8f2,cookie,ck_1e91dac8f2,CUST_PREMIUM_001102
ck_fc448e7c2c,cookie,ck_fc448e7c2c,CUST_PREMIUM_001102
ck_6ef6e126df,cookie,ck_6ef6e126df,CUST_PREMIUM_001102
dev_3ad7a8d79f,device_id,dev_3ad7a8d79f,CUST_PREMIUM_001102
CUST_PREMIUM_001103,cust_id,CUST_PREMIUM_001103,CUST_PREMIUM_001103
chloe.vance5@capital-demo.org,email,chloe.vance5@capital-demo.org,CUST_PREMIUM_001103
+1 (718) 628-8738,phone,+1 (718) 628-8738,CUST_PREMIUM_001103
9760,card_last4,Card *9760,CUST_PREMIUM_001103
ck_8c1fc9b26d,cookie,ck_8c1fc9b26d,CUST_PREMIUM_001103
dev_08a4989d91,device_id,dev_08a4989d91,CUST_PREMIUM_001103
CUST_PREMIUM_001104,cust_id,CUST_PREMIUM_001104,CUST_PREMIUM_001104
rafaelbrown@atlasmail.net,email,rafaelbrown@atlasmail.net,CUST_PREMIUM_001104
+1 (214) 555-6657,phone,+1 (214) 555-6657,CUST_PREMIUM_001104
9037,card_last4,Card *9037,CUST_PREMIUM_001104
ck_4e97b27839,cookie,ck_4e97b27839,CUST_PREMIUM_001104
ck_a431ad4c7a,cookie,ck_a431ad4c7a,CUST_PREMIUM_001104
ck_79604de7ba,cookie,ck_79604de7ba,CUST_PREMIUM_001104
dev_c713158dac,device_id,dev_c713158dac,CUST_PREMIUM_001104
CUST_PREMIUM_001105,cust_id,CUST_PREMIUM_001105,CUST_PREMIUM_001105
charlotte.lee@atlasmail.net,email,charlotte.lee@atlasmail.net,CUST_PREMIUM_001105
+1 (312) 570-4576,phone,+1 (312) 570-4576,CUST_PREMIUM_001105
8053,card_last4,Card *8053,CUST_PREMIUM_001105
ck_8efbf32fe8,cookie,ck_8efbf32fe8,CUST_PREMIUM_001105
dev_21fa6d9bbe,device_id,dev_21fa6d9bbe,CUST_PREMIUM_001105
CUST_PREMIUM_001106,cust_id,CUST_PREMIUM_001106,CUST_PREMIUM_001106
hiro.thomas8@atlasmail.net,email,hiro.thomas8@atlasmail.net,CUST_PREMIUM_001106
+1 (212) 585-2495,phone,+1 (212) 585-2495,CUST_PREMIUM_001106
5771,card_last4,Card *5771,CUST_PREMIUM_001106
ck_6c389d6a16,cookie,ck_6c389d6a16,CUST_PREMIUM_001106
ck_c1e5ca0546,cookie,ck_c1e5ca0546,CUST_PREMIUM_001106
ck_cfb81cb567,cookie,ck_cfb81cb567,CUST_PREMIUM_001106
dev_0c4cd2a8fa,device_id,dev_0c4cd2a8fa,CUST_PREMIUM_001106
dev_b24e544e9a,device_id,dev_b24e544e9a,CUST_PREMIUM_001106
dev_shared_262547b98,device_id,dev_shared_262547b98,CUST_PREMIUM_001106
CUST_PREMIUM_001107,cust_id,CUST_PREMIUM_001107,CUST_PREMIUM_001107
olivia.garcia@vectorlabs.co,email,olivia.garcia@vectorlabs.co,CUST_PREMIUM_001107
+1 (202) 721-0414,phone,+1 (202) 721-0414,CUST_PREMIUM_001107
6190,card_last4,Card *6190,CUST_PREMIUM_001107
ck_2a49665e30,cookie,ck_2a49665e30,CUST_PREMIUM_001107
dev_2c2e6aa90f,device_id,dev_2c2e6aa90f,CUST_PREMIUM_001107
CUST_PREMIUM_001108,cust_id,CUST_PREMIUM_001108,CUST_PREMIUM_001108
ito.aditi@vectorlabs.co,email,ito.aditi@vectorlabs.co,CUST_PREMIUM_001108
+1 (617) 736-8333,phone,+1 (617) 736-8333,CUST_PREMIUM_001108
1553,card_last4,Card *1553,CUST_PREMIUM_001108
ck_8b6776bfea,cookie,ck_8b6776bfea,CUST_PREMIUM_001108
ck_f908c7c643,cookie,ck_f908c7c643,CUST_PREMIUM_001108
dev_572a8236a5,device_id,dev_572a8236a5,CUST_PREMIUM_001108
CUST_PREMIUM_001109,cust_id,CUST_PREMIUM_001109,CUST_PREMIUM_001109
hannah.patel11@bluepeak.co,email,hannah.patel11@bluepeak.co,CUST_PREMIUM_001109
+1 (212) 696-6252,phone,+1 (212) 696-6252,CUST_PREMIUM_001109
6285,card_last4,Card *6285,CUST_PREMIUM_001109
ck_2be3241f2d,cookie,ck_2be3241f2d,CUST_PREMIUM_001109
ck_a63e886457,cookie,ck_a63e886457,CUST_PREMIUM_001109
ck_46424085fd,cookie,ck_46424085fd,CUST_PREMIUM_001109
dev_10e3defba2,device_id,dev_10e3defba2,CUST_PREMIUM_001109
CUST_PREMIUM_001110,cust_id,CUST_PREMIUM_001110,CUST_PREMIUM_001110
ibrahimfernandez@harbor.example,email,ibrahimfernandez@harbor.example,CUST_PREMIUM_001110
+1 (646) 843-4171,phone,+1 (646) 843-4171,CUST_PREMIUM_001110
2769,card_last4,Card *2769,CUST_PREMIUM_001110
ck_a499c1c47d,cookie,ck_a499c1c47d,CUST_PREMIUM_001110
ck_a6adfb783e,cookie,ck_a6adfb783e,CUST_PREMIUM_001110
dev_7b1ea40c12,device_id,dev_7b1ea40c12,CUST_PREMIUM_001110
dev_d8985b4c21,device_id,dev_d8985b4c21,CUST_PREMIUM_001110
CUST_PREMIUM_001111,cust_id,CUST_PREMIUM_001111,CUST_PREMIUM_001111
rafael.nakamura@harbor.example,email,rafael.nakamura@harbor.example,CUST_PREMIUM_001111
+1 (312) 792-2090,phone,+1 (312) 792-2090,CUST_PREMIUM_001111
3161,card_last4,Card *3161,CUST_PREMIUM_001111
ck_9df45639bf,cookie,ck_9df45639bf,CUST_PREMIUM_001111
ck_4d66f8f3b1,cookie,ck_4d66f8f3b1,CUST_PREMIUM_001111
dev_37fe43c1b0,device_id,dev_37fe43c1b0,CUST_PREMIUM_001111
CUST_PREMIUM_001112,cust_id,CUST_PREMIUM_001112,CUST_PREMIUM_001112
meera.sato@summitmail.net,email,meera.sato@summitmail.net,CUST_PREMIUM_001112
+1 (310) 818-0009,phone,+1 (310) 818-0009,CUST_PREMIUM_001112
5291,card_last4,Card *5291,CUST_PREMIUM_001112
ck_5149e935b7,cookie,ck_5149e935b7,CUST_PREMIUM_001112
dev_3d3b57598d,device_id,dev_3d3b57598d,CUST_PREMIUM_001112
CUST_PREMIUM_001113,cust_id,CUST_PREMIUM_001113,CUST_PREMIUM_001113
kai.martin15@harbor.example,email,kai.martin15@harbor.example,CUST_PREMIUM_001113
+1 (214) 888-7928,phone,+1 (214) 888-7928,CUST_PREMIUM_001113
5963,card_last4,Card *5963,CUST_PREMIUM_001113
ck_cb6afd1322,cookie,ck_cb6afd1322,CUST_PREMIUM_001113
ck_b744a7d06b,cookie,ck_b744a7d06b,CUST_PREMIUM_001113
dev_2d3f0ba4a3,device_id,dev_2d3f0ba4a3,CUST_PREMIUM_001113
dev_shared_6a7b1d417,device_id,dev_shared_6a7b1d417,CUST_PREMIUM_001113
CUST_PREMIUM_001114,cust_id,CUST_PREMIUM_001114,CUST_PREMIUM_001114
m.kumar@example.com,email,m.kumar@example.com,CUST_PREMIUM_001114
+1 (310) 892-5847,phone,+1 (310) 892-5847,CUST_PREMIUM_001114
8202,card_last4,Card *8202,CUST_PREMIUM_001114
ck_88fda19c4e,cookie,ck_88fda19c4e,CUST_PREMIUM_001114
ck_72d749a84c,cookie,ck_72d749a84c,CUST_PREMIUM_001114
ck_2724dd71d2,cookie,ck_2724dd71d2,CUST_PREMIUM_001114
dev_80efeba361,device_id,dev_80efeba361,CUST_PREMIUM_001114
CUST_PREMIUM_001115,cust_id,CUST_PREMIUM_001115,CUST_PREMIUM_001115
adrian.patel17@bluepeak.co,email,adrian.patel17@bluepeak.co,CUST_PREMIUM_001115
+1 (415) 251-3766,phone,+1 (415) 251-3766,CUST_PREMIUM_001115
9875,card_last4,Card *9875,CUST_PREMIUM_001115
ck_98e7b0d535,cookie,ck_98e7b0d535,CUST_PREMIUM_001115
ck_0a4e1ea98c,cookie,ck_0a4e1ea98c,CUST_PREMIUM_001115
dev_3bb33eb10f,device_id,dev_3bb33eb10f,CUST_PREMIUM_001115
CUST_PREMIUM_001116,cust_id,CUST_PREMIUM_001116,CUST_PREMIUM_001116
naomicooper@summitmail.net,email,naomicooper@summitmail.net,CUST_PREMIUM_001116
+1 (305) 310-1685,phone,+1 (305) 310-1685,CUST_PREMIUM_001116
6438,card_last4,Card *6438,CUST_PREMIUM_001116
ck_4af28e5e44,cookie,ck_4af28e5e44,CUST_PREMIUM_001116
ck_72bb36d8cc,cookie,ck_72bb36d8cc,CUST_PREMIUM_001116
dev_6a2737d677,device_id,dev_6a2737d677,CUST_PREMIUM_001116
CUST_PREMIUM_001117,cust_id,CUST_PREMIUM_001117,CUST_PREMIUM_001117
soraito@northstar.org,email,soraito@northstar.org,CUST_PREMIUM_001117
+1 (310) 303-9604,phone,+1 (310) 303-9604,CUST_PREMIUM_001117
4509,card_last4,Card *4509,CUST_PREMIUM_001117
ck_d8ecba5896,cookie,ck_d8ecba5896,CUST_PREMIUM_001117
dev_d06601fe18,device_id,dev_d06601fe18,CUST_PREMIUM_001117
CUST_PREMIUM_001118,cust_id,CUST_PREMIUM_001118,CUST_PREMIUM_001118
nathanlopez@summitmail.net,email,nathanlopez@summitmail.net,CUST_PREMIUM_001118
+1 (212) 329-7523,phone,+1 (212) 329-7523,CUST_PREMIUM_001118
7951,card_last4,Card *7951,CUST_PREMIUM_001118
ck_48c62ae152,cookie,ck_48c62ae152,CUST_PREMIUM_001118
dev_7ba33a828e,device_id,dev_7ba33a828e,CUST_PREMIUM_001118
dev_shared_57bfd84f1,device_id,dev_shared_57bfd84f1,CUST_PREMIUM_001118
CUST_PREMIUM_001119,cust_id,CUST_PREMIUM_001119,CUST_PREMIUM_001119
camila.lewis@atlasmail.net,email,camila.lewis@atlasmail.net,CUST_PREMIUM_001119
+1 (305) 421-5442,phone,+1 (305) 421-5442,CUST_PREMIUM_001119
4798,card_last4,Card *4798,CUST_PREMIUM_001119
ck_6b6540e515,cookie,ck_6b6540e515,CUST_PREMIUM_001119
dev_132e2f9db1,device_id,dev_132e2f9db1,CUST_PREMIUM_001119
CUST_PREMIUM_001120,cust_id,CUST_PREMIUM_001120,CUST_PREMIUM_001120
jamesperez@capital-demo.org,email,jamesperez@capital-demo.org,CUST_PREMIUM_001120
+1 (404) 491-3361,phone,+1 (404) 491-3361,CUST_PREMIUM_001120
9094,card_last4,Card *9094,CUST_PREMIUM_001120
ck_49b6e11568,cookie,ck_49b6e11568,CUST_PREMIUM_001120
dev_67930d3301,device_id,dev_67930d3301,CUST_PREMIUM_001120
CUST_PREMIUM_001121,cust_id,CUST_PREMIUM_001121,CUST_PREMIUM_001121
kabir.evans@vectorlabs.co,email,kabir.evans@vectorlabs.co,CUST_PREMIUM_001121
+1 (312) 462-1280,phone,+1 (312) 462-1280,CUST_PREMIUM_001121
1170,card_last4,Card *1170,CUST_PREMIUM_001121
ck_48b12977b9,cookie,ck_48b12977b9,CUST_PREMIUM_001121
ck_47aaa419a1,cookie,ck_47aaa419a1,CUST_PREMIUM_001121
ck_b010072419,cookie,ck_b010072419,CUST_PREMIUM_001121
ck_4eeda065e0,cookie,ck_4eeda065e0,CUST_PREMIUM_001121
dev_791fc4aaa9,device_id,dev_791fc4aaa9,CUST_PREMIUM_001121
dev_shared_e4580289f,device_id,dev_shared_e4580289f,CUST_PREMIUM_001121
CUST_PREMIUM_001122,cust_id,CUST_PREMIUM_001122,CUST_PREMIUM_001122
jackson.aisha@vectorlabs.co,email,jackson.aisha@vectorlabs.co,CUST_PREMIUM_001122
+1 (202) 576-9199,phone,+1 (202) 576-9199,CUST_PREMIUM_001122
4797,card_last4,Card *4797,CUST_PREMIUM_001122
ck_f652991686,cookie,ck_f652991686,CUST_PREMIUM_001122
dev_7d47d2743a,device_id,dev_7d47d2743a,CUST_PREMIUM_001122
CUST_PREMIUM_001123,cust_id,CUST_PREMIUM_001123,CUST_PREMIUM_001123
aditi.ahmed@northstar.org,email,aditi.ahmed@northstar.org,CUST_PREMIUM_001123
+1 (415) 547-7118,phone,+1 (415) 547-7118,CUST_PREMIUM_001123
9237,card_last4,Card *9237,CUST_PREMIUM_001123
ck_e802dba3d7,cookie,ck_e802dba3d7,CUST_PREMIUM_001123
ck_facefb3667,cookie,ck_facefb3667,CUST_PREMIUM_001123
ck_c4152ba478,cookie,ck_c4152ba478,CUST_PREMIUM_001123
dev_47072634a3,device_id,dev_47072634a3,CUST_PREMIUM_001123
dev_shared_2421bb398,device_id,dev_shared_2421bb398,CUST_PREMIUM_001123
CUST_PREMIUM_001124,cust_id,CUST_PREMIUM_001124,CUST_PREMIUM_001124
noah.shah26@vectorlabs.co,email,noah.shah26@vectorlabs.co,CUST_PREMIUM_001124
+1 (214) 595-5037,phone,+1 (214) 595-5037,CUST_PREMIUM_001124
5154,card_last4,Card *5154,CUST_PREMIUM_001124
ck_7881f3cb44,cookie,ck_7881f3cb44,CUST_PREMIUM_001124
ck_27f13f7026,cookie,ck_27f13f7026,CUST_PREMIUM_001124
ck_d985d77e81,cookie,ck_d985d77e81,CUST_PREMIUM_001124
dev_8520b340c6,device_id,dev_8520b340c6,CUST_PREMIUM_001124
CUST_PREMIUM_001125,cust_id,CUST_PREMIUM_001125,CUST_PREMIUM_001125
naomi.fernandez27@bluepeak.co,email,naomi.fernandez27@bluepeak.co,CUST_PREMIUM_001125
+1 (206) 654-2956,phone,+1 (206) 654-2956,CUST_PREMIUM_001125
9972,card_last4,Card *9972,CUST_PREMIUM_001125
ck_4a9ad67e19,cookie,ck_4a9ad67e19,CUST_PREMIUM_001125
dev_410431ed35,device_id,dev_410431ed35,CUST_PREMIUM_001125
CUST_PREMIUM_001126,cust_id,CUST_PREMIUM_001126,CUST_PREMIUM_001126
alejandro.harris@northstar.org,email,alejandro.harris@northstar.org,CUST_PREMIUM_001126
+1 (650) 757-0875,phone,+1 (650) 757-0875,CUST_PREMIUM_001126
6219,card_last4,Card *6219,CUST_PREMIUM_001126
ck_2def508e01,cookie,ck_2def508e01,CUST_PREMIUM_001126
ck_02cf8167e8,cookie,ck_02cf8167e8,CUST_PREMIUM_001126
dev_7c91f1e916,device_id,dev_7c91f1e916,CUST_PREMIUM_001126
CUST_PREMIUM_001127,cust_id,CUST_PREMIUM_001127,CUST_PREMIUM_001127
a.kumar@orchardmail.com,email,a.kumar@orchardmail.com,CUST_PREMIUM_001127
+1 (312) 684-8794,phone,+1 (312) 684-8794,CUST_PREMIUM_001127
3110,card_last4,Card *3110,CUST_PREMIUM_001127
ck_78f0894cff,cookie,ck_78f0894cff,CUST_PREMIUM_001127
dev_88fac65153,device_id,dev_88fac65153,CUST_PREMIUM_001127
CUST_PREMIUM_001128,cust_id,CUST_PREMIUM_001128,CUST_PREMIUM_001128
ahmed.hiro@harbor.example,email,ahmed.hiro@harbor.example,CUST_PREMIUM_001128
+1 (310) 710-6713,phone,+1 (310) 710-6713,CUST_PREMIUM_001128
5746,card_last4,Card *5746,CUST_PREMIUM_001128
ck_8e4951a3dc,cookie,ck_8e4951a3dc,CUST_PREMIUM_001128
ck_f525921821,cookie,ck_f525921821,CUST_PREMIUM_001128
ck_1599027964,cookie,ck_1599027964,CUST_PREMIUM_001128
dev_c0eeff7a07,device_id,dev_c0eeff7a07,CUST_PREMIUM_001128
CUST_PREMIUM_001129,cust_id,CUST_PREMIUM_001129,CUST_PREMIUM_001129
kabirwalker@orchardmail.com,email,kabirwalker@orchardmail.com,CUST_PREMIUM_001129
+1 (415) 769-4632,phone,+1 (415) 769-4632,CUST_PREMIUM_001129
8950,card_last4,Card *8950,CUST_PREMIUM_001129
ck_8ead118acf,cookie,ck_8ead118acf,CUST_PREMIUM_001129
ck_3661c8c5e4,cookie,ck_3661c8c5e4,CUST_PREMIUM_001129
ck_422f3f797a,cookie,ck_422f3f797a,CUST_PREMIUM_001129
dev_e3cf50f95a,device_id,dev_e3cf50f95a,CUST_PREMIUM_001129
dev_b89d22ef09,device_id,dev_b89d22ef09,CUST_PREMIUM_001129
CUST_PREMIUM_001130,cust_id,CUST_PREMIUM_001130,CUST_PREMIUM_001130
meeraroy@orchardmail.com,email,meeraroy@orchardmail.com,CUST_PREMIUM_001130
+1 (650) 205-2551,phone,+1 (650) 205-2551,CUST_PREMIUM_001130
0949,card_last4,Card *0949,CUST_PREMIUM_001130
ck_3e178e8c94,cookie,ck_3e178e8c94,CUST_PREMIUM_001130
dev_da6d6c7896,device_id,dev_da6d6c7896,CUST_PREMIUM_001130
CUST_PREMIUM_001131,cust_id,CUST_PREMIUM_001131,CUST_PREMIUM_001131
ameliafernandez@harbor.example,email,ameliafernandez@harbor.example,CUST_PREMIUM_001131
+1 (212) 810-0470,phone,+1 (212) 810-0470,CUST_PREMIUM_001131
2891,card_last4,Card *2891,CUST_PREMIUM_001131
ck_41aa76248c,cookie,ck_41aa76248c,CUST_PREMIUM_001131
ck_3792077644,cookie,ck_3792077644,CUST_PREMIUM_001131
dev_51f1dceba1,device_id,dev_51f1dceba1,CUST_PREMIUM_001131
CUST_PREMIUM_001132,cust_id,CUST_PREMIUM_001132,CUST_PREMIUM_001132
kabirlopez@orchardmail.com,email,kabirlopez@orchardmail.com,CUST_PREMIUM_001132
+1 (305) 202-8389,phone,+1 (305) 202-8389,CUST_PREMIUM_001132
4666,card_last4,Card *4666,CUST_PREMIUM_001132
ck_14be98361a,cookie,ck_14be98361a,CUST_PREMIUM_001132
dev_a956911dfd,device_id,dev_a956911dfd,CUST_PREMIUM_001132
CUST_PREMIUM_001133,cust_id,CUST_PREMIUM_001133,CUST_PREMIUM_001133
sterling.dev@example.com,email,sterling.dev@example.com,CUST_PREMIUM_001133
+1 (415) 217-6308,phone,+1 (415) 217-6308,CUST_PREMIUM_001133
7608,card_last4,Card *7608,CUST_PREMIUM_001133
ck_8179a37b66,cookie,ck_8179a37b66,CUST_PREMIUM_001133
dev_ae5581a42e,device_id,dev_ae5581a42e,CUST_PREMIUM_001133
dev_shared_bcdb933db,device_id,dev_shared_bcdb933db,CUST_PREMIUM_001133
CUST_PREMIUM_001134,cust_id,CUST_PREMIUM_001134,CUST_PREMIUM_001134
amelia.perez36@example.com,email,amelia.perez36@example.com,CUST_PREMIUM_001134
+1 (212) 221-4227,phone,+1 (212) 221-4227,CUST_PREMIUM_001134
5525,card_last4,Card *5525,CUST_PREMIUM_001134
ck_19968cb026,cookie,ck_19968cb026,CUST_PREMIUM_001134
ck_09eaaba9cd,cookie,ck_09eaaba9cd,CUST_PREMIUM_001134
ck_b949466b7b,cookie,ck_b949466b7b,CUST_PREMIUM_001134
dev_95363c31fa,device_id,dev_95363c31fa,CUST_PREMIUM_001134
dev_80c04fbf63,device_id,dev_80c04fbf63,CUST_PREMIUM_001134
CUST_PREMIUM_001135,cust_id,CUST_PREMIUM_001135,CUST_PREMIUM_001135
a.brown@vectorlabs.co,email,a.brown@vectorlabs.co,CUST_PREMIUM_001135
+1 (310) 269-2146,phone,+1 (310) 269-2146,CUST_PREMIUM_001135
8101,card_last4,Card *8101,CUST_PREMIUM_001135
ck_5e3792b8ae,cookie,ck_5e3792b8ae,CUST_PREMIUM_001135
dev_4d2915dd35,device_id,dev_4d2915dd35,CUST_PREMIUM_001135
dev_f9c1372a47,device_id,dev_f9c1372a47,CUST_PREMIUM_001135
CUST_PREMIUM_001136,cust_id,CUST_PREMIUM_001136,CUST_PREMIUM_001136
riya.thompson@example.com,email,riya.thompson@example.com,CUST_PREMIUM_001136
+1 (415) 328-0065,phone,+1 (415) 328-0065,CUST_PREMIUM_001136
3472,card_last4,Card *3472,CUST_PREMIUM_001136
ck_1fa2ee96c4,cookie,ck_1fa2ee96c4,CUST_PREMIUM_001136
dev_3cf38b4684,device_id,dev_3cf38b4684,CUST_PREMIUM_001136
CUST_PREMIUM_001137,cust_id,CUST_PREMIUM_001137,CUST_PREMIUM_001137
gabrielgupta@northstar.org,email,gabrielgupta@northstar.org,CUST_PREMIUM_001137
+1 (310) 343-7984,phone,+1 (310) 343-7984,CUST_PREMIUM_001137
0576,card_last4,Card *0576,CUST_PREMIUM_001137
ck_624981e628,cookie,ck_624981e628,CUST_PREMIUM_001137
ck_b39e168463,cookie,ck_b39e168463,CUST_PREMIUM_001137
dev_34ed497f40,device_id,dev_34ed497f40,CUST_PREMIUM_001137
dev_shared_690a81339,device_id,dev_shared_690a81339,CUST_PREMIUM_001137
CUST_PREMIUM_001138,cust_id,CUST_PREMIUM_001138,CUST_PREMIUM_001138
andrehernandez@vectorlabs.co,email,andrehernandez@vectorlabs.co,CUST_PREMIUM_001138
+1 (917) 512-5903,phone,+1 (917) 512-5903,CUST_PREMIUM_001138
8877,card_last4,Card *8877,CUST_PREMIUM_001138
ck_844afb5bc2,cookie,ck_844afb5bc2,CUST_PREMIUM_001138
dev_9b78e0aa8d,device_id,dev_9b78e0aa8d,CUST_PREMIUM_001138
CUST_PREMIUM_001139,cust_id,CUST_PREMIUM_001139,CUST_PREMIUM_001139
banerjee.leo@northstar.org,email,banerjee.leo@northstar.org,CUST_PREMIUM_001139
+1 (415) 439-3822,phone,+1 (415) 439-3822,CUST_PREMIUM_001139
1834,card_last4,Card *1834,CUST_PREMIUM_001139
ck_57cbaf1252,cookie,ck_57cbaf1252,CUST_PREMIUM_001139
dev_2831657b65,device_id,dev_2831657b65,CUST_PREMIUM_001139
CUST_PREMIUM_001140,cust_id,CUST_PREMIUM_001140,CUST_PREMIUM_001140
singh.meera@orchardmail.com,email,singh.meera@orchardmail.com,CUST_PREMIUM_001140
+1 (212) 443-1741,phone,+1 (212) 443-1741,CUST_PREMIUM_001140
0169,card_last4,Card *0169,CUST_PREMIUM_001140
ck_bbefeec93f,cookie,ck_bbefeec93f,CUST_PREMIUM_001140
dev_2f974c4178,device_id,dev_2f974c4178,CUST_PREMIUM_001140
CUST_PREMIUM_001141,cust_id,CUST_PREMIUM_001141,CUST_PREMIUM_001141
elena.roy@capital-demo.org,email,elena.roy@capital-demo.org,CUST_PREMIUM_001141
+1 (718) 634-9660,phone,+1 (718) 634-9660,CUST_PREMIUM_001141
8848,card_last4,Card *8848,CUST_PREMIUM_001141
ck_1957b0da3a,cookie,ck_1957b0da3a,CUST_PREMIUM_001141
ck_a2079eb403,cookie,ck_a2079eb403,CUST_PREMIUM_001141
ck_2368b7d558,cookie,ck_2368b7d558,CUST_PREMIUM_001141
dev_b5bf62855f,device_id,dev_b5bf62855f,CUST_PREMIUM_001141
CUST_PREMIUM_001142,cust_id,CUST_PREMIUM_001142,CUST_PREMIUM_001142
hiro.cooper44@atlasmail.net,email,hiro.cooper44@atlasmail.net,CUST_PREMIUM_001142
+1 (312) 539-7579,phone,+1 (312) 539-7579,CUST_PREMIUM_001142
8971,card_last4,Card *8971,CUST_PREMIUM_001142
ck_ba4e80a88b,cookie,ck_ba4e80a88b,CUST_PREMIUM_001142
dev_e1f18e6115,device_id,dev_e1f18e6115,CUST_PREMIUM_001142
dev_81726468d5,device_id,dev_81726468d5,CUST_PREMIUM_001142
CUST_PREMIUM_001143,cust_id,CUST_PREMIUM_001143,CUST_PREMIUM_001143
meeraadams@atlasmail.net,email,meeraadams@atlasmail.net,CUST_PREMIUM_001143
+1 (310) 565-5498,phone,+1 (310) 565-5498,CUST_PREMIUM_001143
6934,card_last4,Card *6934,CUST_PREMIUM_001143
ck_2d5a63e10d,cookie,ck_2d5a63e10d,CUST_PREMIUM_001143
dev_48b13d481a,device_id,dev_48b13d481a,CUST_PREMIUM_001143
dev_shared_2383424be,device_id,dev_shared_2383424be,CUST_PREMIUM_001143
CUST_PREMIUM_001144,cust_id,CUST_PREMIUM_001144,CUST_PREMIUM_001144
miguel.rodriguez@vectorlabs.co,email,miguel.rodriguez@vectorlabs.co,CUST_PREMIUM_001144
+1 (214) 635-3417,phone,+1 (214) 635-3417,CUST_PREMIUM_001144
2745,card_last4,Card *2745,CUST_PREMIUM_001144
ck_ec0bc66146,cookie,ck_ec0bc66146,CUST_PREMIUM_001144
dev_30d9b72237,device_id,dev_30d9b72237,CUST_PREMIUM_001144
CUST_PREMIUM_001145,cust_id,CUST_PREMIUM_001145,CUST_PREMIUM_001145
meerahall@example.com,email,meerahall@example.com,CUST_PREMIUM_001145
+1 (305) 683-1336,phone,+1 (305) 683-1336,CUST_PREMIUM_001145
3918,card_last4,Card *3918,CUST_PREMIUM_001145
ck_c4c4c0c612,cookie,ck_c4c4c0c612,CUST_PREMIUM_001145
dev_04cdd10fa6,device_id,dev_04cdd10fa6,CUST_PREMIUM_001145
CUST_PREMIUM_001146,cust_id,CUST_PREMIUM_001146,CUST_PREMIUM_001146
i.williams@capital-demo.org,email,i.williams@capital-demo.org,CUST_PREMIUM_001146
+1 (917) 808-9255,phone,+1 (917) 808-9255,CUST_PREMIUM_001146
5536,card_last4,Card *5536,CUST_PREMIUM_001146
ck_3e18fd9c5d,cookie,ck_3e18fd9c5d,CUST_PREMIUM_001146
dev_fb779d69ae,device_id,dev_fb779d69ae,CUST_PREMIUM_001146
CUST_PREMIUM_001147,cust_id,CUST_PREMIUM_001147,CUST_PREMIUM_001147
sophiacampbell@harbor.example,email,sophiacampbell@harbor.example,CUST_PREMIUM_001147
+1 (917) 845-7174,phone,+1 (917) 845-7174,CUST_PREMIUM_001147
3198,card_last4,Card *3198,CUST_PREMIUM_001147
ck_09dedc664d,cookie,ck_09dedc664d,CUST_PREMIUM_001147
dev_4554e3d030,device_id,dev_4554e3d030,CUST_PREMIUM_001147
CUST_PREMIUM_001148,cust_id,CUST_PREMIUM_001148,CUST_PREMIUM_001148
avery.miller@harbor.example,email,avery.miller@harbor.example,CUST_PREMIUM_001148
+1 (646) 849-5093,phone,+1 (646) 849-5093,CUST_PREMIUM_001148
2380,card_last4,Card *2380,CUST_PREMIUM_001148
ck_313ac635c3,cookie,ck_313ac635c3,CUST_PREMIUM_001148
ck_df98123a4f,cookie,ck_df98123a4f,CUST_PREMIUM_001148
dev_be55187d0a,device_id,dev_be55187d0a,CUST_PREMIUM_001148
CUST_PREMIUM_001149,cust_id,CUST_PREMIUM_001149,CUST_PREMIUM_001149
benjamin.harris@harbor.example,email,benjamin.harris@harbor.example,CUST_PREMIUM_001149
+1 (617) 853-3012,phone,+1 (617) 853-3012,CUST_PREMIUM_001149
8303,card_last4,Card *8303,CUST_PREMIUM_001149
ck_8adbed0581,cookie,ck_8adbed0581,CUST_PREMIUM_001149
dev_8466862fd8,device_id,dev_8466862fd8,CUST_PREMIUM_001149
dev_9bf1d7fdeb,device_id,dev_9bf1d7fdeb,CUST_PREMIUM_001149
CUST_PREMIUM_001150,cust_id,CUST_PREMIUM_001150,CUST_PREMIUM_001150
aisha.campbell52@atlasmail.net,email,aisha.campbell52@atlasmail.net,CUST_PREMIUM_001150
+1 (206) 879-0931,phone,+1 (206) 879-0931,CUST_PREMIUM_001150
6738,card_last4,Card *6738,CUST_PREMIUM_001150
ck_dce0e9c15b,cookie,ck_dce0e9c15b,CUST_PREMIUM_001150
dev_925d8668aa,device_id,dev_925d8668aa,CUST_PREMIUM_001150
dev_shared_05e0df469,device_id,dev_shared_05e0df469,CUST_PREMIUM_001150
CUST_PREMIUM_001151,cust_id,CUST_PREMIUM_001151,CUST_PREMIUM_001151
a.rodriguez@harbor.example,email,a.rodriguez@harbor.example,CUST_PREMIUM_001151
+1 (415) 883-8850,phone,+1 (415) 883-8850,CUST_PREMIUM_001151
5581,card_last4,Card *5581,CUST_PREMIUM_001151
ck_9471247fc3,cookie,ck_9471247fc3,CUST_PREMIUM_001151
ck_60f2e49a17,cookie,ck_60f2e49a17,CUST_PREMIUM_001151
dev_7fde482cb4,device_id,dev_7fde482cb4,CUST_PREMIUM_001151
dev_dac9546ffb,device_id,dev_dac9546ffb,CUST_PREMIUM_001151
CUST_PREMIUM_001152,cust_id,CUST_PREMIUM_001152,CUST_PREMIUM_001152
leo.bennett54@bluepeak.co,email,leo.bennett54@bluepeak.co,CUST_PREMIUM_001152
+1 (305) 242-6769,phone,+1 (305) 242-6769,CUST_PREMIUM_001152
1381,card_last4,Card *1381,CUST_PREMIUM_001152
ck_dc5fdc9d59,cookie,ck_dc5fdc9d59,CUST_PREMIUM_001152
dev_bf6ce4ccab,device_id,dev_bf6ce4ccab,CUST_PREMIUM_001152
CUST_PREMIUM_001153,cust_id,CUST_PREMIUM_001153,CUST_PREMIUM_001153
yukiahmed@orchardmail.com,email,yukiahmed@orchardmail.com,CUST_PREMIUM_001153
+1 (212) 224-4688,phone,+1 (212) 224-4688,CUST_PREMIUM_001153
1712,card_last4,Card *1712,CUST_PREMIUM_001153
ck_1476624409,cookie,ck_1476624409,CUST_PREMIUM_001153
dev_e5773f7bfa,device_id,dev_e5773f7bfa,CUST_PREMIUM_001153
dev_shared_29456b365,device_id,dev_shared_29456b365,CUST_PREMIUM_001153
CUST_PREMIUM_001154,cust_id,CUST_PREMIUM_001154,CUST_PREMIUM_001154
graceperez@atlasmail.net,email,graceperez@atlasmail.net,CUST_PREMIUM_001154
+1 (416) 382-2607,phone,+1 (416) 382-2607,CUST_PREMIUM_001154
4751,card_last4,Card *4751,CUST_PREMIUM_001154
ck_91eefa48dd,cookie,ck_91eefa48dd,CUST_PREMIUM_001154
ck_882b63c31d,cookie,ck_882b63c31d,CUST_PREMIUM_001154
ck_1bdfb95ab3,cookie,ck_1bdfb95ab3,CUST_PREMIUM_001154
dev_040caec65a,device_id,dev_040caec65a,CUST_PREMIUM_001154
CUST_PREMIUM_001155,cust_id,CUST_PREMIUM_001155,CUST_PREMIUM_001155
sato.aditi@orchardmail.com,email,sato.aditi@orchardmail.com,CUST_PREMIUM_001155
+1 (469) 463-0526,phone,+1 (469) 463-0526,CUST_PREMIUM_001155
9925,card_last4,Card *9925,CUST_PREMIUM_001155
ck_fb6f971761,cookie,ck_fb6f971761,CUST_PREMIUM_001155
dev_16eb9526e0,device_id,dev_16eb9526e0,CUST_PREMIUM_001155
CUST_PREMIUM_001156,cust_id,CUST_PREMIUM_001156,CUST_PREMIUM_001156
meeraanderson@bluepeak.co,email,meeraanderson@bluepeak.co,CUST_PREMIUM_001156
+1 (310) 346-8445,phone,+1 (310) 346-8445,CUST_PREMIUM_001156
1250,card_last4,Card *1250,CUST_PREMIUM_001156
ck_742a4b5c4a,cookie,ck_742a4b5c4a,CUST_PREMIUM_001156
ck_1abad2ecb4,cookie,ck_1abad2ecb4,CUST_PREMIUM_001156
dev_248795d185,device_id,dev_248795d185,CUST_PREMIUM_001156
dev_e37c5c9605,device_id,dev_e37c5c9605,CUST_PREMIUM_001156
CUST_PREMIUM_001157,cust_id,CUST_PREMIUM_001157,CUST_PREMIUM_001157
samuelmartinez@atlasmail.net,email,samuelmartinez@atlasmail.net,CUST_PREMIUM_001157
+1 (416) 493-6364,phone,+1 (416) 493-6364,CUST_PREMIUM_001157
6022,card_last4,Card *6022,CUST_PREMIUM_001157
ck_367720dfd6,cookie,ck_367720dfd6,CUST_PREMIUM_001157
dev_d88cb8dc6d,device_id,dev_d88cb8dc6d,CUST_PREMIUM_001157
CUST_PREMIUM_001158,cust_id,CUST_PREMIUM_001158,CUST_PREMIUM_001158
dev.kapoor60@bluepeak.co,email,dev.kapoor60@bluepeak.co,CUST_PREMIUM_001158
+1 (415) 442-4283,phone,+1 (415) 442-4283,CUST_PREMIUM_001158
8870,card_last4,Card *8870,CUST_PREMIUM_001158
ck_f7abcc8c13,cookie,ck_f7abcc8c13,CUST_PREMIUM_001158
ck_14d6f474f1,cookie,ck_14d6f474f1,CUST_PREMIUM_001158
dev_ecd41f583f,device_id,dev_ecd41f583f,CUST_PREMIUM_001158
CUST_PREMIUM_001159,cust_id,CUST_PREMIUM_001159,CUST_PREMIUM_001159
alejandrobaker@bluepeak.co,email,alejandrobaker@bluepeak.co,CUST_PREMIUM_001159
+1 (310) 457-2202,phone,+1 (310) 457-2202,CUST_PREMIUM_001159
1543,card_last4,Card *1543,CUST_PREMIUM_001159
ck_a0cb016f72,cookie,ck_a0cb016f72,CUST_PREMIUM_001159
dev_c2c8026447,device_id,dev_c2c8026447,CUST_PREMIUM_001159
CUST_PREMIUM_001160,cust_id,CUST_PREMIUM_001160,CUST_PREMIUM_001160
walker.aisha@vectorlabs.co,email,walker.aisha@vectorlabs.co,CUST_PREMIUM_001160
+1 (305) 538-0121,phone,+1 (305) 538-0121,CUST_PREMIUM_001160
6961,card_last4,Card *6961,CUST_PREMIUM_001160
ck_11044de7f9,cookie,ck_11044de7f9,CUST_PREMIUM_001160
dev_1e7e1cc58d,device_id,dev_1e7e1cc58d,CUST_PREMIUM_001160
CUST_PREMIUM_001161,cust_id,CUST_PREMIUM_001161,CUST_PREMIUM_001161
arjun.jackson@atlasmail.net,email,arjun.jackson@atlasmail.net,CUST_PREMIUM_001161
+1 (415) 553-8040,phone,+1 (415) 553-8040,CUST_PREMIUM_001161
7414,card_last4,Card *7414,CUST_PREMIUM_001161
ck_90d34fefea,cookie,ck_90d34fefea,CUST_PREMIUM_001161
dev_9c613851f9,device_id,dev_9c613851f9,CUST_PREMIUM_001161
CUST_PREMIUM_001162,cust_id,CUST_PREMIUM_001162,CUST_PREMIUM_001162
aisha.wright64@capital-demo.org,email,aisha.wright64@capital-demo.org,CUST_PREMIUM_001162
+1 (212) 557-5959,phone,+1 (212) 557-5959,CUST_PREMIUM_001162
6300,card_last4,Card *6300,CUST_PREMIUM_001162
ck_34243a973e,cookie,ck_34243a973e,CUST_PREMIUM_001162
dev_580c6d3ae4,device_id,dev_580c6d3ae4,CUST_PREMIUM_001162
CUST_PREMIUM_001163,cust_id,CUST_PREMIUM_001163,CUST_PREMIUM_001163
dev.fernandez65@harbor.example,email,dev.fernandez65@harbor.example,CUST_PREMIUM_001163
+1 (212) 594-3878,phone,+1 (212) 594-3878,CUST_PREMIUM_001163
3768,card_last4,Card *3768,CUST_PREMIUM_001163
ck_570c21a1bb,cookie,ck_570c21a1bb,CUST_PREMIUM_001163
dev_6519da0cfe,device_id,dev_6519da0cfe,CUST_PREMIUM_001163
CUST_PREMIUM_001164,cust_id,CUST_PREMIUM_001164,CUST_PREMIUM_001164
adrian.anderson@summitmail.net,email,adrian.anderson@summitmail.net,CUST_PREMIUM_001164
+1 (650) 763-1797,phone,+1 (650) 763-1797,CUST_PREMIUM_001164
3287,card_last4,Card *3287,CUST_PREMIUM_001164
ck_941ec825cb,cookie,ck_941ec825cb,CUST_PREMIUM_001164
dev_7472ba0193,device_id,dev_7472ba0193,CUST_PREMIUM_001164
CUST_PREMIUM_001165,cust_id,CUST_PREMIUM_001165,CUST_PREMIUM_001165
a.murphy@orchardmail.com,email,a.murphy@orchardmail.com,CUST_PREMIUM_001165
+1 (310) 679-9716,phone,+1 (310) 679-9716,CUST_PREMIUM_001165
3232,card_last4,Card *3232,CUST_PREMIUM_001165
ck_1e4d065d4c,cookie,ck_1e4d065d4c,CUST_PREMIUM_001165
dev_19e8163d24,device_id,dev_19e8163d24,CUST_PREMIUM_001165
CUST_PREMIUM_001166,cust_id,CUST_PREMIUM_001166,CUST_PREMIUM_001166
jacksato@orchardmail.com,email,jacksato@orchardmail.com,CUST_PREMIUM_001166
+1 (206) 771-7635,phone,+1 (206) 771-7635,CUST_PREMIUM_001166
7526,card_last4,Card *7526,CUST_PREMIUM_001166
ck_c2191619bf,cookie,ck_c2191619bf,CUST_PREMIUM_001166
ck_c1ce27e7ce,cookie,ck_c1ce27e7ce,CUST_PREMIUM_001166
dev_67e352a38a,device_id,dev_67e352a38a,CUST_PREMIUM_001166
dev_cf740eefc0,device_id,dev_cf740eefc0,CUST_PREMIUM_001166
CUST_PREMIUM_001167,cust_id,CUST_PREMIUM_001167,CUST_PREMIUM_001167
priya.miller69@atlasmail.net,email,priya.miller69@atlasmail.net,CUST_PREMIUM_001167
+1 (617) 819-5554,phone,+1 (617) 819-5554,CUST_PREMIUM_001167
8120,card_last4,Card *8120,CUST_PREMIUM_001167
ck_065c851bea,cookie,ck_065c851bea,CUST_PREMIUM_001167
dev_35b5991d3a,device_id,dev_35b5991d3a,CUST_PREMIUM_001167
CUST_PREMIUM_001168,cust_id,CUST_PREMIUM_001168,CUST_PREMIUM_001168
baker.amelia@vectorlabs.co,email,baker.amelia@vectorlabs.co,CUST_PREMIUM_001168
+1 (416) 200-3473,phone,+1 (416) 200-3473,CUST_PREMIUM_001168
6740,card_last4,Card *6740,CUST_PREMIUM_001168
ck_001b1ca815,cookie,ck_001b1ca815,CUST_PREMIUM_001168
dev_3f4b3ec011,device_id,dev_3f4b3ec011,CUST_PREMIUM_001168
CUST_PREMIUM_001169,cust_id,CUST_PREMIUM_001169,CUST_PREMIUM_001169
noah.jackson71@harbor.example,email,noah.jackson71@harbor.example,CUST_PREMIUM_001169
+1 (310) 827-1392,phone,+1 (310) 827-1392,CUST_PREMIUM_001169
9273,card_last4,Card *9273,CUST_PREMIUM_001169
ck_042239fd73,cookie,ck_042239fd73,CUST_PREMIUM_001169
ck_f58c8fc597,cookie,ck_f58c8fc597,CUST_PREMIUM_001169
dev_3c5a72b6b5,device_id,dev_3c5a72b6b5,CUST_PREMIUM_001169
CUST_PREMIUM_001170,cust_id,CUST_PREMIUM_001170,CUST_PREMIUM_001170
noah.hernandez@harbor.example,email,noah.hernandez@harbor.example,CUST_PREMIUM_001170
+1 (312) 875-9311,phone,+1 (312) 875-9311,CUST_PREMIUM_001170
1065,card_last4,Card *1065,CUST_PREMIUM_001170
ck_743e603eb1,cookie,ck_743e603eb1,CUST_PREMIUM_001170
ck_b4f66f39dc,cookie,ck_b4f66f39dc,CUST_PREMIUM_001170
ck_fbe8c17190,cookie,ck_fbe8c17190,CUST_PREMIUM_001170
dev_5437463d65,device_id,dev_5437463d65,CUST_PREMIUM_001170
CUST_PREMIUM_001171,cust_id,CUST_PREMIUM_001171,CUST_PREMIUM_001171
harris.gabriel@orchardmail.com,email,harris.gabriel@orchardmail.com,CUST_PREMIUM_001171
+1 (312) 212-7230,phone,+1 (312) 212-7230,CUST_PREMIUM_001171
3251,card_last4,Card *3251,CUST_PREMIUM_001171
ck_bf598cf741,cookie,ck_bf598cf741,CUST_PREMIUM_001171
dev_0562515185,device_id,dev_0562515185,CUST_PREMIUM_001171
CUST_PREMIUM_001172,cust_id,CUST_PREMIUM_001172,CUST_PREMIUM_001172
murphy.omar@vectorlabs.co,email,murphy.omar@vectorlabs.co,CUST_PREMIUM_001172
+1 (305) 282-5149,phone,+1 (305) 282-5149,CUST_PREMIUM_001172
8799,card_last4,Card *8799,CUST_PREMIUM_001172
ck_4d7e21b0c8,cookie,ck_4d7e21b0c8,CUST_PREMIUM_001172
dev_f2d1cbfe75,device_id,dev_f2d1cbfe75,CUST_PREMIUM_001172
dev_shared_867cb659c,device_id,dev_shared_867cb659c,CUST_PREMIUM_001172
CUST_PREMIUM_001173,cust_id,CUST_PREMIUM_001173,CUST_PREMIUM_001173
o.sterling@summitmail.net,email,o.sterling@summitmail.net,CUST_PREMIUM_001173
+1 (415) 297-3068,phone,+1 (415) 297-3068,CUST_PREMIUM_001173
3193,card_last4,Card *3193,CUST_PREMIUM_001173
ck_46d6e71008,cookie,ck_46d6e71008,CUST_PREMIUM_001173
dev_b904254714,device_id,dev_b904254714,CUST_PREMIUM_001173
CUST_PREMIUM_001174,cust_id,CUST_PREMIUM_001174,CUST_PREMIUM_001174
ameliawilliams@capital-demo.org,email,ameliawilliams@capital-demo.org,CUST_PREMIUM_001174
+1 (646) 411-0987,phone,+1 (646) 411-0987,CUST_PREMIUM_001174
9759,card_last4,Card *9759,CUST_PREMIUM_001174
ck_8684a4deb1,cookie,ck_8684a4deb1,CUST_PREMIUM_001174
ck_3cb73f4813,cookie,ck_3cb73f4813,CUST_PREMIUM_001174
dev_c36dc9b0c7,device_id,dev_c36dc9b0c7,CUST_PREMIUM_001174
CUST_PREMIUM_001175,cust_id,CUST_PREMIUM_001175,CUST_PREMIUM_001175
m.fernandez@example.com,email,m.fernandez@example.com,CUST_PREMIUM_001175
+1 (212) 338-8906,phone,+1 (212) 338-8906,CUST_PREMIUM_001175
6280,card_last4,Card *6280,CUST_PREMIUM_001175
ck_4322eb088a,cookie,ck_4322eb088a,CUST_PREMIUM_001175
ck_9e250f08d7,cookie,ck_9e250f08d7,CUST_PREMIUM_001175
dev_76c5ae60e4,device_id,dev_76c5ae60e4,CUST_PREMIUM_001175
CUST_PREMIUM_001176,cust_id,CUST_PREMIUM_001176,CUST_PREMIUM_001176
l.perez@vectorlabs.co,email,l.perez@vectorlabs.co,CUST_PREMIUM_001176
+1 (718) 529-6825,phone,+1 (718) 529-6825,CUST_PREMIUM_001176
4093,card_last4,Card *4093,CUST_PREMIUM_001176
ck_a2cb0e9e3e,cookie,ck_a2cb0e9e3e,CUST_PREMIUM_001176
dev_c1ee53e1a2,device_id,dev_c1ee53e1a2,CUST_PREMIUM_001176
CUST_PREMIUM_001177,cust_id,CUST_PREMIUM_001177,CUST_PREMIUM_001177
aditi.morgan79@summitmail.net,email,aditi.morgan79@summitmail.net,CUST_PREMIUM_001177
+1 (650) 544-4744,phone,+1 (650) 544-4744,CUST_PREMIUM_001177
8286,card_last4,Card *8286,CUST_PREMIUM_001177
ck_56fd9f9205,cookie,ck_56fd9f9205,CUST_PREMIUM_001177
ck_867f6d38b4,cookie,ck_867f6d38b4,CUST_PREMIUM_001177
dev_f0025d4024,device_id,dev_f0025d4024,CUST_PREMIUM_001177
CUST_PREMIUM_001178,cust_id,CUST_PREMIUM_001178,CUST_PREMIUM_001178
noah.young80@bluepeak.co,email,noah.young80@bluepeak.co,CUST_PREMIUM_001178
+1 (469) 614-2663,phone,+1 (469) 614-2663,CUST_PREMIUM_001178
7539,card_last4,Card *7539,CUST_PREMIUM_001178
ck_6d50003591,cookie,ck_6d50003591,CUST_PREMIUM_001178
dev_a648de904d,device_id,dev_a648de904d,CUST_PREMIUM_001178
CUST_PREMIUM_001179,cust_id,CUST_PREMIUM_001179,CUST_PREMIUM_001179
morgan.andre@northstar.org,email,morgan.andre@northstar.org,CUST_PREMIUM_001179
+1 (206) 552-0582,phone,+1 (206) 552-0582,CUST_PREMIUM_001179
3624,card_last4,Card *3624,CUST_PREMIUM_001179
ck_ddcf655902,cookie,ck_ddcf655902,CUST_PREMIUM_001179
dev_e31cc179a1,device_id,dev_e31cc179a1,CUST_PREMIUM_001179
CUST_PREMIUM_001180,cust_id,CUST_PREMIUM_001180,CUST_PREMIUM_001180
d.sato@orchardmail.com,email,d.sato@orchardmail.com,CUST_PREMIUM_001180
+1 (312) 545-8501,phone,+1 (312) 545-8501,CUST_PREMIUM_001180
6224,card_last4,Card *6224,CUST_PREMIUM_001180
ck_255026c9d9,cookie,ck_255026c9d9,CUST_PREMIUM_001180
dev_f4dc71aca8,device_id,dev_f4dc71aca8,CUST_PREMIUM_001180
dev_shared_45c20f3e5,device_id,dev_shared_45c20f3e5,CUST_PREMIUM_001180
CUST_PREMIUM_001181,cust_id,CUST_PREMIUM_001181,CUST_PREMIUM_001181
lopez.aisha@atlasmail.net,email,lopez.aisha@atlasmail.net,CUST_PREMIUM_001181
+1 (415) 593-6420,phone,+1 (415) 593-6420,CUST_PREMIUM_001181
8622,card_last4,Card *8622,CUST_PREMIUM_001181
ck_0252ec7edd,cookie,ck_0252ec7edd,CUST_PREMIUM_001181
ck_70566930ca,cookie,ck_70566930ca,CUST_PREMIUM_001181
dev_29d0ba5999,device_id,dev_29d0ba5999,CUST_PREMIUM_001181
CUST_PREMIUM_001182,cust_id,CUST_PREMIUM_001182,CUST_PREMIUM_001182
isla.davis84@capital-demo.org,email,isla.davis84@capital-demo.org,CUST_PREMIUM_001182
+1 (305) 652-4339,phone,+1 (305) 652-4339,CUST_PREMIUM_001182
5283,card_last4,Card *5283,CUST_PREMIUM_001182
ck_03c8ee64dd,cookie,ck_03c8ee64dd,CUST_PREMIUM_001182
dev_201d96902c,device_id,dev_201d96902c,CUST_PREMIUM_001182
CUST_PREMIUM_001183,cust_id,CUST_PREMIUM_001183,CUST_PREMIUM_001183
ethan.wilson@capital-demo.org,email,ethan.wilson@capital-demo.org,CUST_PREMIUM_001183
+1 (416) 755-2258,phone,+1 (416) 755-2258,CUST_PREMIUM_001183
3588,card_last4,Card *3588,CUST_PREMIUM_001183
ck_792626360d,cookie,ck_792626360d,CUST_PREMIUM_001183
dev_9c43e9e4b0,device_id,dev_9c43e9e4b0,CUST_PREMIUM_001183
dev_shared_8a63caf7b,device_id,dev_shared_8a63caf7b,CUST_PREMIUM_001183
CUST_PREMIUM_001184,cust_id,CUST_PREMIUM_001184,CUST_PREMIUM_001184
harris.naomi@vectorlabs.co,email,harris.naomi@vectorlabs.co,CUST_PREMIUM_001184
+1 (214) 715-0177,phone,+1 (214) 715-0177,CUST_PREMIUM_001184
7536,card_last4,Card *7536,CUST_PREMIUM_001184
ck_761c731f86,cookie,ck_761c731f86,CUST_PREMIUM_001184
ck_1382ae3890,cookie,ck_1382ae3890,CUST_PREMIUM_001184
dev_723dbb65ab,device_id,dev_723dbb65ab,CUST_PREMIUM_001184
CUST_PREMIUM_001185,cust_id,CUST_PREMIUM_001185,CUST_PREMIUM_001185
amara.garcia@vectorlabs.co,email,amara.garcia@vectorlabs.co,CUST_PREMIUM_001185
+1 (312) 730-8096,phone,+1 (312) 730-8096,CUST_PREMIUM_001185
1316,card_last4,Card *1316,CUST_PREMIUM_001185
ck_5a4dcb13d8,cookie,ck_5a4dcb13d8,CUST_PREMIUM_001185
ck_4de3b73c71,cookie,ck_4de3b73c71,CUST_PREMIUM_001185
dev_1207c0a3e8,device_id,dev_1207c0a3e8,CUST_PREMIUM_001185
CUST_PREMIUM_001186,cust_id,CUST_PREMIUM_001186,CUST_PREMIUM_001186
oliviawalker@atlasmail.net,email,oliviawalker@atlasmail.net,CUST_PREMIUM_001186
+1 (310) 756-6015,phone,+1 (310) 756-6015,CUST_PREMIUM_001186
6311,card_last4,Card *6311,CUST_PREMIUM_001186
ck_b4f5393e05,cookie,ck_b4f5393e05,CUST_PREMIUM_001186
dev_ea88880c7b,device_id,dev_ea88880c7b,CUST_PREMIUM_001186
CUST_PREMIUM_001187,cust_id,CUST_PREMIUM_001187,CUST_PREMIUM_001187
sorasmith@orchardmail.com,email,sorasmith@orchardmail.com,CUST_PREMIUM_001187
+1 (617) 859-3934,phone,+1 (617) 859-3934,CUST_PREMIUM_001187
6606,card_last4,Card *6606,CUST_PREMIUM_001187
ck_8769acc161,cookie,ck_8769acc161,CUST_PREMIUM_001187
dev_244063a46b,device_id,dev_244063a46b,CUST_PREMIUM_001187
CUST_PREMIUM_001188,cust_id,CUST_PREMIUM_001188,CUST_PREMIUM_001188
akira.ahmed90@orchardmail.com,email,akira.ahmed90@orchardmail.com,CUST_PREMIUM_001188
+1 (718) 273-1853,phone,+1 (718) 273-1853,CUST_PREMIUM_001188
9384,card_last4,Card *9384,CUST_PREMIUM_001188
ck_0225e5831d,cookie,ck_0225e5831d,CUST_PREMIUM_001188
dev_0b92626693,device_id,dev_0b92626693,CUST_PREMIUM_001188
dev_shared_bdff2e4c9,device_id,dev_shared_bdff2e4c9,CUST_PREMIUM_001188
CUST_PREMIUM_001189,cust_id,CUST_PREMIUM_001189,CUST_PREMIUM_001189
maya.moore@summitmail.net,email,maya.moore@summitmail.net,CUST_PREMIUM_001189
+1 (310) 867-9772,phone,+1 (310) 867-9772,CUST_PREMIUM_001189
7900,card_last4,Card *7900,CUST_PREMIUM_001189
ck_84c67fa255,cookie,ck_84c67fa255,CUST_PREMIUM_001189
dev_d84ff12ab9,device_id,dev_d84ff12ab9,CUST_PREMIUM_001189
dev_shared_caed0e8e0,device_id,dev_shared_caed0e8e0,CUST_PREMIUM_001189
dev_shared_848c1f350,device_id,dev_shared_848c1f350,CUST_PREMIUM_001189
CUST_PREMIUM_001190,cust_id,CUST_PREMIUM_001190,CUST_PREMIUM_001190
david.rossi92@capital-demo.org,email,david.rossi92@capital-demo.org,CUST_PREMIUM_001190
+1 (617) 270-7691,phone,+1 (617) 270-7691,CUST_PREMIUM_001190
9155,card_last4,Card *9155,CUST_PREMIUM_001190
ck_83a1bdc7fa,cookie,ck_83a1bdc7fa,CUST_PREMIUM_001190
ck_1a0e9f9da3,cookie,ck_1a0e9f9da3,CUST_PREMIUM_001190
ck_b9b51cff77,cookie,ck_b9b51cff77,CUST_PREMIUM_001190
dev_16ad529b58,device_id,dev_16ad529b58,CUST_PREMIUM_001190
CUST_PREMIUM_001191,cust_id,CUST_PREMIUM_001191,CUST_PREMIUM_001191
yuki.brown@harbor.example,email,yuki.brown@harbor.example,CUST_PREMIUM_001191
+1 (617) 307-5610,phone,+1 (617) 307-5610,CUST_PREMIUM_001191
0559,card_last4,Card *0559,CUST_PREMIUM_001191
ck_70311d166b,cookie,ck_70311d166b,CUST_PREMIUM_001191
dev_0e3f2d26b2,device_id,dev_0e3f2d26b2,CUST_PREMIUM_001191
dev_shared_da0ab2800,device_id,dev_shared_da0ab2800,CUST_PREMIUM_001191
CUST_PREMIUM_001192,cust_id,CUST_PREMIUM_001192,CUST_PREMIUM_001192
layla.wilson@harbor.example,email,layla.wilson@harbor.example,CUST_PREMIUM_001192
+1 (212) 267-3529,phone,+1 (212) 267-3529,CUST_PREMIUM_001192
9639,card_last4,Card *9639,CUST_PREMIUM_001192
ck_286254274e,cookie,ck_286254274e,CUST_PREMIUM_001192
dev_63a5740b1e,device_id,dev_63a5740b1e,CUST_PREMIUM_001192
CUST_PREMIUM_001193,cust_id,CUST_PREMIUM_001193,CUST_PREMIUM_001193
martinez.arjun@summitmail.net,email,martinez.arjun@summitmail.net,CUST_PREMIUM_001193
+1 (212) 304-1448,phone,+1 (212) 304-1448,CUST_PREMIUM_001193
9531,card_last4,Card *9531,CUST_PREMIUM_001193
ck_640cc95c87,cookie,ck_640cc95c87,CUST_PREMIUM_001193
dev_79e2eb6725,device_id,dev_79e2eb6725,CUST_PREMIUM_001193
CUST_PREMIUM_001194,cust_id,CUST_PREMIUM_001194,CUST_PREMIUM_001194
jonah.thompson@vectorlabs.co,email,jonah.thompson@vectorlabs.co,CUST_PREMIUM_001194
+1 (312) 363-9367,phone,+1 (312) 363-9367,CUST_PREMIUM_001194
3497,card_last4,Card *3497,CUST_PREMIUM_001194
ck_f97c251e0b,cookie,ck_f97c251e0b,CUST_PREMIUM_001194
dev_f08f889f41,device_id,dev_f08f889f41,CUST_PREMIUM_001194
dev_83d0a0e80a,device_id,dev_83d0a0e80a,CUST_PREMIUM_001194
dev_717df77fc7,device_id,dev_717df77fc7,CUST_PREMIUM_001194
dev_4d7219b391,device_id,dev_4d7219b391,CUST_PREMIUM_001194
CUST_PREMIUM_001195,cust_id,CUST_PREMIUM_001195,CUST_PREMIUM_001195
l.robinson@summitmail.net,email,l.robinson@summitmail.net,CUST_PREMIUM_001195
+1 (212) 378-7286,phone,+1 (212) 378-7286,CUST_PREMIUM_001195
1976,card_last4,Card *1976,CUST_PREMIUM_001195
ck_69465de5fa,cookie,ck_69465de5fa,CUST_PREMIUM_001195
dev_bfaa3df736,device_id,dev_bfaa3df736,CUST_PREMIUM_001195
CUST_PREMIUM_001196,cust_id,CUST_PREMIUM_001196,CUST_PREMIUM_001196
dev.johnson@atlasmail.net,email,dev.johnson@atlasmail.net,CUST_PREMIUM_001196
+1 (617) 492-5205,phone,+1 (617) 492-5205,CUST_PREMIUM_001196
2100,card_last4,Card *2100,CUST_PREMIUM_001196
ck_ddd5b57b33,cookie,ck_ddd5b57b33,CUST_PREMIUM_001196
ck_f0f528375e,cookie,ck_f0f528375e,CUST_PREMIUM_001196
dev_9bfa4bc34e,device_id,dev_9bfa4bc34e,CUST_PREMIUM_001196
CUST_PREMIUM_001197,cust_id,CUST_PREMIUM_001197,CUST_PREMIUM_001197
grace.rodriguez@harbor.example,email,grace.rodriguez@harbor.example,CUST_PREMIUM_001197
+1 (415) 485-3124,phone,+1 (415) 485-3124,CUST_PREMIUM_001197
1461,card_last4,Card *1461,CUST_PREMIUM_001197
ck_e204e1afcf,cookie,ck_e204e1afcf,CUST_PREMIUM_001197
ck_5710b59197,cookie,ck_5710b59197,CUST_PREMIUM_001197
dev_a581ed35f1,device_id,dev_a581ed35f1,CUST_PREMIUM_001197
CUST_PREMIUM_001198,cust_id,CUST_PREMIUM_001198,CUST_PREMIUM_001198
shah.sora@northstar.org,email,shah.sora@northstar.org,CUST_PREMIUM_001198
+1 (310) 500-1043,phone,+1 (310) 500-1043,CUST_PREMIUM_001198
9008,card_last4,Card *9008,CUST_PREMIUM_001198
ck_02d20c160d,cookie,ck_02d20c160d,CUST_PREMIUM_001198
dev_e6852880be,device_id,dev_e6852880be,CUST_PREMIUM_001198
CUST_PREMIUM_001199,cust_id,CUST_PREMIUM_001199,CUST_PREMIUM_001199
benjaminwalker@vectorlabs.co,email,benjaminwalker@vectorlabs.co,CUST_PREMIUM_001199
+1 (917) 669-8962,phone,+1 (917) 669-8962,CUST_PREMIUM_001199
9067,card_last4,Card *9067,CUST_PREMIUM_001199
ck_72f5359ee1,cookie,ck_72f5359ee1,CUST_PREMIUM_001199
dev_a3f316d10e,device_id,dev_a3f316d10e,CUST_PREMIUM_001199
CUST_PREMIUM_001200,cust_id,CUST_PREMIUM_001200,CUST_PREMIUM_001200
miguel.diaz@vectorlabs.co,email,miguel.diaz@vectorlabs.co,CUST_PREMIUM_001200
+1 (404) 651-6881,phone,+1 (404) 651-6881,CUST_PREMIUM_001200
7003,card_last4,Card *7003,CUST_PREMIUM_001200
ck_d11a21d09e,cookie,ck_d11a21d09e,CUST_PREMIUM_001200
ck_e341ec6386,cookie,ck_e341ec6386,CUST_PREMIUM_001200
ck_af879a0942,cookie,ck_af879a0942,CUST_PREMIUM_001200
dev_be862e3cec,device_id,dev_be862e3cec,CUST_PREMIUM_001200
CUST_PREMIUM_001201,cust_id,CUST_PREMIUM_001201,CUST_PREMIUM_001201
bennett.aisha@orchardmail.com,email,bennett.aisha@orchardmail.com,CUST_PREMIUM_001201
+1 (206) 666-4800,phone,+1 (206) 666-4800,CUST_PREMIUM_001201
3037,card_last4,Card *3037,CUST_PREMIUM_001201
ck_dc9d3782b6,cookie,ck_dc9d3782b6,CUST_PREMIUM_001201
dev_d603942514,device_id,dev_d603942514,CUST_PREMIUM_001201
CUST_PREMIUM_001202,cust_id,CUST_PREMIUM_001202,CUST_PREMIUM_001202
harper.kumar7@bluepeak.co,email,harper.kumar7@bluepeak.co,CUST_PREMIUM_001202
+1 (646) 747-2719,phone,+1 (646) 747-2719,CUST_PREMIUM_001202
8188,card_last4,Card *8188,CUST_PREMIUM_001202
ck_ac43fa2e34,cookie,ck_ac43fa2e34,CUST_PREMIUM_001202
dev_2e28a48ef8,device_id,dev_2e28a48ef8,CUST_PREMIUM_001202
CUST_PREMIUM_001203,cust_id,CUST_PREMIUM_001203,CUST_PREMIUM_001203
naomi.khan8@bluepeak.co,email,naomi.khan8@bluepeak.co,CUST_PREMIUM_001203
+1 (310) 685-0638,phone,+1 (310) 685-0638,CUST_PREMIUM_001203
8728,card_last4,Card *8728,CUST_PREMIUM_001203
ck_1dfe1c26fa,cookie,ck_1dfe1c26fa,CUST_PREMIUM_001203
dev_aac8af498f,device_id,dev_aac8af498f,CUST_PREMIUM_001203
CUST_PREMIUM_001204,cust_id,CUST_PREMIUM_001204,CUST_PREMIUM_001204
adriankhan@vectorlabs.co,email,adriankhan@vectorlabs.co,CUST_PREMIUM_001204
+1 (646) 821-8557,phone,+1 (646) 821-8557,CUST_PREMIUM_001204
5552,card_last4,Card *5552,CUST_PREMIUM_001204
ck_388df22394,cookie,ck_388df22394,CUST_PREMIUM_001204
ck_bb05af127d,cookie,ck_bb05af127d,CUST_PREMIUM_001204
dev_8a2b9ca509,device_id,dev_8a2b9ca509,CUST_PREMIUM_001204
CUST_PREMIUM_001205,cust_id,CUST_PREMIUM_001205,CUST_PREMIUM_001205
zoe.morris@bluepeak.co,email,zoe.morris@bluepeak.co,CUST_PREMIUM_001205
+1 (312) 770-6476,phone,+1 (312) 770-6476,CUST_PREMIUM_001205
8270,card_last4,Card *8270,CUST_PREMIUM_001205
ck_d581f73ee8,cookie,ck_d581f73ee8,CUST_PREMIUM_001205
ck_d11fffc0a6,cookie,ck_d11fffc0a6,CUST_PREMIUM_001205
dev_6c2d965025,device_id,dev_6c2d965025,CUST_PREMIUM_001205
dev_264b6522ba,device_id,dev_264b6522ba,CUST_PREMIUM_001205
CUST_PREMIUM_001206,cust_id,CUST_PREMIUM_001206,CUST_PREMIUM_001206
zara.evans11@summitmail.net,email,zara.evans11@summitmail.net,CUST_PREMIUM_001206
+1 (646) 895-4395,phone,+1 (646) 895-4395,CUST_PREMIUM_001206
1051,card_last4,Card *1051,CUST_PREMIUM_001206
ck_ba84650e07,cookie,ck_ba84650e07,CUST_PREMIUM_001206
ck_0a0b70261d,cookie,ck_0a0b70261d,CUST_PREMIUM_001206
ck_83979457a3,cookie,ck_83979457a3,CUST_PREMIUM_001206
dev_2bf03676a7,device_id,dev_2bf03676a7,CUST_PREMIUM_001206
CUST_PREMIUM_001207,cust_id,CUST_PREMIUM_001207,CUST_PREMIUM_001207
aditi.ramirez12@harbor.example,email,aditi.ramirez12@harbor.example,CUST_PREMIUM_001207
+1 (617) 899-2314,phone,+1 (617) 899-2314,CUST_PREMIUM_001207
7134,card_last4,Card *7134,CUST_PREMIUM_001207
ck_95a3a9788a,cookie,ck_95a3a9788a,CUST_PREMIUM_001207
ck_52d330ffee,cookie,ck_52d330ffee,CUST_PREMIUM_001207
dev_f67c15837f,device_id,dev_f67c15837f,CUST_PREMIUM_001207
dev_shared_916943307,device_id,dev_shared_916943307,CUST_PREMIUM_001207
CUST_PREMIUM_001208,cust_id,CUST_PREMIUM_001208,CUST_PREMIUM_001208
zararobinson@example.com,email,zararobinson@example.com,CUST_PREMIUM_001208
+1 (404) 247-0233,phone,+1 (404) 247-0233,CUST_PREMIUM_001208
4037,card_last4,Card *4037,CUST_PREMIUM_001208
ck_b6290e3668,cookie,ck_b6290e3668,CUST_PREMIUM_001208
dev_d7775d70fe,device_id,dev_d7775d70fe,CUST_PREMIUM_001208
CUST_PREMIUM_001209,cust_id,CUST_PREMIUM_001209,CUST_PREMIUM_001209
diego.singh14@bluepeak.co,email,diego.singh14@bluepeak.co,CUST_PREMIUM_001209
+1 (416) 317-8152,phone,+1 (416) 317-8152,CUST_PREMIUM_001209
8291,card_last4,Card *8291,CUST_PREMIUM_001209
ck_223fb16ae2,cookie,ck_223fb16ae2,CUST_PREMIUM_001209
dev_7dcce4e1ee,device_id,dev_7dcce4e1ee,CUST_PREMIUM_001209
CUST_PREMIUM_001210,cust_id,CUST_PREMIUM_001210,CUST_PREMIUM_001210
kai.gupta15@summitmail.net,email,kai.gupta15@summitmail.net,CUST_PREMIUM_001210
+1 (312) 255-6071,phone,+1 (312) 255-6071,CUST_PREMIUM_001210
1762,card_last4,Card *1762,CUST_PREMIUM_001210
ck_217e75cd12,cookie,ck_217e75cd12,CUST_PREMIUM_001210
ck_e6a5361e8e,cookie,ck_e6a5361e8e,CUST_PREMIUM_001210
dev_2466b5c714,device_id,dev_2466b5c714,CUST_PREMIUM_001210
CUST_PREMIUM_001211,cust_id,CUST_PREMIUM_001211,CUST_PREMIUM_001211
jonah.nakamura@summitmail.net,email,jonah.nakamura@summitmail.net,CUST_PREMIUM_001211
+1 (305) 325-3990,phone,+1 (305) 325-3990,CUST_PREMIUM_001211
4429,card_last4,Card *4429,CUST_PREMIUM_001211
ck_63d1391aa8,cookie,ck_63d1391aa8,CUST_PREMIUM_001211
ck_f79309c83b,cookie,ck_f79309c83b,CUST_PREMIUM_001211
dev_156591e95f,device_id,dev_156591e95f,CUST_PREMIUM_001211
dev_cb04f20630,device_id,dev_cb04f20630,CUST_PREMIUM_001211
CUST_PREMIUM_001212,cust_id,CUST_PREMIUM_001212,CUST_PREMIUM_001212
shah.rafael@atlasmail.net,email,shah.rafael@atlasmail.net,CUST_PREMIUM_001212
+1 (312) 329-1909,phone,+1 (312) 329-1909,CUST_PREMIUM_001212
4429,card_last4,Card *4429,CUST_PREMIUM_001212
ck_59dcad4f36,cookie,ck_59dcad4f36,CUST_PREMIUM_001212
dev_e5a7a84791,device_id,dev_e5a7a84791,CUST_PREMIUM_001212
dev_shared_50cf8b2b8,device_id,dev_shared_50cf8b2b8,CUST_PREMIUM_001212
CUST_PREMIUM_001213,cust_id,CUST_PREMIUM_001213,CUST_PREMIUM_001213
kabir.white18@example.com,email,kabir.white18@example.com,CUST_PREMIUM_001213
+1 (469) 509-9828,phone,+1 (469) 509-9828,CUST_PREMIUM_001213
7770,card_last4,Card *7770,CUST_PREMIUM_001213
ck_3fbacc954c,cookie,ck_3fbacc954c,CUST_PREMIUM_001213
dev_c26f332c15,device_id,dev_c26f332c15,CUST_PREMIUM_001213
CUST_PREMIUM_001214,cust_id,CUST_PREMIUM_001214,CUST_PREMIUM_001214
diaz.maya@capital-demo.org,email,diaz.maya@capital-demo.org,CUST_PREMIUM_001214
+1 (310) 392-7747,phone,+1 (310) 392-7747,CUST_PREMIUM_001214
9444,card_last4,Card *9444,CUST_PREMIUM_001214
ck_53a2b27926,cookie,ck_53a2b27926,CUST_PREMIUM_001214
ck_d92b2aab11,cookie,ck_d92b2aab11,CUST_PREMIUM_001214
ck_20bbb0a66f,cookie,ck_20bbb0a66f,CUST_PREMIUM_001214
dev_f8d6963ac0,device_id,dev_f8d6963ac0,CUST_PREMIUM_001214
CUST_PREMIUM_001215,cust_id,CUST_PREMIUM_001215,CUST_PREMIUM_001215
omarwang@northstar.org,email,omarwang@northstar.org,CUST_PREMIUM_001215
+1 (312) 440-5666,phone,+1 (312) 440-5666,CUST_PREMIUM_001215
4497,card_last4,Card *4497,CUST_PREMIUM_001215
ck_d9b8382c35,cookie,ck_d9b8382c35,CUST_PREMIUM_001215
ck_69dac196f1,cookie,ck_69dac196f1,CUST_PREMIUM_001215
dev_0aab6de600,device_id,dev_0aab6de600,CUST_PREMIUM_001215
CUST_PREMIUM_001216,cust_id,CUST_PREMIUM_001216,CUST_PREMIUM_001216
ibrahimnakamura@summitmail.net,email,ibrahimnakamura@summitmail.net,CUST_PREMIUM_001216
+1 (416) 576-3585,phone,+1 (416) 576-3585,CUST_PREMIUM_001216
9749,card_last4,Card *9749,CUST_PREMIUM_001216
ck_f3d1bd35c1,cookie,ck_f3d1bd35c1,CUST_PREMIUM_001216
ck_19617433dc,cookie,ck_19617433dc,CUST_PREMIUM_001216
ck_dafa6b3414,cookie,ck_dafa6b3414,CUST_PREMIUM_001216
ck_635ed3fb45,cookie,ck_635ed3fb45,CUST_PREMIUM_001216
dev_8c0dc3691a,device_id,dev_8c0dc3691a,CUST_PREMIUM_001216
dev_shared_ff8b83977,device_id,dev_shared_ff8b83977,CUST_PREMIUM_001216
CUST_PREMIUM_001217,cust_id,CUST_PREMIUM_001217,CUST_PREMIUM_001217
liam.evans@northstar.org,email,liam.evans@northstar.org,CUST_PREMIUM_001217
+1 (718) 646-1504,phone,+1 (718) 646-1504,CUST_PREMIUM_001217
3542,card_last4,Card *3542,CUST_PREMIUM_001217
ck_2c08122119,cookie,ck_2c08122119,CUST_PREMIUM_001217
dev_d2984b88cb,device_id,dev_d2984b88cb,CUST_PREMIUM_001217
CUST_PREMIUM_001218,cust_id,CUST_PREMIUM_001218,CUST_PREMIUM_001218
dev.young@bluepeak.co,email,dev.young@bluepeak.co,CUST_PREMIUM_001218
+1 (212) 529-9423,phone,+1 (212) 529-9423,CUST_PREMIUM_001218
8650,card_last4,Card *8650,CUST_PREMIUM_001218
ck_fde0b9e306,cookie,ck_fde0b9e306,CUST_PREMIUM_001218
dev_e784a76c00,device_id,dev_e784a76c00,CUST_PREMIUM_001218
CUST_PREMIUM_001219,cust_id,CUST_PREMIUM_001219,CUST_PREMIUM_001219
g.martin@summitmail.net,email,g.martin@summitmail.net,CUST_PREMIUM_001219
+1 (469) 731-7342,phone,+1 (469) 731-7342,CUST_PREMIUM_001219
0124,card_last4,Card *0124,CUST_PREMIUM_001219
ck_ffe5c3aeff,cookie,ck_ffe5c3aeff,CUST_PREMIUM_001219
ck_e130588ec8,cookie,ck_e130588ec8,CUST_PREMIUM_001219
ck_87dd6d6228,cookie,ck_87dd6d6228,CUST_PREMIUM_001219
ck_edea6af5a1,cookie,ck_edea6af5a1,CUST_PREMIUM_001219
dev_f22c2eb10b,device_id,dev_f22c2eb10b,CUST_PREMIUM_001219
CUST_PREMIUM_001220,cust_id,CUST_PREMIUM_001220,CUST_PREMIUM_001220
elias.wilson25@harbor.example,email,elias.wilson25@harbor.example,CUST_PREMIUM_001220
+1 (416) 724-5261,phone,+1 (416) 724-5261,CUST_PREMIUM_001220
7109,card_last4,Card *7109,CUST_PREMIUM_001220
ck_e8feae4dff,cookie,ck_e8feae4dff,CUST_PREMIUM_001220
dev_b7ca2ad7f5,device_id,dev_b7ca2ad7f5,CUST_PREMIUM_001220
dev_6c2bc9b4aa,device_id,dev_6c2bc9b4aa,CUST_PREMIUM_001220
CUST_PREMIUM_001221,cust_id,CUST_PREMIUM_001221,CUST_PREMIUM_001221
andrewilliams@example.com,email,andrewilliams@example.com,CUST_PREMIUM_001221
+1 (617) 717-3180,phone,+1 (617) 717-3180,CUST_PREMIUM_001221
1697,card_last4,Card *1697,CUST_PREMIUM_001221
ck_372f91c31c,cookie,ck_372f91c31c,CUST_PREMIUM_001221
dev_e9097fee86,device_id,dev_e9097fee86,CUST_PREMIUM_001221
CUST_PREMIUM_001222,cust_id,CUST_PREMIUM_001222,CUST_PREMIUM_001222
z.martin@northstar.org,email,z.martin@northstar.org,CUST_PREMIUM_001222
+1 (202) 776-1099,phone,+1 (202) 776-1099,CUST_PREMIUM_001222
1949,card_last4,Card *1949,CUST_PREMIUM_001222
ck_7f476f3d72,cookie,ck_7f476f3d72,CUST_PREMIUM_001222
ck_daeeb91710,cookie,ck_daeeb91710,CUST_PREMIUM_001222
dev_a9f4efcdb6,device_id,dev_a9f4efcdb6,CUST_PREMIUM_001222
CUST_PREMIUM_001223,cust_id,CUST_PREMIUM_001223,CUST_PREMIUM_001223
zara.ito28@bluepeak.co,email,zara.ito28@bluepeak.co,CUST_PREMIUM_001223
+1 (212) 714-9018,phone,+1 (212) 714-9018,CUST_PREMIUM_001223
2193,card_last4,Card *2193,CUST_PREMIUM_001223
ck_65439d1e46,cookie,ck_65439d1e46,CUST_PREMIUM_001223
dev_8254e4c871,device_id,dev_8254e4c871,CUST_PREMIUM_001223
CUST_PREMIUM_001224,cust_id,CUST_PREMIUM_001224,CUST_PREMIUM_001224
kai.brown29@atlasmail.net,email,kai.brown29@atlasmail.net,CUST_PREMIUM_001224
+1 (212) 751-6937,phone,+1 (212) 751-6937,CUST_PREMIUM_001224
8935,card_last4,Card *8935,CUST_PREMIUM_001224
ck_efafd8f8fb,cookie,ck_efafd8f8fb,CUST_PREMIUM_001224
ck_151978dc65,cookie,ck_151978dc65,CUST_PREMIUM_001224
dev_465a2025a6,device_id,dev_465a2025a6,CUST_PREMIUM_001224
dev_shared_ae8cf1038,device_id,dev_shared_ae8cf1038,CUST_PREMIUM_001224
CUST_PREMIUM_001225,cust_id,CUST_PREMIUM_001225,CUST_PREMIUM_001225
turner.elias@example.com,email,turner.elias@example.com,CUST_PREMIUM_001225
+1 (206) 854-4856,phone,+1 (206) 854-4856,CUST_PREMIUM_001225
0853,card_last4,Card *0853,CUST_PREMIUM_001225
ck_862427c8ff,cookie,ck_862427c8ff,CUST_PREMIUM_001225
dev_e7ca4b64ac,device_id,dev_e7ca4b64ac,CUST_PREMIUM_001225
dev_shared_caed0e8e0,device_id,dev_shared_caed0e8e0,CUST_PREMIUM_001225
CUST_PREMIUM_001226,cust_id,CUST_PREMIUM_001226,CUST_PREMIUM_001226
hannah.lee31@bluepeak.co,email,hannah.lee31@bluepeak.co,CUST_PREMIUM_001226
+1 (416) 246-2775,phone,+1 (416) 246-2775,CUST_PREMIUM_001226
7154,card_last4,Card *7154,CUST_PREMIUM_001226
ck_bde82c6907,cookie,ck_bde82c6907,CUST_PREMIUM_001226
dev_5d0b7bc54e,device_id,dev_5d0b7bc54e,CUST_PREMIUM_001226
CUST_PREMIUM_001227,cust_id,CUST_PREMIUM_001227,CUST_PREMIUM_001227
eliasyoung@capital-demo.org,email,eliasyoung@capital-demo.org,CUST_PREMIUM_001227
+1 (212) 862-0694,phone,+1 (212) 862-0694,CUST_PREMIUM_001227
9646,card_last4,Card *9646,CUST_PREMIUM_001227
ck_1992458180,cookie,ck_1992458180,CUST_PREMIUM_001227
dev_71d1d6f711,device_id,dev_71d1d6f711,CUST_PREMIUM_001227
dev_13b8c31fb0,device_id,dev_13b8c31fb0,CUST_PREMIUM_001227
CUST_PREMIUM_001228,cust_id,CUST_PREMIUM_001228,CUST_PREMIUM_001228
f.young@northstar.org,email,f.young@northstar.org,CUST_PREMIUM_001228
+1 (404) 287-8613,phone,+1 (404) 287-8613,CUST_PREMIUM_001228
4213,card_last4,Card *4213,CUST_PREMIUM_001228
ck_68667aa89a,cookie,ck_68667aa89a,CUST_PREMIUM_001228
dev_9d89a8a603,device_id,dev_9d89a8a603,CUST_PREMIUM_001228
CUST_PREMIUM_001229,cust_id,CUST_PREMIUM_001229,CUST_PREMIUM_001229
e.ito@bluepeak.co,email,e.ito@bluepeak.co,CUST_PREMIUM_001229
+1 (202) 335-6532,phone,+1 (202) 335-6532,CUST_PREMIUM_001229
1731,card_last4,Card *1731,CUST_PREMIUM_001229
ck_91a8217460,cookie,ck_91a8217460,CUST_PREMIUM_001229
dev_692a82df44,device_id,dev_692a82df44,CUST_PREMIUM_001229
CUST_PREMIUM_001230,cust_id,CUST_PREMIUM_001230,CUST_PREMIUM_001230
meerawilliams@atlasmail.net,email,meerawilliams@atlasmail.net,CUST_PREMIUM_001230
+1 (212) 273-4451,phone,+1 (212) 273-4451,CUST_PREMIUM_001230
3710,card_last4,Card *3710,CUST_PREMIUM_001230
ck_0107b93992,cookie,ck_0107b93992,CUST_PREMIUM_001230
ck_59028a0242,cookie,ck_59028a0242,CUST_PREMIUM_001230
dev_f78b2e09a1,device_id,dev_f78b2e09a1,CUST_PREMIUM_001230
dev_87a8eaa8a4,device_id,dev_87a8eaa8a4,CUST_PREMIUM_001230
CUST_PREMIUM_001231,cust_id,CUST_PREMIUM_001231,CUST_PREMIUM_001231
a.carter@capital-demo.org,email,a.carter@capital-demo.org,CUST_PREMIUM_001231
+1 (212) 310-2370,phone,+1 (212) 310-2370,CUST_PREMIUM_001231
5654,card_last4,Card *5654,CUST_PREMIUM_001231
ck_cba1bf78c4,cookie,ck_cba1bf78c4,CUST_PREMIUM_001231
dev_5b7bb3fc76,device_id,dev_5b7bb3fc76,CUST_PREMIUM_001231
CUST_PREMIUM_001232,cust_id,CUST_PREMIUM_001232,CUST_PREMIUM_001232
victoriaclark@example.com,email,victoriaclark@example.com,CUST_PREMIUM_001232
+1 (917) 490-0289,phone,+1 (917) 490-0289,CUST_PREMIUM_001232
9174,card_last4,Card *9174,CUST_PREMIUM_001232
ck_41ac75de5a,cookie,ck_41ac75de5a,CUST_PREMIUM_001232
dev_606e3514f9,device_id,dev_606e3514f9,CUST_PREMIUM_001232
CUST_PREMIUM_001233,cust_id,CUST_PREMIUM_001233,CUST_PREMIUM_001233
akiraevans@atlasmail.net,email,akiraevans@atlasmail.net,CUST_PREMIUM_001233
+1 (310) 395-8208,phone,+1 (310) 395-8208,CUST_PREMIUM_001233
4498,card_last4,Card *4498,CUST_PREMIUM_001233
ck_4e70d30d6b,cookie,ck_4e70d30d6b,CUST_PREMIUM_001233
dev_ee22176a99,device_id,dev_ee22176a99,CUST_PREMIUM_001233
CUST_PREMIUM_001234,cust_id,CUST_PREMIUM_001234,CUST_PREMIUM_001234
camila.davis39@capital-demo.org,email,camila.davis39@capital-demo.org,CUST_PREMIUM_001234
+1 (214) 465-6127,phone,+1 (214) 465-6127,CUST_PREMIUM_001234
5601,card_last4,Card *5601,CUST_PREMIUM_001234
ck_c6ce13a855,cookie,ck_c6ce13a855,CUST_PREMIUM_001234
ck_e06a5c4bd1,cookie,ck_e06a5c4bd1,CUST_PREMIUM_001234
dev_796b2deb6c,device_id,dev_796b2deb6c,CUST_PREMIUM_001234
CUST_PREMIUM_001235,cust_id,CUST_PREMIUM_001235,CUST_PREMIUM_001235
maya.kumar40@vectorlabs.co,email,maya.kumar40@vectorlabs.co,CUST_PREMIUM_001235
+1 (650) 590-4046,phone,+1 (650) 590-4046,CUST_PREMIUM_001235
2158,card_last4,Card *2158,CUST_PREMIUM_001235
ck_58648013c4,cookie,ck_58648013c4,CUST_PREMIUM_001235
ck_61f40af438,cookie,ck_61f40af438,CUST_PREMIUM_001235
dev_cec671f4f2,device_id,dev_cec671f4f2,CUST_PREMIUM_001235
CUST_PREMIUM_001236,cust_id,CUST_PREMIUM_001236,CUST_PREMIUM_001236
hannah.khan41@northstar.org,email,hannah.khan41@northstar.org,CUST_PREMIUM_001236
+1 (404) 583-1965,phone,+1 (404) 583-1965,CUST_PREMIUM_001236
2065,card_last4,Card *2065,CUST_PREMIUM_001236
ck_502dec32e8,cookie,ck_502dec32e8,CUST_PREMIUM_001236
dev_d8606254dc,device_id,dev_d8606254dc,CUST_PREMIUM_001236
CUST_PREMIUM_001237,cust_id,CUST_PREMIUM_001237,CUST_PREMIUM_001237
noradiaz@example.com,email,noradiaz@example.com,CUST_PREMIUM_001237
+1 (415) 565-9884,phone,+1 (415) 565-9884,CUST_PREMIUM_001237
5327,card_last4,Card *5327,CUST_PREMIUM_001237
ck_06f191b674,cookie,ck_06f191b674,CUST_PREMIUM_001237
dev_7b1ff996ae,device_id,dev_7b1ff996ae,CUST_PREMIUM_001237
CUST_PREMIUM_001238,cust_id,CUST_PREMIUM_001238,CUST_PREMIUM_001238
adrian.robinson@vectorlabs.co,email,adrian.robinson@vectorlabs.co,CUST_PREMIUM_001238
+1 (917) 712-7803,phone,+1 (917) 712-7803,CUST_PREMIUM_001238
3452,card_last4,Card *3452,CUST_PREMIUM_001238
ck_ba63c3b2b4,cookie,ck_ba63c3b2b4,CUST_PREMIUM_001238
ck_fce978b162,cookie,ck_fce978b162,CUST_PREMIUM_001238
dev_bfd416fee5,device_id,dev_bfd416fee5,CUST_PREMIUM_001238
dev_b2e3defcfb,device_id,dev_b2e3defcfb,CUST_PREMIUM_001238
CUST_PREMIUM_001239,cust_id,CUST_PREMIUM_001239,CUST_PREMIUM_001239
hiro.smith@capital-demo.org,email,hiro.smith@capital-demo.org,CUST_PREMIUM_001239
+1 (202) 705-5722,phone,+1 (202) 705-5722,CUST_PREMIUM_001239
1324,card_last4,Card *1324,CUST_PREMIUM_001239
ck_468e29121d,cookie,ck_468e29121d,CUST_PREMIUM_001239
dev_a1f568e1e7,device_id,dev_a1f568e1e7,CUST_PREMIUM_001239
CUST_PREMIUM_001240,cust_id,CUST_PREMIUM_001240,CUST_PREMIUM_001240
amelia.chen45@atlasmail.net,email,amelia.chen45@atlasmail.net,CUST_PREMIUM_001240
+1 (415) 676-3641,phone,+1 (415) 676-3641,CUST_PREMIUM_001240
4307,card_last4,Card *4307,CUST_PREMIUM_001240
ck_6d29ae3c83,cookie,ck_6d29ae3c83,CUST_PREMIUM_001240
dev_1a072f09d0,device_id,dev_1a072f09d0,CUST_PREMIUM_001240
CUST_PREMIUM_001241,cust_id,CUST_PREMIUM_001241,CUST_PREMIUM_001241
m.martinez@northstar.org,email,m.martinez@northstar.org,CUST_PREMIUM_001241
+1 (469) 845-1560,phone,+1 (469) 845-1560,CUST_PREMIUM_001241
7588,card_last4,Card *7588,CUST_PREMIUM_001241
ck_0406b53616,cookie,ck_0406b53616,CUST_PREMIUM_001241
ck_b3833e1112,cookie,ck_b3833e1112,CUST_PREMIUM_001241
dev_690b5478a8,device_id,dev_690b5478a8,CUST_PREMIUM_001241
dev_8300ac51f2,device_id,dev_8300ac51f2,CUST_PREMIUM_001241
CUST_PREMIUM_001242,cust_id,CUST_PREMIUM_001242,CUST_PREMIUM_001242
sarahall@harbor.example,email,sarahall@harbor.example,CUST_PREMIUM_001242
+1 (404) 805-9479,phone,+1 (404) 805-9479,CUST_PREMIUM_001242
9772,card_last4,Card *9772,CUST_PREMIUM_001242
ck_db3a2fa0b8,cookie,ck_db3a2fa0b8,CUST_PREMIUM_001242
dev_4a01655a74,device_id,dev_4a01655a74,CUST_PREMIUM_001242
CUST_PREMIUM_001243,cust_id,CUST_PREMIUM_001243,CUST_PREMIUM_001243
clark.jonah@vectorlabs.co,email,clark.jonah@vectorlabs.co,CUST_PREMIUM_001243
+1 (415) 787-7398,phone,+1 (415) 787-7398,CUST_PREMIUM_001243
9985,card_last4,Card *9985,CUST_PREMIUM_001243
ck_ebc23089d9,cookie,ck_ebc23089d9,CUST_PREMIUM_001243
dev_233a88353a,device_id,dev_233a88353a,CUST_PREMIUM_001243
dev_shared_848c1f350,device_id,dev_shared_848c1f350,CUST_PREMIUM_001243
CUST_PREMIUM_001244,cust_id,CUST_PREMIUM_001244,CUST_PREMIUM_001244
harper.smith49@vectorlabs.co,email,harper.smith49@vectorlabs.co,CUST_PREMIUM_001244
+1 (917) 234-5317,phone,+1 (917) 234-5317,CUST_PREMIUM_001244
7704,card_last4,Card *7704,CUST_PREMIUM_001244
ck_e1027aa48a,cookie,ck_e1027aa48a,CUST_PREMIUM_001244
dev_ba58436fda,device_id,dev_ba58436fda,CUST_PREMIUM_001244
dev_shared_867cb659c,device_id,dev_shared_867cb659c,CUST_PREMIUM_001244
CUST_PREMIUM_001245,cust_id,CUST_PREMIUM_001245,CUST_PREMIUM_001245
omar.taylor@summitmail.net,email,omar.taylor@summitmail.net,CUST_PREMIUM_001245
+1 (312) 850-3236,phone,+1 (312) 850-3236,CUST_PREMIUM_001245
3724,card_last4,Card *3724,CUST_PREMIUM_001245
ck_516eac2113,cookie,ck_516eac2113,CUST_PREMIUM_001245
dev_cd29a423d4,device_id,dev_cd29a423d4,CUST_PREMIUM_001245
CUST_PREMIUM_001246,cust_id,CUST_PREMIUM_001246,CUST_PREMIUM_001246
jones.andre@vectorlabs.co,email,jones.andre@vectorlabs.co,CUST_PREMIUM_001246
+1 (312) 887-1155,phone,+1 (312) 887-1155,CUST_PREMIUM_001246
1426,card_last4,Card *1426,CUST_PREMIUM_001246
ck_9b1cc24cd5,cookie,ck_9b1cc24cd5,CUST_PREMIUM_001246
ck_89ce134598,cookie,ck_89ce134598,CUST_PREMIUM_001246
dev_a77c7f67de,device_id,dev_a77c7f67de,CUST_PREMIUM_001246
CUST_PREMIUM_001247,cust_id,CUST_PREMIUM_001247,CUST_PREMIUM_001247
a.patel@example.com,email,a.patel@example.com,CUST_PREMIUM_001247
+1 (718) 356-9074,phone,+1 (718) 356-9074,CUST_PREMIUM_001247
5087,card_last4,Card *5087,CUST_PREMIUM_001247
ck_163ce963ad,cookie,ck_163ce963ad,CUST_PREMIUM_001247
dev_dd470fd506,device_id,dev_dd470fd506,CUST_PREMIUM_001247
CUST_PREMIUM_001248,cust_id,CUST_PREMIUM_001248,CUST_PREMIUM_001248
avery.wilson53@northstar.org,email,avery.wilson53@northstar.org,CUST_PREMIUM_001248
+1 (917) 382-6993,phone,+1 (917) 382-6993,CUST_PREMIUM_001248
5834,card_last4,Card *5834,CUST_PREMIUM_001248
ck_0b9ec5ece7,cookie,ck_0b9ec5ece7,CUST_PREMIUM_001248
ck_8e9b432148,cookie,ck_8e9b432148,CUST_PREMIUM_001248
dev_91fb00b37f,device_id,dev_91fb00b37f,CUST_PREMIUM_001248
CUST_PREMIUM_001249,cust_id,CUST_PREMIUM_001249,CUST_PREMIUM_001249
h.lopez@vectorlabs.co,email,h.lopez@vectorlabs.co,CUST_PREMIUM_001249
+1 (404) 364-4912,phone,+1 (404) 364-4912,CUST_PREMIUM_001249
1888,card_last4,Card *1888,CUST_PREMIUM_001249
ck_0aee108a91,cookie,ck_0aee108a91,CUST_PREMIUM_001249
ck_133eefa87f,cookie,ck_133eefa87f,CUST_PREMIUM_001249
dev_48ef3a0737,device_id,dev_48ef3a0737,CUST_PREMIUM_001249
CUST_PREMIUM_001250,cust_id,CUST_PREMIUM_001250,CUST_PREMIUM_001250
maya.lee55@atlasmail.net,email,maya.lee55@atlasmail.net,CUST_PREMIUM_001250
+1 (415) 346-2831,phone,+1 (415) 346-2831,CUST_PREMIUM_001250
5686,card_last4,Card *5686,CUST_PREMIUM_001250
ck_14a2eef1f7,cookie,ck_14a2eef1f7,CUST_PREMIUM_001250
dev_bdcf0fbc2d,device_id,dev_bdcf0fbc2d,CUST_PREMIUM_001250
CUST_PREMIUM_001251,cust_id,CUST_PREMIUM_001251,CUST_PREMIUM_001251
theoanderson@summitmail.net,email,theoanderson@summitmail.net,CUST_PREMIUM_001251
+1 (214) 394-0750,phone,+1 (214) 394-0750,CUST_PREMIUM_001251
1735,card_last4,Card *1735,CUST_PREMIUM_001251
ck_6bd2799f03,cookie,ck_6bd2799f03,CUST_PREMIUM_001251
dev_74ee6c7910,device_id,dev_74ee6c7910,CUST_PREMIUM_001251
CUST_PREMIUM_001252,cust_id,CUST_PREMIUM_001252,CUST_PREMIUM_001252
akirawang@vectorlabs.co,email,akirawang@vectorlabs.co,CUST_PREMIUM_001252
+1 (310) 398-8669,phone,+1 (310) 398-8669,CUST_PREMIUM_001252
7888,card_last4,Card *7888,CUST_PREMIUM_001252
ck_b749697364,cookie,ck_b749697364,CUST_PREMIUM_001252
dev_fbf108fb2c,device_id,dev_fbf108fb2c,CUST_PREMIUM_001252
dev_5fd27095f2,device_id,dev_5fd27095f2,CUST_PREMIUM_001252
CUST_PREMIUM_001253,cust_id,CUST_PREMIUM_001253,CUST_PREMIUM_001253
rafael.wilson@orchardmail.com,email,rafael.wilson@orchardmail.com,CUST_PREMIUM_001253
+1 (416) 545-6588,phone,+1 (416) 545-6588,CUST_PREMIUM_001253
7339,card_last4,Card *7339,CUST_PREMIUM_001253
ck_19d16353b6,cookie,ck_19d16353b6,CUST_PREMIUM_001253
ck_906e7627a1,cookie,ck_906e7627a1,CUST_PREMIUM_001253
dev_84bbeac47a,device_id,dev_84bbeac47a,CUST_PREMIUM_001253
dev_f382b71262,device_id,dev_f382b71262,CUST_PREMIUM_001253
CUST_PREMIUM_001254,cust_id,CUST_PREMIUM_001254,CUST_PREMIUM_001254
a.morris@summitmail.net,email,a.morris@summitmail.net,CUST_PREMIUM_001254
+1 (404) 549-4507,phone,+1 (404) 549-4507,CUST_PREMIUM_001254
7855,card_last4,Card *7855,CUST_PREMIUM_001254
ck_4f85090f04,cookie,ck_4f85090f04,CUST_PREMIUM_001254
dev_9922557049,device_id,dev_9922557049,CUST_PREMIUM_001254
CUST_PREMIUM_001255,cust_id,CUST_PREMIUM_001255,CUST_PREMIUM_001255
hiro.thompson@bluepeak.co,email,hiro.thompson@bluepeak.co,CUST_PREMIUM_001255
+1 (305) 553-2426,phone,+1 (305) 553-2426,CUST_PREMIUM_001255
3892,card_last4,Card *3892,CUST_PREMIUM_001255
ck_d408da0d7a,cookie,ck_d408da0d7a,CUST_PREMIUM_001255
dev_d5beb57c33,device_id,dev_d5beb57c33,CUST_PREMIUM_001255
CUST_PREMIUM_001256,cust_id,CUST_PREMIUM_001256,CUST_PREMIUM_001256
t.williams@capital-demo.org,email,t.williams@capital-demo.org,CUST_PREMIUM_001256
+1 (214) 579-0345,phone,+1 (214) 579-0345,CUST_PREMIUM_001256
8176,card_last4,Card *8176,CUST_PREMIUM_001256
ck_39a0fc9205,cookie,ck_39a0fc9205,CUST_PREMIUM_001256
ck_50c5f27f38,cookie,ck_50c5f27f38,CUST_PREMIUM_001256
dev_85b261799b,device_id,dev_85b261799b,CUST_PREMIUM_001256
dev_shared_34aecb8f1,device_id,dev_shared_34aecb8f1,CUST_PREMIUM_001256
CUST_PREMIUM_001257,cust_id,CUST_PREMIUM_001257,CUST_PREMIUM_001257
jack.kumar62@example.com,email,jack.kumar62@example.com,CUST_PREMIUM_001257
+1 (305) 627-8264,phone,+1 (305) 627-8264,CUST_PREMIUM_001257
9408,card_last4,Card *9408,CUST_PREMIUM_001257
ck_cd21586d7a,cookie,ck_cd21586d7a,CUST_PREMIUM_001257
ck_ec476f9a55,cookie,ck_ec476f9a55,CUST_PREMIUM_001257
dev_dda47cfe83,device_id,dev_dda47cfe83,CUST_PREMIUM_001257
CUST_PREMIUM_001258,cust_id,CUST_PREMIUM_001258,CUST_PREMIUM_001258
a.thomas@bluepeak.co,email,a.thomas@bluepeak.co,CUST_PREMIUM_001258
+1 (646) 719-6183,phone,+1 (646) 719-6183,CUST_PREMIUM_001258
9809,card_last4,Card *9809,CUST_PREMIUM_001258
ck_a5020696dc,cookie,ck_a5020696dc,CUST_PREMIUM_001258
ck_e277a63902,cookie,ck_e277a63902,CUST_PREMIUM_001258
ck_bd28cb796c,cookie,ck_bd28cb796c,CUST_PREMIUM_001258
ck_f1fd7fc1ad,cookie,ck_f1fd7fc1ad,CUST_PREMIUM_001258
dev_6e2e05379f,device_id,dev_6e2e05379f,CUST_PREMIUM_001258
CUST_PREMIUM_001259,cust_id,CUST_PREMIUM_001259,CUST_PREMIUM_001259
g.roy@capital-demo.org,email,g.roy@capital-demo.org,CUST_PREMIUM_001259
+1 (469) 811-4102,phone,+1 (469) 811-4102,CUST_PREMIUM_001259
0831,card_last4,Card *0831,CUST_PREMIUM_001259
ck_0f38e5583e,cookie,ck_0f38e5583e,CUST_PREMIUM_001259
dev_1825ae37a1,device_id,dev_1825ae37a1,CUST_PREMIUM_001259
dev_384bacbfc3,device_id,dev_384bacbfc3,CUST_PREMIUM_001259
dev_837b6ad3d1,device_id,dev_837b6ad3d1,CUST_PREMIUM_001259
dev_ed74594de7,device_id,dev_ed74594de7,CUST_PREMIUM_001259
dev_shared_deb7dc5bc,device_id,dev_shared_deb7dc5bc,CUST_PREMIUM_001259
CUST_PREMIUM_001260,cust_id,CUST_PREMIUM_001260,CUST_PREMIUM_001260
ethansato@bluepeak.co,email,ethansato@bluepeak.co,CUST_PREMIUM_001260
+1 (214) 727-2021,phone,+1 (214) 727-2021,CUST_PREMIUM_001260
8876,card_last4,Card *8876,CUST_PREMIUM_001260
ck_6d4376880b,cookie,ck_6d4376880b,CUST_PREMIUM_001260
ck_9aaea95749,cookie,ck_9aaea95749,CUST_PREMIUM_001260
dev_9dd4527f9e,device_id,dev_9dd4527f9e,CUST_PREMIUM_001260
CUST_PREMIUM_001261,cust_id,CUST_PREMIUM_001261,CUST_PREMIUM_001261
t.patel@northstar.org,email,t.patel@northstar.org,CUST_PREMIUM_001261
+1 (416) 841-9940,phone,+1 (416) 841-9940,CUST_PREMIUM_001261
7023,card_last4,Card *7023,CUST_PREMIUM_001261
ck_6a9d4c8ae3,cookie,ck_6a9d4c8ae3,CUST_PREMIUM_001261
dev_5c501510af,device_id,dev_5c501510af,CUST_PREMIUM_001261
CUST_PREMIUM_001262,cust_id,CUST_PREMIUM_001262,CUST_PREMIUM_001262
nora.bennett@summitmail.net,email,nora.bennett@summitmail.net,CUST_PREMIUM_001262
+1 (310) 768-7859,phone,+1 (310) 768-7859,CUST_PREMIUM_001262
1209,card_last4,Card *1209,CUST_PREMIUM_001262
ck_ac586ac128,cookie,ck_ac586ac128,CUST_PREMIUM_001262
ck_0d2513491e,cookie,ck_0d2513491e,CUST_PREMIUM_001262
dev_106ff399d4,device_id,dev_106ff399d4,CUST_PREMIUM_001262
CUST_PREMIUM_001263,cust_id,CUST_PREMIUM_001263,CUST_PREMIUM_001263
nathan.williams@summitmail.net,email,nathan.williams@summitmail.net,CUST_PREMIUM_001263
+1 (312) 816-5778,phone,+1 (312) 816-5778,CUST_PREMIUM_001263
0363,card_last4,Card *0363,CUST_PREMIUM_001263
ck_ff7d93def7,cookie,ck_ff7d93def7,CUST_PREMIUM_001263
dev_d5a82ac259,device_id,dev_d5a82ac259,CUST_PREMIUM_001263
CUST_PREMIUM_001264,cust_id,CUST_PREMIUM_001264,CUST_PREMIUM_001264
diego.murphy@example.com,email,diego.murphy@example.com,CUST_PREMIUM_001264
+1 (214) 875-3697,phone,+1 (214) 875-3697,CUST_PREMIUM_001264
5708,card_last4,Card *5708,CUST_PREMIUM_001264
ck_cff563c570,cookie,ck_cff563c570,CUST_PREMIUM_001264
dev_8f8600081d,device_id,dev_8f8600081d,CUST_PREMIUM_001264
dev_5520bb4cd9,device_id,dev_5520bb4cd9,CUST_PREMIUM_001264
CUST_PREMIUM_001265,cust_id,CUST_PREMIUM_001265,CUST_PREMIUM_001265
walker.noah@atlasmail.net,email,walker.noah@atlasmail.net,CUST_PREMIUM_001265
+1 (617) 245-1616,phone,+1 (617) 245-1616,CUST_PREMIUM_001265
6525,card_last4,Card *6525,CUST_PREMIUM_001265
ck_f2d32d6ba5,cookie,ck_f2d32d6ba5,CUST_PREMIUM_001265
dev_627b861e96,device_id,dev_627b861e96,CUST_PREMIUM_001265
CUST_PREMIUM_001266,cust_id,CUST_PREMIUM_001266,CUST_PREMIUM_001266
v.vance@northstar.org,email,v.vance@northstar.org,CUST_PREMIUM_001266
+1 (650) 337-9535,phone,+1 (650) 337-9535,CUST_PREMIUM_001266
7714,card_last4,Card *7714,CUST_PREMIUM_001266
ck_42af5e77d0,cookie,ck_42af5e77d0,CUST_PREMIUM_001266
ck_f0cbc67f19,cookie,ck_f0cbc67f19,CUST_PREMIUM_001266
dev_4f681c47d7,device_id,dev_4f681c47d7,CUST_PREMIUM_001266
dev_shared_9d52f6451,device_id,dev_shared_9d52f6451,CUST_PREMIUM_001266
CUST_PREMIUM_001267,cust_id,CUST_PREMIUM_001267,CUST_PREMIUM_001267
ravi.young72@summitmail.net,email,ravi.young72@summitmail.net,CUST_PREMIUM_001267
+1 (212) 242-7454,phone,+1 (212) 242-7454,CUST_PREMIUM_001267
4607,card_last4,Card *4607,CUST_PREMIUM_001267
ck_b0fb8f4e3d,cookie,ck_b0fb8f4e3d,CUST_PREMIUM_001267
dev_3e942d8aa9,device_id,dev_3e942d8aa9,CUST_PREMIUM_001267
CUST_PREMIUM_001268,cust_id,CUST_PREMIUM_001268,CUST_PREMIUM_001268
jasmine.martinez73@atlasmail.net,email,jasmine.martinez73@atlasmail.net,CUST_PREMIUM_001268
+1 (917) 422-5373,phone,+1 (917) 422-5373,CUST_PREMIUM_001268
9515,card_last4,Card *9515,CUST_PREMIUM_001268
ck_91e287337e,cookie,ck_91e287337e,CUST_PREMIUM_001268
dev_abb1e1a561,device_id,dev_abb1e1a561,CUST_PREMIUM_001268
dev_03e5a1a370,device_id,dev_03e5a1a370,CUST_PREMIUM_001268
CUST_PREMIUM_001269,cust_id,CUST_PREMIUM_001269,CUST_PREMIUM_001269
gabrielsingh@atlasmail.net,email,gabrielsingh@atlasmail.net,CUST_PREMIUM_001269
+1 (312) 338-3292,phone,+1 (312) 338-3292,CUST_PREMIUM_001269
7503,card_last4,Card *7503,CUST_PREMIUM_001269
ck_197e67d477,cookie,ck_197e67d477,CUST_PREMIUM_001269
dev_703a532aab,device_id,dev_703a532aab,CUST_PREMIUM_001269
dev_7a381b39ea,device_id,dev_7a381b39ea,CUST_PREMIUM_001269
CUST_PREMIUM_001270,cust_id,CUST_PREMIUM_001270,CUST_PREMIUM_001270
daniel.gupta@harbor.example,email,daniel.gupta@harbor.example,CUST_PREMIUM_001270
+1 (305) 408-1211,phone,+1 (305) 408-1211,CUST_PREMIUM_001270
5940,card_last4,Card *5940,CUST_PREMIUM_001270
ck_748626bea9,cookie,ck_748626bea9,CUST_PREMIUM_001270
ck_c3653e6991,cookie,ck_c3653e6991,CUST_PREMIUM_001270
ck_7399ec4983,cookie,ck_7399ec4983,CUST_PREMIUM_001270
dev_d9fbfa8663,device_id,dev_d9fbfa8663,CUST_PREMIUM_001270
dev_f009c8bf76,device_id,dev_f009c8bf76,CUST_PREMIUM_001270
dev_6679ba6950,device_id,dev_6679ba6950,CUST_PREMIUM_001270
CUST_PREMIUM_001271,cust_id,CUST_PREMIUM_001271,CUST_PREMIUM_001271
zara.nguyen76@bluepeak.co,email,zara.nguyen76@bluepeak.co,CUST_PREMIUM_001271
+1 (917) 533-9130,phone,+1 (917) 533-9130,CUST_PREMIUM_001271
0029,card_last4,Card *0029,CUST_PREMIUM_001271
ck_5e8857f373,cookie,ck_5e8857f373,CUST_PREMIUM_001271
ck_59088a56bf,cookie,ck_59088a56bf,CUST_PREMIUM_001271
dev_5a73d59885,device_id,dev_5a73d59885,CUST_PREMIUM_001271
CUST_PREMIUM_001272,cust_id,CUST_PREMIUM_001272,CUST_PREMIUM_001272
zoemiller@orchardmail.com,email,zoemiller@orchardmail.com,CUST_PREMIUM_001272
+1 (718) 581-7049,phone,+1 (718) 581-7049,CUST_PREMIUM_001272
5550,card_last4,Card *5550,CUST_PREMIUM_001272
ck_0a6f17aea2,cookie,ck_0a6f17aea2,CUST_PREMIUM_001272
ck_7538d1c65e,cookie,ck_7538d1c65e,CUST_PREMIUM_001272
ck_27660c9063,cookie,ck_27660c9063,CUST_PREMIUM_001272
ck_99abb353cd,cookie,ck_99abb353cd,CUST_PREMIUM_001272
ck_4c1514afb8,cookie,ck_4c1514afb8,CUST_PREMIUM_001272
ck_17f5d179ae,cookie,ck_17f5d179ae,CUST_PREMIUM_001272
dev_0116c8869c,device_id,dev_0116c8869c,CUST_PREMIUM_001272
CUST_PREMIUM_001273,cust_id,CUST_PREMIUM_001273,CUST_PREMIUM_001273
jackson.fatima@vectorlabs.co,email,jackson.fatima@vectorlabs.co,CUST_PREMIUM_001273
+1 (305) 519-4968,phone,+1 (305) 519-4968,CUST_PREMIUM_001273
1612,card_last4,Card *1612,CUST_PREMIUM_001273
ck_3bee66fbfd,cookie,ck_3bee66fbfd,CUST_PREMIUM_001273
dev_7693ccf622,device_id,dev_7693ccf622,CUST_PREMIUM_001273
dev_28973bdb05,device_id,dev_28973bdb05,CUST_PREMIUM_001273
CUST_PREMIUM_001274,cust_id,CUST_PREMIUM_001274,CUST_PREMIUM_001274
rodriguez.kai@bluepeak.co,email,rodriguez.kai@bluepeak.co,CUST_PREMIUM_001274
+1 (312) 523-2887,phone,+1 (312) 523-2887,CUST_PREMIUM_001274
0319,card_last4,Card *0319,CUST_PREMIUM_001274
ck_ec86432f9c,cookie,ck_ec86432f9c,CUST_PREMIUM_001274
dev_25b877c68e,device_id,dev_25b877c68e,CUST_PREMIUM_001274
CUST_PREMIUM_001275,cust_id,CUST_PREMIUM_001275,CUST_PREMIUM_001275
oliviathomas@atlasmail.net,email,oliviathomas@atlasmail.net,CUST_PREMIUM_001275
+1 (312) 560-0806,phone,+1 (312) 560-0806,CUST_PREMIUM_001275
9077,card_last4,Card *9077,CUST_PREMIUM_001275
ck_e1a4495e3e,cookie,ck_e1a4495e3e,CUST_PREMIUM_001275
dev_e21e08d880,device_id,dev_e21e08d880,CUST_PREMIUM_001275
CUST_PREMIUM_001276,cust_id,CUST_PREMIUM_001276,CUST_PREMIUM_001276
s.khan@example.com,email,s.khan@example.com,CUST_PREMIUM_001276
+1 (212) 575-8725,phone,+1 (212) 575-8725,CUST_PREMIUM_001276
9695,card_last4,Card *9695,CUST_PREMIUM_001276
ck_e37d32db31,cookie,ck_e37d32db31,CUST_PREMIUM_001276
ck_ca44bc47ff,cookie,ck_ca44bc47ff,CUST_PREMIUM_001276
dev_13f3304f5d,device_id,dev_13f3304f5d,CUST_PREMIUM_001276
CUST_PREMIUM_001277,cust_id,CUST_PREMIUM_001277,CUST_PREMIUM_001277
elenashah@harbor.example,email,elenashah@harbor.example,CUST_PREMIUM_001277
+1 (646) 722-6644,phone,+1 (646) 722-6644,CUST_PREMIUM_001277
1299,card_last4,Card *1299,CUST_PREMIUM_001277
ck_270d38f181,cookie,ck_270d38f181,CUST_PREMIUM_001277
ck_a5a33e7706,cookie,ck_a5a33e7706,CUST_PREMIUM_001277
dev_4987fbf37f,device_id,dev_4987fbf37f,CUST_PREMIUM_001277
CUST_PREMIUM_001278,cust_id,CUST_PREMIUM_001278,CUST_PREMIUM_001278
m.white@orchardmail.com,email,m.white@orchardmail.com,CUST_PREMIUM_001278
+1 (646) 759-4563,phone,+1 (646) 759-4563,CUST_PREMIUM_001278
4712,card_last4,Card *4712,CUST_PREMIUM_001278
ck_8945e395ab,cookie,ck_8945e395ab,CUST_PREMIUM_001278
ck_a3b71ee969,cookie,ck_a3b71ee969,CUST_PREMIUM_001278
ck_c956b1bb05,cookie,ck_c956b1bb05,CUST_PREMIUM_001278
dev_c76cd7a481,device_id,dev_c76cd7a481,CUST_PREMIUM_001278
dev_shared_f59b53e17,device_id,dev_shared_f59b53e17,CUST_PREMIUM_001278
CUST_PREMIUM_001279,cust_id,CUST_PREMIUM_001279,CUST_PREMIUM_001279
camila.campbell@summitmail.net,email,camila.campbell@summitmail.net,CUST_PREMIUM_001279
+1 (617) 763-2482,phone,+1 (617) 763-2482,CUST_PREMIUM_001279
6369,card_last4,Card *6369,CUST_PREMIUM_001279
ck_10783fa713,cookie,ck_10783fa713,CUST_PREMIUM_001279
dev_05bfd3a26f,device_id,dev_05bfd3a26f,CUST_PREMIUM_001279
CUST_PREMIUM_001280,cust_id,CUST_PREMIUM_001280,CUST_PREMIUM_001280
kim.jasmine@vectorlabs.co,email,kim.jasmine@vectorlabs.co,CUST_PREMIUM_001280
+1 (214) 767-0401,phone,+1 (214) 767-0401,CUST_PREMIUM_001280
1869,card_last4,Card *1869,CUST_PREMIUM_001280
ck_d6b93e47e3,cookie,ck_d6b93e47e3,CUST_PREMIUM_001280
dev_3bd326fc01,device_id,dev_3bd326fc01,CUST_PREMIUM_001280
CUST_PREMIUM_001281,cust_id,CUST_PREMIUM_001281,CUST_PREMIUM_001281
sterling.hazel@capital-demo.org,email,sterling.hazel@capital-demo.org,CUST_PREMIUM_001281
+1 (312) 782-8320,phone,+1 (312) 782-8320,CUST_PREMIUM_001281
2017,card_last4,Card *2017,CUST_PREMIUM_001281
ck_762507eff5,cookie,ck_762507eff5,CUST_PREMIUM_001281
ck_084bbe3e8a,cookie,ck_084bbe3e8a,CUST_PREMIUM_001281
ck_4934a3f02e,cookie,ck_4934a3f02e,CUST_PREMIUM_001281
ck_0ff1746e6c,cookie,ck_0ff1746e6c,CUST_PREMIUM_001281
dev_c6158ac007,device_id,dev_c6158ac007,CUST_PREMIUM_001281
dev_49e492d958,device_id,dev_49e492d958,CUST_PREMIUM_001281
CUST_PREMIUM_001282,cust_id,CUST_PREMIUM_001282,CUST_PREMIUM_001282
ravi.evans87@example.com,email,ravi.evans87@example.com,CUST_PREMIUM_001282
+1 (202) 896-6239,phone,+1 (202) 896-6239,CUST_PREMIUM_001282
9636,card_last4,Card *9636,CUST_PREMIUM_001282
ck_3477c2604e,cookie,ck_3477c2604e,CUST_PREMIUM_001282
ck_949c5d16bc,cookie,ck_949c5d16bc,CUST_PREMIUM_001282
ck_6637d36cad,cookie,ck_6637d36cad,CUST_PREMIUM_001282
dev_5d178ac4b7,device_id,dev_5d178ac4b7,CUST_PREMIUM_001282
CUST_PREMIUM_001283,cust_id,CUST_PREMIUM_001283,CUST_PREMIUM_001283
lucas.ahmed@harbor.example,email,lucas.ahmed@harbor.example,CUST_PREMIUM_001283
+1 (312) 856-4158,phone,+1 (312) 856-4158,CUST_PREMIUM_001283
1194,card_last4,Card *1194,CUST_PREMIUM_001283
ck_e1d1e1b3b6,cookie,ck_e1d1e1b3b6,CUST_PREMIUM_001283
dev_554e534786,device_id,dev_554e534786,CUST_PREMIUM_001283
CUST_PREMIUM_001284,cust_id,CUST_PREMIUM_001284,CUST_PREMIUM_001284
riya.banerjee89@harbor.example,email,riya.banerjee89@harbor.example,CUST_PREMIUM_001284
+1 (650) 303-2077,phone,+1 (650) 303-2077,CUST_PREMIUM_001284
3397,card_last4,Card *3397,CUST_PREMIUM_001284
ck_1807556411,cookie,ck_1807556411,CUST_PREMIUM_001284
dev_c0dd7dca43,device_id,dev_c0dd7dca43,CUST_PREMIUM_001284
CUST_PREMIUM_001285,cust_id,CUST_PREMIUM_001285,CUST_PREMIUM_001285
z.nguyen@atlasmail.net,email,z.nguyen@atlasmail.net,CUST_PREMIUM_001285
+1 (212) 208-9996,phone,+1 (212) 208-9996,CUST_PREMIUM_001285
6098,card_last4,Card *6098,CUST_PREMIUM_001285
ck_285422c8c1,cookie,ck_285422c8c1,CUST_PREMIUM_001285
dev_8645b5d8f6,device_id,dev_8645b5d8f6,CUST_PREMIUM_001285
CUST_PREMIUM_001286,cust_id,CUST_PREMIUM_001286,CUST_PREMIUM_001286
l.perez@capital-demo.org,email,l.perez@capital-demo.org,CUST_PREMIUM_001286
+1 (416) 366-7915,phone,+1 (416) 366-7915,CUST_PREMIUM_001286
4950,card_last4,Card *4950,CUST_PREMIUM_001286
ck_c2f999f137,cookie,ck_c2f999f137,CUST_PREMIUM_001286
dev_dbc1b61ecc,device_id,dev_dbc1b61ecc,CUST_PREMIUM_001286
CUST_PREMIUM_001287,cust_id,CUST_PREMIUM_001287,CUST_PREMIUM_001287
garcia.kai@vectorlabs.co,email,garcia.kai@vectorlabs.co,CUST_PREMIUM_001287
+1 (202) 381-5834,phone,+1 (202) 381-5834,CUST_PREMIUM_001287
4777,card_last4,Card *4777,CUST_PREMIUM_001287
ck_01e36bbfe8,cookie,ck_01e36bbfe8,CUST_PREMIUM_001287
dev_8e851b9f7e,device_id,dev_8e851b9f7e,CUST_PREMIUM_001287
CUST_PREMIUM_001288,cust_id,CUST_PREMIUM_001288,CUST_PREMIUM_001288
alejandrokhan@northstar.org,email,alejandrokhan@northstar.org,CUST_PREMIUM_001288
+1 (212) 319-3753,phone,+1 (212) 319-3753,CUST_PREMIUM_001288
4876,card_last4,Card *4876,CUST_PREMIUM_001288
ck_2e05b481d5,cookie,ck_2e05b481d5,CUST_PREMIUM_001288
ck_c7f403b05c,cookie,ck_c7f403b05c,CUST_PREMIUM_001288
dev_34111554fc,device_id,dev_34111554fc,CUST_PREMIUM_001288
CUST_PREMIUM_001289,cust_id,CUST_PREMIUM_001289,CUST_PREMIUM_001289
eleanor.kapoor@vectorlabs.co,email,eleanor.kapoor@vectorlabs.co,CUST_PREMIUM_001289
+1 (310) 367-1672,phone,+1 (310) 367-1672,CUST_PREMIUM_001289
6187,card_last4,Card *6187,CUST_PREMIUM_001289
ck_173abc34c9,cookie,ck_173abc34c9,CUST_PREMIUM_001289
ck_8103d0d033,cookie,ck_8103d0d033,CUST_PREMIUM_001289
dev_e448870c8b,device_id,dev_e448870c8b,CUST_PREMIUM_001289
CUST_PREMIUM_001290,cust_id,CUST_PREMIUM_001290,CUST_PREMIUM_001290
sophia.wang@northstar.org,email,sophia.wang@northstar.org,CUST_PREMIUM_001290
+1 (646) 503-9591,phone,+1 (646) 503-9591,CUST_PREMIUM_001290
6599,card_last4,Card *6599,CUST_PREMIUM_001290
ck_ad81862ac6,cookie,ck_ad81862ac6,CUST_PREMIUM_001290
dev_82b07ada88,device_id,dev_82b07ada88,CUST_PREMIUM_001290
dev_2a5c9bf0d0,device_id,dev_2a5c9bf0d0,CUST_PREMIUM_001290
CUST_PREMIUM_001291,cust_id,CUST_PREMIUM_001291,CUST_PREMIUM_001291
fernandez.olivia@atlasmail.net,email,fernandez.olivia@atlasmail.net,CUST_PREMIUM_001291
+1 (312) 452-7510,phone,+1 (312) 452-7510,CUST_PREMIUM_001291
7500,card_last4,Card *7500,CUST_PREMIUM_001291
ck_bf29894497,cookie,ck_bf29894497,CUST_PREMIUM_001291
dev_a928d84394,device_id,dev_a928d84394,CUST_PREMIUM_001291
CUST_PREMIUM_001292,cust_id,CUST_PREMIUM_001292,CUST_PREMIUM_001292
alejandrowright@vectorlabs.co,email,alejandrowright@vectorlabs.co,CUST_PREMIUM_001292
+1 (310) 478-5429,phone,+1 (310) 478-5429,CUST_PREMIUM_001292
7593,card_last4,Card *7593,CUST_PREMIUM_001292
ck_e92ec0293d,cookie,ck_e92ec0293d,CUST_PREMIUM_001292
dev_f5cd6ea8be,device_id,dev_f5cd6ea8be,CUST_PREMIUM_001292
CUST_PREMIUM_001293,cust_id,CUST_PREMIUM_001293,CUST_PREMIUM_001293
arjun.fernandez@atlasmail.net,email,arjun.fernandez@atlasmail.net,CUST_PREMIUM_001293
+1 (305) 559-3348,phone,+1 (305) 559-3348,CUST_PREMIUM_001293
2552,card_last4,Card *2552,CUST_PREMIUM_001293
ck_f4c1ae47d5,cookie,ck_f4c1ae47d5,CUST_PREMIUM_001293
dev_488253285f,device_id,dev_488253285f,CUST_PREMIUM_001293
CUST_PREMIUM_001294,cust_id,CUST_PREMIUM_001294,CUST_PREMIUM_001294
yuki.wilson@vectorlabs.co,email,yuki.wilson@vectorlabs.co,CUST_PREMIUM_001294
+1 (416) 662-1267,phone,+1 (416) 662-1267,CUST_PREMIUM_001294
0444,card_last4,Card *0444,CUST_PREMIUM_001294
ck_7ad50fcb60,cookie,ck_7ad50fcb60,CUST_PREMIUM_001294
ck_e15bedf134,cookie,ck_e15bedf134,CUST_PREMIUM_001294
dev_3a3f19a2db,device_id,dev_3a3f19a2db,CUST_PREMIUM_001294
CUST_PREMIUM_001295,cust_id,CUST_PREMIUM_001295,CUST_PREMIUM_001295
cooper.zara@capital-demo.org,email,cooper.zara@capital-demo.org,CUST_PREMIUM_001295
+1 (718) 732-9186,phone,+1 (718) 732-9186,CUST_PREMIUM_001295
5665,card_last4,Card *5665,CUST_PREMIUM_001295
ck_981b38aa0f,cookie,ck_981b38aa0f,CUST_PREMIUM_001295
dev_d1a45e6a06,device_id,dev_d1a45e6a06,CUST_PREMIUM_001295
CUST_PREMIUM_001296,cust_id,CUST_PREMIUM_001296,CUST_PREMIUM_001296
camila.shah4@example.com,email,camila.shah4@example.com,CUST_PREMIUM_001296
+1 (415) 648-7105,phone,+1 (415) 648-7105,CUST_PREMIUM_001296
4188,card_last4,Card *4188,CUST_PREMIUM_001296
ck_2c14f14200,cookie,ck_2c14f14200,CUST_PREMIUM_001296
dev_4315be8201,device_id,dev_4315be8201,CUST_PREMIUM_001296
CUST_PREMIUM_001297,cust_id,CUST_PREMIUM_001297,CUST_PREMIUM_001297
yuki.clark@example.com,email,yuki.clark@example.com,CUST_PREMIUM_001297
+1 (212) 652-5024,phone,+1 (212) 652-5024,CUST_PREMIUM_001297
2003,card_last4,Card *2003,CUST_PREMIUM_001297
ck_adc871f0b2,cookie,ck_adc871f0b2,CUST_PREMIUM_001297
ck_2ac3a5a168,cookie,ck_2ac3a5a168,CUST_PREMIUM_001297
ck_e3d3b2f9ff,cookie,ck_e3d3b2f9ff,CUST_PREMIUM_001297
dev_8f66258ca9,device_id,dev_8f66258ca9,CUST_PREMIUM_001297
dev_shared_0700824c1,device_id,dev_shared_0700824c1,CUST_PREMIUM_001297
CUST_PREMIUM_001298,cust_id,CUST_PREMIUM_001298,CUST_PREMIUM_001298
dev.brown6@atlasmail.net,email,dev.brown6@atlasmail.net,CUST_PREMIUM_001298
+1 (469) 854-2943,phone,+1 (469) 854-2943,CUST_PREMIUM_001298
7843,card_last4,Card *7843,CUST_PREMIUM_001298
ck_cd6cdbef80,cookie,ck_cd6cdbef80,CUST_PREMIUM_001298
ck_fa615f4ac5,cookie,ck_fa615f4ac5,CUST_PREMIUM_001298
ck_4291953dea,cookie,ck_4291953dea,CUST_PREMIUM_001298
dev_a202f97ef3,device_id,dev_a202f97ef3,CUST_PREMIUM_001298
dev_6485b1bc4e,device_id,dev_6485b1bc4e,CUST_PREMIUM_001298
CUST_PREMIUM_001299,cust_id,CUST_PREMIUM_001299,CUST_PREMIUM_001299
s.patel@orchardmail.com,email,s.patel@orchardmail.com,CUST_PREMIUM_001299
+1 (212) 726-0862,phone,+1 (212) 726-0862,CUST_PREMIUM_001299
9583,card_last4,Card *9583,CUST_PREMIUM_001299
ck_7e7fbb7e31,cookie,ck_7e7fbb7e31,CUST_PREMIUM_001299
dev_b846d85a7d,device_id,dev_b846d85a7d,CUST_PREMIUM_001299
CUST_PREMIUM_001300,cust_id,CUST_PREMIUM_001300,CUST_PREMIUM_001300
r.smith@atlasmail.net,email,r.smith@atlasmail.net,CUST_PREMIUM_001300
+1 (415) 796-8781,phone,+1 (415) 796-8781,CUST_PREMIUM_001300
4572,card_last4,Card *4572,CUST_PREMIUM_001300
ck_980b7358bc,cookie,ck_980b7358bc,CUST_PREMIUM_001300
dev_cf68721e34,device_id,dev_cf68721e34,CUST_PREMIUM_001300
CUST_PREMIUM_001301,cust_id,CUST_PREMIUM_001301,CUST_PREMIUM_001301
a.chen@example.com,email,a.chen@example.com,CUST_PREMIUM_001301
+1 (310) 811-6700,phone,+1 (310) 811-6700,CUST_PREMIUM_001301
4521,card_last4,Card *4521,CUST_PREMIUM_001301
ck_d9b325dc28,cookie,ck_d9b325dc28,CUST_PREMIUM_001301
dev_2c3784bba0,device_id,dev_2c3784bba0,CUST_PREMIUM_001301
CUST_PREMIUM_001302,cust_id,CUST_PREMIUM_001302,CUST_PREMIUM_001302
z.lopez@atlasmail.net,email,z.lopez@atlasmail.net,CUST_PREMIUM_001302
+1 (310) 848-4619,phone,+1 (310) 848-4619,CUST_PREMIUM_001302
4964,card_last4,Card *4964,CUST_PREMIUM_001302
ck_6c6e0b2117,cookie,ck_6c6e0b2117,CUST_PREMIUM_001302
ck_1a68556f8a,cookie,ck_1a68556f8a,CUST_PREMIUM_001302
dev_4d8b981dcb,device_id,dev_4d8b981dcb,CUST_PREMIUM_001302
CUST_PREMIUM_001303,cust_id,CUST_PREMIUM_001303,CUST_PREMIUM_001303
lucas.roberts11@example.com,email,lucas.roberts11@example.com,CUST_PREMIUM_001303
+1 (312) 896-2538,phone,+1 (312) 896-2538,CUST_PREMIUM_001303
9755,card_last4,Card *9755,CUST_PREMIUM_001303
ck_23a03101ac,cookie,ck_23a03101ac,CUST_PREMIUM_001303
ck_0edf3f678e,cookie,ck_0edf3f678e,CUST_PREMIUM_001303
dev_5879303bb0,device_id,dev_5879303bb0,CUST_PREMIUM_001303
CUST_PREMIUM_001304,cust_id,CUST_PREMIUM_001304,CUST_PREMIUM_001304
hannah.campbell12@vectorlabs.co,email,hannah.campbell12@vectorlabs.co,CUST_PREMIUM_001304
+1 (617) 288-0457,phone,+1 (617) 288-0457,CUST_PREMIUM_001304
0297,card_last4,Card *0297,CUST_PREMIUM_001304
ck_f1875031fb,cookie,ck_f1875031fb,CUST_PREMIUM_001304
dev_e10dd2cb5a,device_id,dev_e10dd2cb5a,CUST_PREMIUM_001304
dev_shared_42fe0a61e,device_id,dev_shared_42fe0a61e,CUST_PREMIUM_001304
dev_shared_618800052,device_id,dev_shared_618800052,CUST_PREMIUM_001304
CUST_PREMIUM_001305,cust_id,CUST_PREMIUM_001305,CUST_PREMIUM_001305
priyacooper@atlasmail.net,email,priyacooper@atlasmail.net,CUST_PREMIUM_001305
+1 (617) 325-8376,phone,+1 (617) 325-8376,CUST_PREMIUM_001305
5367,card_last4,Card *5367,CUST_PREMIUM_001305
ck_851ed0d8ef,cookie,ck_851ed0d8ef,CUST_PREMIUM_001305
dev_ad2f911737,device_id,dev_ad2f911737,CUST_PREMIUM_001305
CUST_PREMIUM_001306,cust_id,CUST_PREMIUM_001306,CUST_PREMIUM_001306
harperhernandez@northstar.org,email,harperhernandez@northstar.org,CUST_PREMIUM_001306
+1 (469) 450-6295,phone,+1 (469) 450-6295,CUST_PREMIUM_001306
4264,card_last4,Card *4264,CUST_PREMIUM_001306
ck_c97a33b3ae,cookie,ck_c97a33b3ae,CUST_PREMIUM_001306
ck_3c3ad6de73,cookie,ck_3c3ad6de73,CUST_PREMIUM_001306
ck_426d07fd3d,cookie,ck_426d07fd3d,CUST_PREMIUM_001306
ck_3a1e5c3c6a,cookie,ck_3a1e5c3c6a,CUST_PREMIUM_001306
dev_2fb2662906,device_id,dev_2fb2662906,CUST_PREMIUM_001306
CUST_PREMIUM_001307,cust_id,CUST_PREMIUM_001307,CUST_PREMIUM_001307
jasmine.rossi15@atlasmail.net,email,jasmine.rossi15@atlasmail.net,CUST_PREMIUM_001307
+1 (202) 421-4214,phone,+1 (202) 421-4214,CUST_PREMIUM_001307
5995,card_last4,Card *5995,CUST_PREMIUM_001307
ck_04ad62e058,cookie,ck_04ad62e058,CUST_PREMIUM_001307
ck_35c7711ef8,cookie,ck_35c7711ef8,CUST_PREMIUM_001307
dev_3ebbfc9a30,device_id,dev_3ebbfc9a30,CUST_PREMIUM_001307
CUST_PREMIUM_001308,cust_id,CUST_PREMIUM_001308,CUST_PREMIUM_001308
meera.shah16@harbor.example,email,meera.shah16@harbor.example,CUST_PREMIUM_001308
+1 (917) 502-2133,phone,+1 (917) 502-2133,CUST_PREMIUM_001308
3579,card_last4,Card *3579,CUST_PREMIUM_001308
ck_33b29a732c,cookie,ck_33b29a732c,CUST_PREMIUM_001308
ck_75831c8dc0,cookie,ck_75831c8dc0,CUST_PREMIUM_001308
ck_900c197366,cookie,ck_900c197366,CUST_PREMIUM_001308
dev_d8a2727ac9,device_id,dev_d8a2727ac9,CUST_PREMIUM_001308
CUST_PREMIUM_001309,cust_id,CUST_PREMIUM_001309,CUST_PREMIUM_001309
victoria.ramirez17@orchardmail.com,email,victoria.ramirez17@orchardmail.com,CUST_PREMIUM_001309
+1 (617) 473-0052,phone,+1 (617) 473-0052,CUST_PREMIUM_001309
1276,card_last4,Card *1276,CUST_PREMIUM_001309
ck_e7437c59de,cookie,ck_e7437c59de,CUST_PREMIUM_001309
dev_a5485d4a33,device_id,dev_a5485d4a33,CUST_PREMIUM_001309
dev_84afdf6e9c,device_id,dev_84afdf6e9c,CUST_PREMIUM_001309
CUST_PREMIUM_001310,cust_id,CUST_PREMIUM_001310,CUST_PREMIUM_001310
aditi.martinez@atlasmail.net,email,aditi.martinez@atlasmail.net,CUST_PREMIUM_001310
+1 (310) 444-7971,phone,+1 (310) 444-7971,CUST_PREMIUM_001310
7842,card_last4,Card *7842,CUST_PREMIUM_001310
ck_967ea5d11e,cookie,ck_967ea5d11e,CUST_PREMIUM_001310
ck_ea3574b288,cookie,ck_ea3574b288,CUST_PREMIUM_001310
dev_8f0354cc22,device_id,dev_8f0354cc22,CUST_PREMIUM_001310
CUST_PREMIUM_001311,cust_id,CUST_PREMIUM_001311,CUST_PREMIUM_001311
nathan.banerjee19@summitmail.net,email,nathan.banerjee19@summitmail.net,CUST_PREMIUM_001311
+1 (917) 613-5890,phone,+1 (917) 613-5890,CUST_PREMIUM_001311
1993,card_last4,Card *1993,CUST_PREMIUM_001311
ck_31d6243e9f,cookie,ck_31d6243e9f,CUST_PREMIUM_001311
dev_ab30df8378,device_id,dev_ab30df8378,CUST_PREMIUM_001311
CUST_PREMIUM_001312,cust_id,CUST_PREMIUM_001312,CUST_PREMIUM_001312
n.wright@atlasmail.net,email,n.wright@atlasmail.net,CUST_PREMIUM_001312
+1 (310) 518-3809,phone,+1 (310) 518-3809,CUST_PREMIUM_001312
2835,card_last4,Card *2835,CUST_PREMIUM_001312
ck_f035decd09,cookie,ck_f035decd09,CUST_PREMIUM_001312
dev_debf64c6df,device_id,dev_debf64c6df,CUST_PREMIUM_001312
CUST_PREMIUM_001313,cust_id,CUST_PREMIUM_001313,CUST_PREMIUM_001313
vivian.fernandez21@northstar.org,email,vivian.fernandez21@northstar.org,CUST_PREMIUM_001313
+1 (404) 632-1728,phone,+1 (404) 632-1728,CUST_PREMIUM_001313
6270,card_last4,Card *6270,CUST_PREMIUM_001313
ck_e822c40a92,cookie,ck_e822c40a92,CUST_PREMIUM_001313
ck_4078a25d99,cookie,ck_4078a25d99,CUST_PREMIUM_001313
ck_9f0c63d1f4,cookie,ck_9f0c63d1f4,CUST_PREMIUM_001313
dev_986381caa2,device_id,dev_986381caa2,CUST_PREMIUM_001313
dev_101973582e,device_id,dev_101973582e,CUST_PREMIUM_001313
dev_b467bd85e5,device_id,dev_b467bd85e5,CUST_PREMIUM_001313
CUST_PREMIUM_001314,cust_id,CUST_PREMIUM_001314,CUST_PREMIUM_001314
a.wilson@orchardmail.com,email,a.wilson@orchardmail.com,CUST_PREMIUM_001314
+1 (416) 702-9647,phone,+1 (416) 702-9647,CUST_PREMIUM_001314
4198,card_last4,Card *4198,CUST_PREMIUM_001314
ck_5408611dbd,cookie,ck_5408611dbd,CUST_PREMIUM_001314
ck_b7ec26fae0,cookie,ck_b7ec26fae0,CUST_PREMIUM_001314
dev_14a0fe692f,device_id,dev_14a0fe692f,CUST_PREMIUM_001314
dev_54cfd59b3a,device_id,dev_54cfd59b3a,CUST_PREMIUM_001314
dev_d2e2f741da,device_id,dev_d2e2f741da,CUST_PREMIUM_001314
CUST_PREMIUM_001315,cust_id,CUST_PREMIUM_001315,CUST_PREMIUM_001315
morgan.ananya@bluepeak.co,email,morgan.ananya@bluepeak.co,CUST_PREMIUM_001315
+1 (917) 761-7566,phone,+1 (917) 761-7566,CUST_PREMIUM_001315
4635,card_last4,Card *4635,CUST_PREMIUM_001315
ck_b3706b5118,cookie,ck_b3706b5118,CUST_PREMIUM_001315
dev_dd6a5b60a3,device_id,dev_dd6a5b60a3,CUST_PREMIUM_001315
CUST_PREMIUM_001316,cust_id,CUST_PREMIUM_001316,CUST_PREMIUM_001316
elias.evans@harbor.example,email,elias.evans@harbor.example,CUST_PREMIUM_001316
+1 (212) 655-5485,phone,+1 (212) 655-5485,CUST_PREMIUM_001316
0917,card_last4,Card *0917,CUST_PREMIUM_001316
ck_4e28b1ddc5,cookie,ck_4e28b1ddc5,CUST_PREMIUM_001316
ck_728f151209,cookie,ck_728f151209,CUST_PREMIUM_001316
dev_9a95976fc4,device_id,dev_9a95976fc4,CUST_PREMIUM_001316
CUST_PREMIUM_001317,cust_id,CUST_PREMIUM_001317,CUST_PREMIUM_001317
hannahanderson@orchardmail.com,email,hannahanderson@orchardmail.com,CUST_PREMIUM_001317
+1 (212) 692-3404,phone,+1 (212) 692-3404,CUST_PREMIUM_001317
2018,card_last4,Card *2018,CUST_PREMIUM_001317
ck_771858d1a6,cookie,ck_771858d1a6,CUST_PREMIUM_001317
dev_8be7e74657,device_id,dev_8be7e74657,CUST_PREMIUM_001317
CUST_PREMIUM_001318,cust_id,CUST_PREMIUM_001318,CUST_PREMIUM_001318
gabriel.taylor@example.com,email,gabriel.taylor@example.com,CUST_PREMIUM_001318
+1 (416) 850-1323,phone,+1 (416) 850-1323,CUST_PREMIUM_001318
2187,card_last4,Card *2187,CUST_PREMIUM_001318
ck_49f39bd500,cookie,ck_49f39bd500,CUST_PREMIUM_001318
ck_cb2c27aa50,cookie,ck_cb2c27aa50,CUST_PREMIUM_001318
dev_67a42ad727,device_id,dev_67a42ad727,CUST_PREMIUM_001318
CUST_PREMIUM_001319,cust_id,CUST_PREMIUM_001319,CUST_PREMIUM_001319
c.nguyen@bluepeak.co,email,c.nguyen@bluepeak.co,CUST_PREMIUM_001319
+1 (415) 799-9242,phone,+1 (415) 799-9242,CUST_PREMIUM_001319
0724,card_last4,Card *0724,CUST_PREMIUM_001319
ck_32836dff4d,cookie,ck_32836dff4d,CUST_PREMIUM_001319
dev_421357ba80,device_id,dev_421357ba80,CUST_PREMIUM_001319
CUST_PREMIUM_001320,cust_id,CUST_PREMIUM_001320,CUST_PREMIUM_001320
morgan.ravi@bluepeak.co,email,morgan.ravi@bluepeak.co,CUST_PREMIUM_001320
+1 (202) 202-7161,phone,+1 (202) 202-7161,CUST_PREMIUM_001320
4973,card_last4,Card *4973,CUST_PREMIUM_001320
ck_fb79cb679e,cookie,ck_fb79cb679e,CUST_PREMIUM_001320
dev_64892cd4be,device_id,dev_64892cd4be,CUST_PREMIUM_001320
CUST_PREMIUM_001321,cust_id,CUST_PREMIUM_001321,CUST_PREMIUM_001321
h.martin@bluepeak.co,email,h.martin@bluepeak.co,CUST_PREMIUM_001321
+1 (917) 283-5080,phone,+1 (917) 283-5080,CUST_PREMIUM_001321
6986,card_last4,Card *6986,CUST_PREMIUM_001321
ck_6ffa4d2134,cookie,ck_6ffa4d2134,CUST_PREMIUM_001321
ck_ae0c975023,cookie,ck_ae0c975023,CUST_PREMIUM_001321
dev_d1682bb4d3,device_id,dev_d1682bb4d3,CUST_PREMIUM_001321
CUST_PREMIUM_001322,cust_id,CUST_PREMIUM_001322,CUST_PREMIUM_001322
a.vance@northstar.org,email,a.vance@northstar.org,CUST_PREMIUM_001322
+1 (305) 232-2999,phone,+1 (305) 232-2999,CUST_PREMIUM_001322
1129,card_last4,Card *1129,CUST_PREMIUM_001322
ck_948ba9cea7,cookie,ck_948ba9cea7,CUST_PREMIUM_001322
dev_d159513c41,device_id,dev_d159513c41,CUST_PREMIUM_001322
CUST_PREMIUM_001323,cust_id,CUST_PREMIUM_001323,CUST_PREMIUM_001323
kabir.diaz@northstar.org,email,kabir.diaz@northstar.org,CUST_PREMIUM_001323
+1 (404) 302-0918,phone,+1 (404) 302-0918,CUST_PREMIUM_001323
8668,card_last4,Card *8668,CUST_PREMIUM_001323
ck_1cfafd438b,cookie,ck_1cfafd438b,CUST_PREMIUM_001323
ck_38f99a809f,cookie,ck_38f99a809f,CUST_PREMIUM_001323
dev_7e0372624a,device_id,dev_7e0372624a,CUST_PREMIUM_001323
dev_efeba1170e,device_id,dev_efeba1170e,CUST_PREMIUM_001323
CUST_PREMIUM_001324,cust_id,CUST_PREMIUM_001324,CUST_PREMIUM_001324
bennett.rei@vectorlabs.co,email,bennett.rei@vectorlabs.co,CUST_PREMIUM_001324
+1 (214) 295-8837,phone,+1 (214) 295-8837,CUST_PREMIUM_001324
4919,card_last4,Card *4919,CUST_PREMIUM_001324
ck_300cf46f0f,cookie,ck_300cf46f0f,CUST_PREMIUM_001324
dev_c881b328c4,device_id,dev_c881b328c4,CUST_PREMIUM_001324
CUST_PREMIUM_001325,cust_id,CUST_PREMIUM_001325,CUST_PREMIUM_001325
khan.theo@summitmail.net,email,khan.theo@summitmail.net,CUST_PREMIUM_001325
+1 (214) 332-6756,phone,+1 (214) 332-6756,CUST_PREMIUM_001325
5354,card_last4,Card *5354,CUST_PREMIUM_001325
ck_3ddbb7a606,cookie,ck_3ddbb7a606,CUST_PREMIUM_001325
dev_71d717598e,device_id,dev_71d717598e,CUST_PREMIUM_001325
CUST_PREMIUM_001326,cust_id,CUST_PREMIUM_001326,CUST_PREMIUM_001326
fatima.wright@harbor.example,email,fatima.wright@harbor.example,CUST_PREMIUM_001326
+1 (312) 347-4675,phone,+1 (312) 347-4675,CUST_PREMIUM_001326
1018,card_last4,Card *1018,CUST_PREMIUM_001326
ck_adf3885346,cookie,ck_adf3885346,CUST_PREMIUM_001326
dev_79bec146d3,device_id,dev_79bec146d3,CUST_PREMIUM_001326
CUST_PREMIUM_001327,cust_id,CUST_PREMIUM_001327,CUST_PREMIUM_001327
a.campbell@capital-demo.org,email,a.campbell@capital-demo.org,CUST_PREMIUM_001327
+1 (416) 483-2594,phone,+1 (416) 483-2594,CUST_PREMIUM_001327
9545,card_last4,Card *9545,CUST_PREMIUM_001327
ck_f7c5cfdae6,cookie,ck_f7c5cfdae6,CUST_PREMIUM_001327
dev_9b74a22521,device_id,dev_9b74a22521,CUST_PREMIUM_001327
CUST_PREMIUM_001328,cust_id,CUST_PREMIUM_001328,CUST_PREMIUM_001328
v.sato@northstar.org,email,v.sato@northstar.org,CUST_PREMIUM_001328
+1 (404) 487-0513,phone,+1 (404) 487-0513,CUST_PREMIUM_001328
9100,card_last4,Card *9100,CUST_PREMIUM_001328
ck_6d883efb86,cookie,ck_6d883efb86,CUST_PREMIUM_001328
dev_b59cb57263,device_id,dev_b59cb57263,CUST_PREMIUM_001328
CUST_PREMIUM_001329,cust_id,CUST_PREMIUM_001329,CUST_PREMIUM_001329
dev.kapoor37@example.com,email,dev.kapoor37@example.com,CUST_PREMIUM_001329
+1 (212) 436-8432,phone,+1 (212) 436-8432,CUST_PREMIUM_001329
9975,card_last4,Card *9975,CUST_PREMIUM_001329
ck_dfc3cd5e3b,cookie,ck_dfc3cd5e3b,CUST_PREMIUM_001329
ck_871e183885,cookie,ck_871e183885,CUST_PREMIUM_001329
dev_68d703c65c,device_id,dev_68d703c65c,CUST_PREMIUM_001329
CUST_PREMIUM_001330,cust_id,CUST_PREMIUM_001330,CUST_PREMIUM_001330
priyawilliams@example.com,email,priyawilliams@example.com,CUST_PREMIUM_001330
+1 (214) 517-6351,phone,+1 (214) 517-6351,CUST_PREMIUM_001330
5821,card_last4,Card *5821,CUST_PREMIUM_001330
ck_16ccdb2e84,cookie,ck_16ccdb2e84,CUST_PREMIUM_001330
ck_7d5fbced72,cookie,ck_7d5fbced72,CUST_PREMIUM_001330
dev_b7d4093b03,device_id,dev_b7d4093b03,CUST_PREMIUM_001330
CUST_PREMIUM_001331,cust_id,CUST_PREMIUM_001331,CUST_PREMIUM_001331
hall.amara@harbor.example,email,hall.amara@harbor.example,CUST_PREMIUM_001331
+1 (312) 532-4270,phone,+1 (312) 532-4270,CUST_PREMIUM_001331
2128,card_last4,Card *2128,CUST_PREMIUM_001331
ck_31ad5a4e77,cookie,ck_31ad5a4e77,CUST_PREMIUM_001331
dev_27f851970a,device_id,dev_27f851970a,CUST_PREMIUM_001331
CUST_PREMIUM_001332,cust_id,CUST_PREMIUM_001332,CUST_PREMIUM_001332
hernandez.adrian@atlasmail.net,email,hernandez.adrian@atlasmail.net,CUST_PREMIUM_001332
+1 (415) 580-2189,phone,+1 (415) 580-2189,CUST_PREMIUM_001332
0736,card_last4,Card *0736,CUST_PREMIUM_001332
ck_f18083af0f,cookie,ck_f18083af0f,CUST_PREMIUM_001332
dev_bcd729c880,device_id,dev_bcd729c880,CUST_PREMIUM_001332
CUST_PREMIUM_001333,cust_id,CUST_PREMIUM_001333,CUST_PREMIUM_001333
diego.chen@example.com,email,diego.chen@example.com,CUST_PREMIUM_001333
+1 (416) 705-0108,phone,+1 (416) 705-0108,CUST_PREMIUM_001333
1106,card_last4,Card *1106,CUST_PREMIUM_001333
ck_4e46b04994,cookie,ck_4e46b04994,CUST_PREMIUM_001333
ck_136665c061,cookie,ck_136665c061,CUST_PREMIUM_001333
dev_2d5623ed29,device_id,dev_2d5623ed29,CUST_PREMIUM_001333
CUST_PREMIUM_001334,cust_id,CUST_PREMIUM_001334,CUST_PREMIUM_001334
c.garcia@orchardmail.com,email,c.garcia@orchardmail.com,CUST_PREMIUM_001334
+1 (206) 687-8027,phone,+1 (206) 687-8027,CUST_PREMIUM_001334
1474,card_last4,Card *1474,CUST_PREMIUM_001334
ck_7229d4b4e3,cookie,ck_7229d4b4e3,CUST_PREMIUM_001334
dev_8b1ab7342d,device_id,dev_8b1ab7342d,CUST_PREMIUM_001334
dev_10d37a2e82,device_id,dev_10d37a2e82,CUST_PREMIUM_001334
CUST_PREMIUM_001335,cust_id,CUST_PREMIUM_001335,CUST_PREMIUM_001335
kai.morgan43@example.com,email,kai.morgan43@example.com,CUST_PREMIUM_001335
+1 (415) 691-5946,phone,+1 (415) 691-5946,CUST_PREMIUM_001335
9140,card_last4,Card *9140,CUST_PREMIUM_001335
ck_af3d81826c,cookie,ck_af3d81826c,CUST_PREMIUM_001335
dev_2d60e75c8f,device_id,dev_2d60e75c8f,CUST_PREMIUM_001335
dev_shared_618800052,device_id,dev_shared_618800052,CUST_PREMIUM_001335
CUST_PREMIUM_001336,cust_id,CUST_PREMIUM_001336,CUST_PREMIUM_001336
chloe.turner@bluepeak.co,email,chloe.turner@bluepeak.co,CUST_PREMIUM_001336
+1 (206) 761-3865,phone,+1 (206) 761-3865,CUST_PREMIUM_001336
6990,card_last4,Card *6990,CUST_PREMIUM_001336
ck_cd53d287cd,cookie,ck_cd53d287cd,CUST_PREMIUM_001336
ck_04f878b0cd,cookie,ck_04f878b0cd,CUST_PREMIUM_001336
ck_ce3b2e8493,cookie,ck_ce3b2e8493,CUST_PREMIUM_001336
dev_21c5c6e143,device_id,dev_21c5c6e143,CUST_PREMIUM_001336
CUST_PREMIUM_001337,cust_id,CUST_PREMIUM_001337,CUST_PREMIUM_001337
h.ito@example.com,email,h.ito@example.com,CUST_PREMIUM_001337
+1 (617) 809-1784,phone,+1 (617) 809-1784,CUST_PREMIUM_001337
5499,card_last4,Card *5499,CUST_PREMIUM_001337
ck_f01ed65889,cookie,ck_f01ed65889,CUST_PREMIUM_001337
dev_e5a95ad735,device_id,dev_e5a95ad735,CUST_PREMIUM_001337
CUST_PREMIUM_001338,cust_id,CUST_PREMIUM_001338,CUST_PREMIUM_001338
aarav.gupta46@capital-demo.org,email,aarav.gupta46@capital-demo.org,CUST_PREMIUM_001338
+1 (617) 846-9703,phone,+1 (617) 846-9703,CUST_PREMIUM_001338
0163,card_last4,Card *0163,CUST_PREMIUM_001338
ck_446ffcfa2d,cookie,ck_446ffcfa2d,CUST_PREMIUM_001338
dev_62a09ffa9a,device_id,dev_62a09ffa9a,CUST_PREMIUM_001338
dev_7d0a87ca24,device_id,dev_7d0a87ca24,CUST_PREMIUM_001338
CUST_PREMIUM_001339,cust_id,CUST_PREMIUM_001339,CUST_PREMIUM_001339
wang.daniel@summitmail.net,email,wang.daniel@summitmail.net,CUST_PREMIUM_001339
+1 (310) 817-7622,phone,+1 (310) 817-7622,CUST_PREMIUM_001339
8669,card_last4,Card *8669,CUST_PREMIUM_001339
ck_3a619b098d,cookie,ck_3a619b098d,CUST_PREMIUM_001339
dev_74d300ac2f,device_id,dev_74d300ac2f,CUST_PREMIUM_001339
CUST_PREMIUM_001340,cust_id,CUST_PREMIUM_001340,CUST_PREMIUM_001340
roberts.ibrahim@summitmail.net,email,roberts.ibrahim@summitmail.net,CUST_PREMIUM_001340
+1 (214) 887-5541,phone,+1 (214) 887-5541,CUST_PREMIUM_001340
3061,card_last4,Card *3061,CUST_PREMIUM_001340
ck_e0d015e94c,cookie,ck_e0d015e94c,CUST_PREMIUM_001340
dev_e56cef293f,device_id,dev_e56cef293f,CUST_PREMIUM_001340
CUST_PREMIUM_001341,cust_id,CUST_PREMIUM_001341,CUST_PREMIUM_001341
roberts.kabir@example.com,email,roberts.kabir@example.com,CUST_PREMIUM_001341
+1 (416) 301-3460,phone,+1 (416) 301-3460,CUST_PREMIUM_001341
6425,card_last4,Card *6425,CUST_PREMIUM_001341
ck_51f6eb5eb6,cookie,ck_51f6eb5eb6,CUST_PREMIUM_001341
ck_917886ee8f,cookie,ck_917886ee8f,CUST_PREMIUM_001341
dev_9bb9031d1f,device_id,dev_9bb9031d1f,CUST_PREMIUM_001341
CUST_PREMIUM_001342,cust_id,CUST_PREMIUM_001342,CUST_PREMIUM_001342
jamesevans@bluepeak.co,email,jamesevans@bluepeak.co,CUST_PREMIUM_001342
+1 (305) 272-1379,phone,+1 (305) 272-1379,CUST_PREMIUM_001342
8216,card_last4,Card *8216,CUST_PREMIUM_001342
ck_01b8b521d6,cookie,ck_01b8b521d6,CUST_PREMIUM_001342
dev_0d065f61a9,device_id,dev_0d065f61a9,CUST_PREMIUM_001342
CUST_PREMIUM_001343,cust_id,CUST_PREMIUM_001343,CUST_PREMIUM_001343
e.baker@northstar.org,email,e.baker@northstar.org,CUST_PREMIUM_001343
+1 (212) 254-9298,phone,+1 (212) 254-9298,CUST_PREMIUM_001343
6850,card_last4,Card *6850,CUST_PREMIUM_001343
ck_54da34a85d,cookie,ck_54da34a85d,CUST_PREMIUM_001343
ck_6e5b15d55e,cookie,ck_6e5b15d55e,CUST_PREMIUM_001343
ck_758fefba90,cookie,ck_758fefba90,CUST_PREMIUM_001343
ck_74891cc7f2,cookie,ck_74891cc7f2,CUST_PREMIUM_001343
ck_eee6d43759,cookie,ck_eee6d43759,CUST_PREMIUM_001343
dev_98d81086a7,device_id,dev_98d81086a7,CUST_PREMIUM_001343
CUST_PREMIUM_001344,cust_id,CUST_PREMIUM_001344,CUST_PREMIUM_001344
jackson.miguel@capital-demo.org,email,jackson.miguel@capital-demo.org,CUST_PREMIUM_001344
+1 (415) 324-7217,phone,+1 (415) 324-7217,CUST_PREMIUM_001344
5477,card_last4,Card *5477,CUST_PREMIUM_001344
ck_c3ad169e94,cookie,ck_c3ad169e94,CUST_PREMIUM_001344
ck_bf29a5c9da,cookie,ck_bf29a5c9da,CUST_PREMIUM_001344
ck_4656ac468a,cookie,ck_4656ac468a,CUST_PREMIUM_001344
dev_ef0190326f,device_id,dev_ef0190326f,CUST_PREMIUM_001344
CUST_PREMIUM_001345,cust_id,CUST_PREMIUM_001345,CUST_PREMIUM_001345
taylor.leo@bluepeak.co,email,taylor.leo@bluepeak.co,CUST_PREMIUM_001345
+1 (646) 438-5136,phone,+1 (646) 438-5136,CUST_PREMIUM_001345
7633,card_last4,Card *7633,CUST_PREMIUM_001345
ck_247932cd9f,cookie,ck_247932cd9f,CUST_PREMIUM_001345
dev_619ff62fd5,device_id,dev_619ff62fd5,CUST_PREMIUM_001345
CUST_PREMIUM_001346,cust_id,CUST_PREMIUM_001346,CUST_PREMIUM_001346
priyaroberts@northstar.org,email,priyaroberts@northstar.org,CUST_PREMIUM_001346
+1 (917) 508-3055,phone,+1 (917) 508-3055,CUST_PREMIUM_001346
2013,card_last4,Card *2013,CUST_PREMIUM_001346
ck_99f581c92b,cookie,ck_99f581c92b,CUST_PREMIUM_001346
dev_12ba85f6c1,device_id,dev_12ba85f6c1,CUST_PREMIUM_001346
dev_shared_bf219d814,device_id,dev_shared_bf219d814,CUST_PREMIUM_001346
CUST_PREMIUM_001347,cust_id,CUST_PREMIUM_001347,CUST_PREMIUM_001347
s.sterling@example.com,email,s.sterling@example.com,CUST_PREMIUM_001347
+1 (212) 402-0974,phone,+1 (212) 402-0974,CUST_PREMIUM_001347
7978,card_last4,Card *7978,CUST_PREMIUM_001347
ck_c3646529a1,cookie,ck_c3646529a1,CUST_PREMIUM_001347
dev_4b56ffc4df,device_id,dev_4b56ffc4df,CUST_PREMIUM_001347
CUST_PREMIUM_001348,cust_id,CUST_PREMIUM_001348,CUST_PREMIUM_001348
l.roy@orchardmail.com,email,l.roy@orchardmail.com,CUST_PREMIUM_001348
+1 (404) 527-8893,phone,+1 (404) 527-8893,CUST_PREMIUM_001348
5015,card_last4,Card *5015,CUST_PREMIUM_001348
ck_1fcce30387,cookie,ck_1fcce30387,CUST_PREMIUM_001348
ck_dd8ed47c26,cookie,ck_dd8ed47c26,CUST_PREMIUM_001348
dev_e39deb5742,device_id,dev_e39deb5742,CUST_PREMIUM_001348
dev_0c7dcd4688,device_id,dev_0c7dcd4688,CUST_PREMIUM_001348
dev_shared_6b20681da,device_id,dev_shared_6b20681da,CUST_PREMIUM_001348
CUST_PREMIUM_001349,cust_id,CUST_PREMIUM_001349,CUST_PREMIUM_001349
adams.james@northstar.org,email,adams.james@northstar.org,CUST_PREMIUM_001349
+1 (310) 487-6812,phone,+1 (310) 487-6812,CUST_PREMIUM_001349
5503,card_last4,Card *5503,CUST_PREMIUM_001349
ck_082675494a,cookie,ck_082675494a,CUST_PREMIUM_001349
ck_a093a6e2ae,cookie,ck_a093a6e2ae,CUST_PREMIUM_001349
dev_eff3947096,device_id,dev_eff3947096,CUST_PREMIUM_001349
CUST_PREMIUM_001350,cust_id,CUST_PREMIUM_001350,CUST_PREMIUM_001350
eleanor.fernandez58@vectorlabs.co,email,eleanor.fernandez58@vectorlabs.co,CUST_PREMIUM_001350
+1 (416) 634-4731,phone,+1 (416) 634-4731,CUST_PREMIUM_001350
3406,card_last4,Card *3406,CUST_PREMIUM_001350
ck_9c6011d9ea,cookie,ck_9c6011d9ea,CUST_PREMIUM_001350
dev_efe763c2f4,device_id,dev_efe763c2f4,CUST_PREMIUM_001350
CUST_PREMIUM_001351,cust_id,CUST_PREMIUM_001351,CUST_PREMIUM_001351
sora.kumar@northstar.org,email,sora.kumar@northstar.org,CUST_PREMIUM_001351
+1 (212) 550-2650,phone,+1 (212) 550-2650,CUST_PREMIUM_001351
9919,card_last4,Card *9919,CUST_PREMIUM_001351
ck_7a884f0d8d,cookie,ck_7a884f0d8d,CUST_PREMIUM_001351
ck_c73f423bce,cookie,ck_c73f423bce,CUST_PREMIUM_001351
dev_0e2e955aea,device_id,dev_0e2e955aea,CUST_PREMIUM_001351
CUST_PREMIUM_001352,cust_id,CUST_PREMIUM_001352,CUST_PREMIUM_001352
a.thomas@vectorlabs.co,email,a.thomas@vectorlabs.co,CUST_PREMIUM_001352
+1 (212) 587-0569,phone,+1 (212) 587-0569,CUST_PREMIUM_001352
5879,card_last4,Card *5879,CUST_PREMIUM_001352
ck_3b5a2f6a97,cookie,ck_3b5a2f6a97,CUST_PREMIUM_001352
dev_247e3595a9,device_id,dev_247e3595a9,CUST_PREMIUM_001352
CUST_PREMIUM_001353,cust_id,CUST_PREMIUM_001353,CUST_PREMIUM_001353
garcia.lucas@summitmail.net,email,garcia.lucas@summitmail.net,CUST_PREMIUM_001353
+1 (617) 701-8488,phone,+1 (617) 701-8488,CUST_PREMIUM_001353
4126,card_last4,Card *4126,CUST_PREMIUM_001353
ck_866cec76ba,cookie,ck_866cec76ba,CUST_PREMIUM_001353
dev_cc386a9217,device_id,dev_cc386a9217,CUST_PREMIUM_001353
CUST_PREMIUM_001354,cust_id,CUST_PREMIUM_001354,CUST_PREMIUM_001354
eleanorwalker@orchardmail.com,email,eleanorwalker@orchardmail.com,CUST_PREMIUM_001354
+1 (212) 661-6407,phone,+1 (212) 661-6407,CUST_PREMIUM_001354
9572,card_last4,Card *9572,CUST_PREMIUM_001354
ck_f2aa40bee7,cookie,ck_f2aa40bee7,CUST_PREMIUM_001354
dev_7cb791004e,device_id,dev_7cb791004e,CUST_PREMIUM_001354
CUST_PREMIUM_001355,cust_id,CUST_PREMIUM_001355,CUST_PREMIUM_001355
t.roy@northstar.org,email,t.roy@northstar.org,CUST_PREMIUM_001355
+1 (646) 808-4326,phone,+1 (646) 808-4326,CUST_PREMIUM_001355
7294,card_last4,Card *7294,CUST_PREMIUM_001355
ck_361f898c1c,cookie,ck_361f898c1c,CUST_PREMIUM_001355
dev_fef33c1ba9,device_id,dev_fef33c1ba9,CUST_PREMIUM_001355
dev_shared_6762d3ae9,device_id,dev_shared_6762d3ae9,CUST_PREMIUM_001355
CUST_PREMIUM_001356,cust_id,CUST_PREMIUM_001356,CUST_PREMIUM_001356
meeralee@capital-demo.org,email,meeralee@capital-demo.org,CUST_PREMIUM_001356
+1 (202) 834-2245,phone,+1 (202) 834-2245,CUST_PREMIUM_001356
3849,card_last4,Card *3849,CUST_PREMIUM_001356
ck_133108fa19,cookie,ck_133108fa19,CUST_PREMIUM_001356
dev_222b316506,device_id,dev_222b316506,CUST_PREMIUM_001356
CUST_PREMIUM_001357,cust_id,CUST_PREMIUM_001357,CUST_PREMIUM_001357
riya.roy@capital-demo.org,email,riya.roy@capital-demo.org,CUST_PREMIUM_001357
+1 (646) 882-0164,phone,+1 (646) 882-0164,CUST_PREMIUM_001357
8630,card_last4,Card *8630,CUST_PREMIUM_001357
ck_48a348f44e,cookie,ck_48a348f44e,CUST_PREMIUM_001357
ck_702e567fb2,cookie,ck_702e567fb2,CUST_PREMIUM_001357
dev_5051ffd7df,device_id,dev_5051ffd7df,CUST_PREMIUM_001357
CUST_PREMIUM_001358,cust_id,CUST_PREMIUM_001358,CUST_PREMIUM_001358
avery.patel@example.com,email,avery.patel@example.com,CUST_PREMIUM_001358
+1 (718) 263-8083,phone,+1 (718) 263-8083,CUST_PREMIUM_001358
4906,card_last4,Card *4906,CUST_PREMIUM_001358
ck_65fe2aeda1,cookie,ck_65fe2aeda1,CUST_PREMIUM_001358
dev_b9678cfa21,device_id,dev_b9678cfa21,CUST_PREMIUM_001358
dev_44897491af,device_id,dev_44897491af,CUST_PREMIUM_001358
CUST_PREMIUM_001359,cust_id,CUST_PREMIUM_001359,CUST_PREMIUM_001359
rivera.amelia@harbor.example,email,rivera.amelia@harbor.example,CUST_PREMIUM_001359
+1 (310) 857-6002,phone,+1 (310) 857-6002,CUST_PREMIUM_001359
7613,card_last4,Card *7613,CUST_PREMIUM_001359
ck_c3bbdfd1ed,cookie,ck_c3bbdfd1ed,CUST_PREMIUM_001359
dev_ac393f3af4,device_id,dev_ac393f3af4,CUST_PREMIUM_001359
dev_93df981773,device_id,dev_93df981773,CUST_PREMIUM_001359
CUST_PREMIUM_001360,cust_id,CUST_PREMIUM_001360,CUST_PREMIUM_001360
ananya.williams@orchardmail.com,email,ananya.williams@orchardmail.com,CUST_PREMIUM_001360
+1 (617) 260-3921,phone,+1 (617) 260-3921,CUST_PREMIUM_001360
9843,card_last4,Card *9843,CUST_PREMIUM_001360
ck_bfc4857980,cookie,ck_bfc4857980,CUST_PREMIUM_001360
dev_e9515f325e,device_id,dev_e9515f325e,CUST_PREMIUM_001360
CUST_PREMIUM_001361,cust_id,CUST_PREMIUM_001361,CUST_PREMIUM_001361
c.clark@capital-demo.org,email,c.clark@capital-demo.org,CUST_PREMIUM_001361
+1 (310) 231-1840,phone,+1 (310) 231-1840,CUST_PREMIUM_001361
7919,card_last4,Card *7919,CUST_PREMIUM_001361
ck_4c8adf9cb0,cookie,ck_4c8adf9cb0,CUST_PREMIUM_001361
ck_c22d24665e,cookie,ck_c22d24665e,CUST_PREMIUM_001361
ck_236ccf5bd6,cookie,ck_236ccf5bd6,CUST_PREMIUM_001361
ck_d00dcbfc46,cookie,ck_d00dcbfc46,CUST_PREMIUM_001361
dev_67e1ec3081,device_id,dev_67e1ec3081,CUST_PREMIUM_001361
CUST_PREMIUM_001362,cust_id,CUST_PREMIUM_001362,CUST_PREMIUM_001362
hazel.reed70@example.com,email,hazel.reed70@example.com,CUST_PREMIUM_001362
+1 (310) 268-9759,phone,+1 (310) 268-9759,CUST_PREMIUM_001362
4310,card_last4,Card *4310,CUST_PREMIUM_001362
ck_a099ea6707,cookie,ck_a099ea6707,CUST_PREMIUM_001362
dev_f16db3eaba,device_id,dev_f16db3eaba,CUST_PREMIUM_001362
CUST_PREMIUM_001363,cust_id,CUST_PREMIUM_001363,CUST_PREMIUM_001363
eleanor.roy71@orchardmail.com,email,eleanor.roy71@orchardmail.com,CUST_PREMIUM_001363
+1 (415) 327-7678,phone,+1 (415) 327-7678,CUST_PREMIUM_001363
4383,card_last4,Card *4383,CUST_PREMIUM_001363
ck_b1e4ad1967,cookie,ck_b1e4ad1967,CUST_PREMIUM_001363
dev_9b652368be,device_id,dev_9b652368be,CUST_PREMIUM_001363
CUST_PREMIUM_001364,cust_id,CUST_PREMIUM_001364,CUST_PREMIUM_001364
hannah.wright72@vectorlabs.co,email,hannah.wright72@vectorlabs.co,CUST_PREMIUM_001364
+1 (917) 474-5597,phone,+1 (917) 474-5597,CUST_PREMIUM_001364
8135,card_last4,Card *8135,CUST_PREMIUM_001364
ck_077c429dc3,cookie,ck_077c429dc3,CUST_PREMIUM_001364
dev_1bb724a195,device_id,dev_1bb724a195,CUST_PREMIUM_001364
CUST_PREMIUM_001365,cust_id,CUST_PREMIUM_001365,CUST_PREMIUM_001365
nguyen.layla@capital-demo.org,email,nguyen.layla@capital-demo.org,CUST_PREMIUM_001365
+1 (212) 368-3516,phone,+1 (212) 368-3516,CUST_PREMIUM_001365
1680,card_last4,Card *1680,CUST_PREMIUM_001365
ck_6eb71da7cd,cookie,ck_6eb71da7cd,CUST_PREMIUM_001365
dev_be0281928f,device_id,dev_be0281928f,CUST_PREMIUM_001365
CUST_PREMIUM_001366,cust_id,CUST_PREMIUM_001366,CUST_PREMIUM_001366
aarav.nakamura74@bluepeak.co,email,aarav.nakamura74@bluepeak.co,CUST_PREMIUM_001366
+1 (312) 427-1435,phone,+1 (312) 427-1435,CUST_PREMIUM_001366
7181,card_last4,Card *7181,CUST_PREMIUM_001366
ck_40c27da5e5,cookie,ck_40c27da5e5,CUST_PREMIUM_001366
ck_9d705e17d4,cookie,ck_9d705e17d4,CUST_PREMIUM_001366
dev_26c30a6c63,device_id,dev_26c30a6c63,CUST_PREMIUM_001366
CUST_PREMIUM_001367,cust_id,CUST_PREMIUM_001367,CUST_PREMIUM_001367
martin.kabir@bluepeak.co,email,martin.kabir@bluepeak.co,CUST_PREMIUM_001367
+1 (206) 508-9354,phone,+1 (206) 508-9354,CUST_PREMIUM_001367
7600,card_last4,Card *7600,CUST_PREMIUM_001367
ck_b0c93ae243,cookie,ck_b0c93ae243,CUST_PREMIUM_001367
ck_659dd65896,cookie,ck_659dd65896,CUST_PREMIUM_001367
dev_2865233838,device_id,dev_2865233838,CUST_PREMIUM_001367
CUST_PREMIUM_001368,cust_id,CUST_PREMIUM_001368,CUST_PREMIUM_001368
avery.morgan@atlasmail.net,email,avery.morgan@atlasmail.net,CUST_PREMIUM_001368
+1 (214) 523-7273,phone,+1 (214) 523-7273,CUST_PREMIUM_001368
5862,card_last4,Card *5862,CUST_PREMIUM_001368
ck_d78fe18000,cookie,ck_d78fe18000,CUST_PREMIUM_001368
ck_014b3278e7,cookie,ck_014b3278e7,CUST_PREMIUM_001368
ck_6e72df64e6,cookie,ck_6e72df64e6,CUST_PREMIUM_001368
dev_26b3ed9862,device_id,dev_26b3ed9862,CUST_PREMIUM_001368
dev_shared_bcdb933db,device_id,dev_shared_bcdb933db,CUST_PREMIUM_001368
CUST_PREMIUM_001369,cust_id,CUST_PREMIUM_001369,CUST_PREMIUM_001369
r.brown@orchardmail.com,email,r.brown@orchardmail.com,CUST_PREMIUM_001369
+1 (305) 571-5192,phone,+1 (305) 571-5192,CUST_PREMIUM_001369
8814,card_last4,Card *8814,CUST_PREMIUM_001369
ck_2ab0b6f0b8,cookie,ck_2ab0b6f0b8,CUST_PREMIUM_001369
dev_1cad29120b,device_id,dev_1cad29120b,CUST_PREMIUM_001369
CUST_PREMIUM_001370,cust_id,CUST_PREMIUM_001370,CUST_PREMIUM_001370
miguel.rivera@orchardmail.com,email,miguel.rivera@orchardmail.com,CUST_PREMIUM_001370
+1 (305) 608-3111,phone,+1 (305) 608-3111,CUST_PREMIUM_001370
4553,card_last4,Card *4553,CUST_PREMIUM_001370
ck_4e7f3dd176,cookie,ck_4e7f3dd176,CUST_PREMIUM_001370
dev_5eba4601ea,device_id,dev_5eba4601ea,CUST_PREMIUM_001370
dev_9d4e9967de,device_id,dev_9d4e9967de,CUST_PREMIUM_001370
CUST_PREMIUM_001371,cust_id,CUST_PREMIUM_001371,CUST_PREMIUM_001371
dev.roberts79@example.com,email,dev.roberts79@example.com,CUST_PREMIUM_001371
+1 (917) 733-1030,phone,+1 (917) 733-1030,CUST_PREMIUM_001371
9825,card_last4,Card *9825,CUST_PREMIUM_001371
ck_b27d240616,cookie,ck_b27d240616,CUST_PREMIUM_001371
dev_0c4f97cbfa,device_id,dev_0c4f97cbfa,CUST_PREMIUM_001371
CUST_PREMIUM_001372,cust_id,CUST_PREMIUM_001372,CUST_PREMIUM_001372
chen.miguel@example.com,email,chen.miguel@example.com,CUST_PREMIUM_001372
+1 (469) 792-8949,phone,+1 (469) 792-8949,CUST_PREMIUM_001372
5172,card_last4,Card *5172,CUST_PREMIUM_001372
ck_7e82e9c989,cookie,ck_7e82e9c989,CUST_PREMIUM_001372
dev_e9a9eadad3,device_id,dev_e9a9eadad3,CUST_PREMIUM_001372
CUST_PREMIUM_001373,cust_id,CUST_PREMIUM_001373,CUST_PREMIUM_001373
davis.riya@vectorlabs.co,email,davis.riya@vectorlabs.co,CUST_PREMIUM_001373
+1 (617) 741-6868,phone,+1 (617) 741-6868,CUST_PREMIUM_001373
3671,card_last4,Card *3671,CUST_PREMIUM_001373
ck_a6197b564a,cookie,ck_a6197b564a,CUST_PREMIUM_001373
dev_3a90a5680c,device_id,dev_3a90a5680c,CUST_PREMIUM_001373
CUST_PREMIUM_001374,cust_id,CUST_PREMIUM_001374,CUST_PREMIUM_001374
lee.kai@vectorlabs.co,email,lee.kai@vectorlabs.co,CUST_PREMIUM_001374
+1 (650) 833-4787,phone,+1 (650) 833-4787,CUST_PREMIUM_001374
8590,card_last4,Card *8590,CUST_PREMIUM_001374
ck_6c835be6aa,cookie,ck_6c835be6aa,CUST_PREMIUM_001374
ck_da3966b8a9,cookie,ck_da3966b8a9,CUST_PREMIUM_001374
ck_99a55ef99b,cookie,ck_99a55ef99b,CUST_PREMIUM_001374
ck_53da26d86b,cookie,ck_53da26d86b,CUST_PREMIUM_001374
dev_119a0d3fa9,device_id,dev_119a0d3fa9,CUST_PREMIUM_001374
dev_7c1928200f,device_id,dev_7c1928200f,CUST_PREMIUM_001374
CUST_PREMIUM_001375,cust_id,CUST_PREMIUM_001375,CUST_PREMIUM_001375
moore.aisha@orchardmail.com,email,moore.aisha@orchardmail.com,CUST_PREMIUM_001375
+1 (212) 738-2706,phone,+1 (212) 738-2706,CUST_PREMIUM_001375
2706,card_last4,Card *2706,CUST_PREMIUM_001375
ck_8121520af4,cookie,ck_8121520af4,CUST_PREMIUM_001375
ck_2d4d32ecfb,cookie,ck_2d4d32ecfb,CUST_PREMIUM_001375
ck_fb0c724c07,cookie,ck_fb0c724c07,CUST_PREMIUM_001375
dev_5b1b96696f,device_id,dev_5b1b96696f,CUST_PREMIUM_001375
CUST_PREMIUM_001376,cust_id,CUST_PREMIUM_001376,CUST_PREMIUM_001376
layla.roy@example.com,email,layla.roy@example.com,CUST_PREMIUM_001376
+1 (404) 863-0625,phone,+1 (404) 863-0625,CUST_PREMIUM_001376
5911,card_last4,Card *5911,CUST_PREMIUM_001376
ck_05b299abcc,cookie,ck_05b299abcc,CUST_PREMIUM_001376
dev_9444f61d2d,device_id,dev_9444f61d2d,CUST_PREMIUM_001376
dev_shared_ecceb2681,device_id,dev_shared_ecceb2681,CUST_PREMIUM_001376
CUST_PREMIUM_001377,cust_id,CUST_PREMIUM_001377,CUST_PREMIUM_001377
ethan.banerjee@harbor.example,email,ethan.banerjee@harbor.example,CUST_PREMIUM_001377
+1 (646) 222-8544,phone,+1 (646) 222-8544,CUST_PREMIUM_001377
9788,card_last4,Card *9788,CUST_PREMIUM_001377
ck_41f09cdeab,cookie,ck_41f09cdeab,CUST_PREMIUM_001377
ck_d4f8b86481,cookie,ck_d4f8b86481,CUST_PREMIUM_001377
ck_c39c58ae61,cookie,ck_c39c58ae61,CUST_PREMIUM_001377
ck_2bdb9128d9,cookie,ck_2bdb9128d9,CUST_PREMIUM_001377
dev_b36435b6af,device_id,dev_b36435b6af,CUST_PREMIUM_001377
CUST_PREMIUM_001378,cust_id,CUST_PREMIUM_001378,CUST_PREMIUM_001378
gabrieltaylor@northstar.org,email,gabrieltaylor@northstar.org,CUST_PREMIUM_001378
+1 (202) 248-6463,phone,+1 (202) 248-6463,CUST_PREMIUM_001378
3027,card_last4,Card *3027,CUST_PREMIUM_001378
ck_afc2028bd7,cookie,ck_afc2028bd7,CUST_PREMIUM_001378
dev_3c08d848ed,device_id,dev_3c08d848ed,CUST_PREMIUM_001378
CUST_PREMIUM_001379,cust_id,CUST_PREMIUM_001379,CUST_PREMIUM_001379
david.diaz@example.com,email,david.diaz@example.com,CUST_PREMIUM_001379
+1 (310) 897-4382,phone,+1 (310) 897-4382,CUST_PREMIUM_001379
3884,card_last4,Card *3884,CUST_PREMIUM_001379
ck_1cd8472a4b,cookie,ck_1cd8472a4b,CUST_PREMIUM_001379
dev_14c2c5e0d1,device_id,dev_14c2c5e0d1,CUST_PREMIUM_001379
dev_9bf1230652,device_id,dev_9bf1230652,CUST_PREMIUM_001379
CUST_PREMIUM_001380,cust_id,CUST_PREMIUM_001380,CUST_PREMIUM_001380
hirothompson@harbor.example,email,hirothompson@harbor.example,CUST_PREMIUM_001380
+1 (404) 311-2301,phone,+1 (404) 311-2301,CUST_PREMIUM_001380
7368,card_last4,Card *7368,CUST_PREMIUM_001380
ck_fad008a09c,cookie,ck_fad008a09c,CUST_PREMIUM_001380
ck_bfa5c932a7,cookie,ck_bfa5c932a7,CUST_PREMIUM_001380
dev_884e5b3ebf,device_id,dev_884e5b3ebf,CUST_PREMIUM_001380
CUST_PREMIUM_001381,cust_id,CUST_PREMIUM_001381,CUST_PREMIUM_001381
morris.dev@atlasmail.net,email,morris.dev@atlasmail.net,CUST_PREMIUM_001381
+1 (416) 381-0220,phone,+1 (416) 381-0220,CUST_PREMIUM_001381
9272,card_last4,Card *9272,CUST_PREMIUM_001381
ck_2c6176b0da,cookie,ck_2c6176b0da,CUST_PREMIUM_001381
dev_1024901ee3,device_id,dev_1024901ee3,CUST_PREMIUM_001381
CUST_PREMIUM_001382,cust_id,CUST_PREMIUM_001382,CUST_PREMIUM_001382
l.harris@example.com,email,l.harris@example.com,CUST_PREMIUM_001382
+1 (404) 385-8139,phone,+1 (404) 385-8139,CUST_PREMIUM_001382
6834,card_last4,Card *6834,CUST_PREMIUM_001382
ck_b4825ac00c,cookie,ck_b4825ac00c,CUST_PREMIUM_001382
ck_87bd013b0a,cookie,ck_87bd013b0a,CUST_PREMIUM_001382
dev_211198c0d4,device_id,dev_211198c0d4,CUST_PREMIUM_001382
dev_shared_ae8cf1038,device_id,dev_shared_ae8cf1038,CUST_PREMIUM_001382
CUST_PREMIUM_001383,cust_id,CUST_PREMIUM_001383,CUST_PREMIUM_001383
a.roberts@harbor.example,email,a.roberts@harbor.example,CUST_PREMIUM_001383
+1 (305) 389-6058,phone,+1 (305) 389-6058,CUST_PREMIUM_001383
8026,card_last4,Card *8026,CUST_PREMIUM_001383
ck_c69e2190e1,cookie,ck_c69e2190e1,CUST_PREMIUM_001383
ck_6484f93300,cookie,ck_6484f93300,CUST_PREMIUM_001383
ck_f750e74517,cookie,ck_f750e74517,CUST_PREMIUM_001383
dev_718ecbcd8d,device_id,dev_718ecbcd8d,CUST_PREMIUM_001383
dev_shared_fa527b5e0,device_id,dev_shared_fa527b5e0,CUST_PREMIUM_001383
CUST_PREMIUM_001384,cust_id,CUST_PREMIUM_001384,CUST_PREMIUM_001384
gabriel.carter@example.com,email,gabriel.carter@example.com,CUST_PREMIUM_001384
+1 (212) 371-3977,phone,+1 (212) 371-3977,CUST_PREMIUM_001384
8052,card_last4,Card *8052,CUST_PREMIUM_001384
ck_3eb1799ad2,cookie,ck_3eb1799ad2,CUST_PREMIUM_001384
ck_e5ec36ddb6,cookie,ck_e5ec36ddb6,CUST_PREMIUM_001384
dev_30e9808a73,device_id,dev_30e9808a73,CUST_PREMIUM_001384
CUST_PREMIUM_001385,cust_id,CUST_PREMIUM_001385,CUST_PREMIUM_001385
z.thompson@orchardmail.com,email,z.thompson@orchardmail.com,CUST_PREMIUM_001385
+1 (214) 452-1896,phone,+1 (214) 452-1896,CUST_PREMIUM_001385
8515,card_last4,Card *8515,CUST_PREMIUM_001385
ck_6a46849d89,cookie,ck_6a46849d89,CUST_PREMIUM_001385
ck_bf6d952c7f,cookie,ck_bf6d952c7f,CUST_PREMIUM_001385
dev_c97a3e0454,device_id,dev_c97a3e0454,CUST_PREMIUM_001385
dev_d85909ec07,device_id,dev_d85909ec07,CUST_PREMIUM_001385
dev_bca0f3fbb6,device_id,dev_bca0f3fbb6,CUST_PREMIUM_001385
dev_d4a1c37e46,device_id,dev_d4a1c37e46,CUST_PREMIUM_001385
CUST_PREMIUM_001386,cust_id,CUST_PREMIUM_001386,CUST_PREMIUM_001386
eleanor.young94@bluepeak.co,email,eleanor.young94@bluepeak.co,CUST_PREMIUM_001386
+1 (305) 500-9815,phone,+1 (305) 500-9815,CUST_PREMIUM_001386
1338,card_last4,Card *1338,CUST_PREMIUM_001386
ck_986ff8fae3,cookie,ck_986ff8fae3,CUST_PREMIUM_001386
dev_761a6b34f5,device_id,dev_761a6b34f5,CUST_PREMIUM_001386
dev_38b8a178fd,device_id,dev_38b8a178fd,CUST_PREMIUM_001386
dev_7ec8500147,device_id,dev_7ec8500147,CUST_PREMIUM_001386
CUST_PREMIUM_001387,cust_id,CUST_PREMIUM_001387,CUST_PREMIUM_001387
akira.walker95@summitmail.net,email,akira.walker95@summitmail.net,CUST_PREMIUM_001387
+1 (212) 482-7734,phone,+1 (212) 482-7734,CUST_PREMIUM_001387
1886,card_last4,Card *1886,CUST_PREMIUM_001387
ck_dd68d41fc2,cookie,ck_dd68d41fc2,CUST_PREMIUM_001387
ck_4d18393024,cookie,ck_4d18393024,CUST_PREMIUM_001387
ck_ca1af6a734,cookie,ck_ca1af6a734,CUST_PREMIUM_001387
dev_4d5253f263,device_id,dev_4d5253f263,CUST_PREMIUM_001387
CUST_PREMIUM_001388,cust_id,CUST_PREMIUM_001388,CUST_PREMIUM_001388
elias.martin@atlasmail.net,email,elias.martin@atlasmail.net,CUST_PREMIUM_001388
+1 (212) 519-5653,phone,+1 (212) 519-5653,CUST_PREMIUM_001388
9318,card_last4,Card *9318,CUST_PREMIUM_001388
ck_b907f0e3fb,cookie,ck_b907f0e3fb,CUST_PREMIUM_001388
dev_3346dbd912,device_id,dev_3346dbd912,CUST_PREMIUM_001388
dev_40d254ff2d,device_id,dev_40d254ff2d,CUST_PREMIUM_001388
CUST_PREMIUM_001389,cust_id,CUST_PREMIUM_001389,CUST_PREMIUM_001389
liam.hall0@northstar.org,email,liam.hall0@northstar.org,CUST_PREMIUM_001389
+1 (415) 589-3572,phone,+1 (415) 589-3572,CUST_PREMIUM_001389
3862,card_last4,Card *3862,CUST_PREMIUM_001389
ck_2a136924b7,cookie,ck_2a136924b7,CUST_PREMIUM_001389
dev_adceb72b29,device_id,dev_adceb72b29,CUST_PREMIUM_001389
CUST_PREMIUM_001390,cust_id,CUST_PREMIUM_001390,CUST_PREMIUM_001390
reianderson@summitmail.net,email,reianderson@summitmail.net,CUST_PREMIUM_001390
+1 (646) 703-1491,phone,+1 (646) 703-1491,CUST_PREMIUM_001390
6201,card_last4,Card *6201,CUST_PREMIUM_001390
ck_76487ac7b7,cookie,ck_76487ac7b7,CUST_PREMIUM_001390
dev_4782c20333,device_id,dev_4782c20333,CUST_PREMIUM_001390
dev_35a5b5a7fb,device_id,dev_35a5b5a7fb,CUST_PREMIUM_001390
dev_shared_91e42d586,device_id,dev_shared_91e42d586,CUST_PREMIUM_001390
CUST_PREMIUM_001391,cust_id,CUST_PREMIUM_001391,CUST_PREMIUM_001391
nora.sato2@summitmail.net,email,nora.sato2@summitmail.net,CUST_PREMIUM_001391
+1 (650) 762-9410,phone,+1 (650) 762-9410,CUST_PREMIUM_001391
2527,card_last4,Card *2527,CUST_PREMIUM_001391
ck_1e55197ed3,cookie,ck_1e55197ed3,CUST_PREMIUM_001391
ck_5adf76f4fc,cookie,ck_5adf76f4fc,CUST_PREMIUM_001391
ck_34c39f02c2,cookie,ck_34c39f02c2,CUST_PREMIUM_001391
dev_b89a8cfb55,device_id,dev_b89a8cfb55,CUST_PREMIUM_001391
dev_69d7de5da5,device_id,dev_69d7de5da5,CUST_PREMIUM_001391
CUST_PREMIUM_001392,cust_id,CUST_PREMIUM_001392,CUST_PREMIUM_001392
jonah.young3@bluepeak.co,email,jonah.young3@bluepeak.co,CUST_PREMIUM_001392
+1 (312) 689-7329,phone,+1 (312) 689-7329,CUST_PREMIUM_001392
5760,card_last4,Card *5760,CUST_PREMIUM_001392
ck_c78bccb002,cookie,ck_c78bccb002,CUST_PREMIUM_001392
dev_35fd92de53,device_id,dev_35fd92de53,CUST_PREMIUM_001392
CUST_PREMIUM_001393,cust_id,CUST_PREMIUM_001393,CUST_PREMIUM_001393
alejandroreed@example.com,email,alejandroreed@example.com,CUST_PREMIUM_001393
+1 (312) 726-5248,phone,+1 (312) 726-5248,CUST_PREMIUM_001393
2720,card_last4,Card *2720,CUST_PREMIUM_001393
ck_b805579963,cookie,ck_b805579963,CUST_PREMIUM_001393
ck_cf337de158,cookie,ck_cf337de158,CUST_PREMIUM_001393
ck_8f7958b1af,cookie,ck_8f7958b1af,CUST_PREMIUM_001393
dev_7d6db43268,device_id,dev_7d6db43268,CUST_PREMIUM_001393
CUST_PREMIUM_001394,cust_id,CUST_PREMIUM_001394,CUST_PREMIUM_001394
wilson.aditi@example.com,email,wilson.aditi@example.com,CUST_PREMIUM_001394
+1 (212) 741-3167,phone,+1 (212) 741-3167,CUST_PREMIUM_001394
7742,card_last4,Card *7742,CUST_PREMIUM_001394
ck_fff2ae0d8d,cookie,ck_fff2ae0d8d,CUST_PREMIUM_001394
dev_cd84e67025,device_id,dev_cd84e67025,CUST_PREMIUM_001394
CUST_PREMIUM_001395,cust_id,CUST_PREMIUM_001395,CUST_PREMIUM_001395
carter.diego@harbor.example,email,carter.diego@harbor.example,CUST_PREMIUM_001395
+1 (469) 243-1086,phone,+1 (469) 243-1086,CUST_PREMIUM_001395
1759,card_last4,Card *1759,CUST_PREMIUM_001395
ck_c7370698df,cookie,ck_c7370698df,CUST_PREMIUM_001395
ck_1e7f592834,cookie,ck_1e7f592834,CUST_PREMIUM_001395
ck_b28d6de9a1,cookie,ck_b28d6de9a1,CUST_PREMIUM_001395
ck_cb3c99b1d3,cookie,ck_cb3c99b1d3,CUST_PREMIUM_001395
dev_f27e4c542f,device_id,dev_f27e4c542f,CUST_PREMIUM_001395
CUST_PREMIUM_001396,cust_id,CUST_PREMIUM_001396,CUST_PREMIUM_001396
nikhil.moore@vectorlabs.co,email,nikhil.moore@vectorlabs.co,CUST_PREMIUM_001396
+1 (305) 870-9005,phone,+1 (305) 870-9005,CUST_PREMIUM_001396
7696,card_last4,Card *7696,CUST_PREMIUM_001396
ck_abfec3a9e3,cookie,ck_abfec3a9e3,CUST_PREMIUM_001396
ck_4863e0fe8c,cookie,ck_4863e0fe8c,CUST_PREMIUM_001396
dev_6f762e98be,device_id,dev_6f762e98be,CUST_PREMIUM_001396
CUST_PREMIUM_001397,cust_id,CUST_PREMIUM_001397,CUST_PREMIUM_001397
grace.carter@orchardmail.com,email,grace.carter@orchardmail.com,CUST_PREMIUM_001397
+1 (212) 852-6924,phone,+1 (212) 852-6924,CUST_PREMIUM_001397
0317,card_last4,Card *0317,CUST_PREMIUM_001397
ck_d84729d2e6,cookie,ck_d84729d2e6,CUST_PREMIUM_001397
ck_23fbdde412,cookie,ck_23fbdde412,CUST_PREMIUM_001397
ck_fd33a19ab6,cookie,ck_fd33a19ab6,CUST_PREMIUM_001397
dev_39722c4cf6,device_id,dev_39722c4cf6,CUST_PREMIUM_001397
dev_4c7a24a3ec,device_id,dev_4c7a24a3ec,CUST_PREMIUM_001397
dev_shared_1b646cb95,device_id,dev_shared_1b646cb95,CUST_PREMIUM_001397
CUST_PREMIUM_001398,cust_id,CUST_PREMIUM_001398,CUST_PREMIUM_001398
j.khan@capital-demo.org,email,j.khan@capital-demo.org,CUST_PREMIUM_001398
+1 (415) 222-4843,phone,+1 (415) 222-4843,CUST_PREMIUM_001398
9829,card_last4,Card *9829,CUST_PREMIUM_001398
ck_f307964e96,cookie,ck_f307964e96,CUST_PREMIUM_001398
dev_a9fe52fca5,device_id,dev_a9fe52fca5,CUST_PREMIUM_001398
CUST_PREMIUM_001399,cust_id,CUST_PREMIUM_001399,CUST_PREMIUM_001399
patel.elena@example.com,email,patel.elena@example.com,CUST_PREMIUM_001399
+1 (312) 248-2762,phone,+1 (312) 248-2762,CUST_PREMIUM_001399
2563,card_last4,Card *2563,CUST_PREMIUM_001399
ck_519883c6c3,cookie,ck_519883c6c3,CUST_PREMIUM_001399
ck_a5b9d256c6,cookie,ck_a5b9d256c6,CUST_PREMIUM_001399
ck_d4feb5ddb3,cookie,ck_d4feb5ddb3,CUST_PREMIUM_001399
ck_d6e608e2cd,cookie,ck_d6e608e2cd,CUST_PREMIUM_001399
dev_7fb6088866,device_id,dev_7fb6088866,CUST_PREMIUM_001399
CUST_PREMIUM_001400,cust_id,CUST_PREMIUM_001400,CUST_PREMIUM_001400
vivian.smith@capital-demo.org,email,vivian.smith@capital-demo.org,CUST_PREMIUM_001400
+1 (415) 296-0681,phone,+1 (415) 296-0681,CUST_PREMIUM_001400
7086,card_last4,Card *7086,CUST_PREMIUM_001400
ck_13657107de,cookie,ck_13657107de,CUST_PREMIUM_001400
dev_a0f73dd169,device_id,dev_a0f73dd169,CUST_PREMIUM_001400
CUST_PREMIUM_001401,cust_id,CUST_PREMIUM_001401,CUST_PREMIUM_001401
sterling.hazel@harbor.example,email,sterling.hazel@harbor.example,CUST_PREMIUM_001401
+1 (212) 300-8600,phone,+1 (212) 300-8600,CUST_PREMIUM_001401
1577,card_last4,Card *1577,CUST_PREMIUM_001401
ck_f0d0c3cd7c,cookie,ck_f0d0c3cd7c,CUST_PREMIUM_001401
dev_c0f001fa49,device_id,dev_c0f001fa49,CUST_PREMIUM_001401
CUST_PREMIUM_001402,cust_id,CUST_PREMIUM_001402,CUST_PREMIUM_001402
a.banerjee@capital-demo.org,email,a.banerjee@capital-demo.org,CUST_PREMIUM_001402
+1 (416) 458-6519,phone,+1 (416) 458-6519,CUST_PREMIUM_001402
7463,card_last4,Card *7463,CUST_PREMIUM_001402
ck_5b6d133d46,cookie,ck_5b6d133d46,CUST_PREMIUM_001402
dev_5b162c65c8,device_id,dev_5b162c65c8,CUST_PREMIUM_001402
CUST_PREMIUM_001403,cust_id,CUST_PREMIUM_001403,CUST_PREMIUM_001403
sophia.kumar14@vectorlabs.co,email,sophia.kumar14@vectorlabs.co,CUST_PREMIUM_001403
+1 (212) 374-4438,phone,+1 (212) 374-4438,CUST_PREMIUM_001403
8978,card_last4,Card *8978,CUST_PREMIUM_001403
ck_135d5721db,cookie,ck_135d5721db,CUST_PREMIUM_001403
dev_438227fac9,device_id,dev_438227fac9,CUST_PREMIUM_001403
CUST_PREMIUM_001404,cust_id,CUST_PREMIUM_001404,CUST_PREMIUM_001404
y.roy@atlasmail.net,email,y.roy@atlasmail.net,CUST_PREMIUM_001404
+1 (415) 444-2357,phone,+1 (415) 444-2357,CUST_PREMIUM_001404
9110,card_last4,Card *9110,CUST_PREMIUM_001404
ck_3227ef48cc,cookie,ck_3227ef48cc,CUST_PREMIUM_001404
dev_c7e6eb1201,device_id,dev_c7e6eb1201,CUST_PREMIUM_001404
CUST_PREMIUM_001405,cust_id,CUST_PREMIUM_001405,CUST_PREMIUM_001405
williams.avery@atlasmail.net,email,williams.avery@atlasmail.net,CUST_PREMIUM_001405
+1 (206) 514-0276,phone,+1 (206) 514-0276,CUST_PREMIUM_001405
7450,card_last4,Card *7450,CUST_PREMIUM_001405
ck_2c1bcd2c18,cookie,ck_2c1bcd2c18,CUST_PREMIUM_001405
ck_560acea97b,cookie,ck_560acea97b,CUST_PREMIUM_001405
dev_6d7dc2dff2,device_id,dev_6d7dc2dff2,CUST_PREMIUM_001405
CUST_PREMIUM_001406,cust_id,CUST_PREMIUM_001406,CUST_PREMIUM_001406
r.wright@bluepeak.co,email,r.wright@bluepeak.co,CUST_PREMIUM_001406
+1 (305) 540-8195,phone,+1 (305) 540-8195,CUST_PREMIUM_001406
2933,card_last4,Card *2933,CUST_PREMIUM_001406
ck_74af3f4c8f,cookie,ck_74af3f4c8f,CUST_PREMIUM_001406
dev_bfe7d9cfe1,device_id,dev_bfe7d9cfe1,CUST_PREMIUM_001406
CUST_PREMIUM_001407,cust_id,CUST_PREMIUM_001407,CUST_PREMIUM_001407
n.rivera@harbor.example,email,n.rivera@harbor.example,CUST_PREMIUM_001407
+1 (206) 588-6114,phone,+1 (206) 588-6114,CUST_PREMIUM_001407
8299,card_last4,Card *8299,CUST_PREMIUM_001407
ck_06dc886416,cookie,ck_06dc886416,CUST_PREMIUM_001407
ck_160e40b1af,cookie,ck_160e40b1af,CUST_PREMIUM_001407
dev_33fb01ee50,device_id,dev_33fb01ee50,CUST_PREMIUM_001407
CUST_PREMIUM_001408,cust_id,CUST_PREMIUM_001408,CUST_PREMIUM_001408
arjundavis@orchardmail.com,email,arjundavis@orchardmail.com,CUST_PREMIUM_001408
+1 (310) 570-4033,phone,+1 (310) 570-4033,CUST_PREMIUM_001408
0136,card_last4,Card *0136,CUST_PREMIUM_001408
ck_59437920a3,cookie,ck_59437920a3,CUST_PREMIUM_001408
dev_9ba8742c2c,device_id,dev_9ba8742c2c,CUST_PREMIUM_001408
CUST_PREMIUM_001409,cust_id,CUST_PREMIUM_001409,CUST_PREMIUM_001409
lucas.chen@northstar.org,email,lucas.chen@northstar.org,CUST_PREMIUM_001409
+1 (404) 684-1952,phone,+1 (404) 684-1952,CUST_PREMIUM_001409
0200,card_last4,Card *0200,CUST_PREMIUM_001409
ck_bfb6d2fceb,cookie,ck_bfb6d2fceb,CUST_PREMIUM_001409
dev_cd0be45096,device_id,dev_cd0be45096,CUST_PREMIUM_001409
CUST_PREMIUM_001410,cust_id,CUST_PREMIUM_001410,CUST_PREMIUM_001410
kumar.mia@capital-demo.org,email,kumar.mia@capital-demo.org,CUST_PREMIUM_001410
+1 (617) 710-9871,phone,+1 (617) 710-9871,CUST_PREMIUM_001410
2353,card_last4,Card *2353,CUST_PREMIUM_001410
ck_0e214f3856,cookie,ck_0e214f3856,CUST_PREMIUM_001410
dev_b6ecda2c6b,device_id,dev_b6ecda2c6b,CUST_PREMIUM_001410
CUST_PREMIUM_001411,cust_id,CUST_PREMIUM_001411,CUST_PREMIUM_001411
aarav.campbell22@orchardmail.com,email,aarav.campbell22@orchardmail.com,CUST_PREMIUM_001411
+1 (212) 670-7790,phone,+1 (212) 670-7790,CUST_PREMIUM_001411
7203,card_last4,Card *7203,CUST_PREMIUM_001411
ck_28f1187662,cookie,ck_28f1187662,CUST_PREMIUM_001411
dev_3a64d3f8a1,device_id,dev_3a64d3f8a1,CUST_PREMIUM_001411
CUST_PREMIUM_001412,cust_id,CUST_PREMIUM_001412,CUST_PREMIUM_001412
reed.amelia@bluepeak.co,email,reed.amelia@bluepeak.co,CUST_PREMIUM_001412
+1 (415) 740-5709,phone,+1 (415) 740-5709,CUST_PREMIUM_001412
4369,card_last4,Card *4369,CUST_PREMIUM_001412
ck_7aa3939b0e,cookie,ck_7aa3939b0e,CUST_PREMIUM_001412
dev_ea1a73ccaf,device_id,dev_ea1a73ccaf,CUST_PREMIUM_001412
CUST_PREMIUM_001413,cust_id,CUST_PREMIUM_001413,CUST_PREMIUM_001413
emmadiaz@northstar.org,email,emmadiaz@northstar.org,CUST_PREMIUM_001413
+1 (305) 799-3628,phone,+1 (305) 799-3628,CUST_PREMIUM_001413
3117,card_last4,Card *3117,CUST_PREMIUM_001413
ck_2d51b563b6,cookie,ck_2d51b563b6,CUST_PREMIUM_001413
dev_fb5f3cd67a,device_id,dev_fb5f3cd67a,CUST_PREMIUM_001413
dev_afa4ae820a,device_id,dev_afa4ae820a,CUST_PREMIUM_001413
CUST_PREMIUM_001414,cust_id,CUST_PREMIUM_001414,CUST_PREMIUM_001414
o.perez@atlasmail.net,email,o.perez@atlasmail.net,CUST_PREMIUM_001414
+1 (214) 825-1547,phone,+1 (214) 825-1547,CUST_PREMIUM_001414
6291,card_last4,Card *6291,CUST_PREMIUM_001414
ck_c5ab6fe015,cookie,ck_c5ab6fe015,CUST_PREMIUM_001414
ck_fc3e38f0b6,cookie,ck_fc3e38f0b6,CUST_PREMIUM_001414
ck_e376b85369,cookie,ck_e376b85369,CUST_PREMIUM_001414
dev_a0d6f67e0c,device_id,dev_a0d6f67e0c,CUST_PREMIUM_001414
CUST_PREMIUM_001415,cust_id,CUST_PREMIUM_001415,CUST_PREMIUM_001415
jasmine.hernandez@vectorlabs.co,email,jasmine.hernandez@vectorlabs.co,CUST_PREMIUM_001415
+1 (214) 862-9466,phone,+1 (214) 862-9466,CUST_PREMIUM_001415
9912,card_last4,Card *9912,CUST_PREMIUM_001415
ck_8f31c89226,cookie,ck_8f31c89226,CUST_PREMIUM_001415
dev_c3d1b345aa,device_id,dev_c3d1b345aa,CUST_PREMIUM_001415
dev_9129e282f8,device_id,dev_9129e282f8,CUST_PREMIUM_001415
CUST_PREMIUM_001416,cust_id,CUST_PREMIUM_001416,CUST_PREMIUM_001416
riya.chen@northstar.org,email,riya.chen@northstar.org,CUST_PREMIUM_001416
+1 (415) 888-7385,phone,+1 (415) 888-7385,CUST_PREMIUM_001416
5362,card_last4,Card *5362,CUST_PREMIUM_001416
ck_3946fa2f86,cookie,ck_3946fa2f86,CUST_PREMIUM_001416
dev_77b903220a,device_id,dev_77b903220a,CUST_PREMIUM_001416
CUST_PREMIUM_001417,cust_id,CUST_PREMIUM_001417,CUST_PREMIUM_001417
nikhilwalker@atlasmail.net,email,nikhilwalker@atlasmail.net,CUST_PREMIUM_001417
+1 (212) 892-5304,phone,+1 (212) 892-5304,CUST_PREMIUM_001417
7630,card_last4,Card *7630,CUST_PREMIUM_001417
ck_a9cdbaf539,cookie,ck_a9cdbaf539,CUST_PREMIUM_001417
dev_642d2231bd,device_id,dev_642d2231bd,CUST_PREMIUM_001417
CUST_PREMIUM_001418,cust_id,CUST_PREMIUM_001418,CUST_PREMIUM_001418
priya.evans@orchardmail.com,email,priya.evans@orchardmail.com,CUST_PREMIUM_001418
+1 (214) 273-3223,phone,+1 (214) 273-3223,CUST_PREMIUM_001418
4655,card_last4,Card *4655,CUST_PREMIUM_001418
ck_16ca37154c,cookie,ck_16ca37154c,CUST_PREMIUM_001418
dev_b7d87959d7,device_id,dev_b7d87959d7,CUST_PREMIUM_001418
CUST_PREMIUM_001419,cust_id,CUST_PREMIUM_001419,CUST_PREMIUM_001419
jack.carter30@vectorlabs.co,email,jack.carter30@vectorlabs.co,CUST_PREMIUM_001419
+1 (312) 288-1142,phone,+1 (312) 288-1142,CUST_PREMIUM_001419
2561,card_last4,Card *2561,CUST_PREMIUM_001419
ck_c8559eec76,cookie,ck_c8559eec76,CUST_PREMIUM_001419
dev_aa7fe28d79,device_id,dev_aa7fe28d79,CUST_PREMIUM_001419
dev_shared_38588bdb8,device_id,dev_shared_38588bdb8,CUST_PREMIUM_001419
dev_shared_0700824c1,device_id,dev_shared_0700824c1,CUST_PREMIUM_001419
CUST_PREMIUM_001420,cust_id,CUST_PREMIUM_001420,CUST_PREMIUM_001420
harper.williams@bluepeak.co,email,harper.williams@bluepeak.co,CUST_PREMIUM_001420
+1 (214) 347-9061,phone,+1 (214) 347-9061,CUST_PREMIUM_001420
8992,card_last4,Card *8992,CUST_PREMIUM_001420
ck_665941dcac,cookie,ck_665941dcac,CUST_PREMIUM_001420
dev_14a2e336bd,device_id,dev_14a2e336bd,CUST_PREMIUM_001420
CUST_PREMIUM_001421,cust_id,CUST_PREMIUM_001421,CUST_PREMIUM_001421
jasmine.carter32@orchardmail.com,email,jasmine.carter32@orchardmail.com,CUST_PREMIUM_001421
+1 (312) 362-6980,phone,+1 (312) 362-6980,CUST_PREMIUM_001421
8502,card_last4,Card *8502,CUST_PREMIUM_001421
ck_5872e51e97,cookie,ck_5872e51e97,CUST_PREMIUM_001421
ck_d1d3d8ba81,cookie,ck_d1d3d8ba81,CUST_PREMIUM_001421
dev_f955c76c64,device_id,dev_f955c76c64,CUST_PREMIUM_001421
CUST_PREMIUM_001422,cust_id,CUST_PREMIUM_001422,CUST_PREMIUM_001422
sara.adams33@bluepeak.co,email,sara.adams33@bluepeak.co,CUST_PREMIUM_001422
+1 (206) 443-4899,phone,+1 (206) 443-4899,CUST_PREMIUM_001422
0468,card_last4,Card *0468,CUST_PREMIUM_001422
ck_7b327d6946,cookie,ck_7b327d6946,CUST_PREMIUM_001422
dev_2f3aeeae36,device_id,dev_2f3aeeae36,CUST_PREMIUM_001422
CUST_PREMIUM_001423,cust_id,CUST_PREMIUM_001423,CUST_PREMIUM_001423
hall.fatima@example.com,email,hall.fatima@example.com,CUST_PREMIUM_001423
+1 (718) 568-2818,phone,+1 (718) 568-2818,CUST_PREMIUM_001423
9797,card_last4,Card *9797,CUST_PREMIUM_001423
ck_e75e71913c,cookie,ck_e75e71913c,CUST_PREMIUM_001423
dev_083df2a4d6,device_id,dev_083df2a4d6,CUST_PREMIUM_001423
CUST_PREMIUM_001424,cust_id,CUST_PREMIUM_001424,CUST_PREMIUM_001424
a.hernandez@atlasmail.net,email,a.hernandez@atlasmail.net,CUST_PREMIUM_001424
+1 (206) 517-0737,phone,+1 (206) 517-0737,CUST_PREMIUM_001424
3669,card_last4,Card *3669,CUST_PREMIUM_001424
ck_1f0e47fd32,cookie,ck_1f0e47fd32,CUST_PREMIUM_001424
dev_29fa899e1d,device_id,dev_29fa899e1d,CUST_PREMIUM_001424
CUST_PREMIUM_001425,cust_id,CUST_PREMIUM_001425,CUST_PREMIUM_001425
aishawright@vectorlabs.co,email,aishawright@vectorlabs.co,CUST_PREMIUM_001425
+1 (415) 521-8656,phone,+1 (415) 521-8656,CUST_PREMIUM_001425
7923,card_last4,Card *7923,CUST_PREMIUM_001425
ck_7ef2d169d2,cookie,ck_7ef2d169d2,CUST_PREMIUM_001425
ck_4d204fb1be,cookie,ck_4d204fb1be,CUST_PREMIUM_001425
dev_d64529668a,device_id,dev_d64529668a,CUST_PREMIUM_001425
dev_9d36799545,device_id,dev_9d36799545,CUST_PREMIUM_001425
CUST_PREMIUM_001426,cust_id,CUST_PREMIUM_001426,CUST_PREMIUM_001426
a.morgan@orchardmail.com,email,a.morgan@orchardmail.com,CUST_PREMIUM_001426
+1 (416) 646-6575,phone,+1 (416) 646-6575,CUST_PREMIUM_001426
9011,card_last4,Card *9011,CUST_PREMIUM_001426
ck_af9fbe90d3,cookie,ck_af9fbe90d3,CUST_PREMIUM_001426
ck_63796b0b82,cookie,ck_63796b0b82,CUST_PREMIUM_001426
dev_a1310469a8,device_id,dev_a1310469a8,CUST_PREMIUM_001426
CUST_PREMIUM_001427,cust_id,CUST_PREMIUM_001427,CUST_PREMIUM_001427
daniel.kumar38@summitmail.net,email,daniel.kumar38@summitmail.net,CUST_PREMIUM_001427
+1 (310) 573-4494,phone,+1 (310) 573-4494,CUST_PREMIUM_001427
6443,card_last4,Card *6443,CUST_PREMIUM_001427
ck_e8b04a19df,cookie,ck_e8b04a19df,CUST_PREMIUM_001427
ck_f9ebdb12c6,cookie,ck_f9ebdb12c6,CUST_PREMIUM_001427
dev_65a1f689d1,device_id,dev_65a1f689d1,CUST_PREMIUM_001427
dev_shared_92009db18,device_id,dev_shared_92009db18,CUST_PREMIUM_001427
CUST_PREMIUM_001428,cust_id,CUST_PREMIUM_001428,CUST_PREMIUM_001428
olivia.williams@vectorlabs.co,email,olivia.williams@vectorlabs.co,CUST_PREMIUM_001428
+1 (469) 764-2413,phone,+1 (469) 764-2413,CUST_PREMIUM_001428
5644,card_last4,Card *5644,CUST_PREMIUM_001428
ck_8e473a1cdd,cookie,ck_8e473a1cdd,CUST_PREMIUM_001428
dev_13b3b0f52e,device_id,dev_13b3b0f52e,CUST_PREMIUM_001428
CUST_PREMIUM_001429,cust_id,CUST_PREMIUM_001429,CUST_PREMIUM_001429
hernandez.samuel@example.com,email,hernandez.samuel@example.com,CUST_PREMIUM_001429
+1 (312) 658-0332,phone,+1 (312) 658-0332,CUST_PREMIUM_001429
8308,card_last4,Card *8308,CUST_PREMIUM_001429
ck_fc04fbf802,cookie,ck_fc04fbf802,CUST_PREMIUM_001429
dev_3a418cc19d,device_id,dev_3a418cc19d,CUST_PREMIUM_001429
CUST_PREMIUM_001430,cust_id,CUST_PREMIUM_001430,CUST_PREMIUM_001430
s.roy@example.com,email,s.roy@example.com,CUST_PREMIUM_001430
+1 (305) 728-8251,phone,+1 (305) 728-8251,CUST_PREMIUM_001430
9655,card_last4,Card *9655,CUST_PREMIUM_001430
ck_bb84063ab2,cookie,ck_bb84063ab2,CUST_PREMIUM_001430
dev_a14da6a91e,device_id,dev_a14da6a91e,CUST_PREMIUM_001430
dev_shared_4d40524e5,device_id,dev_shared_4d40524e5,CUST_PREMIUM_001430
CUST_PREMIUM_001431,cust_id,CUST_PREMIUM_001431,CUST_PREMIUM_001431
saraanderson@vectorlabs.co,email,saraanderson@vectorlabs.co,CUST_PREMIUM_001431
+1 (646) 820-6170,phone,+1 (646) 820-6170,CUST_PREMIUM_001431
5467,card_last4,Card *5467,CUST_PREMIUM_001431
ck_bd0d494619,cookie,ck_bd0d494619,CUST_PREMIUM_001431
dev_6f88387fe0,device_id,dev_6f88387fe0,CUST_PREMIUM_001431
CUST_PREMIUM_001432,cust_id,CUST_PREMIUM_001432,CUST_PREMIUM_001432
rafaeldiaz@bluepeak.co,email,rafaeldiaz@bluepeak.co,CUST_PREMIUM_001432
+1 (404) 835-4089,phone,+1 (404) 835-4089,CUST_PREMIUM_001432
8670,card_last4,Card *8670,CUST_PREMIUM_001432
ck_2e1bc418d3,cookie,ck_2e1bc418d3,CUST_PREMIUM_001432
ck_2600d03133,cookie,ck_2600d03133,CUST_PREMIUM_001432
dev_1873d8beba,device_id,dev_1873d8beba,CUST_PREMIUM_001432
dev_cda4997c52,device_id,dev_cda4997c52,CUST_PREMIUM_001432
dev_shared_9d7adc054,device_id,dev_shared_9d7adc054,CUST_PREMIUM_001432
CUST_PREMIUM_001433,cust_id,CUST_PREMIUM_001433,CUST_PREMIUM_001433
eleanor.anderson44@harbor.example,email,eleanor.anderson44@harbor.example,CUST_PREMIUM_001433
+1 (646) 894-2008,phone,+1 (646) 894-2008,CUST_PREMIUM_001433
2852,card_last4,Card *2852,CUST_PREMIUM_001433
ck_a265644d24,cookie,ck_a265644d24,CUST_PREMIUM_001433
ck_2d20d2076f,cookie,ck_2d20d2076f,CUST_PREMIUM_001433
dev_c1ba50ccec,device_id,dev_c1ba50ccec,CUST_PREMIUM_001433
CUST_PREMIUM_001434,cust_id,CUST_PREMIUM_001434,CUST_PREMIUM_001434
grace.carter45@capital-demo.org,email,grace.carter45@capital-demo.org,CUST_PREMIUM_001434
+1 (416) 242-9927,phone,+1 (416) 242-9927,CUST_PREMIUM_001434
0115,card_last4,Card *0115,CUST_PREMIUM_001434
ck_e5f8bfbbb6,cookie,ck_e5f8bfbbb6,CUST_PREMIUM_001434
ck_ab183cda57,cookie,ck_ab183cda57,CUST_PREMIUM_001434
ck_c0766553fe,cookie,ck_c0766553fe,CUST_PREMIUM_001434
ck_9670f561d2,cookie,ck_9670f561d2,CUST_PREMIUM_001434
dev_eccbefa68d,device_id,dev_eccbefa68d,CUST_PREMIUM_001434
dev_85d2ee7506,device_id,dev_85d2ee7506,CUST_PREMIUM_001434
dev_bdaf4a896d,device_id,dev_bdaf4a896d,CUST_PREMIUM_001434
CUST_PREMIUM_001435,cust_id,CUST_PREMIUM_001435,CUST_PREMIUM_001435
hannah.banerjee@atlasmail.net,email,hannah.banerjee@atlasmail.net,CUST_PREMIUM_001435
+1 (650) 290-7846,phone,+1 (650) 290-7846,CUST_PREMIUM_001435
9630,card_last4,Card *9630,CUST_PREMIUM_001435
ck_3690c7d806,cookie,ck_3690c7d806,CUST_PREMIUM_001435
dev_2961a295ac,device_id,dev_2961a295ac,CUST_PREMIUM_001435
dev_826ee53374,device_id,dev_826ee53374,CUST_PREMIUM_001435
CUST_PREMIUM_001436,cust_id,CUST_PREMIUM_001436,CUST_PREMIUM_001436
andre.vance@orchardmail.com,email,andre.vance@orchardmail.com,CUST_PREMIUM_001436
+1 (305) 250-5765,phone,+1 (305) 250-5765,CUST_PREMIUM_001436
4183,card_last4,Card *4183,CUST_PREMIUM_001436
ck_668b8967b7,cookie,ck_668b8967b7,CUST_PREMIUM_001436
dev_e42c43f289,device_id,dev_e42c43f289,CUST_PREMIUM_001436
CUST_PREMIUM_001437,cust_id,CUST_PREMIUM_001437,CUST_PREMIUM_001437
l.smith@capital-demo.org,email,l.smith@capital-demo.org,CUST_PREMIUM_001437
+1 (310) 243-3684,phone,+1 (310) 243-3684,CUST_PREMIUM_001437
2922,card_last4,Card *2922,CUST_PREMIUM_001437
ck_c6a075c180,cookie,ck_c6a075c180,CUST_PREMIUM_001437
dev_b36b5411f3,device_id,dev_b36b5411f3,CUST_PREMIUM_001437
CUST_PREMIUM_001438,cust_id,CUST_PREMIUM_001438,CUST_PREMIUM_001438
ibrahimsato@atlasmail.net,email,ibrahimsato@atlasmail.net,CUST_PREMIUM_001438
+1 (212) 269-1603,phone,+1 (212) 269-1603,CUST_PREMIUM_001438
0991,card_last4,Card *0991,CUST_PREMIUM_001438
ck_29686e66a7,cookie,ck_29686e66a7,CUST_PREMIUM_001438
dev_cb6569b4d4,device_id,dev_cb6569b4d4,CUST_PREMIUM_001438
CUST_PREMIUM_001439,cust_id,CUST_PREMIUM_001439,CUST_PREMIUM_001439
aisha.perez50@example.com,email,aisha.perez50@example.com,CUST_PREMIUM_001439
+1 (312) 328-9522,phone,+1 (312) 328-9522,CUST_PREMIUM_001439
9479,card_last4,Card *9479,CUST_PREMIUM_001439
ck_90ba1bc2e8,cookie,ck_90ba1bc2e8,CUST_PREMIUM_001439
dev_67ea5a97a5,device_id,dev_67ea5a97a5,CUST_PREMIUM_001439
CUST_PREMIUM_001440,cust_id,CUST_PREMIUM_001440,CUST_PREMIUM_001440
lee.layla@vectorlabs.co,email,lee.layla@vectorlabs.co,CUST_PREMIUM_001440
+1 (310) 354-7441,phone,+1 (310) 354-7441,CUST_PREMIUM_001440
0877,card_last4,Card *0877,CUST_PREMIUM_001440
ck_b82615b381,cookie,ck_b82615b381,CUST_PREMIUM_001440
ck_09900aa8b8,cookie,ck_09900aa8b8,CUST_PREMIUM_001440
ck_bfebfcc458,cookie,ck_bfebfcc458,CUST_PREMIUM_001440
ck_86997c8b9a,cookie,ck_86997c8b9a,CUST_PREMIUM_001440
dev_5866a5779b,device_id,dev_5866a5779b,CUST_PREMIUM_001440
dev_6edf1ec26d,device_id,dev_6edf1ec26d,CUST_PREMIUM_001440
CUST_PREMIUM_001441,cust_id,CUST_PREMIUM_001441,CUST_PREMIUM_001441
harperyoung@bluepeak.co,email,harperyoung@bluepeak.co,CUST_PREMIUM_001441
+1 (206) 446-5360,phone,+1 (206) 446-5360,CUST_PREMIUM_001441
0544,card_last4,Card *0544,CUST_PREMIUM_001441
ck_371876eba9,cookie,ck_371876eba9,CUST_PREMIUM_001441
dev_ea4d026de0,device_id,dev_ea4d026de0,CUST_PREMIUM_001441
dev_f4d02cfea7,device_id,dev_f4d02cfea7,CUST_PREMIUM_001441
CUST_PREMIUM_001442,cust_id,CUST_PREMIUM_001442,CUST_PREMIUM_001442
i.anderson@capital-demo.org,email,i.anderson@capital-demo.org,CUST_PREMIUM_001442
+1 (212) 417-3279,phone,+1 (212) 417-3279,CUST_PREMIUM_001442
7226,card_last4,Card *7226,CUST_PREMIUM_001442
ck_9bb12433b9,cookie,ck_9bb12433b9,CUST_PREMIUM_001442
dev_9ec830f491,device_id,dev_9ec830f491,CUST_PREMIUM_001442
CUST_PREMIUM_001443,cust_id,CUST_PREMIUM_001443,CUST_PREMIUM_001443
kabir.moore@capital-demo.org,email,kabir.moore@capital-demo.org,CUST_PREMIUM_001443
+1 (212) 454-1198,phone,+1 (212) 454-1198,CUST_PREMIUM_001443
9620,card_last4,Card *9620,CUST_PREMIUM_001443
ck_1113c0fd6e,cookie,ck_1113c0fd6e,CUST_PREMIUM_001443
dev_feaa31e13d,device_id,dev_feaa31e13d,CUST_PREMIUM_001443
CUST_PREMIUM_001444,cust_id,CUST_PREMIUM_001444,CUST_PREMIUM_001444
carter.sophia@orchardmail.com,email,carter.sophia@orchardmail.com,CUST_PREMIUM_001444
+1 (214) 535-9117,phone,+1 (214) 535-9117,CUST_PREMIUM_001444
3738,card_last4,Card *3738,CUST_PREMIUM_001444
ck_fbd452444d,cookie,ck_fbd452444d,CUST_PREMIUM_001444
dev_c81cb125a0,device_id,dev_c81cb125a0,CUST_PREMIUM_001444
CUST_PREMIUM_001445,cust_id,CUST_PREMIUM_001445,CUST_PREMIUM_001445
chloe.evans@atlasmail.net,email,chloe.evans@atlasmail.net,CUST_PREMIUM_001445
+1 (212) 528-7036,phone,+1 (212) 528-7036,CUST_PREMIUM_001445
9801,card_last4,Card *9801,CUST_PREMIUM_001445
ck_7ec045d1c9,cookie,ck_7ec045d1c9,CUST_PREMIUM_001445
ck_78838be4b9,cookie,ck_78838be4b9,CUST_PREMIUM_001445
dev_d125dfac21,device_id,dev_d125dfac21,CUST_PREMIUM_001445
CUST_PREMIUM_001446,cust_id,CUST_PREMIUM_001446,CUST_PREMIUM_001446
miguelroberts@summitmail.net,email,miguelroberts@summitmail.net,CUST_PREMIUM_001446
+1 (312) 587-4955,phone,+1 (312) 587-4955,CUST_PREMIUM_001446
9763,card_last4,Card *9763,CUST_PREMIUM_001446
ck_ae80c30552,cookie,ck_ae80c30552,CUST_PREMIUM_001446
dev_615f9f3fcb,device_id,dev_615f9f3fcb,CUST_PREMIUM_001446
CUST_PREMIUM_001447,cust_id,CUST_PREMIUM_001447,CUST_PREMIUM_001447
n.martinez@example.com,email,n.martinez@example.com,CUST_PREMIUM_001447
+1 (312) 624-2874,phone,+1 (312) 624-2874,CUST_PREMIUM_001447
9595,card_last4,Card *9595,CUST_PREMIUM_001447
ck_62b7ccd68b,cookie,ck_62b7ccd68b,CUST_PREMIUM_001447
dev_8e7aa384c7,device_id,dev_8e7aa384c7,CUST_PREMIUM_001447
CUST_PREMIUM_001448,cust_id,CUST_PREMIUM_001448,CUST_PREMIUM_001448
l.kim@vectorlabs.co,email,l.kim@vectorlabs.co,CUST_PREMIUM_001448
+1 (310) 650-0793,phone,+1 (310) 650-0793,CUST_PREMIUM_001448
3061,card_last4,Card *3061,CUST_PREMIUM_001448
ck_8de1f1f2f2,cookie,ck_8de1f1f2f2,CUST_PREMIUM_001448
dev_20a247eb0a,device_id,dev_20a247eb0a,CUST_PREMIUM_001448
CUST_PREMIUM_001449,cust_id,CUST_PREMIUM_001449,CUST_PREMIUM_001449
chloe.campbell@capital-demo.org,email,chloe.campbell@capital-demo.org,CUST_PREMIUM_001449
+1 (310) 687-8712,phone,+1 (310) 687-8712,CUST_PREMIUM_001449
0028,card_last4,Card *0028,CUST_PREMIUM_001449
ck_54992781b4,cookie,ck_54992781b4,CUST_PREMIUM_001449
dev_1eb22c9881,device_id,dev_1eb22c9881,CUST_PREMIUM_001449
CUST_PREMIUM_001450,cust_id,CUST_PREMIUM_001450,CUST_PREMIUM_001450
james.ahmed61@capital-demo.org,email,james.ahmed61@capital-demo.org,CUST_PREMIUM_001450
+1 (212) 713-6631,phone,+1 (212) 713-6631,CUST_PREMIUM_001450
5006,card_last4,Card *5006,CUST_PREMIUM_001450
ck_9de9dd9e94,cookie,ck_9de9dd9e94,CUST_PREMIUM_001450
dev_1ed4ceb910,device_id,dev_1ed4ceb910,CUST_PREMIUM_001450
dev_e89161654b,device_id,dev_e89161654b,CUST_PREMIUM_001450
CUST_PREMIUM_001451,cust_id,CUST_PREMIUM_001451,CUST_PREMIUM_001451
ananya.hernandez@bluepeak.co,email,ananya.hernandez@bluepeak.co,CUST_PREMIUM_001451
+1 (310) 761-4550,phone,+1 (310) 761-4550,CUST_PREMIUM_001451
9434,card_last4,Card *9434,CUST_PREMIUM_001451
ck_c6e30cf6a6,cookie,ck_c6e30cf6a6,CUST_PREMIUM_001451
dev_720f6531ec,device_id,dev_720f6531ec,CUST_PREMIUM_001451
CUST_PREMIUM_001452,cust_id,CUST_PREMIUM_001452,CUST_PREMIUM_001452
s.carter@summitmail.net,email,s.carter@summitmail.net,CUST_PREMIUM_001452
+1 (718) 241-2469,phone,+1 (718) 241-2469,CUST_PREMIUM_001452
4344,card_last4,Card *4344,CUST_PREMIUM_001452
ck_ccd0da10a0,cookie,ck_ccd0da10a0,CUST_PREMIUM_001452
ck_b470bb0372,cookie,ck_b470bb0372,CUST_PREMIUM_001452
dev_f44615232a,device_id,dev_f44615232a,CUST_PREMIUM_001452
CUST_PREMIUM_001453,cust_id,CUST_PREMIUM_001453,CUST_PREMIUM_001453
n.johnson@harbor.example,email,n.johnson@harbor.example,CUST_PREMIUM_001453
+1 (312) 846-0388,phone,+1 (312) 846-0388,CUST_PREMIUM_001453
7603,card_last4,Card *7603,CUST_PREMIUM_001453
ck_2cc5fdea4b,cookie,ck_2cc5fdea4b,CUST_PREMIUM_001453
ck_0f91f947e7,cookie,ck_0f91f947e7,CUST_PREMIUM_001453
dev_31ed7be798,device_id,dev_31ed7be798,CUST_PREMIUM_001453
CUST_PREMIUM_001454,cust_id,CUST_PREMIUM_001454,CUST_PREMIUM_001454
e.williams@summitmail.net,email,e.williams@summitmail.net,CUST_PREMIUM_001454
+1 (415) 894-8307,phone,+1 (415) 894-8307,CUST_PREMIUM_001454
8756,card_last4,Card *8756,CUST_PREMIUM_001454
ck_38174d9ecf,cookie,ck_38174d9ecf,CUST_PREMIUM_001454
dev_bc4c9f45cf,device_id,dev_bc4c9f45cf,CUST_PREMIUM_001454
CUST_PREMIUM_001455,cust_id,CUST_PREMIUM_001455,CUST_PREMIUM_001455
dev.johnson@northstar.org,email,dev.johnson@northstar.org,CUST_PREMIUM_001455
+1 (312) 220-6226,phone,+1 (312) 220-6226,CUST_PREMIUM_001455
0705,card_last4,Card *0705,CUST_PREMIUM_001455
ck_74615143d6,cookie,ck_74615143d6,CUST_PREMIUM_001455
dev_7685c49be3,device_id,dev_7685c49be3,CUST_PREMIUM_001455
CUST_PREMIUM_001456,cust_id,CUST_PREMIUM_001456,CUST_PREMIUM_001456
wang.samuel@orchardmail.com,email,wang.samuel@orchardmail.com,CUST_PREMIUM_001456
+1 (415) 268-4145,phone,+1 (415) 268-4145,CUST_PREMIUM_001456
0109,card_last4,Card *0109,CUST_PREMIUM_001456
ck_933311c898,cookie,ck_933311c898,CUST_PREMIUM_001456
dev_65665c0ecd,device_id,dev_65665c0ecd,CUST_PREMIUM_001456
dev_shared_480857b24,device_id,dev_shared_480857b24,CUST_PREMIUM_001456
CUST_PREMIUM_001457,cust_id,CUST_PREMIUM_001457,CUST_PREMIUM_001457
a.khan@vectorlabs.co,email,a.khan@vectorlabs.co,CUST_PREMIUM_001457
+1 (305) 327-2064,phone,+1 (305) 327-2064,CUST_PREMIUM_001457
9427,card_last4,Card *9427,CUST_PREMIUM_001457
ck_f99dd7033e,cookie,ck_f99dd7033e,CUST_PREMIUM_001457
dev_63d57edbb8,device_id,dev_63d57edbb8,CUST_PREMIUM_001457
dev_52e9be3817,device_id,dev_52e9be3817,CUST_PREMIUM_001457
CUST_PREMIUM_001458,cust_id,CUST_PREMIUM_001458,CUST_PREMIUM_001458
omar.ito69@northstar.org,email,omar.ito69@northstar.org,CUST_PREMIUM_001458
+1 (617) 386-9983,phone,+1 (617) 386-9983,CUST_PREMIUM_001458
2493,card_last4,Card *2493,CUST_PREMIUM_001458
ck_bf46635918,cookie,ck_bf46635918,CUST_PREMIUM_001458
dev_cdb179b89c,device_id,dev_cdb179b89c,CUST_PREMIUM_001458
CUST_PREMIUM_001459,cust_id,CUST_PREMIUM_001459,CUST_PREMIUM_001459
nakamura.harper@orchardmail.com,email,nakamura.harper@orchardmail.com,CUST_PREMIUM_001459
+1 (312) 368-7902,phone,+1 (312) 368-7902,CUST_PREMIUM_001459
4917,card_last4,Card *4917,CUST_PREMIUM_001459
ck_d25e4268d3,cookie,ck_d25e4268d3,CUST_PREMIUM_001459
ck_1df9251019,cookie,ck_1df9251019,CUST_PREMIUM_001459
dev_898ac81734,device_id,dev_898ac81734,CUST_PREMIUM_001459
CUST_PREMIUM_001460,cust_id,CUST_PREMIUM_001460,CUST_PREMIUM_001460
gabriel.martinez71@atlasmail.net,email,gabriel.martinez71@atlasmail.net,CUST_PREMIUM_001460
+1 (212) 383-5821,phone,+1 (212) 383-5821,CUST_PREMIUM_001460
0159,card_last4,Card *0159,CUST_PREMIUM_001460
ck_d1e377df49,cookie,ck_d1e377df49,CUST_PREMIUM_001460
ck_7c5ec65d91,cookie,ck_7c5ec65d91,CUST_PREMIUM_001460
dev_fd3602ffae,device_id,dev_fd3602ffae,CUST_PREMIUM_001460
CUST_PREMIUM_001461,cust_id,CUST_PREMIUM_001461,CUST_PREMIUM_001461
noah.harris72@summitmail.net,email,noah.harris72@summitmail.net,CUST_PREMIUM_001461
+1 (310) 431-3740,phone,+1 (310) 431-3740,CUST_PREMIUM_001461
7936,card_last4,Card *7936,CUST_PREMIUM_001461
ck_76ad21ed7b,cookie,ck_76ad21ed7b,CUST_PREMIUM_001461
dev_c62d33560a,device_id,dev_c62d33560a,CUST_PREMIUM_001461
dev_shared_2c36261da,device_id,dev_shared_2c36261da,CUST_PREMIUM_001461
CUST_PREMIUM_001462,cust_id,CUST_PREMIUM_001462,CUST_PREMIUM_001462
devrobinson@northstar.org,email,devrobinson@northstar.org,CUST_PREMIUM_001462
+1 (214) 501-1659,phone,+1 (214) 501-1659,CUST_PREMIUM_001462
1129,card_last4,Card *1129,CUST_PREMIUM_001462
ck_63e6fac5f2,cookie,ck_63e6fac5f2,CUST_PREMIUM_001462
dev_b09eb1a53b,device_id,dev_b09eb1a53b,CUST_PREMIUM_001462
CUST_PREMIUM_001463,cust_id,CUST_PREMIUM_001463,CUST_PREMIUM_001463
amaraanderson@example.com,email,amaraanderson@example.com,CUST_PREMIUM_001463
+1 (202) 593-9578,phone,+1 (202) 593-9578,CUST_PREMIUM_001463
1215,card_last4,Card *1215,CUST_PREMIUM_001463
ck_09461957b2,cookie,ck_09461957b2,CUST_PREMIUM_001463
ck_63ece0e36a,cookie,ck_63ece0e36a,CUST_PREMIUM_001463
dev_b794f8046b,device_id,dev_b794f8046b,CUST_PREMIUM_001463
CUST_PREMIUM_001464,cust_id,CUST_PREMIUM_001464,CUST_PREMIUM_001464
noahsterling@northstar.org,email,noahsterling@northstar.org,CUST_PREMIUM_001464
+1 (646) 641-7497,phone,+1 (646) 641-7497,CUST_PREMIUM_001464
4930,card_last4,Card *4930,CUST_PREMIUM_001464
ck_b1d2191125,cookie,ck_b1d2191125,CUST_PREMIUM_001464
ck_cbeefb02f8,cookie,ck_cbeefb02f8,CUST_PREMIUM_001464
dev_3cf9598340,device_id,dev_3cf9598340,CUST_PREMIUM_001464
dev_842d6b5bea,device_id,dev_842d6b5bea,CUST_PREMIUM_001464
dev_shared_9394d86c4,device_id,dev_shared_9394d86c4,CUST_PREMIUM_001464
CUST_PREMIUM_001465,cust_id,CUST_PREMIUM_001465,CUST_PREMIUM_001465
ibrahim.nguyen76@orchardmail.com,email,ibrahim.nguyen76@orchardmail.com,CUST_PREMIUM_001465
+1 (312) 590-5416,phone,+1 (312) 590-5416,CUST_PREMIUM_001465
3449,card_last4,Card *3449,CUST_PREMIUM_001465
ck_4f42fd3891,cookie,ck_4f42fd3891,CUST_PREMIUM_001465
ck_34c53cf1ea,cookie,ck_34c53cf1ea,CUST_PREMIUM_001465
dev_ae9c17236d,device_id,dev_ae9c17236d,CUST_PREMIUM_001465
dev_shared_583800138,device_id,dev_shared_583800138,CUST_PREMIUM_001465
CUST_PREMIUM_001466,cust_id,CUST_PREMIUM_001466,CUST_PREMIUM_001466
elena.sterling77@capital-demo.org,email,elena.sterling77@capital-demo.org,CUST_PREMIUM_001466
+1 (404) 693-3335,phone,+1 (404) 693-3335,CUST_PREMIUM_001466
1338,card_last4,Card *1338,CUST_PREMIUM_001466
ck_3dcedcdace,cookie,ck_3dcedcdace,CUST_PREMIUM_001466
ck_8995666a9e,cookie,ck_8995666a9e,CUST_PREMIUM_001466
dev_39c5b1d638,device_id,dev_39c5b1d638,CUST_PREMIUM_001466
CUST_PREMIUM_001467,cust_id,CUST_PREMIUM_001467,CUST_PREMIUM_001467
n.jackson@vectorlabs.co,email,n.jackson@vectorlabs.co,CUST_PREMIUM_001467
+1 (469) 807-1254,phone,+1 (469) 807-1254,CUST_PREMIUM_001467
5708,card_last4,Card *5708,CUST_PREMIUM_001467
ck_69756f24b4,cookie,ck_69756f24b4,CUST_PREMIUM_001467
dev_d86d2076ec,device_id,dev_d86d2076ec,CUST_PREMIUM_001467
CUST_PREMIUM_001468,cust_id,CUST_PREMIUM_001468,CUST_PREMIUM_001468
jonah.sterling79@atlasmail.net,email,jonah.sterling79@atlasmail.net,CUST_PREMIUM_001468
+1 (415) 712-9173,phone,+1 (415) 712-9173,CUST_PREMIUM_001468
9016,card_last4,Card *9016,CUST_PREMIUM_001468
ck_677d9c82b3,cookie,ck_677d9c82b3,CUST_PREMIUM_001468
dev_d0fa3ff5a2,device_id,dev_d0fa3ff5a2,CUST_PREMIUM_001468
CUST_PREMIUM_001469,cust_id,CUST_PREMIUM_001469,CUST_PREMIUM_001469
hazel.wright80@capital-demo.org,email,hazel.wright80@capital-demo.org,CUST_PREMIUM_001469
+1 (718) 870-7092,phone,+1 (718) 870-7092,CUST_PREMIUM_001469
1982,card_last4,Card *1982,CUST_PREMIUM_001469
ck_e587689ea5,cookie,ck_e587689ea5,CUST_PREMIUM_001469
dev_c0ebbb19ef,device_id,dev_c0ebbb19ef,CUST_PREMIUM_001469
CUST_PREMIUM_001470,cust_id,CUST_PREMIUM_001470,CUST_PREMIUM_001470
akira.vance@northstar.org,email,akira.vance@northstar.org,CUST_PREMIUM_001470
+1 (718) 207-5011,phone,+1 (718) 207-5011,CUST_PREMIUM_001470
9309,card_last4,Card *9309,CUST_PREMIUM_001470
ck_5cb4a97f03,cookie,ck_5cb4a97f03,CUST_PREMIUM_001470
dev_66c479391a,device_id,dev_66c479391a,CUST_PREMIUM_001470
CUST_PREMIUM_001471,cust_id,CUST_PREMIUM_001471,CUST_PREMIUM_001471
nora.wang82@orchardmail.com,email,nora.wang82@orchardmail.com,CUST_PREMIUM_001471
+1 (310) 801-2930,phone,+1 (310) 801-2930,CUST_PREMIUM_001471
3840,card_last4,Card *3840,CUST_PREMIUM_001471
ck_d218c72359,cookie,ck_d218c72359,CUST_PREMIUM_001471
dev_550c2de7ec,device_id,dev_550c2de7ec,CUST_PREMIUM_001471
CUST_PREMIUM_001472,cust_id,CUST_PREMIUM_001472,CUST_PREMIUM_001472
lucas.walker@bluepeak.co,email,lucas.walker@bluepeak.co,CUST_PREMIUM_001472
+1 (312) 849-0849,phone,+1 (312) 849-0849,CUST_PREMIUM_001472
9891,card_last4,Card *9891,CUST_PREMIUM_001472
ck_ab8601c825,cookie,ck_ab8601c825,CUST_PREMIUM_001472
ck_c2181433d5,cookie,ck_c2181433d5,CUST_PREMIUM_001472
dev_f3fc6c54bd,device_id,dev_f3fc6c54bd,CUST_PREMIUM_001472
CUST_PREMIUM_001473,cust_id,CUST_PREMIUM_001473,CUST_PREMIUM_001473
d.thomas@capital-demo.org,email,d.thomas@capital-demo.org,CUST_PREMIUM_001473
+1 (310) 875-8768,phone,+1 (310) 875-8768,CUST_PREMIUM_001473
3194,card_last4,Card *3194,CUST_PREMIUM_001473
ck_06d5f80362,cookie,ck_06d5f80362,CUST_PREMIUM_001473
dev_0615bccf49,device_id,dev_0615bccf49,CUST_PREMIUM_001473
CUST_PREMIUM_001474,cust_id,CUST_PREMIUM_001474,CUST_PREMIUM_001474
fatimamiller@summitmail.net,email,fatimamiller@summitmail.net,CUST_PREMIUM_001474
+1 (917) 344-6687,phone,+1 (917) 344-6687,CUST_PREMIUM_001474
3230,card_last4,Card *3230,CUST_PREMIUM_001474
ck_85e0947dc7,cookie,ck_85e0947dc7,CUST_PREMIUM_001474
dev_04b2df40d1,device_id,dev_04b2df40d1,CUST_PREMIUM_001474
CUST_PREMIUM_001475,cust_id,CUST_PREMIUM_001475,CUST_PREMIUM_001475
campbell.elena@northstar.org,email,campbell.elena@northstar.org,CUST_PREMIUM_001475
+1 (415) 271-4606,phone,+1 (415) 271-4606,CUST_PREMIUM_001475
2060,card_last4,Card *2060,CUST_PREMIUM_001475
ck_df7910eeda,cookie,ck_df7910eeda,CUST_PREMIUM_001475
ck_b4fa4b1c56,cookie,ck_b4fa4b1c56,CUST_PREMIUM_001475
ck_bc00f0f415,cookie,ck_bc00f0f415,CUST_PREMIUM_001475
dev_3268b8c94d,device_id,dev_3268b8c94d,CUST_PREMIUM_001475
CUST_PREMIUM_001476,cust_id,CUST_PREMIUM_001476,CUST_PREMIUM_001476
hazelwilliams@northstar.org,email,hazelwilliams@northstar.org,CUST_PREMIUM_001476
+1 (404) 363-2525,phone,+1 (404) 363-2525,CUST_PREMIUM_001476
5144,card_last4,Card *5144,CUST_PREMIUM_001476
ck_72ca85711b,cookie,ck_72ca85711b,CUST_PREMIUM_001476
dev_25e9772624,device_id,dev_25e9772624,CUST_PREMIUM_001476
dev_a99bd88669,device_id,dev_a99bd88669,CUST_PREMIUM_001476
dev_96f6aa662a,device_id,dev_96f6aa662a,CUST_PREMIUM_001476
CUST_PREMIUM_001477,cust_id,CUST_PREMIUM_001477,CUST_PREMIUM_001477
robinson.nikhil@summitmail.net,email,robinson.nikhil@summitmail.net,CUST_PREMIUM_001477
+1 (404) 400-0444,phone,+1 (404) 400-0444,CUST_PREMIUM_001477
9118,card_last4,Card *9118,CUST_PREMIUM_001477
ck_3e56981898,cookie,ck_3e56981898,CUST_PREMIUM_001477
dev_1ddef6ea4c,device_id,dev_1ddef6ea4c,CUST_PREMIUM_001477
CUST_PREMIUM_001478,cust_id,CUST_PREMIUM_001478,CUST_PREMIUM_001478
mayacampbell@bluepeak.co,email,mayacampbell@bluepeak.co,CUST_PREMIUM_001478
+1 (312) 371-8363,phone,+1 (312) 371-8363,CUST_PREMIUM_001478
5226,card_last4,Card *5226,CUST_PREMIUM_001478
ck_cf456a7d23,cookie,ck_cf456a7d23,CUST_PREMIUM_001478
ck_fd83b8e80f,cookie,ck_fd83b8e80f,CUST_PREMIUM_001478
dev_07723f27e6,device_id,dev_07723f27e6,CUST_PREMIUM_001478
CUST_PREMIUM_001479,cust_id,CUST_PREMIUM_001479,CUST_PREMIUM_001479
rodriguez.ibrahim@capital-demo.org,email,rodriguez.ibrahim@capital-demo.org,CUST_PREMIUM_001479
+1 (415) 419-6282,phone,+1 (415) 419-6282,CUST_PREMIUM_001479
9892,card_last4,Card *9892,CUST_PREMIUM_001479
ck_8d6e5c161b,cookie,ck_8d6e5c161b,CUST_PREMIUM_001479
ck_a9e7ad8338,cookie,ck_a9e7ad8338,CUST_PREMIUM_001479
ck_c30a109a58,cookie,ck_c30a109a58,CUST_PREMIUM_001479
ck_ae69b57802,cookie,ck_ae69b57802,CUST_PREMIUM_001479
ck_bb83d0bf58,cookie,ck_bb83d0bf58,CUST_PREMIUM_001479
dev_955d3a5d75,device_id,dev_955d3a5d75,CUST_PREMIUM_001479
CUST_PREMIUM_001480,cust_id,CUST_PREMIUM_001480,CUST_PREMIUM_001480
k.campbell@orchardmail.com,email,k.campbell@orchardmail.com,CUST_PREMIUM_001480
+1 (310) 434-4201,phone,+1 (310) 434-4201,CUST_PREMIUM_001480
2462,card_last4,Card *2462,CUST_PREMIUM_001480
ck_ad5643f092,cookie,ck_ad5643f092,CUST_PREMIUM_001480
ck_a5a158ee81,cookie,ck_a5a158ee81,CUST_PREMIUM_001480
ck_a1ee02228f,cookie,ck_a1ee02228f,CUST_PREMIUM_001480
ck_42e345f741,cookie,ck_42e345f741,CUST_PREMIUM_001480
dev_fccac75b1e,device_id,dev_fccac75b1e,CUST_PREMIUM_001480
dev_d599f10a05,device_id,dev_d599f10a05,CUST_PREMIUM_001480
CUST_PREMIUM_001481,cust_id,CUST_PREMIUM_001481,CUST_PREMIUM_001481
harper.walker92@orchardmail.com,email,harper.walker92@orchardmail.com,CUST_PREMIUM_001481
+1 (416) 581-2120,phone,+1 (416) 581-2120,CUST_PREMIUM_001481
6109,card_last4,Card *6109,CUST_PREMIUM_001481
ck_05324e269b,cookie,ck_05324e269b,CUST_PREMIUM_001481
ck_c2e9e8feb0,cookie,ck_c2e9e8feb0,CUST_PREMIUM_001481
dev_97e6902e04,device_id,dev_97e6902e04,CUST_PREMIUM_001481
CUST_PREMIUM_001482,cust_id,CUST_PREMIUM_001482,CUST_PREMIUM_001482
jack.taylor93@summitmail.net,email,jack.taylor93@summitmail.net,CUST_PREMIUM_001482
+1 (415) 530-0039,phone,+1 (415) 530-0039,CUST_PREMIUM_001482
2821,card_last4,Card *2821,CUST_PREMIUM_001482
ck_ecfb4f5bde,cookie,ck_ecfb4f5bde,CUST_PREMIUM_001482
ck_c5154e399e,cookie,ck_c5154e399e,CUST_PREMIUM_001482
dev_f5b03b1a3f,device_id,dev_f5b03b1a3f,CUST_PREMIUM_001482
CUST_PREMIUM_001483,cust_id,CUST_PREMIUM_001483,CUST_PREMIUM_001483
omar.thomas94@summitmail.net,email,omar.thomas94@summitmail.net,CUST_PREMIUM_001483
+1 (650) 666-7958,phone,+1 (650) 666-7958,CUST_PREMIUM_001483
5810,card_last4,Card *5810,CUST_PREMIUM_001483
ck_6f4b2e5605,cookie,ck_6f4b2e5605,CUST_PREMIUM_001483
dev_01fad9fe9a,device_id,dev_01fad9fe9a,CUST_PREMIUM_001483
CUST_PREMIUM_001484,cust_id,CUST_PREMIUM_001484,CUST_PREMIUM_001484
dev.harris95@atlasmail.net,email,dev.harris95@atlasmail.net,CUST_PREMIUM_001484
+1 (404) 659-5877,phone,+1 (404) 659-5877,CUST_PREMIUM_001484
4792,card_last4,Card *4792,CUST_PREMIUM_001484
ck_52fcb2d01c,cookie,ck_52fcb2d01c,CUST_PREMIUM_001484
ck_3cbe0e35a3,cookie,ck_3cbe0e35a3,CUST_PREMIUM_001484
ck_29ff17d41d,cookie,ck_29ff17d41d,CUST_PREMIUM_001484
ck_b6635b7095,cookie,ck_b6635b7095,CUST_PREMIUM_001484
ck_efcbab1298,cookie,ck_efcbab1298,CUST_PREMIUM_001484
dev_cf3d343bca,device_id,dev_cf3d343bca,CUST_PREMIUM_001484
CUST_PREMIUM_001485,cust_id,CUST_PREMIUM_001485,CUST_PREMIUM_001485
priya.smith@bluepeak.co,email,priya.smith@bluepeak.co,CUST_PREMIUM_001485
+1 (404) 696-3796,phone,+1 (404) 696-3796,CUST_PREMIUM_001485
0828,card_last4,Card *0828,CUST_PREMIUM_001485
ck_f1c216dab1,cookie,ck_f1c216dab1,CUST_PREMIUM_001485
ck_dc87b8dfc9,cookie,ck_dc87b8dfc9,CUST_PREMIUM_001485
dev_00d5cbb4c2,device_id,dev_00d5cbb4c2,CUST_PREMIUM_001485
dev_f7996f418e,device_id,dev_f7996f418e,CUST_PREMIUM_001485
CUST_PREMIUM_001486,cust_id,CUST_PREMIUM_001486,CUST_PREMIUM_001486
diego.white@bluepeak.co,email,diego.white@bluepeak.co,CUST_PREMIUM_001486
+1 (650) 777-1715,phone,+1 (650) 777-1715,CUST_PREMIUM_001486
8488,card_last4,Card *8488,CUST_PREMIUM_001486
ck_1925c0939f,cookie,ck_1925c0939f,CUST_PREMIUM_001486
ck_66d06f88ac,cookie,ck_66d06f88ac,CUST_PREMIUM_001486
dev_0befdb1f31,device_id,dev_0befdb1f31,CUST_PREMIUM_001486
CUST_PREMIUM_001487,cust_id,CUST_PREMIUM_001487,CUST_PREMIUM_001487
riya.hall@bluepeak.co,email,riya.hall@bluepeak.co,CUST_PREMIUM_001487
+1 (214) 726-9634,phone,+1 (214) 726-9634,CUST_PREMIUM_001487
7248,card_last4,Card *7248,CUST_PREMIUM_001487
ck_6d333bf76b,cookie,ck_6d333bf76b,CUST_PREMIUM_001487
ck_69b34fb1cd,cookie,ck_69b34fb1cd,CUST_PREMIUM_001487
dev_4f52044835,device_id,dev_4f52044835,CUST_PREMIUM_001487
CUST_PREMIUM_001488,cust_id,CUST_PREMIUM_001488,CUST_PREMIUM_001488
riya.nguyen@capital-demo.org,email,riya.nguyen@capital-demo.org,CUST_PREMIUM_001488
+1 (415) 752-7553,phone,+1 (415) 752-7553,CUST_PREMIUM_001488
7915,card_last4,Card *7915,CUST_PREMIUM_001488
ck_4ea5f5085c,cookie,ck_4ea5f5085c,CUST_PREMIUM_001488
dev_d0270f8651,device_id,dev_d0270f8651,CUST_PREMIUM_001488
CUST_PREMIUM_001489,cust_id,CUST_PREMIUM_001489,CUST_PREMIUM_001489
hazelbaker@harbor.example,email,hazelbaker@harbor.example,CUST_PREMIUM_001489
+1 (917) 899-5472,phone,+1 (917) 899-5472,CUST_PREMIUM_001489
3251,card_last4,Card *3251,CUST_PREMIUM_001489
ck_97e508a231,cookie,ck_97e508a231,CUST_PREMIUM_001489
dev_9562d6c35b,device_id,dev_9562d6c35b,CUST_PREMIUM_001489
dev_10e0216d8c,device_id,dev_10e0216d8c,CUST_PREMIUM_001489
CUST_PREMIUM_001490,cust_id,CUST_PREMIUM_001490,CUST_PREMIUM_001490
vivianjones@example.com,email,vivianjones@example.com,CUST_PREMIUM_001490
+1 (415) 826-3391,phone,+1 (415) 826-3391,CUST_PREMIUM_001490
0457,card_last4,Card *0457,CUST_PREMIUM_001490
ck_49ac29e275,cookie,ck_49ac29e275,CUST_PREMIUM_001490
dev_c111ba2d88,device_id,dev_c111ba2d88,CUST_PREMIUM_001490
CUST_PREMIUM_001491,cust_id,CUST_PREMIUM_001491,CUST_PREMIUM_001491
nakamura.camila@summitmail.net,email,nakamura.camila@summitmail.net,CUST_PREMIUM_001491
+1 (214) 874-1310,phone,+1 (214) 874-1310,CUST_PREMIUM_001491
8132,card_last4,Card *8132,CUST_PREMIUM_001491
ck_1928023ca2,cookie,ck_1928023ca2,CUST_PREMIUM_001491
ck_a08ecf71ee,cookie,ck_a08ecf71ee,CUST_PREMIUM_001491
ck_33b595c939,cookie,ck_33b595c939,CUST_PREMIUM_001491
dev_703e06eeda,device_id,dev_703e06eeda,CUST_PREMIUM_001491
CUST_PREMIUM_001492,cust_id,CUST_PREMIUM_001492,CUST_PREMIUM_001492
leo.brown@example.com,email,leo.brown@example.com,CUST_PREMIUM_001492
+1 (212) 867-9229,phone,+1 (212) 867-9229,CUST_PREMIUM_001492
5931,card_last4,Card *5931,CUST_PREMIUM_001492
ck_5cb778064e,cookie,ck_5cb778064e,CUST_PREMIUM_001492
ck_b284a67945,cookie,ck_b284a67945,CUST_PREMIUM_001492
ck_40197a8ef1,cookie,ck_40197a8ef1,CUST_PREMIUM_001492
dev_12c5bc5ac7,device_id,dev_12c5bc5ac7,CUST_PREMIUM_001492
dev_52b9d634ff,device_id,dev_52b9d634ff,CUST_PREMIUM_001492
CUST_PREMIUM_001493,cust_id,CUST_PREMIUM_001493,CUST_PREMIUM_001493
aarav.lewis@harbor.example,email,aarav.lewis@harbor.example,CUST_PREMIUM_001493
+1 (212) 204-7148,phone,+1 (212) 204-7148,CUST_PREMIUM_001493
5588,card_last4,Card *5588,CUST_PREMIUM_001493
ck_755bcb67ba,cookie,ck_755bcb67ba,CUST_PREMIUM_001493
dev_da16a54e1b,device_id,dev_da16a54e1b,CUST_PREMIUM_001493
dev_63c58e5d85,device_id,dev_63c58e5d85,CUST_PREMIUM_001493
CUST_PREMIUM_001494,cust_id,CUST_PREMIUM_001494,CUST_PREMIUM_001494
theo.garcia8@harbor.example,email,theo.garcia8@harbor.example,CUST_PREMIUM_001494
+1 (305) 296-5067,phone,+1 (305) 296-5067,CUST_PREMIUM_001494
8633,card_last4,Card *8633,CUST_PREMIUM_001494
ck_f72a28cc98,cookie,ck_f72a28cc98,CUST_PREMIUM_001494
ck_c3bec0cbb9,cookie,ck_c3bec0cbb9,CUST_PREMIUM_001494
ck_58aebec6b3,cookie,ck_58aebec6b3,CUST_PREMIUM_001494
dev_564e0b8234,device_id,dev_564e0b8234,CUST_PREMIUM_001494
CUST_PREMIUM_001495,cust_id,CUST_PREMIUM_001495,CUST_PREMIUM_001495
thompson.fatima@orchardmail.com,email,thompson.fatima@orchardmail.com,CUST_PREMIUM_001495
+1 (617) 355-2986,phone,+1 (617) 355-2986,CUST_PREMIUM_001495
7435,card_last4,Card *7435,CUST_PREMIUM_001495
ck_321f628e74,cookie,ck_321f628e74,CUST_PREMIUM_001495
ck_f1d9d30e32,cookie,ck_f1d9d30e32,CUST_PREMIUM_001495
dev_c2ad7e30dc,device_id,dev_c2ad7e30dc,CUST_PREMIUM_001495
CUST_PREMIUM_001496,cust_id,CUST_PREMIUM_001496,CUST_PREMIUM_001496
isabella.wang@capital-demo.org,email,isabella.wang@capital-demo.org,CUST_PREMIUM_001496
+1 (212) 315-0905,phone,+1 (212) 315-0905,CUST_PREMIUM_001496
2031,card_last4,Card *2031,CUST_PREMIUM_001496
ck_41e2d0a95e,cookie,ck_41e2d0a95e,CUST_PREMIUM_001496
ck_87680175d0,cookie,ck_87680175d0,CUST_PREMIUM_001496
ck_13f8adc20a,cookie,ck_13f8adc20a,CUST_PREMIUM_001496
dev_091610f129,device_id,dev_091610f129,CUST_PREMIUM_001496
dev_87c314b19e,device_id,dev_87c314b19e,CUST_PREMIUM_001496
CUST_PREMIUM_001497,cust_id,CUST_PREMIUM_001497,CUST_PREMIUM_001497
williams.isabella@bluepeak.co,email,williams.isabella@bluepeak.co,CUST_PREMIUM_001497
+1 (305) 407-8824,phone,+1 (305) 407-8824,CUST_PREMIUM_001497
2644,card_last4,Card *2644,CUST_PREMIUM_001497
ck_165c6ce723,cookie,ck_165c6ce723,CUST_PREMIUM_001497
ck_d0129ca402,cookie,ck_d0129ca402,CUST_PREMIUM_001497
dev_318e35036d,device_id,dev_318e35036d,CUST_PREMIUM_001497
CUST_PREMIUM_001498,cust_id,CUST_PREMIUM_001498,CUST_PREMIUM_001498
yuki.khan12@northstar.org,email,yuki.khan12@northstar.org,CUST_PREMIUM_001498
+1 (416) 510-6743,phone,+1 (416) 510-6743,CUST_PREMIUM_001498
3006,card_last4,Card *3006,CUST_PREMIUM_001498
ck_9cfe6c1fe7,cookie,ck_9cfe6c1fe7,CUST_PREMIUM_001498
dev_09b9359574,device_id,dev_09b9359574,CUST_PREMIUM_001498
CUST_PREMIUM_001499,cust_id,CUST_PREMIUM_001499,CUST_PREMIUM_001499
leo.smith13@atlasmail.net,email,leo.smith13@atlasmail.net,CUST_PREMIUM_001499
+1 (212) 426-4662,phone,+1 (212) 426-4662,CUST_PREMIUM_001499
5533,card_last4,Card *5533,CUST_PREMIUM_001499
ck_5a01b7a121,cookie,ck_5a01b7a121,CUST_PREMIUM_001499
dev_85ecf794c4,device_id,dev_85ecf794c4,CUST_PREMIUM_001499
CUST_PREMIUM_001500,cust_id,CUST_PREMIUM_001500,CUST_PREMIUM_001500
d.moore@example.com,email,d.moore@example.com,CUST_PREMIUM_001500
+1 (646) 573-2581,phone,+1 (646) 573-2581,CUST_PREMIUM_001500
1693,card_last4,Card *1693,CUST_PREMIUM_001500
ck_3da2e0d9fd,cookie,ck_3da2e0d9fd,CUST_PREMIUM_001500
dev_7f19365a14,device_id,dev_7f19365a14,CUST_PREMIUM_001500
CUST_PREMIUM_001501,cust_id,CUST_PREMIUM_001501,CUST_PREMIUM_001501
mialee@summitmail.net,email,mialee@summitmail.net,CUST_PREMIUM_001501
+1 (404) 588-0500,phone,+1 (404) 588-0500,CUST_PREMIUM_001501
0824,card_last4,Card *0824,CUST_PREMIUM_001501
ck_2d0e75c70e,cookie,ck_2d0e75c70e,CUST_PREMIUM_001501
dev_5c0a6d2df7,device_id,dev_5c0a6d2df7,CUST_PREMIUM_001501
dev_c5bf7513da,device_id,dev_c5bf7513da,CUST_PREMIUM_001501
dev_shared_6762d3ae9,device_id,dev_shared_6762d3ae9,CUST_PREMIUM_001501
CUST_PREMIUM_001502,cust_id,CUST_PREMIUM_001502,CUST_PREMIUM_001502
akirarobinson@harbor.example,email,akirarobinson@harbor.example,CUST_PREMIUM_001502
+1 (312) 559-8419,phone,+1 (312) 559-8419,CUST_PREMIUM_001502
4565,card_last4,Card *4565,CUST_PREMIUM_001502
ck_c65cdf0f6d,cookie,ck_c65cdf0f6d,CUST_PREMIUM_001502
dev_43f38d5a7a,device_id,dev_43f38d5a7a,CUST_PREMIUM_001502
dev_shared_916943307,device_id,dev_shared_916943307,CUST_PREMIUM_001502
CUST_PREMIUM_001503,cust_id,CUST_PREMIUM_001503,CUST_PREMIUM_001503
garcia.eleanor@bluepeak.co,email,garcia.eleanor@bluepeak.co,CUST_PREMIUM_001503
+1 (415) 607-6338,phone,+1 (415) 607-6338,CUST_PREMIUM_001503
7663,card_last4,Card *7663,CUST_PREMIUM_001503
ck_73740b3fcb,cookie,ck_73740b3fcb,CUST_PREMIUM_001503
dev_ae058547c1,device_id,dev_ae058547c1,CUST_PREMIUM_001503
CUST_PREMIUM_001504,cust_id,CUST_PREMIUM_001504,CUST_PREMIUM_001504
harpersingh@harbor.example,email,harpersingh@harbor.example,CUST_PREMIUM_001504
+1 (310) 622-4257,phone,+1 (310) 622-4257,CUST_PREMIUM_001504
0098,card_last4,Card *0098,CUST_PREMIUM_001504
ck_620d9ca5e5,cookie,ck_620d9ca5e5,CUST_PREMIUM_001504
ck_0821dbfd73,cookie,ck_0821dbfd73,CUST_PREMIUM_001504
dev_4619ffe8c2,device_id,dev_4619ffe8c2,CUST_PREMIUM_001504
CUST_PREMIUM_001505,cust_id,CUST_PREMIUM_001505,CUST_PREMIUM_001505
young.camila@atlasmail.net,email,young.camila@atlasmail.net,CUST_PREMIUM_001505
+1 (312) 670-2176,phone,+1 (312) 670-2176,CUST_PREMIUM_001505
0711,card_last4,Card *0711,CUST_PREMIUM_001505
ck_fafcc20f6b,cookie,ck_fafcc20f6b,CUST_PREMIUM_001505
dev_1ba446d369,device_id,dev_1ba446d369,CUST_PREMIUM_001505
dev_shared_9d52f6451,device_id,dev_shared_9d52f6451,CUST_PREMIUM_001505
CUST_PREMIUM_001506,cust_id,CUST_PREMIUM_001506,CUST_PREMIUM_001506
kabir.martinez20@harbor.example,email,kabir.martinez20@harbor.example,CUST_PREMIUM_001506
+1 (469) 850-0095,phone,+1 (469) 850-0095,CUST_PREMIUM_001506
3462,card_last4,Card *3462,CUST_PREMIUM_001506
ck_e851f6276d,cookie,ck_e851f6276d,CUST_PREMIUM_001506
ck_7367d86eb6,cookie,ck_7367d86eb6,CUST_PREMIUM_001506
dev_c1733d55a9,device_id,dev_c1733d55a9,CUST_PREMIUM_001506
CUST_PREMIUM_001507,cust_id,CUST_PREMIUM_001507,CUST_PREMIUM_001507
hannah.wilson21@orchardmail.com,email,hannah.wilson21@orchardmail.com,CUST_PREMIUM_001507
+1 (415) 755-8014,phone,+1 (415) 755-8014,CUST_PREMIUM_001507
1673,card_last4,Card *1673,CUST_PREMIUM_001507
ck_fa72f3155a,cookie,ck_fa72f3155a,CUST_PREMIUM_001507
ck_264f24fff8,cookie,ck_264f24fff8,CUST_PREMIUM_001507
dev_036c16b801,device_id,dev_036c16b801,CUST_PREMIUM_001507
CUST_PREMIUM_001508,cust_id,CUST_PREMIUM_001508,CUST_PREMIUM_001508
jasmine.ito@orchardmail.com,email,jasmine.ito@orchardmail.com,CUST_PREMIUM_001508
+1 (404) 847-5933,phone,+1 (404) 847-5933,CUST_PREMIUM_001508
8243,card_last4,Card *8243,CUST_PREMIUM_001508
ck_7f9de2bf4d,cookie,ck_7f9de2bf4d,CUST_PREMIUM_001508
ck_4287bdc7fe,cookie,ck_4287bdc7fe,CUST_PREMIUM_001508
dev_084956a886,device_id,dev_084956a886,CUST_PREMIUM_001508
dev_shared_111f6ae93,device_id,dev_shared_111f6ae93,CUST_PREMIUM_001508
CUST_PREMIUM_001509,cust_id,CUST_PREMIUM_001509,CUST_PREMIUM_001509
nora.anderson@orchardmail.com,email,nora.anderson@orchardmail.com,CUST_PREMIUM_001509
+1 (718) 250-3852,phone,+1 (718) 250-3852,CUST_PREMIUM_001509
8518,card_last4,Card *8518,CUST_PREMIUM_001509
ck_bf77f8c74e,cookie,ck_bf77f8c74e,CUST_PREMIUM_001509
dev_4f256b3bf1,device_id,dev_4f256b3bf1,CUST_PREMIUM_001509
dev_shared_764df30e1,device_id,dev_shared_764df30e1,CUST_PREMIUM_001509
CUST_PREMIUM_001510,cust_id,CUST_PREMIUM_001510,CUST_PREMIUM_001510
hazel.vance24@example.com,email,hazel.vance24@example.com,CUST_PREMIUM_001510
+1 (212) 833-1771,phone,+1 (212) 833-1771,CUST_PREMIUM_001510
2110,card_last4,Card *2110,CUST_PREMIUM_001510
ck_e80b35b749,cookie,ck_e80b35b749,CUST_PREMIUM_001510
ck_6233c12b7c,cookie,ck_6233c12b7c,CUST_PREMIUM_001510
dev_ec03b19cc3,device_id,dev_ec03b19cc3,CUST_PREMIUM_001510
dev_shared_bf219d814,device_id,dev_shared_bf219d814,CUST_PREMIUM_001510
CUST_PREMIUM_001511,cust_id,CUST_PREMIUM_001511,CUST_PREMIUM_001511
noahroberts@orchardmail.com,email,noahroberts@orchardmail.com,CUST_PREMIUM_001511
+1 (415) 203-9690,phone,+1 (415) 203-9690,CUST_PREMIUM_001511
2658,card_last4,Card *2658,CUST_PREMIUM_001511
ck_cb52f365ed,cookie,ck_cb52f365ed,CUST_PREMIUM_001511
dev_96aa056496,device_id,dev_96aa056496,CUST_PREMIUM_001511
dev_198d4d4241,device_id,dev_198d4d4241,CUST_PREMIUM_001511
dev_ae170f2012,device_id,dev_ae170f2012,CUST_PREMIUM_001511
CUST_PREMIUM_001512,cust_id,CUST_PREMIUM_001512,CUST_PREMIUM_001512
r.taylor@vectorlabs.co,email,r.taylor@vectorlabs.co,CUST_PREMIUM_001512
+1 (212) 207-7609,phone,+1 (212) 207-7609,CUST_PREMIUM_001512
9478,card_last4,Card *9478,CUST_PREMIUM_001512
ck_38883121a0,cookie,ck_38883121a0,CUST_PREMIUM_001512
ck_f41b7f4151,cookie,ck_f41b7f4151,CUST_PREMIUM_001512
dev_331e2ff4cd,device_id,dev_331e2ff4cd,CUST_PREMIUM_001512
dev_shared_eb57f62c1,device_id,dev_shared_eb57f62c1,CUST_PREMIUM_001512
CUST_PREMIUM_001513,cust_id,CUST_PREMIUM_001513,CUST_PREMIUM_001513
rei.lopez27@orchardmail.com,email,rei.lopez27@orchardmail.com,CUST_PREMIUM_001513
+1 (305) 299-5528,phone,+1 (305) 299-5528,CUST_PREMIUM_001513
1403,card_last4,Card *1403,CUST_PREMIUM_001513
ck_daf78458e6,cookie,ck_daf78458e6,CUST_PREMIUM_001513
ck_1d2878c45f,cookie,ck_1d2878c45f,CUST_PREMIUM_001513
ck_9f484d24d6,cookie,ck_9f484d24d6,CUST_PREMIUM_001513
ck_5eeabd30cc,cookie,ck_5eeabd30cc,CUST_PREMIUM_001513
dev_770b8c683e,device_id,dev_770b8c683e,CUST_PREMIUM_001513
CUST_PREMIUM_001514,cust_id,CUST_PREMIUM_001514,CUST_PREMIUM_001514
daniel.rodriguez28@summitmail.net,email,daniel.rodriguez28@summitmail.net,CUST_PREMIUM_001514
+1 (202) 380-3447,phone,+1 (202) 380-3447,CUST_PREMIUM_001514
3356,card_last4,Card *3356,CUST_PREMIUM_001514
ck_33896df622,cookie,ck_33896df622,CUST_PREMIUM_001514
dev_4c0ed8883f,device_id,dev_4c0ed8883f,CUST_PREMIUM_001514
CUST_PREMIUM_001515,cust_id,CUST_PREMIUM_001515,CUST_PREMIUM_001515
elias.rivera@northstar.org,email,elias.rivera@northstar.org,CUST_PREMIUM_001515
+1 (312) 340-1366,phone,+1 (312) 340-1366,CUST_PREMIUM_001515
7580,card_last4,Card *7580,CUST_PREMIUM_001515
ck_800c0c0a13,cookie,ck_800c0c0a13,CUST_PREMIUM_001515
dev_a764780d07,device_id,dev_a764780d07,CUST_PREMIUM_001515
CUST_PREMIUM_001516,cust_id,CUST_PREMIUM_001516,CUST_PREMIUM_001516
white.emma@example.com,email,white.emma@example.com,CUST_PREMIUM_001516
+1 (650) 487-9285,phone,+1 (650) 487-9285,CUST_PREMIUM_001516
5145,card_last4,Card *5145,CUST_PREMIUM_001516
ck_c7eeb5a0bf,cookie,ck_c7eeb5a0bf,CUST_PREMIUM_001516
dev_7a945db928,device_id,dev_7a945db928,CUST_PREMIUM_001516
CUST_PREMIUM_001517,cust_id,CUST_PREMIUM_001517,CUST_PREMIUM_001517
m.reed@vectorlabs.co,email,m.reed@vectorlabs.co,CUST_PREMIUM_001517
+1 (305) 447-7204,phone,+1 (305) 447-7204,CUST_PREMIUM_001517
4371,card_last4,Card *4371,CUST_PREMIUM_001517
ck_0114b80f29,cookie,ck_0114b80f29,CUST_PREMIUM_001517
ck_145667d5d5,cookie,ck_145667d5d5,CUST_PREMIUM_001517
dev_1e37b53c2c,device_id,dev_1e37b53c2c,CUST_PREMIUM_001517
CUST_PREMIUM_001518,cust_id,CUST_PREMIUM_001518,CUST_PREMIUM_001518
e.roberts@harbor.example,email,e.roberts@harbor.example,CUST_PREMIUM_001518
+1 (650) 561-5123,phone,+1 (650) 561-5123,CUST_PREMIUM_001518
8380,card_last4,Card *8380,CUST_PREMIUM_001518
ck_1f3b5e8991,cookie,ck_1f3b5e8991,CUST_PREMIUM_001518
dev_4416e8965c,device_id,dev_4416e8965c,CUST_PREMIUM_001518
dev_shared_30c9d1199,device_id,dev_shared_30c9d1199,CUST_PREMIUM_001518
CUST_PREMIUM_001519,cust_id,CUST_PREMIUM_001519,CUST_PREMIUM_001519
lucas.kumar33@summitmail.net,email,lucas.kumar33@summitmail.net,CUST_PREMIUM_001519
+1 (310) 477-3042,phone,+1 (310) 477-3042,CUST_PREMIUM_001519
2890,card_last4,Card *2890,CUST_PREMIUM_001519
ck_17e5a70621,cookie,ck_17e5a70621,CUST_PREMIUM_001519
ck_72424efd82,cookie,ck_72424efd82,CUST_PREMIUM_001519
dev_430553463a,device_id,dev_430553463a,CUST_PREMIUM_001519
dev_00b5df6b9d,device_id,dev_00b5df6b9d,CUST_PREMIUM_001519
CUST_PREMIUM_001520,cust_id,CUST_PREMIUM_001520,CUST_PREMIUM_001520
arjun.rivera@summitmail.net,email,arjun.rivera@summitmail.net,CUST_PREMIUM_001520
+1 (617) 580-0961,phone,+1 (617) 580-0961,CUST_PREMIUM_001520
2311,card_last4,Card *2311,CUST_PREMIUM_001520
ck_4ad3e16f04,cookie,ck_4ad3e16f04,CUST_PREMIUM_001520
dev_783f16c0d8,device_id,dev_783f16c0d8,CUST_PREMIUM_001520
dev_shared_727803db9,device_id,dev_shared_727803db9,CUST_PREMIUM_001520
CUST_PREMIUM_001521,cust_id,CUST_PREMIUM_001521,CUST_PREMIUM_001521
harper.wang35@summitmail.net,email,harper.wang35@summitmail.net,CUST_PREMIUM_001521
+1 (212) 540-8880,phone,+1 (212) 540-8880,CUST_PREMIUM_001521
3818,card_last4,Card *3818,CUST_PREMIUM_001521
ck_373630c27e,cookie,ck_373630c27e,CUST_PREMIUM_001521
dev_78c813abb6,device_id,dev_78c813abb6,CUST_PREMIUM_001521
dev_shared_92009db18,device_id,dev_shared_92009db18,CUST_PREMIUM_001521
CUST_PREMIUM_001522,cust_id,CUST_PREMIUM_001522,CUST_PREMIUM_001522
zarawright@bluepeak.co,email,zarawright@bluepeak.co,CUST_PREMIUM_001522
+1 (718) 731-6799,phone,+1 (718) 731-6799,CUST_PREMIUM_001522
1672,card_last4,Card *1672,CUST_PREMIUM_001522
ck_2596245981,cookie,ck_2596245981,CUST_PREMIUM_001522
dev_231d5ac4a4,device_id,dev_231d5ac4a4,CUST_PREMIUM_001522
CUST_PREMIUM_001523,cust_id,CUST_PREMIUM_001523,CUST_PREMIUM_001523
amarawang@harbor.example,email,amarawang@harbor.example,CUST_PREMIUM_001523
+1 (312) 636-4718,phone,+1 (312) 636-4718,CUST_PREMIUM_001523
4291,card_last4,Card *4291,CUST_PREMIUM_001523
ck_4b27131410,cookie,ck_4b27131410,CUST_PREMIUM_001523
ck_9bfb6ae29c,cookie,ck_9bfb6ae29c,CUST_PREMIUM_001523
ck_534824bdf3,cookie,ck_534824bdf3,CUST_PREMIUM_001523
ck_eb4e62ecea,cookie,ck_eb4e62ecea,CUST_PREMIUM_001523
ck_f3988f6451,cookie,ck_f3988f6451,CUST_PREMIUM_001523
ck_c83eb8c404,cookie,ck_c83eb8c404,CUST_PREMIUM_001523
ck_a3e0c60ec2,cookie,ck_a3e0c60ec2,CUST_PREMIUM_001523
dev_6b4b09ecdc,device_id,dev_6b4b09ecdc,CUST_PREMIUM_001523
CUST_PREMIUM_001524,cust_id,CUST_PREMIUM_001524,CUST_PREMIUM_001524
elena.perez38@example.com,email,elena.perez38@example.com,CUST_PREMIUM_001524
+1 (212) 651-2637,phone,+1 (212) 651-2637,CUST_PREMIUM_001524
8756,card_last4,Card *8756,CUST_PREMIUM_001524
ck_9ed4d946ff,cookie,ck_9ed4d946ff,CUST_PREMIUM_001524
dev_42055ccd3b,device_id,dev_42055ccd3b,CUST_PREMIUM_001524
CUST_PREMIUM_001525,cust_id,CUST_PREMIUM_001525,CUST_PREMIUM_001525
victoria.jones39@bluepeak.co,email,victoria.jones39@bluepeak.co,CUST_PREMIUM_001525
+1 (312) 710-0556,phone,+1 (312) 710-0556,CUST_PREMIUM_001525
3628,card_last4,Card *3628,CUST_PREMIUM_001525
ck_1089f15daa,cookie,ck_1089f15daa,CUST_PREMIUM_001525
ck_84c7276777,cookie,ck_84c7276777,CUST_PREMIUM_001525
dev_c2bd47dab2,device_id,dev_c2bd47dab2,CUST_PREMIUM_001525
CUST_PREMIUM_001526,cust_id,CUST_PREMIUM_001526,CUST_PREMIUM_001526
reed.harper@northstar.org,email,reed.harper@northstar.org,CUST_PREMIUM_001526
+1 (718) 879-8475,phone,+1 (718) 879-8475,CUST_PREMIUM_001526
5621,card_last4,Card *5621,CUST_PREMIUM_001526
ck_244d442d1f,cookie,ck_244d442d1f,CUST_PREMIUM_001526
dev_20eebede93,device_id,dev_20eebede93,CUST_PREMIUM_001526
CUST_PREMIUM_001527,cust_id,CUST_PREMIUM_001527,CUST_PREMIUM_001527
e.gupta@capital-demo.org,email,e.gupta@capital-demo.org,CUST_PREMIUM_001527
+1 (469) 227-6394,phone,+1 (469) 227-6394,CUST_PREMIUM_001527
2008,card_last4,Card *2008,CUST_PREMIUM_001527
ck_207f468bfa,cookie,ck_207f468bfa,CUST_PREMIUM_001527
dev_70dcecd73a,device_id,dev_70dcecd73a,CUST_PREMIUM_001527
dev_d47ca5041d,device_id,dev_d47ca5041d,CUST_PREMIUM_001527
dev_shared_fd5ab620f,device_id,dev_shared_fd5ab620f,CUST_PREMIUM_001527
CUST_PREMIUM_001528,cust_id,CUST_PREMIUM_001528,CUST_PREMIUM_001528
zoe.bennett42@orchardmail.com,email,zoe.bennett42@orchardmail.com,CUST_PREMIUM_001528
+1 (310) 810-4313,phone,+1 (310) 810-4313,CUST_PREMIUM_001528
9565,card_last4,Card *9565,CUST_PREMIUM_001528
ck_c0f9906eca,cookie,ck_c0f9906eca,CUST_PREMIUM_001528
dev_b331d901b4,device_id,dev_b331d901b4,CUST_PREMIUM_001528
CUST_PREMIUM_001529,cust_id,CUST_PREMIUM_001529,CUST_PREMIUM_001529
evans.ravi@bluepeak.co,email,evans.ravi@bluepeak.co,CUST_PREMIUM_001529
+1 (310) 847-2232,phone,+1 (310) 847-2232,CUST_PREMIUM_001529
8239,card_last4,Card *8239,CUST_PREMIUM_001529
ck_ce15a9ec09,cookie,ck_ce15a9ec09,CUST_PREMIUM_001529
ck_4c0ff3ce83,cookie,ck_4c0ff3ce83,CUST_PREMIUM_001529
dev_3962b79115,device_id,dev_3962b79115,CUST_PREMIUM_001529
CUST_PREMIUM_001530,cust_id,CUST_PREMIUM_001530,CUST_PREMIUM_001530
ito.sara@vectorlabs.co,email,ito.sara@vectorlabs.co,CUST_PREMIUM_001530
+1 (212) 873-0151,phone,+1 (212) 873-0151,CUST_PREMIUM_001530
2888,card_last4,Card *2888,CUST_PREMIUM_001530
ck_32040611a0,cookie,ck_32040611a0,CUST_PREMIUM_001530
ck_a029ad0b40,cookie,ck_a029ad0b40,CUST_PREMIUM_001530
ck_a661da0783,cookie,ck_a661da0783,CUST_PREMIUM_001530
ck_92313483fe,cookie,ck_92313483fe,CUST_PREMIUM_001530
dev_4fbc001466,device_id,dev_4fbc001466,CUST_PREMIUM_001530
CUST_PREMIUM_001531,cust_id,CUST_PREMIUM_001531,CUST_PREMIUM_001531
zaramartinez@atlasmail.net,email,zaramartinez@atlasmail.net,CUST_PREMIUM_001531
+1 (202) 309-8070,phone,+1 (202) 309-8070,CUST_PREMIUM_001531
2580,card_last4,Card *2580,CUST_PREMIUM_001531
ck_ea43217830,cookie,ck_ea43217830,CUST_PREMIUM_001531
dev_60b6269c4d,device_id,dev_60b6269c4d,CUST_PREMIUM_001531
dev_7560fa6ed8,device_id,dev_7560fa6ed8,CUST_PREMIUM_001531
CUST_PREMIUM_001532,cust_id,CUST_PREMIUM_001532,CUST_PREMIUM_001532
morgan.jasmine@orchardmail.com,email,morgan.jasmine@orchardmail.com,CUST_PREMIUM_001532
+1 (206) 313-5989,phone,+1 (206) 313-5989,CUST_PREMIUM_001532
9449,card_last4,Card *9449,CUST_PREMIUM_001532
ck_47f8d4c512,cookie,ck_47f8d4c512,CUST_PREMIUM_001532
dev_b3a2d2c5f8,device_id,dev_b3a2d2c5f8,CUST_PREMIUM_001532
CUST_PREMIUM_001533,cust_id,CUST_PREMIUM_001533,CUST_PREMIUM_001533
noraadams@atlasmail.net,email,noraadams@atlasmail.net,CUST_PREMIUM_001533
+1 (310) 295-3908,phone,+1 (310) 295-3908,CUST_PREMIUM_001533
5726,card_last4,Card *5726,CUST_PREMIUM_001533
ck_032271ae14,cookie,ck_032271ae14,CUST_PREMIUM_001533
dev_0a38f77302,device_id,dev_0a38f77302,CUST_PREMIUM_001533
CUST_PREMIUM_001534,cust_id,CUST_PREMIUM_001534,CUST_PREMIUM_001534
naomi.brown@northstar.org,email,naomi.brown@northstar.org,CUST_PREMIUM_001534
+1 (212) 321-1827,phone,+1 (212) 321-1827,CUST_PREMIUM_001534
1220,card_last4,Card *1220,CUST_PREMIUM_001534
ck_9433858be9,cookie,ck_9433858be9,CUST_PREMIUM_001534
dev_b9da3a611d,device_id,dev_b9da3a611d,CUST_PREMIUM_001534
dev_shared_ff8b83977,device_id,dev_shared_ff8b83977,CUST_PREMIUM_001534
CUST_PREMIUM_001535,cust_id,CUST_PREMIUM_001535,CUST_PREMIUM_001535
kaimiller@harbor.example,email,kaimiller@harbor.example,CUST_PREMIUM_001535
+1 (416) 479-9746,phone,+1 (416) 479-9746,CUST_PREMIUM_001535
3382,card_last4,Card *3382,CUST_PREMIUM_001535
ck_939bd342aa,cookie,ck_939bd342aa,CUST_PREMIUM_001535
ck_4db6ca1d65,cookie,ck_4db6ca1d65,CUST_PREMIUM_001535
ck_8a704322e8,cookie,ck_8a704322e8,CUST_PREMIUM_001535
dev_d8fb9d0aff,device_id,dev_d8fb9d0aff,CUST_PREMIUM_001535
dev_810a91b6b1,device_id,dev_810a91b6b1,CUST_PREMIUM_001535
CUST_PREMIUM_001536,cust_id,CUST_PREMIUM_001536,CUST_PREMIUM_001536
arjun.taylor50@atlasmail.net,email,arjun.taylor50@atlasmail.net,CUST_PREMIUM_001536
+1 (310) 406-7665,phone,+1 (310) 406-7665,CUST_PREMIUM_001536
6215,card_last4,Card *6215,CUST_PREMIUM_001536
ck_dda2c39ada,cookie,ck_dda2c39ada,CUST_PREMIUM_001536
ck_0474d62799,cookie,ck_0474d62799,CUST_PREMIUM_001536
dev_f6be688e93,device_id,dev_f6be688e93,CUST_PREMIUM_001536
CUST_PREMIUM_001537,cust_id,CUST_PREMIUM_001537,CUST_PREMIUM_001537
kaireed@capital-demo.org,email,kaireed@capital-demo.org,CUST_PREMIUM_001537
+1 (404) 520-5584,phone,+1 (404) 520-5584,CUST_PREMIUM_001537
0397,card_last4,Card *0397,CUST_PREMIUM_001537
ck_4b43d2a651,cookie,ck_4b43d2a651,CUST_PREMIUM_001537
ck_b86a8d4456,cookie,ck_b86a8d4456,CUST_PREMIUM_001537
dev_a6d9df484c,device_id,dev_a6d9df484c,CUST_PREMIUM_001537
CUST_PREMIUM_001538,cust_id,CUST_PREMIUM_001538,CUST_PREMIUM_001538
amara.smith@summitmail.net,email,amara.smith@summitmail.net,CUST_PREMIUM_001538
+1 (312) 491-3503,phone,+1 (312) 491-3503,CUST_PREMIUM_001538
0284,card_last4,Card *0284,CUST_PREMIUM_001538
ck_819309feb7,cookie,ck_819309feb7,CUST_PREMIUM_001538
ck_138f7f4957,cookie,ck_138f7f4957,CUST_PREMIUM_001538
ck_8dcfcd3c6a,cookie,ck_8dcfcd3c6a,CUST_PREMIUM_001538
dev_e79f7051ad,device_id,dev_e79f7051ad,CUST_PREMIUM_001538
dev_shared_ecceb2681,device_id,dev_shared_ecceb2681,CUST_PREMIUM_001538
CUST_PREMIUM_001539,cust_id,CUST_PREMIUM_001539,CUST_PREMIUM_001539
sara.white@bluepeak.co,email,sara.white@bluepeak.co,CUST_PREMIUM_001539
+1 (718) 660-1422,phone,+1 (718) 660-1422,CUST_PREMIUM_001539
7549,card_last4,Card *7549,CUST_PREMIUM_001539
ck_ee1dfa6f2e,cookie,ck_ee1dfa6f2e,CUST_PREMIUM_001539
dev_bf1e6ab0ee,device_id,dev_bf1e6ab0ee,CUST_PREMIUM_001539
CUST_PREMIUM_001540,cust_id,CUST_PREMIUM_001540,CUST_PREMIUM_001540
ethan.wang54@atlasmail.net,email,ethan.wang54@atlasmail.net,CUST_PREMIUM_001540
+1 (305) 598-9341,phone,+1 (305) 598-9341,CUST_PREMIUM_001540
2659,card_last4,Card *2659,CUST_PREMIUM_001540
ck_25fb0f5f0f,cookie,ck_25fb0f5f0f,CUST_PREMIUM_001540
dev_cfa46f9480,device_id,dev_cfa46f9480,CUST_PREMIUM_001540
CUST_PREMIUM_001541,cust_id,CUST_PREMIUM_001541,CUST_PREMIUM_001541
sara.young55@orchardmail.com,email,sara.young55@orchardmail.com,CUST_PREMIUM_001541
+1 (650) 712-7260,phone,+1 (650) 712-7260,CUST_PREMIUM_001541
1162,card_last4,Card *1162,CUST_PREMIUM_001541
ck_7ba03349f7,cookie,ck_7ba03349f7,CUST_PREMIUM_001541
dev_17c5e95971,device_id,dev_17c5e95971,CUST_PREMIUM_001541
CUST_PREMIUM_001542,cust_id,CUST_PREMIUM_001542,CUST_PREMIUM_001542
liam.kim56@harbor.example,email,liam.kim56@harbor.example,CUST_PREMIUM_001542
+1 (404) 705-5179,phone,+1 (404) 705-5179,CUST_PREMIUM_001542
0886,card_last4,Card *0886,CUST_PREMIUM_001542
ck_b07094203f,cookie,ck_b07094203f,CUST_PREMIUM_001542
ck_c87571e57c,cookie,ck_c87571e57c,CUST_PREMIUM_001542
ck_46e1a77af2,cookie,ck_46e1a77af2,CUST_PREMIUM_001542
dev_b060e6c3a8,device_id,dev_b060e6c3a8,CUST_PREMIUM_001542
dev_shared_21133448e,device_id,dev_shared_21133448e,CUST_PREMIUM_001542
CUST_PREMIUM_001543,cust_id,CUST_PREMIUM_001543,CUST_PREMIUM_001543
jack.shah57@northstar.org,email,jack.shah57@northstar.org,CUST_PREMIUM_001543
+1 (214) 698-3098,phone,+1 (214) 698-3098,CUST_PREMIUM_001543
9348,card_last4,Card *9348,CUST_PREMIUM_001543
ck_c21294474d,cookie,ck_c21294474d,CUST_PREMIUM_001543
ck_a25880c329,cookie,ck_a25880c329,CUST_PREMIUM_001543
ck_e73714a98a,cookie,ck_e73714a98a,CUST_PREMIUM_001543
dev_bebead77f6,device_id,dev_bebead77f6,CUST_PREMIUM_001543
dev_4587b76aa4,device_id,dev_4587b76aa4,CUST_PREMIUM_001543
CUST_PREMIUM_001544,cust_id,CUST_PREMIUM_001544,CUST_PREMIUM_001544
adrian.rossi@bluepeak.co,email,adrian.rossi@bluepeak.co,CUST_PREMIUM_001544
+1 (212) 691-1017,phone,+1 (212) 691-1017,CUST_PREMIUM_001544
8681,card_last4,Card *8681,CUST_PREMIUM_001544
ck_9529fd3a0a,cookie,ck_9529fd3a0a,CUST_PREMIUM_001544
dev_ab96240f24,device_id,dev_ab96240f24,CUST_PREMIUM_001544
CUST_PREMIUM_001545,cust_id,CUST_PREMIUM_001545,CUST_PREMIUM_001545
noahrobinson@northstar.org,email,noahrobinson@northstar.org,CUST_PREMIUM_001545
+1 (202) 827-8936,phone,+1 (202) 827-8936,CUST_PREMIUM_001545
1343,card_last4,Card *1343,CUST_PREMIUM_001545
ck_4d7effdd8f,cookie,ck_4d7effdd8f,CUST_PREMIUM_001545
ck_a16080d117,cookie,ck_a16080d117,CUST_PREMIUM_001545
ck_02064b3334,cookie,ck_02064b3334,CUST_PREMIUM_001545
dev_1a34af45db,device_id,dev_1a34af45db,CUST_PREMIUM_001545
dev_713e299ec5,device_id,dev_713e299ec5,CUST_PREMIUM_001545
CUST_PREMIUM_001546,cust_id,CUST_PREMIUM_001546,CUST_PREMIUM_001546
d.ramirez@capital-demo.org,email,d.ramirez@capital-demo.org,CUST_PREMIUM_001546
+1 (212) 765-6855,phone,+1 (212) 765-6855,CUST_PREMIUM_001546
2704,card_last4,Card *2704,CUST_PREMIUM_001546
ck_b2d2c78c1d,cookie,ck_b2d2c78c1d,CUST_PREMIUM_001546
dev_2f0ff21bf3,device_id,dev_2f0ff21bf3,CUST_PREMIUM_001546
CUST_PREMIUM_001547,cust_id,CUST_PREMIUM_001547,CUST_PREMIUM_001547
a.nguyen@bluepeak.co,email,a.nguyen@bluepeak.co,CUST_PREMIUM_001547
+1 (404) 890-4774,phone,+1 (404) 890-4774,CUST_PREMIUM_001547
0070,card_last4,Card *0070,CUST_PREMIUM_001547
ck_ccfa8f7068,cookie,ck_ccfa8f7068,CUST_PREMIUM_001547
ck_a04c24d8a6,cookie,ck_a04c24d8a6,CUST_PREMIUM_001547
ck_765b273978,cookie,ck_765b273978,CUST_PREMIUM_001547
dev_ed06ac2a52,device_id,dev_ed06ac2a52,CUST_PREMIUM_001547
CUST_PREMIUM_001548,cust_id,CUST_PREMIUM_001548,CUST_PREMIUM_001548
kumar.dev@summitmail.net,email,kumar.dev@summitmail.net,CUST_PREMIUM_001548
+1 (310) 850-2693,phone,+1 (310) 850-2693,CUST_PREMIUM_001548
4563,card_last4,Card *4563,CUST_PREMIUM_001548
ck_0c91e6c04e,cookie,ck_0c91e6c04e,CUST_PREMIUM_001548
dev_8f37da6631,device_id,dev_8f37da6631,CUST_PREMIUM_001548
CUST_PREMIUM_001549,cust_id,CUST_PREMIUM_001549,CUST_PREMIUM_001549
r.davis@summitmail.net,email,r.davis@summitmail.net,CUST_PREMIUM_001549
+1 (305) 231-0612,phone,+1 (305) 231-0612,CUST_PREMIUM_001549
2696,card_last4,Card *2696,CUST_PREMIUM_001549
ck_bd03801217,cookie,ck_bd03801217,CUST_PREMIUM_001549
ck_79746c0172,cookie,ck_79746c0172,CUST_PREMIUM_001549
ck_2d38219782,cookie,ck_2d38219782,CUST_PREMIUM_001549
ck_ef624de6f3,cookie,ck_ef624de6f3,CUST_PREMIUM_001549
dev_e5ce62bbaf,device_id,dev_e5ce62bbaf,CUST_PREMIUM_001549
CUST_PREMIUM_001550,cust_id,CUST_PREMIUM_001550,CUST_PREMIUM_001550
charlotte.martin@example.com,email,charlotte.martin@example.com,CUST_PREMIUM_001550
+1 (310) 224-8531,phone,+1 (310) 224-8531,CUST_PREMIUM_001550
0706,card_last4,Card *0706,CUST_PREMIUM_001550
ck_5ad2b7ba30,cookie,ck_5ad2b7ba30,CUST_PREMIUM_001550
ck_df666ba74a,cookie,ck_df666ba74a,CUST_PREMIUM_001550
ck_062945fd10,cookie,ck_062945fd10,CUST_PREMIUM_001550
dev_18ccfe630a,device_id,dev_18ccfe630a,CUST_PREMIUM_001550
CUST_PREMIUM_001551,cust_id,CUST_PREMIUM_001551,CUST_PREMIUM_001551
akirakhan@harbor.example,email,akirakhan@harbor.example,CUST_PREMIUM_001551
+1 (212) 250-6450,phone,+1 (212) 250-6450,CUST_PREMIUM_001551
9857,card_last4,Card *9857,CUST_PREMIUM_001551
ck_eb2f6e1685,cookie,ck_eb2f6e1685,CUST_PREMIUM_001551
ck_5249e46885,cookie,ck_5249e46885,CUST_PREMIUM_001551
ck_658c8c2a7b,cookie,ck_658c8c2a7b,CUST_PREMIUM_001551
ck_d0f9c6dd85,cookie,ck_d0f9c6dd85,CUST_PREMIUM_001551
ck_8442082851,cookie,ck_8442082851,CUST_PREMIUM_001551
ck_01c5d9ceae,cookie,ck_01c5d9ceae,CUST_PREMIUM_001551
dev_3c6aa2a815,device_id,dev_3c6aa2a815,CUST_PREMIUM_001551
dev_1eaa2359fa,device_id,dev_1eaa2359fa,CUST_PREMIUM_001551
CUST_PREMIUM_001552,cust_id,CUST_PREMIUM_001552,CUST_PREMIUM_001552
turner.zoe@example.com,email,turner.zoe@example.com,CUST_PREMIUM_001552
+1 (305) 342-4369,phone,+1 (305) 342-4369,CUST_PREMIUM_001552
1525,card_last4,Card *1525,CUST_PREMIUM_001552
ck_b276ebd6f5,cookie,ck_b276ebd6f5,CUST_PREMIUM_001552
dev_3c8d8c1b62,device_id,dev_3c8d8c1b62,CUST_PREMIUM_001552
CUST_PREMIUM_001553,cust_id,CUST_PREMIUM_001553,CUST_PREMIUM_001553
kabir.fernandez67@atlasmail.net,email,kabir.fernandez67@atlasmail.net,CUST_PREMIUM_001553
+1 (206) 390-2288,phone,+1 (206) 390-2288,CUST_PREMIUM_001553
7150,card_last4,Card *7150,CUST_PREMIUM_001553
ck_30f6416fc1,cookie,ck_30f6416fc1,CUST_PREMIUM_001553
dev_94b8f56dd2,device_id,dev_94b8f56dd2,CUST_PREMIUM_001553
dev_shared_2967dfed7,device_id,dev_shared_2967dfed7,CUST_PREMIUM_001553
CUST_PREMIUM_001554,cust_id,CUST_PREMIUM_001554,CUST_PREMIUM_001554
m.hernandez@example.com,email,m.hernandez@example.com,CUST_PREMIUM_001554
+1 (214) 405-0207,phone,+1 (214) 405-0207,CUST_PREMIUM_001554
8431,card_last4,Card *8431,CUST_PREMIUM_001554
ck_ebe4041725,cookie,ck_ebe4041725,CUST_PREMIUM_001554
ck_d6b92bd520,cookie,ck_d6b92bd520,CUST_PREMIUM_001554
dev_317a1ffdf6,device_id,dev_317a1ffdf6,CUST_PREMIUM_001554
dev_6c05924d71,device_id,dev_6c05924d71,CUST_PREMIUM_001554
CUST_PREMIUM_001555,cust_id,CUST_PREMIUM_001555,CUST_PREMIUM_001555
d.rossi@atlasmail.net,email,d.rossi@atlasmail.net,CUST_PREMIUM_001555
+1 (214) 442-8126,phone,+1 (214) 442-8126,CUST_PREMIUM_001555
3348,card_last4,Card *3348,CUST_PREMIUM_001555
ck_dac932eb85,cookie,ck_dac932eb85,CUST_PREMIUM_001555
dev_4b5f687132,device_id,dev_4b5f687132,CUST_PREMIUM_001555
CUST_PREMIUM_001556,cust_id,CUST_PREMIUM_001556,CUST_PREMIUM_001556
samuel.hernandez70@example.com,email,samuel.hernandez70@example.com,CUST_PREMIUM_001556
+1 (718) 589-6045,phone,+1 (718) 589-6045,CUST_PREMIUM_001556
9239,card_last4,Card *9239,CUST_PREMIUM_001556
ck_f47953d4da,cookie,ck_f47953d4da,CUST_PREMIUM_001556
ck_99d169f91e,cookie,ck_99d169f91e,CUST_PREMIUM_001556
dev_b85e7a6773,device_id,dev_b85e7a6773,CUST_PREMIUM_001556
CUST_PREMIUM_001557,cust_id,CUST_PREMIUM_001557,CUST_PREMIUM_001557
ananyagarcia@harbor.example,email,ananyagarcia@harbor.example,CUST_PREMIUM_001557
+1 (212) 472-3964,phone,+1 (212) 472-3964,CUST_PREMIUM_001557
0096,card_last4,Card *0096,CUST_PREMIUM_001557
ck_f8229d1398,cookie,ck_f8229d1398,CUST_PREMIUM_001557
ck_9b0b72ddb8,cookie,ck_9b0b72ddb8,CUST_PREMIUM_001557
dev_26ed445184,device_id,dev_26ed445184,CUST_PREMIUM_001557
CUST_PREMIUM_001558,cust_id,CUST_PREMIUM_001558,CUST_PREMIUM_001558
m.ahmed@example.com,email,m.ahmed@example.com,CUST_PREMIUM_001558
+1 (415) 542-1883,phone,+1 (415) 542-1883,CUST_PREMIUM_001558
0140,card_last4,Card *0140,CUST_PREMIUM_001558
ck_7dddca5b55,cookie,ck_7dddca5b55,CUST_PREMIUM_001558
ck_755003b60f,cookie,ck_755003b60f,CUST_PREMIUM_001558
dev_67d9b54aa1,device_id,dev_67d9b54aa1,CUST_PREMIUM_001558
CUST_PREMIUM_001559,cust_id,CUST_PREMIUM_001559,CUST_PREMIUM_001559
aditi.morris73@example.com,email,aditi.morris73@example.com,CUST_PREMIUM_001559
+1 (415) 579-9802,phone,+1 (415) 579-9802,CUST_PREMIUM_001559
0894,card_last4,Card *0894,CUST_PREMIUM_001559
ck_657841e460,cookie,ck_657841e460,CUST_PREMIUM_001559
ck_9b7d9345a1,cookie,ck_9b7d9345a1,CUST_PREMIUM_001559
ck_3275cfdd7d,cookie,ck_3275cfdd7d,CUST_PREMIUM_001559
dev_d2d43617c3,device_id,dev_d2d43617c3,CUST_PREMIUM_001559
CUST_PREMIUM_001560,cust_id,CUST_PREMIUM_001560,CUST_PREMIUM_001560
islagupta@orchardmail.com,email,islagupta@orchardmail.com,CUST_PREMIUM_001560
+1 (416) 704-7721,phone,+1 (416) 704-7721,CUST_PREMIUM_001560
7747,card_last4,Card *7747,CUST_PREMIUM_001560
ck_052ab02c38,cookie,ck_052ab02c38,CUST_PREMIUM_001560
dev_863b5b454b,device_id,dev_863b5b454b,CUST_PREMIUM_001560
CUST_PREMIUM_001561,cust_id,CUST_PREMIUM_001561,CUST_PREMIUM_001561
naomi.roy75@bluepeak.co,email,naomi.roy75@bluepeak.co,CUST_PREMIUM_001561
+1 (202) 719-5640,phone,+1 (202) 719-5640,CUST_PREMIUM_001561
0326,card_last4,Card *0326,CUST_PREMIUM_001561
ck_573d4440b0,cookie,ck_573d4440b0,CUST_PREMIUM_001561
ck_2fa74a762f,cookie,ck_2fa74a762f,CUST_PREMIUM_001561
ck_8ef6aaca73,cookie,ck_8ef6aaca73,CUST_PREMIUM_001561
ck_fbe7d3e726,cookie,ck_fbe7d3e726,CUST_PREMIUM_001561
dev_53d9d0a4d2,device_id,dev_53d9d0a4d2,CUST_PREMIUM_001561
CUST_PREMIUM_001562,cust_id,CUST_PREMIUM_001562,CUST_PREMIUM_001562
yuki.campbell76@example.com,email,yuki.campbell76@example.com,CUST_PREMIUM_001562
+1 (646) 767-3559,phone,+1 (646) 767-3559,CUST_PREMIUM_001562
1262,card_last4,Card *1262,CUST_PREMIUM_001562
ck_0d6760228d,cookie,ck_0d6760228d,CUST_PREMIUM_001562
dev_62e3c5377e,device_id,dev_62e3c5377e,CUST_PREMIUM_001562
CUST_PREMIUM_001563,cust_id,CUST_PREMIUM_001563,CUST_PREMIUM_001563
nora.vance77@capital-demo.org,email,nora.vance77@capital-demo.org,CUST_PREMIUM_001563
+1 (404) 782-1478,phone,+1 (404) 782-1478,CUST_PREMIUM_001563
4965,card_last4,Card *4965,CUST_PREMIUM_001563
ck_82edfb54a3,cookie,ck_82edfb54a3,CUST_PREMIUM_001563
ck_94eedc3e9b,cookie,ck_94eedc3e9b,CUST_PREMIUM_001563
ck_590005e5a2,cookie,ck_590005e5a2,CUST_PREMIUM_001563
dev_4ad732fd74,device_id,dev_4ad732fd74,CUST_PREMIUM_001563
CUST_PREMIUM_001564,cust_id,CUST_PREMIUM_001564,CUST_PREMIUM_001564
nora.cooper78@capital-demo.org,email,nora.cooper78@capital-demo.org,CUST_PREMIUM_001564
+1 (212) 731-9397,phone,+1 (212) 731-9397,CUST_PREMIUM_001564
2361,card_last4,Card *2361,CUST_PREMIUM_001564
ck_88d0332671,cookie,ck_88d0332671,CUST_PREMIUM_001564
dev_3dfe74c777,device_id,dev_3dfe74c777,CUST_PREMIUM_001564
dev_shared_42fe0a61e,device_id,dev_shared_42fe0a61e,CUST_PREMIUM_001564
CUST_PREMIUM_001565,cust_id,CUST_PREMIUM_001565,CUST_PREMIUM_001565
p.baker@summitmail.net,email,p.baker@summitmail.net,CUST_PREMIUM_001565
+1 (617) 845-7316,phone,+1 (617) 845-7316,CUST_PREMIUM_001565
7433,card_last4,Card *7433,CUST_PREMIUM_001565
ck_786010964c,cookie,ck_786010964c,CUST_PREMIUM_001565
dev_6b2d2caf5d,device_id,dev_6b2d2caf5d,CUST_PREMIUM_001565
CUST_PREMIUM_001566,cust_id,CUST_PREMIUM_001566,CUST_PREMIUM_001566
diego.fernandez@orchardmail.com,email,diego.fernandez@orchardmail.com,CUST_PREMIUM_001566
+1 (310) 816-5235,phone,+1 (310) 816-5235,CUST_PREMIUM_001566
3941,card_last4,Card *3941,CUST_PREMIUM_001566
ck_2c6a69f582,cookie,ck_2c6a69f582,CUST_PREMIUM_001566
dev_a27c9163b3,device_id,dev_a27c9163b3,CUST_PREMIUM_001566
CUST_PREMIUM_001567,cust_id,CUST_PREMIUM_001567,CUST_PREMIUM_001567
o.garcia@orchardmail.com,email,o.garcia@orchardmail.com,CUST_PREMIUM_001567
+1 (416) 263-3154,phone,+1 (416) 263-3154,CUST_PREMIUM_001567
7539,card_last4,Card *7539,CUST_PREMIUM_001567
ck_659f3d1e7b,cookie,ck_659f3d1e7b,CUST_PREMIUM_001567
ck_40e1c5d16c,cookie,ck_40e1c5d16c,CUST_PREMIUM_001567
dev_9a8bb2e799,device_id,dev_9a8bb2e799,CUST_PREMIUM_001567
CUST_PREMIUM_001568,cust_id,CUST_PREMIUM_001568,CUST_PREMIUM_001568
a.diaz@atlasmail.net,email,a.diaz@atlasmail.net,CUST_PREMIUM_001568
+1 (212) 879-1073,phone,+1 (212) 879-1073,CUST_PREMIUM_001568
1454,card_last4,Card *1454,CUST_PREMIUM_001568
ck_a829f0ff00,cookie,ck_a829f0ff00,CUST_PREMIUM_001568
ck_1053e6e915,cookie,ck_1053e6e915,CUST_PREMIUM_001568
dev_08b3f569cd,device_id,dev_08b3f569cd,CUST_PREMIUM_001568
CUST_PREMIUM_001569,cust_id,CUST_PREMIUM_001569,CUST_PREMIUM_001569
murphy.sora@example.com,email,murphy.sora@example.com,CUST_PREMIUM_001569
+1 (312) 238-8992,phone,+1 (312) 238-8992,CUST_PREMIUM_001569
7158,card_last4,Card *7158,CUST_PREMIUM_001569
ck_ce5734e078,cookie,ck_ce5734e078,CUST_PREMIUM_001569
dev_01a5905af7,device_id,dev_01a5905af7,CUST_PREMIUM_001569
CUST_PREMIUM_001570,cust_id,CUST_PREMIUM_001570,CUST_PREMIUM_001570
dev.hernandez@vectorlabs.co,email,dev.hernandez@vectorlabs.co,CUST_PREMIUM_001570
+1 (310) 264-6911,phone,+1 (310) 264-6911,CUST_PREMIUM_001570
4659,card_last4,Card *4659,CUST_PREMIUM_001570
ck_5b64b760da,cookie,ck_5b64b760da,CUST_PREMIUM_001570
dev_4b8a912625,device_id,dev_4b8a912625,CUST_PREMIUM_001570
CUST_PREMIUM_001571,cust_id,CUST_PREMIUM_001571,CUST_PREMIUM_001571
andre.ito85@northstar.org,email,andre.ito85@northstar.org,CUST_PREMIUM_001571
+1 (202) 389-4830,phone,+1 (202) 389-4830,CUST_PREMIUM_001571
3648,card_last4,Card *3648,CUST_PREMIUM_001571
ck_e1ea066216,cookie,ck_e1ea066216,CUST_PREMIUM_001571
ck_3ef1b1f63b,cookie,ck_3ef1b1f63b,CUST_PREMIUM_001571
dev_6cadf62715,device_id,dev_6cadf62715,CUST_PREMIUM_001571
CUST_PREMIUM_001572,cust_id,CUST_PREMIUM_001572,CUST_PREMIUM_001572
banerjee.dev@northstar.org,email,banerjee.dev@northstar.org,CUST_PREMIUM_001572
+1 (718) 481-2749,phone,+1 (718) 481-2749,CUST_PREMIUM_001572
8720,card_last4,Card *8720,CUST_PREMIUM_001572
ck_f28576d483,cookie,ck_f28576d483,CUST_PREMIUM_001572
dev_7fba1f7e22,device_id,dev_7fba1f7e22,CUST_PREMIUM_001572
CUST_PREMIUM_001573,cust_id,CUST_PREMIUM_001573,CUST_PREMIUM_001573
gupta.zoe@vectorlabs.co,email,gupta.zoe@vectorlabs.co,CUST_PREMIUM_001573
+1 (312) 386-0668,phone,+1 (312) 386-0668,CUST_PREMIUM_001573
0052,card_last4,Card *0052,CUST_PREMIUM_001573
ck_850ac0e119,cookie,ck_850ac0e119,CUST_PREMIUM_001573
dev_14ff30889b,device_id,dev_14ff30889b,CUST_PREMIUM_001573
CUST_PREMIUM_001574,cust_id,CUST_PREMIUM_001574,CUST_PREMIUM_001574
taylor.nora@harbor.example,email,taylor.nora@harbor.example,CUST_PREMIUM_001574
+1 (312) 423-8587,phone,+1 (312) 423-8587,CUST_PREMIUM_001574
3508,card_last4,Card *3508,CUST_PREMIUM_001574
ck_53eaa45a01,cookie,ck_53eaa45a01,CUST_PREMIUM_001574
ck_541d199966,cookie,ck_541d199966,CUST_PREMIUM_001574
ck_85a9246fc7,cookie,ck_85a9246fc7,CUST_PREMIUM_001574
ck_c1aabea910,cookie,ck_c1aabea910,CUST_PREMIUM_001574
dev_d7d10353ec,device_id,dev_d7d10353ec,CUST_PREMIUM_001574
CUST_PREMIUM_001575,cust_id,CUST_PREMIUM_001575,CUST_PREMIUM_001575
david.kim@harbor.example,email,david.kim@harbor.example,CUST_PREMIUM_001575
+1 (415) 471-6506,phone,+1 (415) 471-6506,CUST_PREMIUM_001575
2217,card_last4,Card *2217,CUST_PREMIUM_001575
ck_b3e06d1dca,cookie,ck_b3e06d1dca,CUST_PREMIUM_001575
dev_4189ecacbc,device_id,dev_4189ecacbc,CUST_PREMIUM_001575
CUST_PREMIUM_001576,cust_id,CUST_PREMIUM_001576,CUST_PREMIUM_001576
victoria.evans90@example.com,email,victoria.evans90@example.com,CUST_PREMIUM_001576
+1 (214) 519-4425,phone,+1 (214) 519-4425,CUST_PREMIUM_001576
3461,card_last4,Card *3461,CUST_PREMIUM_001576
ck_ae0d7d859c,cookie,ck_ae0d7d859c,CUST_PREMIUM_001576
dev_8d7eceed2d,device_id,dev_8d7eceed2d,CUST_PREMIUM_001576
CUST_PREMIUM_001577,cust_id,CUST_PREMIUM_001577,CUST_PREMIUM_001577
soramiller@bluepeak.co,email,soramiller@bluepeak.co,CUST_PREMIUM_001577
+1 (646) 622-2344,phone,+1 (646) 622-2344,CUST_PREMIUM_001577
3220,card_last4,Card *3220,CUST_PREMIUM_001577
ck_8167d91e6a,cookie,ck_8167d91e6a,CUST_PREMIUM_001577
dev_d5578e1062,device_id,dev_d5578e1062,CUST_PREMIUM_001577
CUST_PREMIUM_001578,cust_id,CUST_PREMIUM_001578,CUST_PREMIUM_001578
hall.eleanor@atlasmail.net,email,hall.eleanor@atlasmail.net,CUST_PREMIUM_001578
+1 (310) 560-0263,phone,+1 (310) 560-0263,CUST_PREMIUM_001578
9506,card_last4,Card *9506,CUST_PREMIUM_001578
ck_553587d1ae,cookie,ck_553587d1ae,CUST_PREMIUM_001578
dev_f155a94f15,device_id,dev_f155a94f15,CUST_PREMIUM_001578
CUST_PREMIUM_001579,cust_id,CUST_PREMIUM_001579,CUST_PREMIUM_001579
t.williams@example.com,email,t.williams@example.com,CUST_PREMIUM_001579
+1 (312) 608-8182,phone,+1 (312) 608-8182,CUST_PREMIUM_001579
7803,card_last4,Card *7803,CUST_PREMIUM_001579
ck_dad83f449e,cookie,ck_dad83f449e,CUST_PREMIUM_001579
ck_b6572cfcc9,cookie,ck_b6572cfcc9,CUST_PREMIUM_001579
ck_89952c0a86,cookie,ck_89952c0a86,CUST_PREMIUM_001579
ck_3d8d1cf01f,cookie,ck_3d8d1cf01f,CUST_PREMIUM_001579
dev_a9d467d9b7,device_id,dev_a9d467d9b7,CUST_PREMIUM_001579
CUST_PREMIUM_001580,cust_id,CUST_PREMIUM_001580,CUST_PREMIUM_001580
priyakumar@atlasmail.net,email,priyakumar@atlasmail.net,CUST_PREMIUM_001580
+1 (917) 766-6101,phone,+1 (917) 766-6101,CUST_PREMIUM_001580
6752,card_last4,Card *6752,CUST_PREMIUM_001580
ck_46fdfaa992,cookie,ck_46fdfaa992,CUST_PREMIUM_001580
dev_c60f7ad3a3,device_id,dev_c60f7ad3a3,CUST_PREMIUM_001580
CUST_PREMIUM_001581,cust_id,CUST_PREMIUM_001581,CUST_PREMIUM_001581
ananya.baker95@bluepeak.co,email,ananya.baker95@bluepeak.co,CUST_PREMIUM_001581
+1 (646) 770-4020,phone,+1 (646) 770-4020,CUST_PREMIUM_001581
7780,card_last4,Card *7780,CUST_PREMIUM_001581
ck_ed14368b70,cookie,ck_ed14368b70,CUST_PREMIUM_001581
ck_29778bc5b5,cookie,ck_29778bc5b5,CUST_PREMIUM_001581
dev_ee1a67c716,device_id,dev_ee1a67c716,CUST_PREMIUM_001581
dev_8b686802f1,device_id,dev_8b686802f1,CUST_PREMIUM_001581
CUST_PREMIUM_001582,cust_id,CUST_PREMIUM_001582,CUST_PREMIUM_001582
walker.naomi@example.com,email,walker.naomi@example.com,CUST_PREMIUM_001582
+1 (212) 697-1939,phone,+1 (212) 697-1939,CUST_PREMIUM_001582
7940,card_last4,Card *7940,CUST_PREMIUM_001582
ck_276907b914,cookie,ck_276907b914,CUST_PREMIUM_001582
ck_15fe5e7011,cookie,ck_15fe5e7011,CUST_PREMIUM_001582
ck_0d2b53f098,cookie,ck_0d2b53f098,CUST_PREMIUM_001582
dev_1a7383f39a,device_id,dev_1a7383f39a,CUST_PREMIUM_001582
dev_63bd0ecf95,device_id,dev_63bd0ecf95,CUST_PREMIUM_001582
dev_289966a0de,device_id,dev_289966a0de,CUST_PREMIUM_001582
CUST_PREMIUM_001583,cust_id,CUST_PREMIUM_001583,CUST_PREMIUM_001583
priya.rossi0@orchardmail.com,email,priya.rossi0@orchardmail.com,CUST_PREMIUM_001583
+1 (718) 888-9858,phone,+1 (718) 888-9858,CUST_PREMIUM_001583
1924,card_last4,Card *1924,CUST_PREMIUM_001583
ck_5d8d2c0be1,cookie,ck_5d8d2c0be1,CUST_PREMIUM_001583
ck_f06dff5675,cookie,ck_f06dff5675,CUST_PREMIUM_001583
ck_acd306fcf8,cookie,ck_acd306fcf8,CUST_PREMIUM_001583
dev_3e01f9cd61,device_id,dev_3e01f9cd61,CUST_PREMIUM_001583
CUST_PREMIUM_001584,cust_id,CUST_PREMIUM_001584,CUST_PREMIUM_001584
s.khan@bluepeak.co,email,s.khan@bluepeak.co,CUST_PREMIUM_001584
+1 (650) 203-7777,phone,+1 (650) 203-7777,CUST_PREMIUM_001584
5319,card_last4,Card *5319,CUST_PREMIUM_001584
ck_d3db7730e3,cookie,ck_d3db7730e3,CUST_PREMIUM_001584
ck_d4aabfedea,cookie,ck_d4aabfedea,CUST_PREMIUM_001584
dev_6b32877b72,device_id,dev_6b32877b72,CUST_PREMIUM_001584
dev_8f603e5333,device_id,dev_8f603e5333,CUST_PREMIUM_001584
CUST_PREMIUM_001585,cust_id,CUST_PREMIUM_001585,CUST_PREMIUM_001585
lucas.nguyen@capital-demo.org,email,lucas.nguyen@capital-demo.org,CUST_PREMIUM_001585
+1 (206) 874-5696,phone,+1 (206) 874-5696,CUST_PREMIUM_001585
6064,card_last4,Card *6064,CUST_PREMIUM_001585
ck_10d8a86ebc,cookie,ck_10d8a86ebc,CUST_PREMIUM_001585
ck_6e08d0a87e,cookie,ck_6e08d0a87e,CUST_PREMIUM_001585
dev_52fab5b5ee,device_id,dev_52fab5b5ee,CUST_PREMIUM_001585
CUST_PREMIUM_001586,cust_id,CUST_PREMIUM_001586,CUST_PREMIUM_001586
ravi.patel@example.com,email,ravi.patel@example.com,CUST_PREMIUM_001586
+1 (310) 856-3615,phone,+1 (310) 856-3615,CUST_PREMIUM_001586
7935,card_last4,Card *7935,CUST_PREMIUM_001586
ck_ac551a5d0e,cookie,ck_ac551a5d0e,CUST_PREMIUM_001586
ck_ac45e286d5,cookie,ck_ac45e286d5,CUST_PREMIUM_001586
dev_21f1bb5efa,device_id,dev_21f1bb5efa,CUST_PREMIUM_001586
CUST_PREMIUM_001587,cust_id,CUST_PREMIUM_001587,CUST_PREMIUM_001587
kapoor.isabella@summitmail.net,email,kapoor.isabella@summitmail.net,CUST_PREMIUM_001587
+1 (416) 303-1534,phone,+1 (416) 303-1534,CUST_PREMIUM_001587
8826,card_last4,Card *8826,CUST_PREMIUM_001587
ck_bc0b31659a,cookie,ck_bc0b31659a,CUST_PREMIUM_001587
ck_1540c09e2b,cookie,ck_1540c09e2b,CUST_PREMIUM_001587
ck_8906c71b39,cookie,ck_8906c71b39,CUST_PREMIUM_001587
dev_6647ac7f81,device_id,dev_6647ac7f81,CUST_PREMIUM_001587
CUST_PREMIUM_001588,cust_id,CUST_PREMIUM_001588,CUST_PREMIUM_001588
s.miller@northstar.org,email,s.miller@northstar.org,CUST_PREMIUM_001588
+1 (214) 263-9453,phone,+1 (214) 263-9453,CUST_PREMIUM_001588
1535,card_last4,Card *1535,CUST_PREMIUM_001588
ck_84c2495937,cookie,ck_84c2495937,CUST_PREMIUM_001588
dev_950329b96b,device_id,dev_950329b96b,CUST_PREMIUM_001588
CUST_PREMIUM_001589,cust_id,CUST_PREMIUM_001589,CUST_PREMIUM_001589
anderson.rei@northstar.org,email,anderson.rei@northstar.org,CUST_PREMIUM_001589
+1 (469) 421-7372,phone,+1 (469) 421-7372,CUST_PREMIUM_001589
8818,card_last4,Card *8818,CUST_PREMIUM_001589
ck_95c60d72b5,cookie,ck_95c60d72b5,CUST_PREMIUM_001589
ck_7f521ec84c,cookie,ck_7f521ec84c,CUST_PREMIUM_001589
dev_bc8eedfb45,device_id,dev_bc8eedfb45,CUST_PREMIUM_001589
dev_0d8c426e0f,device_id,dev_0d8c426e0f,CUST_PREMIUM_001589
CUST_PREMIUM_001590,cust_id,CUST_PREMIUM_001590,CUST_PREMIUM_001590
avery.wilson@harbor.example,email,avery.wilson@harbor.example,CUST_PREMIUM_001590
+1 (202) 392-5291,phone,+1 (202) 392-5291,CUST_PREMIUM_001590
9834,card_last4,Card *9834,CUST_PREMIUM_001590
ck_3e87e8fe19,cookie,ck_3e87e8fe19,CUST_PREMIUM_001590
ck_bfc121f852,cookie,ck_bfc121f852,CUST_PREMIUM_001590
dev_caa60e363e,device_id,dev_caa60e363e,CUST_PREMIUM_001590
CUST_PREMIUM_001591,cust_id,CUST_PREMIUM_001591,CUST_PREMIUM_001591
rivera.noah@vectorlabs.co,email,rivera.noah@vectorlabs.co,CUST_PREMIUM_001591
+1 (305) 385-3210,phone,+1 (305) 385-3210,CUST_PREMIUM_001591
8637,card_last4,Card *8637,CUST_PREMIUM_001591
ck_a895abe0de,cookie,ck_a895abe0de,CUST_PREMIUM_001591
ck_96c11ba640,cookie,ck_96c11ba640,CUST_PREMIUM_001591
dev_5b8a972555,device_id,dev_5b8a972555,CUST_PREMIUM_001591
CUST_PREMIUM_001592,cust_id,CUST_PREMIUM_001592,CUST_PREMIUM_001592
lucaskhan@bluepeak.co,email,lucaskhan@bluepeak.co,CUST_PREMIUM_001592
+1 (404) 455-1129,phone,+1 (404) 455-1129,CUST_PREMIUM_001592
3020,card_last4,Card *3020,CUST_PREMIUM_001592
ck_7f1e0d7430,cookie,ck_7f1e0d7430,CUST_PREMIUM_001592
ck_baee8bc6d5,cookie,ck_baee8bc6d5,CUST_PREMIUM_001592
ck_720fb26953,cookie,ck_720fb26953,CUST_PREMIUM_001592
ck_be43163ffe,cookie,ck_be43163ffe,CUST_PREMIUM_001592
dev_20e23426a2,device_id,dev_20e23426a2,CUST_PREMIUM_001592
CUST_PREMIUM_001593,cust_id,CUST_PREMIUM_001593,CUST_PREMIUM_001593
alejandroreed@capital-demo.org,email,alejandroreed@capital-demo.org,CUST_PREMIUM_001593
+1 (404) 492-9048,phone,+1 (404) 492-9048,CUST_PREMIUM_001593
3286,card_last4,Card *3286,CUST_PREMIUM_001593
ck_83942dc68e,cookie,ck_83942dc68e,CUST_PREMIUM_001593
ck_d7a8b61803,cookie,ck_d7a8b61803,CUST_PREMIUM_001593
ck_d2b6742e1e,cookie,ck_d2b6742e1e,CUST_PREMIUM_001593
ck_6f50ce33a4,cookie,ck_6f50ce33a4,CUST_PREMIUM_001593
dev_00a2459e31,device_id,dev_00a2459e31,CUST_PREMIUM_001593
CUST_PREMIUM_001594,cust_id,CUST_PREMIUM_001594,CUST_PREMIUM_001594
meeragupta@orchardmail.com,email,meeragupta@orchardmail.com,CUST_PREMIUM_001594
+1 (415) 474-6967,phone,+1 (415) 474-6967,CUST_PREMIUM_001594
4127,card_last4,Card *4127,CUST_PREMIUM_001594
ck_0a807ef53d,cookie,ck_0a807ef53d,CUST_PREMIUM_001594
ck_2c2cf3200f,cookie,ck_2c2cf3200f,CUST_PREMIUM_001594
ck_f4771107ff,cookie,ck_f4771107ff,CUST_PREMIUM_001594
dev_33a41e95a6,device_id,dev_33a41e95a6,CUST_PREMIUM_001594
CUST_PREMIUM_001595,cust_id,CUST_PREMIUM_001595,CUST_PREMIUM_001595
aditi.gupta12@northstar.org,email,aditi.gupta12@northstar.org,CUST_PREMIUM_001595
+1 (310) 489-4886,phone,+1 (310) 489-4886,CUST_PREMIUM_001595
1071,card_last4,Card *1071,CUST_PREMIUM_001595
ck_a624fd1116,cookie,ck_a624fd1116,CUST_PREMIUM_001595
dev_df562c3b24,device_id,dev_df562c3b24,CUST_PREMIUM_001595
dev_shared_fd5ab620f,device_id,dev_shared_fd5ab620f,CUST_PREMIUM_001595
CUST_PREMIUM_001596,cust_id,CUST_PREMIUM_001596,CUST_PREMIUM_001596
sora.wright13@atlasmail.net,email,sora.wright13@atlasmail.net,CUST_PREMIUM_001596
+1 (202) 614-2805,phone,+1 (202) 614-2805,CUST_PREMIUM_001596
9139,card_last4,Card *9139,CUST_PREMIUM_001596
ck_354d681686,cookie,ck_354d681686,CUST_PREMIUM_001596
ck_6bcbf532be,cookie,ck_6bcbf532be,CUST_PREMIUM_001596
dev_543292b865,device_id,dev_543292b865,CUST_PREMIUM_001596
CUST_PREMIUM_001597,cust_id,CUST_PREMIUM_001597,CUST_PREMIUM_001597
h.rossi@northstar.org,email,h.rossi@northstar.org,CUST_PREMIUM_001597
+1 (646) 662-0724,phone,+1 (646) 662-0724,CUST_PREMIUM_001597
9680,card_last4,Card *9680,CUST_PREMIUM_001597
ck_6f64483d35,cookie,ck_6f64483d35,CUST_PREMIUM_001597
ck_cfb04cefdd,cookie,ck_cfb04cefdd,CUST_PREMIUM_001597
dev_a1e472e923,device_id,dev_a1e472e923,CUST_PREMIUM_001597
dev_0bc3178083,device_id,dev_0bc3178083,CUST_PREMIUM_001597
CUST_PREMIUM_001598,cust_id,CUST_PREMIUM_001598,CUST_PREMIUM_001598
roberts.jack@example.com,email,roberts.jack@example.com,CUST_PREMIUM_001598
+1 (212) 589-8643,phone,+1 (212) 589-8643,CUST_PREMIUM_001598
5171,card_last4,Card *5171,CUST_PREMIUM_001598
ck_e238f1a530,cookie,ck_e238f1a530,CUST_PREMIUM_001598
dev_d79ceeced6,device_id,dev_d79ceeced6,CUST_PREMIUM_001598
CUST_PREMIUM_001599,cust_id,CUST_PREMIUM_001599,CUST_PREMIUM_001599
diegogupta@atlasmail.net,email,diegogupta@atlasmail.net,CUST_PREMIUM_001599
+1 (415) 659-6562,phone,+1 (415) 659-6562,CUST_PREMIUM_001599
2595,card_last4,Card *2595,CUST_PREMIUM_001599
ck_4504238880,cookie,ck_4504238880,CUST_PREMIUM_001599
dev_200c8d12de,device_id,dev_200c8d12de,CUST_PREMIUM_001599
dev_shared_484848eb1,device_id,dev_shared_484848eb1,CUST_PREMIUM_001599
CUST_PREMIUM_001600,cust_id,CUST_PREMIUM_001600,CUST_PREMIUM_001600
ameliaanderson@capital-demo.org,email,ameliaanderson@capital-demo.org,CUST_PREMIUM_001600
+1 (312) 685-4481,phone,+1 (312) 685-4481,CUST_PREMIUM_001600
7178,card_last4,Card *7178,CUST_PREMIUM_001600
ck_5b4c49e03e,cookie,ck_5b4c49e03e,CUST_PREMIUM_001600
ck_03d20b1342,cookie,ck_03d20b1342,CUST_PREMIUM_001600
ck_12674a9c0d,cookie,ck_12674a9c0d,CUST_PREMIUM_001600
dev_cad9df15fa,device_id,dev_cad9df15fa,CUST_PREMIUM_001600
dev_9427267882,device_id,dev_9427267882,CUST_PREMIUM_001600
CUST_PREMIUM_001601,cust_id,CUST_PREMIUM_001601,CUST_PREMIUM_001601
priya.taylor@bluepeak.co,email,priya.taylor@bluepeak.co,CUST_PREMIUM_001601
+1 (469) 865-2400,phone,+1 (469) 865-2400,CUST_PREMIUM_001601
0502,card_last4,Card *0502,CUST_PREMIUM_001601
ck_f055fe3453,cookie,ck_f055fe3453,CUST_PREMIUM_001601
ck_8e3e668891,cookie,ck_8e3e668891,CUST_PREMIUM_001601
dev_a710f097f0,device_id,dev_a710f097f0,CUST_PREMIUM_001601
CUST_PREMIUM_001602,cust_id,CUST_PREMIUM_001602,CUST_PREMIUM_001602
nikhil.baker19@summitmail.net,email,nikhil.baker19@summitmail.net,CUST_PREMIUM_001602
+1 (206) 803-0319,phone,+1 (206) 803-0319,CUST_PREMIUM_001602
8633,card_last4,Card *8633,CUST_PREMIUM_001602
ck_a7d6b8b995,cookie,ck_a7d6b8b995,CUST_PREMIUM_001602
dev_600c5c13d2,device_id,dev_600c5c13d2,CUST_PREMIUM_001602
dev_590060a555,device_id,dev_590060a555,CUST_PREMIUM_001602
CUST_PREMIUM_001603,cust_id,CUST_PREMIUM_001603,CUST_PREMIUM_001603
murphy.harper@example.com,email,murphy.harper@example.com,CUST_PREMIUM_001603
+1 (310) 785-8238,phone,+1 (310) 785-8238,CUST_PREMIUM_001603
8657,card_last4,Card *8657,CUST_PREMIUM_001603
ck_fd5d08577f,cookie,ck_fd5d08577f,CUST_PREMIUM_001603
ck_39d5a4b91f,cookie,ck_39d5a4b91f,CUST_PREMIUM_001603
dev_f95e445c57,device_id,dev_f95e445c57,CUST_PREMIUM_001603
CUST_PREMIUM_001604,cust_id,CUST_PREMIUM_001604,CUST_PREMIUM_001604
gabriel.patel21@orchardmail.com,email,gabriel.patel21@orchardmail.com,CUST_PREMIUM_001604
+1 (650) 243-6157,phone,+1 (650) 243-6157,CUST_PREMIUM_001604
0484,card_last4,Card *0484,CUST_PREMIUM_001604
ck_c5fbc8e79d,cookie,ck_c5fbc8e79d,CUST_PREMIUM_001604
dev_270c8d4fdd,device_id,dev_270c8d4fdd,CUST_PREMIUM_001604
CUST_PREMIUM_001605,cust_id,CUST_PREMIUM_001605,CUST_PREMIUM_001605
evans.liam@summitmail.net,email,evans.liam@summitmail.net,CUST_PREMIUM_001605
+1 (310) 859-4076,phone,+1 (310) 859-4076,CUST_PREMIUM_001605
1703,card_last4,Card *1703,CUST_PREMIUM_001605
ck_6299a59f46,cookie,ck_6299a59f46,CUST_PREMIUM_001605
dev_f8a33a79b8,device_id,dev_f8a33a79b8,CUST_PREMIUM_001605
dev_765086efee,device_id,dev_765086efee,CUST_PREMIUM_001605
CUST_PREMIUM_001606,cust_id,CUST_PREMIUM_001606,CUST_PREMIUM_001606
diaz.rafael@atlasmail.net,email,diaz.rafael@atlasmail.net,CUST_PREMIUM_001606
+1 (404) 273-1995,phone,+1 (404) 273-1995,CUST_PREMIUM_001606
4828,card_last4,Card *4828,CUST_PREMIUM_001606
ck_bfb45199ca,cookie,ck_bfb45199ca,CUST_PREMIUM_001606
ck_bdc33116a9,cookie,ck_bdc33116a9,CUST_PREMIUM_001606
ck_6031ddefea,cookie,ck_6031ddefea,CUST_PREMIUM_001606
ck_4da90e6e08,cookie,ck_4da90e6e08,CUST_PREMIUM_001606
dev_a455df163c,device_id,dev_a455df163c,CUST_PREMIUM_001606
CUST_PREMIUM_001607,cust_id,CUST_PREMIUM_001607,CUST_PREMIUM_001607
cooper.chloe@example.com,email,cooper.chloe@example.com,CUST_PREMIUM_001607
+1 (214) 266-9914,phone,+1 (214) 266-9914,CUST_PREMIUM_001607
0691,card_last4,Card *0691,CUST_PREMIUM_001607
ck_438bece1b4,cookie,ck_438bece1b4,CUST_PREMIUM_001607
ck_8bf9e16e1f,cookie,ck_8bf9e16e1f,CUST_PREMIUM_001607
ck_eb0caf5928,cookie,ck_eb0caf5928,CUST_PREMIUM_001607
dev_41b9112d59,device_id,dev_41b9112d59,CUST_PREMIUM_001607
dev_222c99fd80,device_id,dev_222c99fd80,CUST_PREMIUM_001607
dev_d0ce7df4d6,device_id,dev_d0ce7df4d6,CUST_PREMIUM_001607
CUST_PREMIUM_001608,cust_id,CUST_PREMIUM_001608,CUST_PREMIUM_001608
ravi.vance@vectorlabs.co,email,ravi.vance@vectorlabs.co,CUST_PREMIUM_001608
+1 (415) 292-7833,phone,+1 (415) 292-7833,CUST_PREMIUM_001608
4112,card_last4,Card *4112,CUST_PREMIUM_001608
ck_fd662c8162,cookie,ck_fd662c8162,CUST_PREMIUM_001608
dev_2e3881a03f,device_id,dev_2e3881a03f,CUST_PREMIUM_001608
dev_shared_50cf8b2b8,device_id,dev_shared_50cf8b2b8,CUST_PREMIUM_001608
CUST_PREMIUM_001609,cust_id,CUST_PREMIUM_001609,CUST_PREMIUM_001609
robinson.eleanor@orchardmail.com,email,robinson.eleanor@orchardmail.com,CUST_PREMIUM_001609
+1 (312) 318-5752,phone,+1 (312) 318-5752,CUST_PREMIUM_001609
8304,card_last4,Card *8304,CUST_PREMIUM_001609
ck_cc64724682,cookie,ck_cc64724682,CUST_PREMIUM_001609
dev_28cd354e17,device_id,dev_28cd354e17,CUST_PREMIUM_001609
CUST_PREMIUM_001610,cust_id,CUST_PREMIUM_001610,CUST_PREMIUM_001610
fatimabrown@vectorlabs.co,email,fatimabrown@vectorlabs.co,CUST_PREMIUM_001610
+1 (617) 410-3671,phone,+1 (617) 410-3671,CUST_PREMIUM_001610
2848,card_last4,Card *2848,CUST_PREMIUM_001610
ck_d44e5c0498,cookie,ck_d44e5c0498,CUST_PREMIUM_001610
dev_168cf4d352,device_id,dev_168cf4d352,CUST_PREMIUM_001610
CUST_PREMIUM_001611,cust_id,CUST_PREMIUM_001611,CUST_PREMIUM_001611
isla.garcia28@vectorlabs.co,email,isla.garcia28@vectorlabs.co,CUST_PREMIUM_001611
+1 (404) 458-1590,phone,+1 (404) 458-1590,CUST_PREMIUM_001611
0731,card_last4,Card *0731,CUST_PREMIUM_001611
ck_2137ab3e28,cookie,ck_2137ab3e28,CUST_PREMIUM_001611
ck_c229b40f6c,cookie,ck_c229b40f6c,CUST_PREMIUM_001611
dev_f7abb2db48,device_id,dev_f7abb2db48,CUST_PREMIUM_001611
CUST_PREMIUM_001612,cust_id,CUST_PREMIUM_001612,CUST_PREMIUM_001612
morgan.theo@summitmail.net,email,morgan.theo@summitmail.net,CUST_PREMIUM_001612
+1 (415) 440-9509,phone,+1 (415) 440-9509,CUST_PREMIUM_001612
2403,card_last4,Card *2403,CUST_PREMIUM_001612
ck_9014d65b56,cookie,ck_9014d65b56,CUST_PREMIUM_001612
dev_859f922713,device_id,dev_859f922713,CUST_PREMIUM_001612
CUST_PREMIUM_001613,cust_id,CUST_PREMIUM_001613,CUST_PREMIUM_001613
i.rivera@vectorlabs.co,email,i.rivera@vectorlabs.co,CUST_PREMIUM_001613
+1 (646) 554-7428,phone,+1 (646) 554-7428,CUST_PREMIUM_001613
7885,card_last4,Card *7885,CUST_PREMIUM_001613
ck_fa7c226969,cookie,ck_fa7c226969,CUST_PREMIUM_001613
ck_97b13053b1,cookie,ck_97b13053b1,CUST_PREMIUM_001613
dev_88040bae87,device_id,dev_88040bae87,CUST_PREMIUM_001613
CUST_PREMIUM_001614,cust_id,CUST_PREMIUM_001614,CUST_PREMIUM_001614
gabriel.anderson@bluepeak.co,email,gabriel.anderson@bluepeak.co,CUST_PREMIUM_001614
+1 (305) 536-5347,phone,+1 (305) 536-5347,CUST_PREMIUM_001614
7889,card_last4,Card *7889,CUST_PREMIUM_001614
ck_c8240143be,cookie,ck_c8240143be,CUST_PREMIUM_001614
dev_159548fd0a,device_id,dev_159548fd0a,CUST_PREMIUM_001614
dev_shared_2834b010c,device_id,dev_shared_2834b010c,CUST_PREMIUM_001614
CUST_PREMIUM_001615,cust_id,CUST_PREMIUM_001615,CUST_PREMIUM_001615
williams.maya@bluepeak.co,email,williams.maya@bluepeak.co,CUST_PREMIUM_001615
+1 (206) 584-3266,phone,+1 (206) 584-3266,CUST_PREMIUM_001615
0188,card_last4,Card *0188,CUST_PREMIUM_001615
ck_c157722794,cookie,ck_c157722794,CUST_PREMIUM_001615
ck_385144be71,cookie,ck_385144be71,CUST_PREMIUM_001615
dev_7e7c147f23,device_id,dev_7e7c147f23,CUST_PREMIUM_001615
dev_d515dfee62,device_id,dev_d515dfee62,CUST_PREMIUM_001615
CUST_PREMIUM_001616,cust_id,CUST_PREMIUM_001616,CUST_PREMIUM_001616
a.patel@summitmail.net,email,a.patel@summitmail.net,CUST_PREMIUM_001616
+1 (212) 555-1185,phone,+1 (212) 555-1185,CUST_PREMIUM_001616
7139,card_last4,Card *7139,CUST_PREMIUM_001616
ck_ef63591260,cookie,ck_ef63591260,CUST_PREMIUM_001616
ck_4e9fd51784,cookie,ck_4e9fd51784,CUST_PREMIUM_001616
dev_c73a9145ce,device_id,dev_c73a9145ce,CUST_PREMIUM_001616
CUST_PREMIUM_001617,cust_id,CUST_PREMIUM_001617,CUST_PREMIUM_001617
l.sato@vectorlabs.co,email,l.sato@vectorlabs.co,CUST_PREMIUM_001617
+1 (646) 702-9104,phone,+1 (646) 702-9104,CUST_PREMIUM_001617
9455,card_last4,Card *9455,CUST_PREMIUM_001617
ck_87e6f84d46,cookie,ck_87e6f84d46,CUST_PREMIUM_001617
ck_b9f98720cc,cookie,ck_b9f98720cc,CUST_PREMIUM_001617
ck_d5bb7b0364,cookie,ck_d5bb7b0364,CUST_PREMIUM_001617
ck_dcf60565cc,cookie,ck_dcf60565cc,CUST_PREMIUM_001617
dev_d1e087c53f,device_id,dev_d1e087c53f,CUST_PREMIUM_001617
CUST_PREMIUM_001618,cust_id,CUST_PREMIUM_001618,CUST_PREMIUM_001618
e.wang@bluepeak.co,email,e.wang@bluepeak.co,CUST_PREMIUM_001618
+1 (415) 662-7023,phone,+1 (415) 662-7023,CUST_PREMIUM_001618
8581,card_last4,Card *8581,CUST_PREMIUM_001618
ck_1751ca701e,cookie,ck_1751ca701e,CUST_PREMIUM_001618
ck_538a847896,cookie,ck_538a847896,CUST_PREMIUM_001618
ck_021d7b374f,cookie,ck_021d7b374f,CUST_PREMIUM_001618
dev_a65a5f4a33,device_id,dev_a65a5f4a33,CUST_PREMIUM_001618
CUST_PREMIUM_001619,cust_id,CUST_PREMIUM_001619,CUST_PREMIUM_001619
singh.sara@atlasmail.net,email,singh.sara@atlasmail.net,CUST_PREMIUM_001619
+1 (214) 710-4942,phone,+1 (214) 710-4942,CUST_PREMIUM_001619
9166,card_last4,Card *9166,CUST_PREMIUM_001619
ck_147949bf81,cookie,ck_147949bf81,CUST_PREMIUM_001619
dev_86c2044b2e,device_id,dev_86c2044b2e,CUST_PREMIUM_001619
CUST_PREMIUM_001620,cust_id,CUST_PREMIUM_001620,CUST_PREMIUM_001620
nora.jones37@atlasmail.net,email,nora.jones37@atlasmail.net,CUST_PREMIUM_001620
+1 (206) 769-2861,phone,+1 (206) 769-2861,CUST_PREMIUM_001620
4582,card_last4,Card *4582,CUST_PREMIUM_001620
ck_922e5b9f4b,cookie,ck_922e5b9f4b,CUST_PREMIUM_001620
dev_15a2a8bcec,device_id,dev_15a2a8bcec,CUST_PREMIUM_001620
CUST_PREMIUM_001621,cust_id,CUST_PREMIUM_001621,CUST_PREMIUM_001621
alejandroshah@vectorlabs.co,email,alejandroshah@vectorlabs.co,CUST_PREMIUM_001621
+1 (646) 850-0780,phone,+1 (646) 850-0780,CUST_PREMIUM_001621
6148,card_last4,Card *6148,CUST_PREMIUM_001621
ck_aee95e2299,cookie,ck_aee95e2299,CUST_PREMIUM_001621
ck_a3168cc21b,cookie,ck_a3168cc21b,CUST_PREMIUM_001621
dev_3a56a156f1,device_id,dev_3a56a156f1,CUST_PREMIUM_001621
CUST_PREMIUM_001622,cust_id,CUST_PREMIUM_001622,CUST_PREMIUM_001622
nathanharris@harbor.example,email,nathanharris@harbor.example,CUST_PREMIUM_001622
+1 (312) 799-8699,phone,+1 (312) 799-8699,CUST_PREMIUM_001622
9229,card_last4,Card *9229,CUST_PREMIUM_001622
ck_b7a37ca687,cookie,ck_b7a37ca687,CUST_PREMIUM_001622
ck_a594fbd56e,cookie,ck_a594fbd56e,CUST_PREMIUM_001622
ck_13d7590fa9,cookie,ck_13d7590fa9,CUST_PREMIUM_001622
dev_337c765546,device_id,dev_337c765546,CUST_PREMIUM_001622
CUST_PREMIUM_001623,cust_id,CUST_PREMIUM_001623,CUST_PREMIUM_001623
benjamin.lewis@atlasmail.net,email,benjamin.lewis@atlasmail.net,CUST_PREMIUM_001623
+1 (202) 213-6618,phone,+1 (202) 213-6618,CUST_PREMIUM_001623
9412,card_last4,Card *9412,CUST_PREMIUM_001623
ck_c24791b9a8,cookie,ck_c24791b9a8,CUST_PREMIUM_001623
dev_25b7eeff5d,device_id,dev_25b7eeff5d,CUST_PREMIUM_001623
dev_shared_da0ab2800,device_id,dev_shared_da0ab2800,CUST_PREMIUM_001623
CUST_PREMIUM_001624,cust_id,CUST_PREMIUM_001624,CUST_PREMIUM_001624
jack.robinson@northstar.org,email,jack.robinson@northstar.org,CUST_PREMIUM_001624
+1 (617) 228-4537,phone,+1 (617) 228-4537,CUST_PREMIUM_001624
8723,card_last4,Card *8723,CUST_PREMIUM_001624
ck_aca478edfc,cookie,ck_aca478edfc,CUST_PREMIUM_001624
dev_075bad9259,device_id,dev_075bad9259,CUST_PREMIUM_001624
CUST_PREMIUM_001625,cust_id,CUST_PREMIUM_001625,CUST_PREMIUM_001625
ibrahimwilson@harbor.example,email,ibrahimwilson@harbor.example,CUST_PREMIUM_001625
+1 (310) 899-2456,phone,+1 (310) 899-2456,CUST_PREMIUM_001625
8584,card_last4,Card *8584,CUST_PREMIUM_001625
ck_4f322f6f0c,cookie,ck_4f322f6f0c,CUST_PREMIUM_001625
dev_81d8ef6e97,device_id,dev_81d8ef6e97,CUST_PREMIUM_001625
dev_e43f7675a1,device_id,dev_e43f7675a1,CUST_PREMIUM_001625
CUST_PREMIUM_001626,cust_id,CUST_PREMIUM_001626,CUST_PREMIUM_001626
z.smith@bluepeak.co,email,z.smith@bluepeak.co,CUST_PREMIUM_001626
+1 (310) 236-0375,phone,+1 (310) 236-0375,CUST_PREMIUM_001626
5741,card_last4,Card *5741,CUST_PREMIUM_001626
ck_f81cf379a2,cookie,ck_f81cf379a2,CUST_PREMIUM_001626
dev_c6ed507581,device_id,dev_c6ed507581,CUST_PREMIUM_001626
CUST_PREMIUM_001627,cust_id,CUST_PREMIUM_001627,CUST_PREMIUM_001627
campbell.dev@example.com,email,campbell.dev@example.com,CUST_PREMIUM_001627
+1 (617) 339-8294,phone,+1 (617) 339-8294,CUST_PREMIUM_001627
7183,card_last4,Card *7183,CUST_PREMIUM_001627
ck_3c2e23d60b,cookie,ck_3c2e23d60b,CUST_PREMIUM_001627
dev_327ca12951,device_id,dev_327ca12951,CUST_PREMIUM_001627
CUST_PREMIUM_001628,cust_id,CUST_PREMIUM_001628,CUST_PREMIUM_001628
isla.banerjee45@capital-demo.org,email,isla.banerjee45@capital-demo.org,CUST_PREMIUM_001628
+1 (416) 420-6213,phone,+1 (416) 420-6213,CUST_PREMIUM_001628
2950,card_last4,Card *2950,CUST_PREMIUM_001628
ck_2422b8d5ef,cookie,ck_2422b8d5ef,CUST_PREMIUM_001628
dev_176fdd2a8f,device_id,dev_176fdd2a8f,CUST_PREMIUM_001628
CUST_PREMIUM_001629,cust_id,CUST_PREMIUM_001629,CUST_PREMIUM_001629
kabirlewis@orchardmail.com,email,kabirlewis@orchardmail.com,CUST_PREMIUM_001629
+1 (212) 336-4132,phone,+1 (212) 336-4132,CUST_PREMIUM_001629
6092,card_last4,Card *6092,CUST_PREMIUM_001629
ck_a703058361,cookie,ck_a703058361,CUST_PREMIUM_001629
ck_e2a43716cf,cookie,ck_e2a43716cf,CUST_PREMIUM_001629
ck_fe5d24c1a8,cookie,ck_fe5d24c1a8,CUST_PREMIUM_001629
ck_aa051dfebe,cookie,ck_aa051dfebe,CUST_PREMIUM_001629
ck_b097535f9e,cookie,ck_b097535f9e,CUST_PREMIUM_001629
dev_a8a8fb590a,device_id,dev_a8a8fb590a,CUST_PREMIUM_001629
CUST_PREMIUM_001630,cust_id,CUST_PREMIUM_001630,CUST_PREMIUM_001630
akira.khan47@atlasmail.net,email,akira.khan47@atlasmail.net,CUST_PREMIUM_001630
+1 (404) 461-2051,phone,+1 (404) 461-2051,CUST_PREMIUM_001630
9527,card_last4,Card *9527,CUST_PREMIUM_001630
ck_ad3e411976,cookie,ck_ad3e411976,CUST_PREMIUM_001630
ck_043159c7f0,cookie,ck_043159c7f0,CUST_PREMIUM_001630
dev_4f26f18db2,device_id,dev_4f26f18db2,CUST_PREMIUM_001630
dev_shared_42cde5d55,device_id,dev_shared_42cde5d55,CUST_PREMIUM_001630
CUST_PREMIUM_001631,cust_id,CUST_PREMIUM_001631,CUST_PREMIUM_001631
nikhilmartin@example.com,email,nikhilmartin@example.com,CUST_PREMIUM_001631
+1 (202) 509-9970,phone,+1 (202) 509-9970,CUST_PREMIUM_001631
5401,card_last4,Card *5401,CUST_PREMIUM_001631
ck_3c404315f1,cookie,ck_3c404315f1,CUST_PREMIUM_001631
ck_65499817a4,cookie,ck_65499817a4,CUST_PREMIUM_001631
ck_4fb221e147,cookie,ck_4fb221e147,CUST_PREMIUM_001631
dev_3aad3b2314,device_id,dev_3aad3b2314,CUST_PREMIUM_001631
CUST_PREMIUM_001632,cust_id,CUST_PREMIUM_001632,CUST_PREMIUM_001632
ito.andre@bluepeak.co,email,ito.andre@bluepeak.co,CUST_PREMIUM_001632
+1 (214) 491-7889,phone,+1 (214) 491-7889,CUST_PREMIUM_001632
7598,card_last4,Card *7598,CUST_PREMIUM_001632
ck_615d925649,cookie,ck_615d925649,CUST_PREMIUM_001632
dev_2ea183e501,device_id,dev_2ea183e501,CUST_PREMIUM_001632
dev_shared_9394d86c4,device_id,dev_shared_9394d86c4,CUST_PREMIUM_001632
CUST_PREMIUM_001633,cust_id,CUST_PREMIUM_001633,CUST_PREMIUM_001633
olivia.murphy50@summitmail.net,email,olivia.murphy50@summitmail.net,CUST_PREMIUM_001633
+1 (312) 506-5808,phone,+1 (312) 506-5808,CUST_PREMIUM_001633
9522,card_last4,Card *9522,CUST_PREMIUM_001633
ck_189ab70b12,cookie,ck_189ab70b12,CUST_PREMIUM_001633
dev_b23b83d951,device_id,dev_b23b83d951,CUST_PREMIUM_001633
CUST_PREMIUM_001634,cust_id,CUST_PREMIUM_001634,CUST_PREMIUM_001634
cooper.nathan@northstar.org,email,cooper.nathan@northstar.org,CUST_PREMIUM_001634
+1 (305) 576-3727,phone,+1 (305) 576-3727,CUST_PREMIUM_001634
1304,card_last4,Card *1304,CUST_PREMIUM_001634
ck_04c37a25e5,cookie,ck_04c37a25e5,CUST_PREMIUM_001634
dev_ae78c7d926,device_id,dev_ae78c7d926,CUST_PREMIUM_001634
dev_shared_e4580289f,device_id,dev_shared_e4580289f,CUST_PREMIUM_001634
CUST_PREMIUM_001635,cust_id,CUST_PREMIUM_001635,CUST_PREMIUM_001635
samuel.walker@harbor.example,email,samuel.walker@harbor.example,CUST_PREMIUM_001635
+1 (415) 591-1646,phone,+1 (415) 591-1646,CUST_PREMIUM_001635
3946,card_last4,Card *3946,CUST_PREMIUM_001635
ck_a27a15d06c,cookie,ck_a27a15d06c,CUST_PREMIUM_001635
dev_2ed52ad013,device_id,dev_2ed52ad013,CUST_PREMIUM_001635
CUST_PREMIUM_001636,cust_id,CUST_PREMIUM_001636,CUST_PREMIUM_001636
hiro.adams53@vectorlabs.co,email,hiro.adams53@vectorlabs.co,CUST_PREMIUM_001636
+1 (415) 628-9565,phone,+1 (415) 628-9565,CUST_PREMIUM_001636
1486,card_last4,Card *1486,CUST_PREMIUM_001636
ck_502cdbdbed,cookie,ck_502cdbdbed,CUST_PREMIUM_001636
ck_cbe42c2773,cookie,ck_cbe42c2773,CUST_PREMIUM_001636
dev_5afe3611ae,device_id,dev_5afe3611ae,CUST_PREMIUM_001636
CUST_PREMIUM_001637,cust_id,CUST_PREMIUM_001637,CUST_PREMIUM_001637
young.harper@summitmail.net,email,young.harper@summitmail.net,CUST_PREMIUM_001637
+1 (212) 632-7484,phone,+1 (212) 632-7484,CUST_PREMIUM_001637
1891,card_last4,Card *1891,CUST_PREMIUM_001637
ck_73d6b2dd40,cookie,ck_73d6b2dd40,CUST_PREMIUM_001637
ck_418b7ed4b1,cookie,ck_418b7ed4b1,CUST_PREMIUM_001637
dev_a0b4f84f0d,device_id,dev_a0b4f84f0d,CUST_PREMIUM_001637
CUST_PREMIUM_001638,cust_id,CUST_PREMIUM_001638,CUST_PREMIUM_001638
adrian.sato@summitmail.net,email,adrian.sato@summitmail.net,CUST_PREMIUM_001638
+1 (415) 702-5403,phone,+1 (415) 702-5403,CUST_PREMIUM_001638
8208,card_last4,Card *8208,CUST_PREMIUM_001638
ck_bd6b541df7,cookie,ck_bd6b541df7,CUST_PREMIUM_001638
dev_5475a37bd3,device_id,dev_5475a37bd3,CUST_PREMIUM_001638
CUST_PREMIUM_001639,cust_id,CUST_PREMIUM_001639,CUST_PREMIUM_001639
lucas.nakamura@northstar.org,email,lucas.nakamura@northstar.org,CUST_PREMIUM_001639
+1 (212) 706-3322,phone,+1 (212) 706-3322,CUST_PREMIUM_001639
3900,card_last4,Card *3900,CUST_PREMIUM_001639
ck_432a32a67b,cookie,ck_432a32a67b,CUST_PREMIUM_001639
dev_815da1f120,device_id,dev_815da1f120,CUST_PREMIUM_001639
CUST_PREMIUM_001640,cust_id,CUST_PREMIUM_001640,CUST_PREMIUM_001640
theo.vance@atlasmail.net,email,theo.vance@atlasmail.net,CUST_PREMIUM_001640
+1 (469) 208-1241,phone,+1 (469) 208-1241,CUST_PREMIUM_001640
5934,card_last4,Card *5934,CUST_PREMIUM_001640
ck_cc3ac475fb,cookie,ck_cc3ac475fb,CUST_PREMIUM_001640
ck_c09b4e24d9,cookie,ck_c09b4e24d9,CUST_PREMIUM_001640
dev_d7503dd240,device_id,dev_d7503dd240,CUST_PREMIUM_001640
CUST_PREMIUM_001641,cust_id,CUST_PREMIUM_001641,CUST_PREMIUM_001641
c.diaz@example.com,email,c.diaz@example.com,CUST_PREMIUM_001641
+1 (646) 890-9160,phone,+1 (646) 890-9160,CUST_PREMIUM_001641
3791,card_last4,Card *3791,CUST_PREMIUM_001641
ck_60944be995,cookie,ck_60944be995,CUST_PREMIUM_001641
dev_9e29c7738f,device_id,dev_9e29c7738f,CUST_PREMIUM_001641
CUST_PREMIUM_001642,cust_id,CUST_PREMIUM_001642,CUST_PREMIUM_001642
lewis.hazel@northstar.org,email,lewis.hazel@northstar.org,CUST_PREMIUM_001642
+1 (469) 282-7079,phone,+1 (469) 282-7079,CUST_PREMIUM_001642
2939,card_last4,Card *2939,CUST_PREMIUM_001642
ck_c6aa76bbe1,cookie,ck_c6aa76bbe1,CUST_PREMIUM_001642
ck_c5ccbfe486,cookie,ck_c5ccbfe486,CUST_PREMIUM_001642
ck_2ea1ea3d97,cookie,ck_2ea1ea3d97,CUST_PREMIUM_001642
ck_e94e135d71,cookie,ck_e94e135d71,CUST_PREMIUM_001642
dev_7dee28e242,device_id,dev_7dee28e242,CUST_PREMIUM_001642
CUST_PREMIUM_001643,cust_id,CUST_PREMIUM_001643,CUST_PREMIUM_001643
o.evans@northstar.org,email,o.evans@northstar.org,CUST_PREMIUM_001643
+1 (312) 876-4998,phone,+1 (312) 876-4998,CUST_PREMIUM_001643
0000,card_last4,Card *0000,CUST_PREMIUM_001643
ck_a8f196dd76,cookie,ck_a8f196dd76,CUST_PREMIUM_001643
ck_86be14c257,cookie,ck_86be14c257,CUST_PREMIUM_001643
dev_414be83e1e,device_id,dev_414be83e1e,CUST_PREMIUM_001643
CUST_PREMIUM_001644,cust_id,CUST_PREMIUM_001644,CUST_PREMIUM_001644
banerjee.benjamin@summitmail.net,email,banerjee.benjamin@summitmail.net,CUST_PREMIUM_001644
+1 (310) 202-2917,phone,+1 (310) 202-2917,CUST_PREMIUM_001644
7976,card_last4,Card *7976,CUST_PREMIUM_001644
ck_e456384ea7,cookie,ck_e456384ea7,CUST_PREMIUM_001644
ck_62c1d4057c,cookie,ck_62c1d4057c,CUST_PREMIUM_001644
ck_e99d8ee2fa,cookie,ck_e99d8ee2fa,CUST_PREMIUM_001644
dev_c47355f500,device_id,dev_c47355f500,CUST_PREMIUM_001644
dev_f84c4e561b,device_id,dev_f84c4e561b,CUST_PREMIUM_001644
CUST_PREMIUM_001645,cust_id,CUST_PREMIUM_001645,CUST_PREMIUM_001645
theo.rivera@northstar.org,email,theo.rivera@northstar.org,CUST_PREMIUM_001645
+1 (404) 316-0836,phone,+1 (404) 316-0836,CUST_PREMIUM_001645
7541,card_last4,Card *7541,CUST_PREMIUM_001645
ck_bfbd0aa537,cookie,ck_bfbd0aa537,CUST_PREMIUM_001645
ck_2a75a3e22b,cookie,ck_2a75a3e22b,CUST_PREMIUM_001645
ck_90280d61e2,cookie,ck_90280d61e2,CUST_PREMIUM_001645
ck_4745530050,cookie,ck_4745530050,CUST_PREMIUM_001645
dev_a0d299bc56,device_id,dev_a0d299bc56,CUST_PREMIUM_001645
CUST_PREMIUM_001646,cust_id,CUST_PREMIUM_001646,CUST_PREMIUM_001646
harper.sato63@example.com,email,harper.sato63@example.com,CUST_PREMIUM_001646
+1 (416) 386-8755,phone,+1 (416) 386-8755,CUST_PREMIUM_001646
1266,card_last4,Card *1266,CUST_PREMIUM_001646
ck_37738cbe1d,cookie,ck_37738cbe1d,CUST_PREMIUM_001646
dev_ca542b9767,device_id,dev_ca542b9767,CUST_PREMIUM_001646
CUST_PREMIUM_001647,cust_id,CUST_PREMIUM_001647,CUST_PREMIUM_001647
grace.hernandez@vectorlabs.co,email,grace.hernandez@vectorlabs.co,CUST_PREMIUM_001647
+1 (212) 302-6674,phone,+1 (212) 302-6674,CUST_PREMIUM_001647
9152,card_last4,Card *9152,CUST_PREMIUM_001647
ck_e24e335754,cookie,ck_e24e335754,CUST_PREMIUM_001647
dev_86ffa7b42e,device_id,dev_86ffa7b42e,CUST_PREMIUM_001647
dev_shared_34aecb8f1,device_id,dev_shared_34aecb8f1,CUST_PREMIUM_001647
CUST_PREMIUM_001648,cust_id,CUST_PREMIUM_001648,CUST_PREMIUM_001648
ravi.baker@orchardmail.com,email,ravi.baker@orchardmail.com,CUST_PREMIUM_001648
+1 (312) 361-4593,phone,+1 (312) 361-4593,CUST_PREMIUM_001648
4421,card_last4,Card *4421,CUST_PREMIUM_001648
ck_24fc8f30fc,cookie,ck_24fc8f30fc,CUST_PREMIUM_001648
ck_4351f7388c,cookie,ck_4351f7388c,CUST_PREMIUM_001648
dev_6274b223ee,device_id,dev_6274b223ee,CUST_PREMIUM_001648
CUST_PREMIUM_001649,cust_id,CUST_PREMIUM_001649,CUST_PREMIUM_001649
s.morgan@summitmail.net,email,s.morgan@summitmail.net,CUST_PREMIUM_001649
+1 (310) 387-2512,phone,+1 (310) 387-2512,CUST_PREMIUM_001649
5165,card_last4,Card *5165,CUST_PREMIUM_001649
ck_438f76468c,cookie,ck_438f76468c,CUST_PREMIUM_001649
ck_3ea4bebbd5,cookie,ck_3ea4bebbd5,CUST_PREMIUM_001649
dev_57fb12dffd,device_id,dev_57fb12dffd,CUST_PREMIUM_001649
CUST_PREMIUM_001650,cust_id,CUST_PREMIUM_001650,CUST_PREMIUM_001650
elenacarter@example.com,email,elenacarter@example.com,CUST_PREMIUM_001650
+1 (617) 490-0431,phone,+1 (617) 490-0431,CUST_PREMIUM_001650
4382,card_last4,Card *4382,CUST_PREMIUM_001650
ck_6db36855b2,cookie,ck_6db36855b2,CUST_PREMIUM_001650
ck_d3c048c933,cookie,ck_d3c048c933,CUST_PREMIUM_001650
dev_af91abb105,device_id,dev_af91abb105,CUST_PREMIUM_001650
dev_ebaad34e73,device_id,dev_ebaad34e73,CUST_PREMIUM_001650
CUST_PREMIUM_001651,cust_id,CUST_PREMIUM_001651,CUST_PREMIUM_001651
nakamura.akira@orchardmail.com,email,nakamura.akira@orchardmail.com,CUST_PREMIUM_001651
+1 (214) 494-8350,phone,+1 (214) 494-8350,CUST_PREMIUM_001651
3592,card_last4,Card *3592,CUST_PREMIUM_001651
ck_7a08f34b12,cookie,ck_7a08f34b12,CUST_PREMIUM_001651
dev_0aa8ceecd1,device_id,dev_0aa8ceecd1,CUST_PREMIUM_001651
dev_192260c3d8,device_id,dev_192260c3d8,CUST_PREMIUM_001651
CUST_PREMIUM_001652,cust_id,CUST_PREMIUM_001652,CUST_PREMIUM_001652
harper.ahmed69@capital-demo.org,email,harper.ahmed69@capital-demo.org,CUST_PREMIUM_001652
+1 (305) 542-6269,phone,+1 (305) 542-6269,CUST_PREMIUM_001652
2626,card_last4,Card *2626,CUST_PREMIUM_001652
ck_3133ad2fa9,cookie,ck_3133ad2fa9,CUST_PREMIUM_001652
dev_584cc40c95,device_id,dev_584cc40c95,CUST_PREMIUM_001652
dev_shared_bdff2e4c9,device_id,dev_shared_bdff2e4c9,CUST_PREMIUM_001652
CUST_PREMIUM_001653,cust_id,CUST_PREMIUM_001653,CUST_PREMIUM_001653
brown.arjun@vectorlabs.co,email,brown.arjun@vectorlabs.co,CUST_PREMIUM_001653
+1 (212) 524-4188,phone,+1 (212) 524-4188,CUST_PREMIUM_001653
9645,card_last4,Card *9645,CUST_PREMIUM_001653
ck_09e5c582fa,cookie,ck_09e5c582fa,CUST_PREMIUM_001653
dev_5ed7814e12,device_id,dev_5ed7814e12,CUST_PREMIUM_001653
CUST_PREMIUM_001654,cust_id,CUST_PREMIUM_001654,CUST_PREMIUM_001654
ravi.smith71@vectorlabs.co,email,ravi.smith71@vectorlabs.co,CUST_PREMIUM_001654
+1 (415) 594-2107,phone,+1 (415) 594-2107,CUST_PREMIUM_001654
6136,card_last4,Card *6136,CUST_PREMIUM_001654
ck_9ce47d123d,cookie,ck_9ce47d123d,CUST_PREMIUM_001654
dev_de63d3e53d,device_id,dev_de63d3e53d,CUST_PREMIUM_001654
CUST_PREMIUM_001655,cust_id,CUST_PREMIUM_001655,CUST_PREMIUM_001655
khan.akira@orchardmail.com,email,khan.akira@orchardmail.com,CUST_PREMIUM_001655
+1 (214) 642-0026,phone,+1 (214) 642-0026,CUST_PREMIUM_001655
6828,card_last4,Card *6828,CUST_PREMIUM_001655
ck_978865b2dc,cookie,ck_978865b2dc,CUST_PREMIUM_001655
dev_77fb7f2e80,device_id,dev_77fb7f2e80,CUST_PREMIUM_001655
CUST_PREMIUM_001656,cust_id,CUST_PREMIUM_001656,CUST_PREMIUM_001656
camilareed@bluepeak.co,email,camilareed@bluepeak.co,CUST_PREMIUM_001656
+1 (310) 646-7945,phone,+1 (310) 646-7945,CUST_PREMIUM_001656
7150,card_last4,Card *7150,CUST_PREMIUM_001656
ck_036c8d80d0,cookie,ck_036c8d80d0,CUST_PREMIUM_001656
ck_779b773cf0,cookie,ck_779b773cf0,CUST_PREMIUM_001656
dev_932ec7bcb9,device_id,dev_932ec7bcb9,CUST_PREMIUM_001656
dev_shared_42cde5d55,device_id,dev_shared_42cde5d55,CUST_PREMIUM_001656
CUST_PREMIUM_001657,cust_id,CUST_PREMIUM_001657,CUST_PREMIUM_001657
riyaanderson@harbor.example,email,riyaanderson@harbor.example,CUST_PREMIUM_001657
+1 (305) 727-5864,phone,+1 (305) 727-5864,CUST_PREMIUM_001657
0598,card_last4,Card *0598,CUST_PREMIUM_001657
ck_aafcbe5654,cookie,ck_aafcbe5654,CUST_PREMIUM_001657
dev_e1a3cf5a64,device_id,dev_e1a3cf5a64,CUST_PREMIUM_001657
CUST_PREMIUM_001658,cust_id,CUST_PREMIUM_001658,CUST_PREMIUM_001658
nakamura.ethan@bluepeak.co,email,nakamura.ethan@bluepeak.co,CUST_PREMIUM_001658
+1 (212) 709-3783,phone,+1 (212) 709-3783,CUST_PREMIUM_001658
2259,card_last4,Card *2259,CUST_PREMIUM_001658
ck_f4ccb5901c,cookie,ck_f4ccb5901c,CUST_PREMIUM_001658
dev_f727c83ad2,device_id,dev_f727c83ad2,CUST_PREMIUM_001658
CUST_PREMIUM_001659,cust_id,CUST_PREMIUM_001659,CUST_PREMIUM_001659
eliasnguyen@harbor.example,email,eliasnguyen@harbor.example,CUST_PREMIUM_001659
+1 (212) 746-1702,phone,+1 (212) 746-1702,CUST_PREMIUM_001659
8961,card_last4,Card *8961,CUST_PREMIUM_001659
ck_f00a695c1d,cookie,ck_f00a695c1d,CUST_PREMIUM_001659
ck_52123489f3,cookie,ck_52123489f3,CUST_PREMIUM_001659
ck_dbc7232093,cookie,ck_dbc7232093,CUST_PREMIUM_001659
dev_dfc290ed29,device_id,dev_dfc290ed29,CUST_PREMIUM_001659
CUST_PREMIUM_001660,cust_id,CUST_PREMIUM_001660,CUST_PREMIUM_001660
rafaelhall@bluepeak.co,email,rafaelhall@bluepeak.co,CUST_PREMIUM_001660
+1 (617) 860-9621,phone,+1 (617) 860-9621,CUST_PREMIUM_001660
2235,card_last4,Card *2235,CUST_PREMIUM_001660
ck_b229c38374,cookie,ck_b229c38374,CUST_PREMIUM_001660
dev_269cdc3151,device_id,dev_269cdc3151,CUST_PREMIUM_001660
CUST_PREMIUM_001661,cust_id,CUST_PREMIUM_001661,CUST_PREMIUM_001661
ravi.fernandez@vectorlabs.co,email,ravi.fernandez@vectorlabs.co,CUST_PREMIUM_001661
+1 (312) 842-7540,phone,+1 (312) 842-7540,CUST_PREMIUM_001661
6081,card_last4,Card *6081,CUST_PREMIUM_001661
ck_13092060ce,cookie,ck_13092060ce,CUST_PREMIUM_001661
dev_5565290310,device_id,dev_5565290310,CUST_PREMIUM_001661
CUST_PREMIUM_001662,cust_id,CUST_PREMIUM_001662,CUST_PREMIUM_001662
olivia.walker79@vectorlabs.co,email,olivia.walker79@vectorlabs.co,CUST_PREMIUM_001662
+1 (415) 890-5459,phone,+1 (415) 890-5459,CUST_PREMIUM_001662
4799,card_last4,Card *4799,CUST_PREMIUM_001662
ck_752f203eb8,cookie,ck_752f203eb8,CUST_PREMIUM_001662
dev_7e918a9c59,device_id,dev_7e918a9c59,CUST_PREMIUM_001662
CUST_PREMIUM_001663,cust_id,CUST_PREMIUM_001663,CUST_PREMIUM_001663
white.olivia@capital-demo.org,email,white.olivia@capital-demo.org,CUST_PREMIUM_001663
+1 (917) 337-3378,phone,+1 (917) 337-3378,CUST_PREMIUM_001663
7247,card_last4,Card *7247,CUST_PREMIUM_001663
ck_96e7012157,cookie,ck_96e7012157,CUST_PREMIUM_001663
dev_994e21d349,device_id,dev_994e21d349,CUST_PREMIUM_001663
CUST_PREMIUM_001664,cust_id,CUST_PREMIUM_001664,CUST_PREMIUM_001664
wright.amelia@bluepeak.co,email,wright.amelia@bluepeak.co,CUST_PREMIUM_001664
+1 (305) 286-1297,phone,+1 (305) 286-1297,CUST_PREMIUM_001664
3466,card_last4,Card *3466,CUST_PREMIUM_001664
ck_9814735446,cookie,ck_9814735446,CUST_PREMIUM_001664
ck_4288d8d241,cookie,ck_4288d8d241,CUST_PREMIUM_001664
dev_2f2e667598,device_id,dev_2f2e667598,CUST_PREMIUM_001664
CUST_PREMIUM_001665,cust_id,CUST_PREMIUM_001665,CUST_PREMIUM_001665
charlotte.jones82@harbor.example,email,charlotte.jones82@harbor.example,CUST_PREMIUM_001665
+1 (305) 323-9216,phone,+1 (305) 323-9216,CUST_PREMIUM_001665
6612,card_last4,Card *6612,CUST_PREMIUM_001665
ck_268febb1e9,cookie,ck_268febb1e9,CUST_PREMIUM_001665
dev_4de0c49076,device_id,dev_4de0c49076,CUST_PREMIUM_001665
CUST_PREMIUM_001666,cust_id,CUST_PREMIUM_001666,CUST_PREMIUM_001666
victoria.williams83@bluepeak.co,email,victoria.williams83@bluepeak.co,CUST_PREMIUM_001666
+1 (206) 371-7135,phone,+1 (206) 371-7135,CUST_PREMIUM_001666
9302,card_last4,Card *9302,CUST_PREMIUM_001666
ck_b942d4b082,cookie,ck_b942d4b082,CUST_PREMIUM_001666
ck_f6067ee5fd,cookie,ck_f6067ee5fd,CUST_PREMIUM_001666
dev_81a16fe7c8,device_id,dev_81a16fe7c8,CUST_PREMIUM_001666
CUST_PREMIUM_001667,cust_id,CUST_PREMIUM_001667,CUST_PREMIUM_001667
rei.reed@summitmail.net,email,rei.reed@summitmail.net,CUST_PREMIUM_001667
+1 (312) 364-5054,phone,+1 (312) 364-5054,CUST_PREMIUM_001667
3604,card_last4,Card *3604,CUST_PREMIUM_001667
ck_ab95ab32fa,cookie,ck_ab95ab32fa,CUST_PREMIUM_001667
dev_5ddfbd77c4,device_id,dev_5ddfbd77c4,CUST_PREMIUM_001667
CUST_PREMIUM_001668,cust_id,CUST_PREMIUM_001668,CUST_PREMIUM_001668
emma.jones@capital-demo.org,email,emma.jones@capital-demo.org,CUST_PREMIUM_001668
+1 (305) 434-2973,phone,+1 (305) 434-2973,CUST_PREMIUM_001668
4858,card_last4,Card *4858,CUST_PREMIUM_001668
ck_d5024cc81f,cookie,ck_d5024cc81f,CUST_PREMIUM_001668
dev_d1fd8bc07a,device_id,dev_d1fd8bc07a,CUST_PREMIUM_001668
dev_d3caec37a5,device_id,dev_d3caec37a5,CUST_PREMIUM_001668
dev_shared_1b646cb95,device_id,dev_shared_1b646cb95,CUST_PREMIUM_001668
CUST_PREMIUM_001669,cust_id,CUST_PREMIUM_001669,CUST_PREMIUM_001669
oliviamurphy@summitmail.net,email,oliviamurphy@summitmail.net,CUST_PREMIUM_001669
+1 (212) 416-0892,phone,+1 (212) 416-0892,CUST_PREMIUM_001669
2146,card_last4,Card *2146,CUST_PREMIUM_001669
ck_ddf2270583,cookie,ck_ddf2270583,CUST_PREMIUM_001669
dev_ea68fdcc3b,device_id,dev_ea68fdcc3b,CUST_PREMIUM_001669
CUST_PREMIUM_001670,cust_id,CUST_PREMIUM_001670,CUST_PREMIUM_001670
noah.vance@bluepeak.co,email,noah.vance@bluepeak.co,CUST_PREMIUM_001670
+1 (312) 475-8811,phone,+1 (312) 475-8811,CUST_PREMIUM_001670
5742,card_last4,Card *5742,CUST_PREMIUM_001670
ck_b467619f69,cookie,ck_b467619f69,CUST_PREMIUM_001670
ck_d236f0a0b2,cookie,ck_d236f0a0b2,CUST_PREMIUM_001670
dev_f131decbb5,device_id,dev_f131decbb5,CUST_PREMIUM_001670
CUST_PREMIUM_001671,cust_id,CUST_PREMIUM_001671,CUST_PREMIUM_001671
amelia.young@bluepeak.co,email,amelia.young@bluepeak.co,CUST_PREMIUM_001671
+1 (646) 600-6730,phone,+1 (646) 600-6730,CUST_PREMIUM_001671
3527,card_last4,Card *3527,CUST_PREMIUM_001671
ck_6927605604,cookie,ck_6927605604,CUST_PREMIUM_001671
dev_a95dddba59,device_id,dev_a95dddba59,CUST_PREMIUM_001671
CUST_PREMIUM_001672,cust_id,CUST_PREMIUM_001672,CUST_PREMIUM_001672
ethankim@vectorlabs.co,email,ethankim@vectorlabs.co,CUST_PREMIUM_001672
+1 (310) 538-4649,phone,+1 (310) 538-4649,CUST_PREMIUM_001672
8786,card_last4,Card *8786,CUST_PREMIUM_001672
ck_c39757cedc,cookie,ck_c39757cedc,CUST_PREMIUM_001672
dev_9636dae7f0,device_id,dev_9636dae7f0,CUST_PREMIUM_001672
CUST_PREMIUM_001673,cust_id,CUST_PREMIUM_001673,CUST_PREMIUM_001673
naomilee@harbor.example,email,naomilee@harbor.example,CUST_PREMIUM_001673
+1 (415) 597-2568,phone,+1 (415) 597-2568,CUST_PREMIUM_001673
7706,card_last4,Card *7706,CUST_PREMIUM_001673
ck_cd97bbff5f,cookie,ck_cd97bbff5f,CUST_PREMIUM_001673
dev_363fb20762,device_id,dev_363fb20762,CUST_PREMIUM_001673
CUST_PREMIUM_001674,cust_id,CUST_PREMIUM_001674,CUST_PREMIUM_001674
priyajones@bluepeak.co,email,priyajones@bluepeak.co,CUST_PREMIUM_001674
+1 (404) 689-0487,phone,+1 (404) 689-0487,CUST_PREMIUM_001674
7070,card_last4,Card *7070,CUST_PREMIUM_001674
ck_8174a54d2b,cookie,ck_8174a54d2b,CUST_PREMIUM_001674
dev_b16b02ffd0,device_id,dev_b16b02ffd0,CUST_PREMIUM_001674
CUST_PREMIUM_001675,cust_id,CUST_PREMIUM_001675,CUST_PREMIUM_001675
a.kapoor@harbor.example,email,a.kapoor@harbor.example,CUST_PREMIUM_001675
+1 (206) 704-8406,phone,+1 (206) 704-8406,CUST_PREMIUM_001675
3530,card_last4,Card *3530,CUST_PREMIUM_001675
ck_5f6a662408,cookie,ck_5f6a662408,CUST_PREMIUM_001675
dev_525c56c150,device_id,dev_525c56c150,CUST_PREMIUM_001675
CUST_PREMIUM_001676,cust_id,CUST_PREMIUM_001676,CUST_PREMIUM_001676
ramirez.omar@capital-demo.org,email,ramirez.omar@capital-demo.org,CUST_PREMIUM_001676
+1 (212) 675-6325,phone,+1 (212) 675-6325,CUST_PREMIUM_001676
9960,card_last4,Card *9960,CUST_PREMIUM_001676
ck_d703604bd7,cookie,ck_d703604bd7,CUST_PREMIUM_001676
dev_a1e41b9e3d,device_id,dev_a1e41b9e3d,CUST_PREMIUM_001676
CUST_PREMIUM_001677,cust_id,CUST_PREMIUM_001677,CUST_PREMIUM_001677
lopez.grace@atlasmail.net,email,lopez.grace@atlasmail.net,CUST_PREMIUM_001677
+1 (305) 767-4244,phone,+1 (305) 767-4244,CUST_PREMIUM_001677
3276,card_last4,Card *3276,CUST_PREMIUM_001677
ck_f4e1926f9b,cookie,ck_f4e1926f9b,CUST_PREMIUM_001677
dev_cd174c8ede,device_id,dev_cd174c8ede,CUST_PREMIUM_001677
dev_shared_efd69d758,device_id,dev_shared_efd69d758,CUST_PREMIUM_001677
CUST_PREMIUM_001678,cust_id,CUST_PREMIUM_001678,CUST_PREMIUM_001678
jonahcooper@northstar.org,email,jonahcooper@northstar.org,CUST_PREMIUM_001678
+1 (718) 203-2163,phone,+1 (718) 203-2163,CUST_PREMIUM_001678
1750,card_last4,Card *1750,CUST_PREMIUM_001678
ck_136478fc37,cookie,ck_136478fc37,CUST_PREMIUM_001678
dev_e72a21f21c,device_id,dev_e72a21f21c,CUST_PREMIUM_001678
CUST_PREMIUM_001679,cust_id,CUST_PREMIUM_001679,CUST_PREMIUM_001679
miller.olivia@atlasmail.net,email,miller.olivia@atlasmail.net,CUST_PREMIUM_001679
+1 (206) 852-0082,phone,+1 (206) 852-0082,CUST_PREMIUM_001679
9740,card_last4,Card *9740,CUST_PREMIUM_001679
ck_a43214dd5a,cookie,ck_a43214dd5a,CUST_PREMIUM_001679
ck_a9bc44ac2f,cookie,ck_a9bc44ac2f,CUST_PREMIUM_001679
dev_cc8e617836,device_id,dev_cc8e617836,CUST_PREMIUM_001679
CUST_PREMIUM_001680,cust_id,CUST_PREMIUM_001680,CUST_PREMIUM_001680
robinson.hazel@orchardmail.com,email,robinson.hazel@orchardmail.com,CUST_PREMIUM_001680
+1 (202) 222-8001,phone,+1 (202) 222-8001,CUST_PREMIUM_001680
9634,card_last4,Card *9634,CUST_PREMIUM_001680
ck_f145e472d2,cookie,ck_f145e472d2,CUST_PREMIUM_001680
ck_23233d9490,cookie,ck_23233d9490,CUST_PREMIUM_001680
dev_83a5ab58f1,device_id,dev_83a5ab58f1,CUST_PREMIUM_001680
dev_shared_2834b010c,device_id,dev_shared_2834b010c,CUST_PREMIUM_001680
CUST_PREMIUM_001681,cust_id,CUST_PREMIUM_001681,CUST_PREMIUM_001681
ananya.evans1@bluepeak.co,email,ananya.evans1@bluepeak.co,CUST_PREMIUM_001681
+1 (646) 270-5920,phone,+1 (646) 270-5920,CUST_PREMIUM_001681
3563,card_last4,Card *3563,CUST_PREMIUM_001681
ck_324e0f5a8c,cookie,ck_324e0f5a8c,CUST_PREMIUM_001681
dev_faa80fe5be,device_id,dev_faa80fe5be,CUST_PREMIUM_001681
CUST_PREMIUM_001682,cust_id,CUST_PREMIUM_001682,CUST_PREMIUM_001682
murphy.ravi@atlasmail.net,email,murphy.ravi@atlasmail.net,CUST_PREMIUM_001682
+1 (310) 208-3839,phone,+1 (310) 208-3839,CUST_PREMIUM_001682
2882,card_last4,Card *2882,CUST_PREMIUM_001682
ck_0aab1d0b2e,cookie,ck_0aab1d0b2e,CUST_PREMIUM_001682
ck_dfc10f9339,cookie,ck_dfc10f9339,CUST_PREMIUM_001682
ck_322796028f,cookie,ck_322796028f,CUST_PREMIUM_001682
ck_5477568ac3,cookie,ck_5477568ac3,CUST_PREMIUM_001682
dev_3b14bf4e94,device_id,dev_3b14bf4e94,CUST_PREMIUM_001682
CUST_PREMIUM_001683,cust_id,CUST_PREMIUM_001683,CUST_PREMIUM_001683
amara.rodriguez3@example.com,email,amara.rodriguez3@example.com,CUST_PREMIUM_001683
+1 (212) 234-1758,phone,+1 (212) 234-1758,CUST_PREMIUM_001683
9717,card_last4,Card *9717,CUST_PREMIUM_001683
ck_6f3595e37d,cookie,ck_6f3595e37d,CUST_PREMIUM_001683
dev_8188d9f343,device_id,dev_8188d9f343,CUST_PREMIUM_001683
dev_shared_2383424be,device_id,dev_shared_2383424be,CUST_PREMIUM_001683
CUST_PREMIUM_001684,cust_id,CUST_PREMIUM_001684,CUST_PREMIUM_001684
noah.lee4@summitmail.net,email,noah.lee4@summitmail.net,CUST_PREMIUM_001684
+1 (404) 359-9677,phone,+1 (404) 359-9677,CUST_PREMIUM_001684
9010,card_last4,Card *9010,CUST_PREMIUM_001684
ck_825f8d4dda,cookie,ck_825f8d4dda,CUST_PREMIUM_001684
dev_202a589853,device_id,dev_202a589853,CUST_PREMIUM_001684
CUST_PREMIUM_001685,cust_id,CUST_PREMIUM_001685,CUST_PREMIUM_001685
lucas.diaz5@harbor.example,email,lucas.diaz5@harbor.example,CUST_PREMIUM_001685
+1 (312) 330-7596,phone,+1 (312) 330-7596,CUST_PREMIUM_001685
2013,card_last4,Card *2013,CUST_PREMIUM_001685
ck_8a169505ef,cookie,ck_8a169505ef,CUST_PREMIUM_001685
dev_1d834591f1,device_id,dev_1d834591f1,CUST_PREMIUM_001685
CUST_PREMIUM_001686,cust_id,CUST_PREMIUM_001686,CUST_PREMIUM_001686
murphy.akira@orchardmail.com,email,murphy.akira@orchardmail.com,CUST_PREMIUM_001686
+1 (212) 345-5515,phone,+1 (212) 345-5515,CUST_PREMIUM_001686
3650,card_last4,Card *3650,CUST_PREMIUM_001686
ck_a5fc3f8998,cookie,ck_a5fc3f8998,CUST_PREMIUM_001686
ck_4eaf47db9d,cookie,ck_4eaf47db9d,CUST_PREMIUM_001686
ck_e3fc4628ca,cookie,ck_e3fc4628ca,CUST_PREMIUM_001686
ck_6e3de58fe0,cookie,ck_6e3de58fe0,CUST_PREMIUM_001686
ck_2a8b8ee0a3,cookie,ck_2a8b8ee0a3,CUST_PREMIUM_001686
dev_03d5c2a0f5,device_id,dev_03d5c2a0f5,CUST_PREMIUM_001686
CUST_PREMIUM_001687,cust_id,CUST_PREMIUM_001687,CUST_PREMIUM_001687
dev.ramirez7@example.com,email,dev.ramirez7@example.com,CUST_PREMIUM_001687
+1 (917) 525-3434,phone,+1 (917) 525-3434,CUST_PREMIUM_001687
2684,card_last4,Card *2684,CUST_PREMIUM_001687
ck_28047b7d1b,cookie,ck_28047b7d1b,CUST_PREMIUM_001687
ck_5aad44a9ad,cookie,ck_5aad44a9ad,CUST_PREMIUM_001687
dev_f7598bfc2f,device_id,dev_f7598bfc2f,CUST_PREMIUM_001687
CUST_PREMIUM_001688,cust_id,CUST_PREMIUM_001688,CUST_PREMIUM_001688
hiro.evans@example.com,email,hiro.evans@example.com,CUST_PREMIUM_001688
+1 (650) 551-1353,phone,+1 (650) 551-1353,CUST_PREMIUM_001688
4766,card_last4,Card *4766,CUST_PREMIUM_001688
ck_712d78863a,cookie,ck_712d78863a,CUST_PREMIUM_001688
ck_361b31adc0,cookie,ck_361b31adc0,CUST_PREMIUM_001688
dev_9be65c3806,device_id,dev_9be65c3806,CUST_PREMIUM_001688
dev_e63b38c481,device_id,dev_e63b38c481,CUST_PREMIUM_001688
dev_shared_34335eed8,device_id,dev_shared_34335eed8,CUST_PREMIUM_001688
CUST_PREMIUM_001689,cust_id,CUST_PREMIUM_001689,CUST_PREMIUM_001689
alejandro.morgan@northstar.org,email,alejandro.morgan@northstar.org,CUST_PREMIUM_001689
+1 (617) 533-9272,phone,+1 (617) 533-9272,CUST_PREMIUM_001689
7686,card_last4,Card *7686,CUST_PREMIUM_001689
ck_3acb5450d2,cookie,ck_3acb5450d2,CUST_PREMIUM_001689
dev_8b2ef5c370,device_id,dev_8b2ef5c370,CUST_PREMIUM_001689
CUST_PREMIUM_001690,cust_id,CUST_PREMIUM_001690,CUST_PREMIUM_001690
liamclark@example.com,email,liamclark@example.com,CUST_PREMIUM_001690
+1 (469) 658-7191,phone,+1 (469) 658-7191,CUST_PREMIUM_001690
7148,card_last4,Card *7148,CUST_PREMIUM_001690
ck_737a66f5d8,cookie,ck_737a66f5d8,CUST_PREMIUM_001690
dev_956cfe153d,device_id,dev_956cfe153d,CUST_PREMIUM_001690
CUST_PREMIUM_001691,cust_id,CUST_PREMIUM_001691,CUST_PREMIUM_001691
isabella.reed11@vectorlabs.co,email,isabella.reed11@vectorlabs.co,CUST_PREMIUM_001691
+1 (214) 574-5110,phone,+1 (214) 574-5110,CUST_PREMIUM_001691
6762,card_last4,Card *6762,CUST_PREMIUM_001691
ck_d78c50d0e5,cookie,ck_d78c50d0e5,CUST_PREMIUM_001691
ck_b0bc0ca59d,cookie,ck_b0bc0ca59d,CUST_PREMIUM_001691
dev_90588c8c77,device_id,dev_90588c8c77,CUST_PREMIUM_001691
CUST_PREMIUM_001692,cust_id,CUST_PREMIUM_001692,CUST_PREMIUM_001692
nguyen.emma@atlasmail.net,email,nguyen.emma@atlasmail.net,CUST_PREMIUM_001692
+1 (212) 567-3029,phone,+1 (212) 567-3029,CUST_PREMIUM_001692
2009,card_last4,Card *2009,CUST_PREMIUM_001692
ck_95cc7c0f95,cookie,ck_95cc7c0f95,CUST_PREMIUM_001692
dev_1d87dc0da4,device_id,dev_1d87dc0da4,CUST_PREMIUM_001692
CUST_PREMIUM_001693,cust_id,CUST_PREMIUM_001693,CUST_PREMIUM_001693
elias.walker13@bluepeak.co,email,elias.walker13@bluepeak.co,CUST_PREMIUM_001693
+1 (718) 758-0948,phone,+1 (718) 758-0948,CUST_PREMIUM_001693
8716,card_last4,Card *8716,CUST_PREMIUM_001693
ck_d82de2dd47,cookie,ck_d82de2dd47,CUST_PREMIUM_001693
ck_07783ff451,cookie,ck_07783ff451,CUST_PREMIUM_001693
ck_229a168bbe,cookie,ck_229a168bbe,CUST_PREMIUM_001693
dev_435e65759c,device_id,dev_435e65759c,CUST_PREMIUM_001693
dev_967317df6a,device_id,dev_967317df6a,CUST_PREMIUM_001693
CUST_PREMIUM_001694,cust_id,CUST_PREMIUM_001694,CUST_PREMIUM_001694
kumar.miguel@northstar.org,email,kumar.miguel@northstar.org,CUST_PREMIUM_001694
+1 (718) 795-8867,phone,+1 (718) 795-8867,CUST_PREMIUM_001694
8092,card_last4,Card *8092,CUST_PREMIUM_001694
ck_5de5636644,cookie,ck_5de5636644,CUST_PREMIUM_001694
dev_16048259e2,device_id,dev_16048259e2,CUST_PREMIUM_001694
CUST_PREMIUM_001695,cust_id,CUST_PREMIUM_001695,CUST_PREMIUM_001695
kai.johnson15@bluepeak.co,email,kai.johnson15@bluepeak.co,CUST_PREMIUM_001695
+1 (312) 700-6786,phone,+1 (312) 700-6786,CUST_PREMIUM_001695
8350,card_last4,Card *8350,CUST_PREMIUM_001695
ck_070ff85edc,cookie,ck_070ff85edc,CUST_PREMIUM_001695
dev_a75d7fd545,device_id,dev_a75d7fd545,CUST_PREMIUM_001695
CUST_PREMIUM_001696,cust_id,CUST_PREMIUM_001696,CUST_PREMIUM_001696
omar.jackson16@example.com,email,omar.jackson16@example.com,CUST_PREMIUM_001696
+1 (617) 792-4705,phone,+1 (617) 792-4705,CUST_PREMIUM_001696
1343,card_last4,Card *1343,CUST_PREMIUM_001696
ck_582aeb8491,cookie,ck_582aeb8491,CUST_PREMIUM_001696
ck_45acbcf537,cookie,ck_45acbcf537,CUST_PREMIUM_001696
ck_62646e18e8,cookie,ck_62646e18e8,CUST_PREMIUM_001696
dev_ef56fbe1d9,device_id,dev_ef56fbe1d9,CUST_PREMIUM_001696
CUST_PREMIUM_001697,cust_id,CUST_PREMIUM_001697,CUST_PREMIUM_001697
chloe.robinson@northstar.org,email,chloe.robinson@northstar.org,CUST_PREMIUM_001697
+1 (646) 862-2624,phone,+1 (646) 862-2624,CUST_PREMIUM_001697
3748,card_last4,Card *3748,CUST_PREMIUM_001697
ck_db7c0eaff9,cookie,ck_db7c0eaff9,CUST_PREMIUM_001697
ck_b28c36c2c6,cookie,ck_b28c36c2c6,CUST_PREMIUM_001697
dev_d5ae868050,device_id,dev_d5ae868050,CUST_PREMIUM_001697
dev_4093d7b751,device_id,dev_4093d7b751,CUST_PREMIUM_001697
CUST_PREMIUM_001698,cust_id,CUST_PREMIUM_001698,CUST_PREMIUM_001698
n.evans@orchardmail.com,email,n.evans@orchardmail.com,CUST_PREMIUM_001698
+1 (646) 899-0543,phone,+1 (646) 899-0543,CUST_PREMIUM_001698
4290,card_last4,Card *4290,CUST_PREMIUM_001698
ck_8f16ef3f6a,cookie,ck_8f16ef3f6a,CUST_PREMIUM_001698
dev_fda4316e79,device_id,dev_fda4316e79,CUST_PREMIUM_001698
CUST_PREMIUM_001699,cust_id,CUST_PREMIUM_001699,CUST_PREMIUM_001699
jackfernandez@harbor.example,email,jackfernandez@harbor.example,CUST_PREMIUM_001699
+1 (404) 214-8462,phone,+1 (404) 214-8462,CUST_PREMIUM_001699
9667,card_last4,Card *9667,CUST_PREMIUM_001699
ck_b74a3f021f,cookie,ck_b74a3f021f,CUST_PREMIUM_001699
dev_f5562bb7a6,device_id,dev_f5562bb7a6,CUST_PREMIUM_001699
CUST_PREMIUM_001700,cust_id,CUST_PREMIUM_001700,CUST_PREMIUM_001700
zara.sato@capital-demo.org,email,zara.sato@capital-demo.org,CUST_PREMIUM_001700
+1 (310) 874-6381,phone,+1 (310) 874-6381,CUST_PREMIUM_001700
7608,card_last4,Card *7608,CUST_PREMIUM_001700
ck_bc6ba48e58,cookie,ck_bc6ba48e58,CUST_PREMIUM_001700
ck_3630e12a69,cookie,ck_3630e12a69,CUST_PREMIUM_001700
ck_6e0e53c58c,cookie,ck_6e0e53c58c,CUST_PREMIUM_001700
ck_1cd5cafdf1,cookie,ck_1cd5cafdf1,CUST_PREMIUM_001700
dev_85e3df25d4,device_id,dev_85e3df25d4,CUST_PREMIUM_001700
CUST_PREMIUM_001701,cust_id,CUST_PREMIUM_001701,CUST_PREMIUM_001701
hannahmorgan@example.com,email,hannahmorgan@example.com,CUST_PREMIUM_001701
+1 (718) 354-4300,phone,+1 (718) 354-4300,CUST_PREMIUM_001701
7439,card_last4,Card *7439,CUST_PREMIUM_001701
ck_7fae350360,cookie,ck_7fae350360,CUST_PREMIUM_001701
ck_262ee5932f,cookie,ck_262ee5932f,CUST_PREMIUM_001701
dev_8b15908692,device_id,dev_8b15908692,CUST_PREMIUM_001701
dev_48c4ac2c45,device_id,dev_48c4ac2c45,CUST_PREMIUM_001701
CUST_PREMIUM_001702,cust_id,CUST_PREMIUM_001702,CUST_PREMIUM_001702
elias.nakamura22@harbor.example,email,elias.nakamura22@harbor.example,CUST_PREMIUM_001702
+1 (305) 292-2219,phone,+1 (305) 292-2219,CUST_PREMIUM_001702
9917,card_last4,Card *9917,CUST_PREMIUM_001702
ck_4fdad3bbc2,cookie,ck_4fdad3bbc2,CUST_PREMIUM_001702
ck_f7eb120bf3,cookie,ck_f7eb120bf3,CUST_PREMIUM_001702
dev_5308b63c2c,device_id,dev_5308b63c2c,CUST_PREMIUM_001702
CUST_PREMIUM_001703,cust_id,CUST_PREMIUM_001703,CUST_PREMIUM_001703
jonah.johnson23@orchardmail.com,email,jonah.johnson23@orchardmail.com,CUST_PREMIUM_001703
+1 (212) 274-0138,phone,+1 (212) 274-0138,CUST_PREMIUM_001703
4952,card_last4,Card *4952,CUST_PREMIUM_001703
ck_f78b100fcd,cookie,ck_f78b100fcd,CUST_PREMIUM_001703
ck_1524bf7a35,cookie,ck_1524bf7a35,CUST_PREMIUM_001703
dev_c414888cc6,device_id,dev_c414888cc6,CUST_PREMIUM_001703
CUST_PREMIUM_001704,cust_id,CUST_PREMIUM_001704,CUST_PREMIUM_001704
nathanrodriguez@summitmail.net,email,nathanrodriguez@summitmail.net,CUST_PREMIUM_001704
+1 (469) 476-8057,phone,+1 (469) 476-8057,CUST_PREMIUM_001704
1796,card_last4,Card *1796,CUST_PREMIUM_001704
ck_1b9543d56f,cookie,ck_1b9543d56f,CUST_PREMIUM_001704
dev_f5702fd63f,device_id,dev_f5702fd63f,CUST_PREMIUM_001704
CUST_PREMIUM_001705,cust_id,CUST_PREMIUM_001705,CUST_PREMIUM_001705
k.cooper@bluepeak.co,email,k.cooper@bluepeak.co,CUST_PREMIUM_001705
+1 (206) 414-5976,phone,+1 (206) 414-5976,CUST_PREMIUM_001705
1290,card_last4,Card *1290,CUST_PREMIUM_001705
ck_7e8e1f1ec4,cookie,ck_7e8e1f1ec4,CUST_PREMIUM_001705
ck_9c4087fbc9,cookie,ck_9c4087fbc9,CUST_PREMIUM_001705
dev_1fccb9654d,device_id,dev_1fccb9654d,CUST_PREMIUM_001705
dev_shared_dd6a7e583,device_id,dev_shared_dd6a7e583,CUST_PREMIUM_001705
CUST_PREMIUM_001706,cust_id,CUST_PREMIUM_001706,CUST_PREMIUM_001706
rossi.aisha@capital-demo.org,email,rossi.aisha@capital-demo.org,CUST_PREMIUM_001706
+1 (416) 506-3895,phone,+1 (416) 506-3895,CUST_PREMIUM_001706
6724,card_last4,Card *6724,CUST_PREMIUM_001706
ck_f014fcb1e0,cookie,ck_f014fcb1e0,CUST_PREMIUM_001706
ck_780fe2ca54,cookie,ck_780fe2ca54,CUST_PREMIUM_001706
dev_d6a8c4938a,device_id,dev_d6a8c4938a,CUST_PREMIUM_001706
CUST_PREMIUM_001707,cust_id,CUST_PREMIUM_001707,CUST_PREMIUM_001707
kabir.walker@example.com,email,kabir.walker@example.com,CUST_PREMIUM_001707
+1 (214) 466-1814,phone,+1 (214) 466-1814,CUST_PREMIUM_001707
9038,card_last4,Card *9038,CUST_PREMIUM_001707
ck_6bb6e3c15b,cookie,ck_6bb6e3c15b,CUST_PREMIUM_001707
ck_22f3c5dd07,cookie,ck_22f3c5dd07,CUST_PREMIUM_001707
dev_4114fec62d,device_id,dev_4114fec62d,CUST_PREMIUM_001707
CUST_PREMIUM_001708,cust_id,CUST_PREMIUM_001708,CUST_PREMIUM_001708
r.vance@orchardmail.com,email,r.vance@orchardmail.com,CUST_PREMIUM_001708
+1 (416) 580-9733,phone,+1 (416) 580-9733,CUST_PREMIUM_001708
3739,card_last4,Card *3739,CUST_PREMIUM_001708
ck_24ff4fa5b3,cookie,ck_24ff4fa5b3,CUST_PREMIUM_001708
ck_2f442f9527,cookie,ck_2f442f9527,CUST_PREMIUM_001708
ck_5b1d96c435,cookie,ck_5b1d96c435,CUST_PREMIUM_001708
ck_e02b192622,cookie,ck_e02b192622,CUST_PREMIUM_001708
dev_d9c6605fc2,device_id,dev_d9c6605fc2,CUST_PREMIUM_001708
dev_shared_66f405ba4,device_id,dev_shared_66f405ba4,CUST_PREMIUM_001708
CUST_PREMIUM_001709,cust_id,CUST_PREMIUM_001709,CUST_PREMIUM_001709
jasmine.patel@capital-demo.org,email,jasmine.patel@capital-demo.org,CUST_PREMIUM_001709
+1 (212) 496-7652,phone,+1 (212) 496-7652,CUST_PREMIUM_001709
0643,card_last4,Card *0643,CUST_PREMIUM_001709
ck_c44e4664a2,cookie,ck_c44e4664a2,CUST_PREMIUM_001709
dev_08c1e3c72e,device_id,dev_08c1e3c72e,CUST_PREMIUM_001709
CUST_PREMIUM_001710,cust_id,CUST_PREMIUM_001710,CUST_PREMIUM_001710
jasmine.hall@vectorlabs.co,email,jasmine.hall@vectorlabs.co,CUST_PREMIUM_001710
+1 (650) 665-5571,phone,+1 (650) 665-5571,CUST_PREMIUM_001710
5832,card_last4,Card *5832,CUST_PREMIUM_001710
ck_76567b7c3b,cookie,ck_76567b7c3b,CUST_PREMIUM_001710
ck_229289af7d,cookie,ck_229289af7d,CUST_PREMIUM_001710
dev_ee3880772f,device_id,dev_ee3880772f,CUST_PREMIUM_001710
dev_e13cbf5783,device_id,dev_e13cbf5783,CUST_PREMIUM_001710
dev_shared_2967dfed7,device_id,dev_shared_2967dfed7,CUST_PREMIUM_001710
CUST_PREMIUM_001711,cust_id,CUST_PREMIUM_001711,CUST_PREMIUM_001711
j.shah@atlasmail.net,email,j.shah@atlasmail.net,CUST_PREMIUM_001711
+1 (212) 570-3490,phone,+1 (212) 570-3490,CUST_PREMIUM_001711
4187,card_last4,Card *4187,CUST_PREMIUM_001711
ck_2972f1e4d7,cookie,ck_2972f1e4d7,CUST_PREMIUM_001711
dev_198c7455c4,device_id,dev_198c7455c4,CUST_PREMIUM_001711
dev_shared_3d04316b7,device_id,dev_shared_3d04316b7,CUST_PREMIUM_001711
CUST_PREMIUM_001712,cust_id,CUST_PREMIUM_001712,CUST_PREMIUM_001712
hannahfernandez@capital-demo.org,email,hannahfernandez@capital-demo.org,CUST_PREMIUM_001712
+1 (415) 640-1409,phone,+1 (415) 640-1409,CUST_PREMIUM_001712
4487,card_last4,Card *4487,CUST_PREMIUM_001712
ck_41ce116fdd,cookie,ck_41ce116fdd,CUST_PREMIUM_001712
ck_a798cd783a,cookie,ck_a798cd783a,CUST_PREMIUM_001712
ck_5ec0c4d133,cookie,ck_5ec0c4d133,CUST_PREMIUM_001712
ck_bfc3405cf8,cookie,ck_bfc3405cf8,CUST_PREMIUM_001712
ck_8e30a20baa,cookie,ck_8e30a20baa,CUST_PREMIUM_001712
dev_f334f677aa,device_id,dev_f334f677aa,CUST_PREMIUM_001712
dev_shared_4259fe9f8,device_id,dev_shared_4259fe9f8,CUST_PREMIUM_001712
CUST_PREMIUM_001713,cust_id,CUST_PREMIUM_001713,CUST_PREMIUM_001713
james.kumar33@example.com,email,james.kumar33@example.com,CUST_PREMIUM_001713
+1 (212) 644-9328,phone,+1 (212) 644-9328,CUST_PREMIUM_001713
7509,card_last4,Card *7509,CUST_PREMIUM_001713
ck_65ab4f3df6,cookie,ck_65ab4f3df6,CUST_PREMIUM_001713
dev_f5194b7667,device_id,dev_f5194b7667,CUST_PREMIUM_001713
CUST_PREMIUM_001714,cust_id,CUST_PREMIUM_001714,CUST_PREMIUM_001714
l.evans@vectorlabs.co,email,l.evans@vectorlabs.co,CUST_PREMIUM_001714
+1 (214) 725-7247,phone,+1 (214) 725-7247,CUST_PREMIUM_001714
2557,card_last4,Card *2557,CUST_PREMIUM_001714
ck_24c718f519,cookie,ck_24c718f519,CUST_PREMIUM_001714
ck_34124dfb25,cookie,ck_34124dfb25,CUST_PREMIUM_001714
dev_30fa6b1011,device_id,dev_30fa6b1011,CUST_PREMIUM_001714
CUST_PREMIUM_001715,cust_id,CUST_PREMIUM_001715,CUST_PREMIUM_001715
r.campbell@vectorlabs.co,email,r.campbell@vectorlabs.co,CUST_PREMIUM_001715
+1 (206) 784-5166,phone,+1 (206) 784-5166,CUST_PREMIUM_001715
8917,card_last4,Card *8917,CUST_PREMIUM_001715
ck_805039f9a9,cookie,ck_805039f9a9,CUST_PREMIUM_001715
dev_7a011fc77b,device_id,dev_7a011fc77b,CUST_PREMIUM_001715
CUST_PREMIUM_001716,cust_id,CUST_PREMIUM_001716,CUST_PREMIUM_001716
akira.ito@summitmail.net,email,akira.ito@summitmail.net,CUST_PREMIUM_001716
+1 (469) 220-3085,phone,+1 (469) 220-3085,CUST_PREMIUM_001716
0051,card_last4,Card *0051,CUST_PREMIUM_001716
ck_b1406834d2,cookie,ck_b1406834d2,CUST_PREMIUM_001716
ck_84d7f06349,cookie,ck_84d7f06349,CUST_PREMIUM_001716
dev_7e2cfefc5d,device_id,dev_7e2cfefc5d,CUST_PREMIUM_001716
dev_shared_66f405ba4,device_id,dev_shared_66f405ba4,CUST_PREMIUM_001716
CUST_PREMIUM_001717,cust_id,CUST_PREMIUM_001717,CUST_PREMIUM_001717
zararodriguez@northstar.org,email,zararodriguez@northstar.org,CUST_PREMIUM_001717
+1 (617) 869-1004,phone,+1 (617) 869-1004,CUST_PREMIUM_001717
3967,card_last4,Card *3967,CUST_PREMIUM_001717
ck_a784a6aa05,cookie,ck_a784a6aa05,CUST_PREMIUM_001717
dev_ab60da06d9,device_id,dev_ab60da06d9,CUST_PREMIUM_001717
dev_e571c330b4,device_id,dev_e571c330b4,CUST_PREMIUM_001717
CUST_PREMIUM_001718,cust_id,CUST_PREMIUM_001718,CUST_PREMIUM_001718
ethan.walker38@harbor.example,email,ethan.walker38@harbor.example,CUST_PREMIUM_001718
+1 (718) 283-8923,phone,+1 (718) 283-8923,CUST_PREMIUM_001718
3922,card_last4,Card *3922,CUST_PREMIUM_001718
ck_b9be37397b,cookie,ck_b9be37397b,CUST_PREMIUM_001718
ck_4ace6df6ba,cookie,ck_4ace6df6ba,CUST_PREMIUM_001718
ck_8a568c8f7a,cookie,ck_8a568c8f7a,CUST_PREMIUM_001718
dev_c270666cb8,device_id,dev_c270666cb8,CUST_PREMIUM_001718
CUST_PREMIUM_001719,cust_id,CUST_PREMIUM_001719,CUST_PREMIUM_001719
r.walker@atlasmail.net,email,r.walker@atlasmail.net,CUST_PREMIUM_001719
+1 (617) 243-6842,phone,+1 (617) 243-6842,CUST_PREMIUM_001719
5785,card_last4,Card *5785,CUST_PREMIUM_001719
ck_ac8e78fc0f,cookie,ck_ac8e78fc0f,CUST_PREMIUM_001719
ck_6e555ee3c4,cookie,ck_6e555ee3c4,CUST_PREMIUM_001719
dev_0d32bb7f74,device_id,dev_0d32bb7f74,CUST_PREMIUM_001719
CUST_PREMIUM_001720,cust_id,CUST_PREMIUM_001720,CUST_PREMIUM_001720
riyamorris@summitmail.net,email,riyamorris@summitmail.net,CUST_PREMIUM_001720
+1 (305) 258-4761,phone,+1 (305) 258-4761,CUST_PREMIUM_001720
7453,card_last4,Card *7453,CUST_PREMIUM_001720
ck_ee564897de,cookie,ck_ee564897de,CUST_PREMIUM_001720
dev_efea872269,device_id,dev_efea872269,CUST_PREMIUM_001720
CUST_PREMIUM_001721,cust_id,CUST_PREMIUM_001721,CUST_PREMIUM_001721
i.lee@northstar.org,email,i.lee@northstar.org,CUST_PREMIUM_001721
+1 (312) 262-2680,phone,+1 (312) 262-2680,CUST_PREMIUM_001721
4409,card_last4,Card *4409,CUST_PREMIUM_001721
ck_13b093bfca,cookie,ck_13b093bfca,CUST_PREMIUM_001721
ck_1deaea03d0,cookie,ck_1deaea03d0,CUST_PREMIUM_001721
dev_366c2e4dcd,device_id,dev_366c2e4dcd,CUST_PREMIUM_001721
CUST_PREMIUM_001722,cust_id,CUST_PREMIUM_001722,CUST_PREMIUM_001722
adrian.sato@example.com,email,adrian.sato@example.com,CUST_PREMIUM_001722
+1 (650) 409-0599,phone,+1 (650) 409-0599,CUST_PREMIUM_001722
9603,card_last4,Card *9603,CUST_PREMIUM_001722
ck_0a777f7220,cookie,ck_0a777f7220,CUST_PREMIUM_001722
dev_85b28beeea,device_id,dev_85b28beeea,CUST_PREMIUM_001722
CUST_PREMIUM_001723,cust_id,CUST_PREMIUM_001723,CUST_PREMIUM_001723
andre.evans43@orchardmail.com,email,andre.evans43@orchardmail.com,CUST_PREMIUM_001723
+1 (312) 336-8518,phone,+1 (312) 336-8518,CUST_PREMIUM_001723
9681,card_last4,Card *9681,CUST_PREMIUM_001723
ck_adfcf4e957,cookie,ck_adfcf4e957,CUST_PREMIUM_001723
dev_1025afcff0,device_id,dev_1025afcff0,CUST_PREMIUM_001723
CUST_PREMIUM_001724,cust_id,CUST_PREMIUM_001724,CUST_PREMIUM_001724
eleanorhernandez@example.com,email,eleanorhernandez@example.com,CUST_PREMIUM_001724
+1 (312) 373-6437,phone,+1 (312) 373-6437,CUST_PREMIUM_001724
7011,card_last4,Card *7011,CUST_PREMIUM_001724
ck_45ce649b2e,cookie,ck_45ce649b2e,CUST_PREMIUM_001724
ck_5790d8a864,cookie,ck_5790d8a864,CUST_PREMIUM_001724
ck_e81108dbb2,cookie,ck_e81108dbb2,CUST_PREMIUM_001724
dev_d2df5f04a6,device_id,dev_d2df5f04a6,CUST_PREMIUM_001724
CUST_PREMIUM_001725,cust_id,CUST_PREMIUM_001725,CUST_PREMIUM_001725
n.johnson@example.com,email,n.johnson@example.com,CUST_PREMIUM_001725
+1 (212) 388-4356,phone,+1 (212) 388-4356,CUST_PREMIUM_001725
8043,card_last4,Card *8043,CUST_PREMIUM_001725
ck_2c0f6aee23,cookie,ck_2c0f6aee23,CUST_PREMIUM_001725
dev_427a230575,device_id,dev_427a230575,CUST_PREMIUM_001725
dev_shared_f65ee373f,device_id,dev_shared_f65ee373f,CUST_PREMIUM_001725
CUST_PREMIUM_001726,cust_id,CUST_PREMIUM_001726,CUST_PREMIUM_001726
isabella.morgan@northstar.org,email,isabella.morgan@northstar.org,CUST_PREMIUM_001726
+1 (310) 436-2275,phone,+1 (310) 436-2275,CUST_PREMIUM_001726
8753,card_last4,Card *8753,CUST_PREMIUM_001726
ck_f862c21e6d,cookie,ck_f862c21e6d,CUST_PREMIUM_001726
dev_8e1d1e6c9a,device_id,dev_8e1d1e6c9a,CUST_PREMIUM_001726
CUST_PREMIUM_001727,cust_id,CUST_PREMIUM_001727,CUST_PREMIUM_001727
diaz.samuel@atlasmail.net,email,diaz.samuel@atlasmail.net,CUST_PREMIUM_001727
+1 (312) 484-0194,phone,+1 (312) 484-0194,CUST_PREMIUM_001727
0200,card_last4,Card *0200,CUST_PREMIUM_001727
ck_e773e6d494,cookie,ck_e773e6d494,CUST_PREMIUM_001727
dev_8834c54ab1,device_id,dev_8834c54ab1,CUST_PREMIUM_001727
CUST_PREMIUM_001728,cust_id,CUST_PREMIUM_001728,CUST_PREMIUM_001728
r.nakamura@bluepeak.co,email,r.nakamura@bluepeak.co,CUST_PREMIUM_001728
+1 (917) 642-8113,phone,+1 (917) 642-8113,CUST_PREMIUM_001728
4656,card_last4,Card *4656,CUST_PREMIUM_001728
ck_1b2770ef9f,cookie,ck_1b2770ef9f,CUST_PREMIUM_001728
ck_997dbe0c34,cookie,ck_997dbe0c34,CUST_PREMIUM_001728
dev_b7c2078cea,device_id,dev_b7c2078cea,CUST_PREMIUM_001728
CUST_PREMIUM_001729,cust_id,CUST_PREMIUM_001729,CUST_PREMIUM_001729
h.hernandez@capital-demo.org,email,h.hernandez@capital-demo.org,CUST_PREMIUM_001729
+1 (617) 613-6032,phone,+1 (617) 613-6032,CUST_PREMIUM_001729
6538,card_last4,Card *6538,CUST_PREMIUM_001729
ck_99c72ba65e,cookie,ck_99c72ba65e,CUST_PREMIUM_001729
ck_5ed3ec592c,cookie,ck_5ed3ec592c,CUST_PREMIUM_001729
dev_172e80340f,device_id,dev_172e80340f,CUST_PREMIUM_001729
CUST_PREMIUM_001730,cust_id,CUST_PREMIUM_001730,CUST_PREMIUM_001730
ethan.banerjee@vectorlabs.co,email,ethan.banerjee@vectorlabs.co,CUST_PREMIUM_001730
+1 (415) 606-3951,phone,+1 (415) 606-3951,CUST_PREMIUM_001730
7545,card_last4,Card *7545,CUST_PREMIUM_001730
ck_d3e049e17d,cookie,ck_d3e049e17d,CUST_PREMIUM_001730
ck_1699a07c1d,cookie,ck_1699a07c1d,CUST_PREMIUM_001730
dev_dcaeb386b0,device_id,dev_dcaeb386b0,CUST_PREMIUM_001730
CUST_PREMIUM_001731,cust_id,CUST_PREMIUM_001731,CUST_PREMIUM_001731
aisha.wang@northstar.org,email,aisha.wang@northstar.org,CUST_PREMIUM_001731
+1 (212) 610-1870,phone,+1 (212) 610-1870,CUST_PREMIUM_001731
6382,card_last4,Card *6382,CUST_PREMIUM_001731
ck_8142a02ebf,cookie,ck_8142a02ebf,CUST_PREMIUM_001731
dev_21e941e32f,device_id,dev_21e941e32f,CUST_PREMIUM_001731
CUST_PREMIUM_001732,cust_id,CUST_PREMIUM_001732,CUST_PREMIUM_001732
baker.kai@atlasmail.net,email,baker.kai@atlasmail.net,CUST_PREMIUM_001732
+1 (305) 702-9789,phone,+1 (305) 702-9789,CUST_PREMIUM_001732
3936,card_last4,Card *3936,CUST_PREMIUM_001732
ck_985358ea80,cookie,ck_985358ea80,CUST_PREMIUM_001732
ck_c928202737,cookie,ck_c928202737,CUST_PREMIUM_001732
ck_f8d9b05d31,cookie,ck_f8d9b05d31,CUST_PREMIUM_001732
ck_2dc25123bf,cookie,ck_2dc25123bf,CUST_PREMIUM_001732
ck_e216e9d2fe,cookie,ck_e216e9d2fe,CUST_PREMIUM_001732
dev_ef68bcd0ca,device_id,dev_ef68bcd0ca,CUST_PREMIUM_001732
CUST_PREMIUM_001733,cust_id,CUST_PREMIUM_001733,CUST_PREMIUM_001733
omarclark@vectorlabs.co,email,omarclark@vectorlabs.co,CUST_PREMIUM_001733
+1 (617) 761-7708,phone,+1 (617) 761-7708,CUST_PREMIUM_001733
3636,card_last4,Card *3636,CUST_PREMIUM_001733
ck_8725544442,cookie,ck_8725544442,CUST_PREMIUM_001733
dev_460d6e530e,device_id,dev_460d6e530e,CUST_PREMIUM_001733
dev_shared_690a81339,device_id,dev_shared_690a81339,CUST_PREMIUM_001733
CUST_PREMIUM_001734,cust_id,CUST_PREMIUM_001734,CUST_PREMIUM_001734
t.wang@harbor.example,email,t.wang@harbor.example,CUST_PREMIUM_001734
+1 (617) 798-5627,phone,+1 (617) 798-5627,CUST_PREMIUM_001734
8076,card_last4,Card *8076,CUST_PREMIUM_001734
ck_368b66a041,cookie,ck_368b66a041,CUST_PREMIUM_001734
ck_c9b69dc6fe,cookie,ck_c9b69dc6fe,CUST_PREMIUM_001734
dev_243338d122,device_id,dev_243338d122,CUST_PREMIUM_001734
CUST_PREMIUM_001735,cust_id,CUST_PREMIUM_001735,CUST_PREMIUM_001735
l.adams@capital-demo.org,email,l.adams@capital-demo.org,CUST_PREMIUM_001735
+1 (617) 835-3546,phone,+1 (617) 835-3546,CUST_PREMIUM_001735
8825,card_last4,Card *8825,CUST_PREMIUM_001735
ck_a12ded1c9c,cookie,ck_a12ded1c9c,CUST_PREMIUM_001735
dev_be651082db,device_id,dev_be651082db,CUST_PREMIUM_001735
CUST_PREMIUM_001736,cust_id,CUST_PREMIUM_001736,CUST_PREMIUM_001736
riya.kim56@bluepeak.co,email,riya.kim56@bluepeak.co,CUST_PREMIUM_001736
+1 (214) 839-1465,phone,+1 (214) 839-1465,CUST_PREMIUM_001736
1881,card_last4,Card *1881,CUST_PREMIUM_001736
ck_196acf74b4,cookie,ck_196acf74b4,CUST_PREMIUM_001736
dev_eef0e222d6,device_id,dev_eef0e222d6,CUST_PREMIUM_001736
CUST_PREMIUM_001737,cust_id,CUST_PREMIUM_001737,CUST_PREMIUM_001737
james.gupta57@orchardmail.com,email,james.gupta57@orchardmail.com,CUST_PREMIUM_001737
+1 (415) 865-9384,phone,+1 (415) 865-9384,CUST_PREMIUM_001737
3689,card_last4,Card *3689,CUST_PREMIUM_001737
ck_7c8b79b941,cookie,ck_7c8b79b941,CUST_PREMIUM_001737
ck_20d9219da1,cookie,ck_20d9219da1,CUST_PREMIUM_001737
ck_737b7763a2,cookie,ck_737b7763a2,CUST_PREMIUM_001737
ck_4c9ba7d9a3,cookie,ck_4c9ba7d9a3,CUST_PREMIUM_001737
dev_9f832946d8,device_id,dev_9f832946d8,CUST_PREMIUM_001737
CUST_PREMIUM_001738,cust_id,CUST_PREMIUM_001738,CUST_PREMIUM_001738
singh.noah@example.com,email,singh.noah@example.com,CUST_PREMIUM_001738
+1 (305) 224-7303,phone,+1 (305) 224-7303,CUST_PREMIUM_001738
3041,card_last4,Card *3041,CUST_PREMIUM_001738
ck_2631f90f03,cookie,ck_2631f90f03,CUST_PREMIUM_001738
dev_0dc7247884,device_id,dev_0dc7247884,CUST_PREMIUM_001738
CUST_PREMIUM_001739,cust_id,CUST_PREMIUM_001739,CUST_PREMIUM_001739
liam.morris59@atlasmail.net,email,liam.morris59@atlasmail.net,CUST_PREMIUM_001739
+1 (310) 217-5222,phone,+1 (310) 217-5222,CUST_PREMIUM_001739
5054,card_last4,Card *5054,CUST_PREMIUM_001739
ck_90636e4d31,cookie,ck_90636e4d31,CUST_PREMIUM_001739
ck_216a05573d,cookie,ck_216a05573d,CUST_PREMIUM_001739
ck_c594674e0f,cookie,ck_c594674e0f,CUST_PREMIUM_001739
dev_d7c9c8c7aa,device_id,dev_d7c9c8c7aa,CUST_PREMIUM_001739
dev_308e84a910,device_id,dev_308e84a910,CUST_PREMIUM_001739
CUST_PREMIUM_001740,cust_id,CUST_PREMIUM_001740,CUST_PREMIUM_001740
nora.reed60@orchardmail.com,email,nora.reed60@orchardmail.com,CUST_PREMIUM_001740
+1 (212) 243-3141,phone,+1 (212) 243-3141,CUST_PREMIUM_001740
6667,card_last4,Card *6667,CUST_PREMIUM_001740
ck_e4df3ddf33,cookie,ck_e4df3ddf33,CUST_PREMIUM_001740
ck_4fe492d145,cookie,ck_4fe492d145,CUST_PREMIUM_001740
dev_9a0f0d1f82,device_id,dev_9a0f0d1f82,CUST_PREMIUM_001740
CUST_PREMIUM_001741,cust_id,CUST_PREMIUM_001741,CUST_PREMIUM_001741
gracebrown@orchardmail.com,email,gracebrown@orchardmail.com,CUST_PREMIUM_001741
+1 (310) 291-1060,phone,+1 (310) 291-1060,CUST_PREMIUM_001741
2602,card_last4,Card *2602,CUST_PREMIUM_001741
ck_8effeb1712,cookie,ck_8effeb1712,CUST_PREMIUM_001741
dev_d794d4ecfe,device_id,dev_d794d4ecfe,CUST_PREMIUM_001741
dev_d428d0760a,device_id,dev_d428d0760a,CUST_PREMIUM_001741
dev_39cb467425,device_id,dev_39cb467425,CUST_PREMIUM_001741
CUST_PREMIUM_001742,cust_id,CUST_PREMIUM_001742,CUST_PREMIUM_001742
amelia.morris62@vectorlabs.co,email,amelia.morris62@vectorlabs.co,CUST_PREMIUM_001742
+1 (206) 383-8979,phone,+1 (206) 383-8979,CUST_PREMIUM_001742
5480,card_last4,Card *5480,CUST_PREMIUM_001742
ck_ee19241225,cookie,ck_ee19241225,CUST_PREMIUM_001742
dev_4e0486864a,device_id,dev_4e0486864a,CUST_PREMIUM_001742
CUST_PREMIUM_001743,cust_id,CUST_PREMIUM_001743,CUST_PREMIUM_001743
jasmine.walker@bluepeak.co,email,jasmine.walker@bluepeak.co,CUST_PREMIUM_001743
+1 (415) 387-6898,phone,+1 (415) 387-6898,CUST_PREMIUM_001743
0456,card_last4,Card *0456,CUST_PREMIUM_001743
ck_a49e534178,cookie,ck_a49e534178,CUST_PREMIUM_001743
dev_4d2c17e166,device_id,dev_4d2c17e166,CUST_PREMIUM_001743
CUST_PREMIUM_001744,cust_id,CUST_PREMIUM_001744,CUST_PREMIUM_001744
f.diaz@summitmail.net,email,f.diaz@summitmail.net,CUST_PREMIUM_001744
+1 (617) 468-4817,phone,+1 (617) 468-4817,CUST_PREMIUM_001744
2174,card_last4,Card *2174,CUST_PREMIUM_001744
ck_ffbd9be362,cookie,ck_ffbd9be362,CUST_PREMIUM_001744
ck_202ae01776,cookie,ck_202ae01776,CUST_PREMIUM_001744
dev_e2a0976d5a,device_id,dev_e2a0976d5a,CUST_PREMIUM_001744
CUST_PREMIUM_001745,cust_id,CUST_PREMIUM_001745,CUST_PREMIUM_001745
r.kapoor@example.com,email,r.kapoor@example.com,CUST_PREMIUM_001745
+1 (404) 516-2736,phone,+1 (404) 516-2736,CUST_PREMIUM_001745
4587,card_last4,Card *4587,CUST_PREMIUM_001745
ck_0606524e31,cookie,ck_0606524e31,CUST_PREMIUM_001745
dev_0047e2458b,device_id,dev_0047e2458b,CUST_PREMIUM_001745
CUST_PREMIUM_001746,cust_id,CUST_PREMIUM_001746,CUST_PREMIUM_001746
l.jackson@summitmail.net,email,l.jackson@summitmail.net,CUST_PREMIUM_001746
+1 (617) 542-0655,phone,+1 (617) 542-0655,CUST_PREMIUM_001746
9395,card_last4,Card *9395,CUST_PREMIUM_001746
ck_3d72faa409,cookie,ck_3d72faa409,CUST_PREMIUM_001746
ck_823f85c5e8,cookie,ck_823f85c5e8,CUST_PREMIUM_001746
ck_30759a1ef4,cookie,ck_30759a1ef4,CUST_PREMIUM_001746
dev_ccda9f5e07,device_id,dev_ccda9f5e07,CUST_PREMIUM_001746
dev_df70de0ce1,device_id,dev_df70de0ce1,CUST_PREMIUM_001746
CUST_PREMIUM_001747,cust_id,CUST_PREMIUM_001747,CUST_PREMIUM_001747
jasmine.campbell@capital-demo.org,email,jasmine.campbell@capital-demo.org,CUST_PREMIUM_001747
+1 (617) 579-8574,phone,+1 (617) 579-8574,CUST_PREMIUM_001747
8073,card_last4,Card *8073,CUST_PREMIUM_001747
ck_c38a294b25,cookie,ck_c38a294b25,CUST_PREMIUM_001747
dev_28df9fe0ad,device_id,dev_28df9fe0ad,CUST_PREMIUM_001747
dev_shared_764df30e1,device_id,dev_shared_764df30e1,CUST_PREMIUM_001747
CUST_PREMIUM_001748,cust_id,CUST_PREMIUM_001748,CUST_PREMIUM_001748
turner.avery@vectorlabs.co,email,turner.avery@vectorlabs.co,CUST_PREMIUM_001748
+1 (212) 539-6493,phone,+1 (212) 539-6493,CUST_PREMIUM_001748
7937,card_last4,Card *7937,CUST_PREMIUM_001748
ck_4caaf5d5c9,cookie,ck_4caaf5d5c9,CUST_PREMIUM_001748
ck_eec8dc8a7d,cookie,ck_eec8dc8a7d,CUST_PREMIUM_001748
dev_e5ddc2f9ac,device_id,dev_e5ddc2f9ac,CUST_PREMIUM_001748
dev_640375bbca,device_id,dev_640375bbca,CUST_PREMIUM_001748
CUST_PREMIUM_001749,cust_id,CUST_PREMIUM_001749,CUST_PREMIUM_001749
jack.turner@capital-demo.org,email,jack.turner@capital-demo.org,CUST_PREMIUM_001749
+1 (206) 642-4412,phone,+1 (206) 642-4412,CUST_PREMIUM_001749
6112,card_last4,Card *6112,CUST_PREMIUM_001749
ck_b4848b7907,cookie,ck_b4848b7907,CUST_PREMIUM_001749
ck_9c0d18a635,cookie,ck_9c0d18a635,CUST_PREMIUM_001749
dev_e8d2067392,device_id,dev_e8d2067392,CUST_PREMIUM_001749
CUST_PREMIUM_001750,cust_id,CUST_PREMIUM_001750,CUST_PREMIUM_001750
gupta.arjun@bluepeak.co,email,gupta.arjun@bluepeak.co,CUST_PREMIUM_001750
+1 (312) 635-2331,phone,+1 (312) 635-2331,CUST_PREMIUM_001750
5026,card_last4,Card *5026,CUST_PREMIUM_001750
ck_af2900ef5a,cookie,ck_af2900ef5a,CUST_PREMIUM_001750
dev_178e7fcab3,device_id,dev_178e7fcab3,CUST_PREMIUM_001750
CUST_PREMIUM_001751,cust_id,CUST_PREMIUM_001751,CUST_PREMIUM_001751
robinson.hannah@summitmail.net,email,robinson.hannah@summitmail.net,CUST_PREMIUM_001751
+1 (646) 760-0250,phone,+1 (646) 760-0250,CUST_PREMIUM_001751
3348,card_last4,Card *3348,CUST_PREMIUM_001751
ck_574b45ead8,cookie,ck_574b45ead8,CUST_PREMIUM_001751
dev_4116542abd,device_id,dev_4116542abd,CUST_PREMIUM_001751
CUST_PREMIUM_001752,cust_id,CUST_PREMIUM_001752,CUST_PREMIUM_001752
maya.adams@bluepeak.co,email,maya.adams@bluepeak.co,CUST_PREMIUM_001752
+1 (202) 786-8169,phone,+1 (202) 786-8169,CUST_PREMIUM_001752
1377,card_last4,Card *1377,CUST_PREMIUM_001752
ck_e0d1c007ee,cookie,ck_e0d1c007ee,CUST_PREMIUM_001752
ck_9456460461,cookie,ck_9456460461,CUST_PREMIUM_001752
dev_08d5075eae,device_id,dev_08d5075eae,CUST_PREMIUM_001752
CUST_PREMIUM_001753,cust_id,CUST_PREMIUM_001753,CUST_PREMIUM_001753
fatima.lopez@orchardmail.com,email,fatima.lopez@orchardmail.com,CUST_PREMIUM_001753
+1 (650) 856-6088,phone,+1 (650) 856-6088,CUST_PREMIUM_001753
0904,card_last4,Card *0904,CUST_PREMIUM_001753
ck_4fc5761161,cookie,ck_4fc5761161,CUST_PREMIUM_001753
dev_14998f3bd5,device_id,dev_14998f3bd5,CUST_PREMIUM_001753
CUST_PREMIUM_001754,cust_id,CUST_PREMIUM_001754,CUST_PREMIUM_001754
smith.hannah@summitmail.net,email,smith.hannah@summitmail.net,CUST_PREMIUM_001754
+1 (310) 772-4007,phone,+1 (310) 772-4007,CUST_PREMIUM_001754
6530,card_last4,Card *6530,CUST_PREMIUM_001754
ck_f560c37772,cookie,ck_f560c37772,CUST_PREMIUM_001754
ck_5bd24fef59,cookie,ck_5bd24fef59,CUST_PREMIUM_001754
dev_f1278fbfb6,device_id,dev_f1278fbfb6,CUST_PREMIUM_001754
CUST_PREMIUM_001755,cust_id,CUST_PREMIUM_001755,CUST_PREMIUM_001755
nikhilcarter@harbor.example,email,nikhilcarter@harbor.example,CUST_PREMIUM_001755
+1 (206) 864-1926,phone,+1 (206) 864-1926,CUST_PREMIUM_001755
0421,card_last4,Card *0421,CUST_PREMIUM_001755
ck_69675af5db,cookie,ck_69675af5db,CUST_PREMIUM_001755
dev_e9a765023d,device_id,dev_e9a765023d,CUST_PREMIUM_001755
dev_8853931a3c,device_id,dev_8853931a3c,CUST_PREMIUM_001755
dev_bba669eb40,device_id,dev_bba669eb40,CUST_PREMIUM_001755
CUST_PREMIUM_001756,cust_id,CUST_PREMIUM_001756,CUST_PREMIUM_001756
jasmine.hernandez@bluepeak.co,email,jasmine.hernandez@bluepeak.co,CUST_PREMIUM_001756
+1 (646) 245-9845,phone,+1 (646) 245-9845,CUST_PREMIUM_001756
8006,card_last4,Card *8006,CUST_PREMIUM_001756
ck_52ecad8391,cookie,ck_52ecad8391,CUST_PREMIUM_001756
dev_18f0a30549,device_id,dev_18f0a30549,CUST_PREMIUM_001756
CUST_PREMIUM_001757,cust_id,CUST_PREMIUM_001757,CUST_PREMIUM_001757
ravi.young@capital-demo.org,email,ravi.young@capital-demo.org,CUST_PREMIUM_001757
+1 (305) 227-7764,phone,+1 (305) 227-7764,CUST_PREMIUM_001757
2878,card_last4,Card *2878,CUST_PREMIUM_001757
ck_2fc087ad02,cookie,ck_2fc087ad02,CUST_PREMIUM_001757
dev_aad4ed118c,device_id,dev_aad4ed118c,CUST_PREMIUM_001757
CUST_PREMIUM_001758,cust_id,CUST_PREMIUM_001758,CUST_PREMIUM_001758
carter.nikhil@summitmail.net,email,carter.nikhil@summitmail.net,CUST_PREMIUM_001758
+1 (214) 253-5683,phone,+1 (214) 253-5683,CUST_PREMIUM_001758
9958,card_last4,Card *9958,CUST_PREMIUM_001758
ck_e1329dd007,cookie,ck_e1329dd007,CUST_PREMIUM_001758
ck_ff82150e5b,cookie,ck_ff82150e5b,CUST_PREMIUM_001758
dev_4490a642d8,device_id,dev_4490a642d8,CUST_PREMIUM_001758
dev_4cbf8fa6eb,device_id,dev_4cbf8fa6eb,CUST_PREMIUM_001758
CUST_PREMIUM_001759,cust_id,CUST_PREMIUM_001759,CUST_PREMIUM_001759
d.khan@northstar.org,email,d.khan@northstar.org,CUST_PREMIUM_001759
+1 (312) 268-3602,phone,+1 (312) 268-3602,CUST_PREMIUM_001759
8385,card_last4,Card *8385,CUST_PREMIUM_001759
ck_1c9eb4a75e,cookie,ck_1c9eb4a75e,CUST_PREMIUM_001759
dev_fcda1ccd8b,device_id,dev_fcda1ccd8b,CUST_PREMIUM_001759
CUST_PREMIUM_001760,cust_id,CUST_PREMIUM_001760,CUST_PREMIUM_001760
c.banerjee@capital-demo.org,email,c.banerjee@capital-demo.org,CUST_PREMIUM_001760
+1 (416) 404-1521,phone,+1 (416) 404-1521,CUST_PREMIUM_001760
4388,card_last4,Card *4388,CUST_PREMIUM_001760
ck_37631521ac,cookie,ck_37631521ac,CUST_PREMIUM_001760
dev_9bc8c31cdb,device_id,dev_9bc8c31cdb,CUST_PREMIUM_001760
CUST_PREMIUM_001761,cust_id,CUST_PREMIUM_001761,CUST_PREMIUM_001761
ravi.white81@capital-demo.org,email,ravi.white81@capital-demo.org,CUST_PREMIUM_001761
+1 (415) 353-9440,phone,+1 (415) 353-9440,CUST_PREMIUM_001761
9995,card_last4,Card *9995,CUST_PREMIUM_001761
ck_beae21c038,cookie,ck_beae21c038,CUST_PREMIUM_001761
dev_22d224a757,device_id,dev_22d224a757,CUST_PREMIUM_001761
CUST_PREMIUM_001762,cust_id,CUST_PREMIUM_001762,CUST_PREMIUM_001762
zoe.morgan82@orchardmail.com,email,zoe.morgan82@orchardmail.com,CUST_PREMIUM_001762
+1 (305) 412-7359,phone,+1 (305) 412-7359,CUST_PREMIUM_001762
9969,card_last4,Card *9969,CUST_PREMIUM_001762
ck_480d6d0fe2,cookie,ck_480d6d0fe2,CUST_PREMIUM_001762
dev_ff1cdf42b7,device_id,dev_ff1cdf42b7,CUST_PREMIUM_001762
CUST_PREMIUM_001763,cust_id,CUST_PREMIUM_001763,CUST_PREMIUM_001763
priya.baker83@vectorlabs.co,email,priya.baker83@vectorlabs.co,CUST_PREMIUM_001763
+1 (212) 394-5278,phone,+1 (212) 394-5278,CUST_PREMIUM_001763
6393,card_last4,Card *6393,CUST_PREMIUM_001763
ck_e1318891de,cookie,ck_e1318891de,CUST_PREMIUM_001763
dev_644dfc08c4,device_id,dev_644dfc08c4,CUST_PREMIUM_001763
dev_a8868320c8,device_id,dev_a8868320c8,CUST_PREMIUM_001763
CUST_PREMIUM_001764,cust_id,CUST_PREMIUM_001764,CUST_PREMIUM_001764
a.rivera@capital-demo.org,email,a.rivera@capital-demo.org,CUST_PREMIUM_001764
+1 (415) 464-3197,phone,+1 (415) 464-3197,CUST_PREMIUM_001764
8820,card_last4,Card *8820,CUST_PREMIUM_001764
ck_e0a285edc0,cookie,ck_e0a285edc0,CUST_PREMIUM_001764
dev_adf8565e35,device_id,dev_adf8565e35,CUST_PREMIUM_001764
dev_60dda7c44f,device_id,dev_60dda7c44f,CUST_PREMIUM_001764
CUST_PREMIUM_001765,cust_id,CUST_PREMIUM_001765,CUST_PREMIUM_001765
aditi.anderson85@capital-demo.org,email,aditi.anderson85@capital-demo.org,CUST_PREMIUM_001765
+1 (212) 468-1116,phone,+1 (212) 468-1116,CUST_PREMIUM_001765
3349,card_last4,Card *3349,CUST_PREMIUM_001765
ck_65127cceeb,cookie,ck_65127cceeb,CUST_PREMIUM_001765
ck_c3a5f2299b,cookie,ck_c3a5f2299b,CUST_PREMIUM_001765
ck_ff95701f7d,cookie,ck_ff95701f7d,CUST_PREMIUM_001765
dev_755f7cfe96,device_id,dev_755f7cfe96,CUST_PREMIUM_001765
dev_5f219577d6,device_id,dev_5f219577d6,CUST_PREMIUM_001765
CUST_PREMIUM_001766,cust_id,CUST_PREMIUM_001766,CUST_PREMIUM_001766
charlottedavis@summitmail.net,email,charlottedavis@summitmail.net,CUST_PREMIUM_001766
+1 (650) 637-9035,phone,+1 (650) 637-9035,CUST_PREMIUM_001766
0398,card_last4,Card *0398,CUST_PREMIUM_001766
ck_a0e53a077f,cookie,ck_a0e53a077f,CUST_PREMIUM_001766
dev_c82913415f,device_id,dev_c82913415f,CUST_PREMIUM_001766
CUST_PREMIUM_001767,cust_id,CUST_PREMIUM_001767,CUST_PREMIUM_001767
alejandro.ahmed@harbor.example,email,alejandro.ahmed@harbor.example,CUST_PREMIUM_001767
+1 (310) 553-6954,phone,+1 (310) 553-6954,CUST_PREMIUM_001767
3058,card_last4,Card *3058,CUST_PREMIUM_001767
ck_ff711b52a6,cookie,ck_ff711b52a6,CUST_PREMIUM_001767
ck_2a8eb7759b,cookie,ck_2a8eb7759b,CUST_PREMIUM_001767
dev_30fd9b6dc7,device_id,dev_30fd9b6dc7,CUST_PREMIUM_001767
CUST_PREMIUM_001768,cust_id,CUST_PREMIUM_001768,CUST_PREMIUM_001768
lucasshah@example.com,email,lucasshah@example.com,CUST_PREMIUM_001768
+1 (212) 579-4873,phone,+1 (212) 579-4873,CUST_PREMIUM_001768
6245,card_last4,Card *6245,CUST_PREMIUM_001768
ck_7d9f77461c,cookie,ck_7d9f77461c,CUST_PREMIUM_001768
dev_2d4067e57d,device_id,dev_2d4067e57d,CUST_PREMIUM_001768
CUST_PREMIUM_001769,cust_id,CUST_PREMIUM_001769,CUST_PREMIUM_001769
campbell.yuki@harbor.example,email,campbell.yuki@harbor.example,CUST_PREMIUM_001769
+1 (206) 682-2792,phone,+1 (206) 682-2792,CUST_PREMIUM_001769
7957,card_last4,Card *7957,CUST_PREMIUM_001769
ck_41f375480f,cookie,ck_41f375480f,CUST_PREMIUM_001769
ck_9fdc90a106,cookie,ck_9fdc90a106,CUST_PREMIUM_001769
dev_a17d861d5d,device_id,dev_a17d861d5d,CUST_PREMIUM_001769
dev_shared_2ded4bd17,device_id,dev_shared_2ded4bd17,CUST_PREMIUM_001769
CUST_PREMIUM_001770,cust_id,CUST_PREMIUM_001770,CUST_PREMIUM_001770
chloewalker@bluepeak.co,email,chloewalker@bluepeak.co,CUST_PREMIUM_001770
+1 (202) 752-0711,phone,+1 (202) 752-0711,CUST_PREMIUM_001770
0703,card_last4,Card *0703,CUST_PREMIUM_001770
ck_3f79340141,cookie,ck_3f79340141,CUST_PREMIUM_001770
dev_cf2e9144b3,device_id,dev_cf2e9144b3,CUST_PREMIUM_001770
dev_88ef7e71fc,device_id,dev_88ef7e71fc,CUST_PREMIUM_001770
CUST_PREMIUM_001771,cust_id,CUST_PREMIUM_001771,CUST_PREMIUM_001771
charlotte.evans@example.com,email,charlotte.evans@example.com,CUST_PREMIUM_001771
+1 (202) 789-8630,phone,+1 (202) 789-8630,CUST_PREMIUM_001771
7936,card_last4,Card *7936,CUST_PREMIUM_001771
ck_3e7019cbd3,cookie,ck_3e7019cbd3,CUST_PREMIUM_001771
dev_7411d944cb,device_id,dev_7411d944cb,CUST_PREMIUM_001771
dev_fd947de041,device_id,dev_fd947de041,CUST_PREMIUM_001771
CUST_PREMIUM_001772,cust_id,CUST_PREMIUM_001772,CUST_PREMIUM_001772
danielwang@harbor.example,email,danielwang@harbor.example,CUST_PREMIUM_001772
+1 (310) 738-6549,phone,+1 (310) 738-6549,CUST_PREMIUM_001772
0717,card_last4,Card *0717,CUST_PREMIUM_001772
ck_f31715d1c8,cookie,ck_f31715d1c8,CUST_PREMIUM_001772
dev_27581d763f,device_id,dev_27581d763f,CUST_PREMIUM_001772
CUST_PREMIUM_001773,cust_id,CUST_PREMIUM_001773,CUST_PREMIUM_001773
samuel.hernandez93@example.com,email,samuel.hernandez93@example.com,CUST_PREMIUM_001773
+1 (206) 830-4468,phone,+1 (206) 830-4468,CUST_PREMIUM_001773
7710,card_last4,Card *7710,CUST_PREMIUM_001773
ck_9b344c49b0,cookie,ck_9b344c49b0,CUST_PREMIUM_001773
dev_1648066ead,device_id,dev_1648066ead,CUST_PREMIUM_001773
CUST_PREMIUM_001774,cust_id,CUST_PREMIUM_001774,CUST_PREMIUM_001774
devnguyen@vectorlabs.co,email,devnguyen@vectorlabs.co,CUST_PREMIUM_001774
+1 (206) 867-2387,phone,+1 (206) 867-2387,CUST_PREMIUM_001774
5389,card_last4,Card *5389,CUST_PREMIUM_001774
ck_9242854200,cookie,ck_9242854200,CUST_PREMIUM_001774
dev_d7af94a44d,device_id,dev_d7af94a44d,CUST_PREMIUM_001774
CUST_PREMIUM_001775,cust_id,CUST_PREMIUM_001775,CUST_PREMIUM_001775
williams.sophia@northstar.org,email,williams.sophia@northstar.org,CUST_PREMIUM_001775
+1 (469) 303-0306,phone,+1 (469) 303-0306,CUST_PREMIUM_001775
4317,card_last4,Card *4317,CUST_PREMIUM_001775
ck_e5817548d0,cookie,ck_e5817548d0,CUST_PREMIUM_001775
ck_e15c1d92e8,cookie,ck_e15c1d92e8,CUST_PREMIUM_001775
dev_7f8fc83f38,device_id,dev_7f8fc83f38,CUST_PREMIUM_001775
CUST_PREMIUM_001776,cust_id,CUST_PREMIUM_001776,CUST_PREMIUM_001776
j.martin@harbor.example,email,j.martin@harbor.example,CUST_PREMIUM_001776
+1 (305) 230-8225,phone,+1 (305) 230-8225,CUST_PREMIUM_001776
7644,card_last4,Card *7644,CUST_PREMIUM_001776
ck_1fb825113a,cookie,ck_1fb825113a,CUST_PREMIUM_001776
dev_ff20301e08,device_id,dev_ff20301e08,CUST_PREMIUM_001776
CUST_PREMIUM_001777,cust_id,CUST_PREMIUM_001777,CUST_PREMIUM_001777
ananya.fernandez@example.com,email,ananya.fernandez@example.com,CUST_PREMIUM_001777
+1 (404) 300-6144,phone,+1 (404) 300-6144,CUST_PREMIUM_001777
7705,card_last4,Card *7705,CUST_PREMIUM_001777
ck_40b4b59508,cookie,ck_40b4b59508,CUST_PREMIUM_001777
ck_3ce67c2157,cookie,ck_3ce67c2157,CUST_PREMIUM_001777
ck_52e8f9b955,cookie,ck_52e8f9b955,CUST_PREMIUM_001777
dev_a2eaf24032,device_id,dev_a2eaf24032,CUST_PREMIUM_001777
CUST_PREMIUM_001778,cust_id,CUST_PREMIUM_001778,CUST_PREMIUM_001778
kabirrossi@summitmail.net,email,kabirrossi@summitmail.net,CUST_PREMIUM_001778
+1 (212) 249-4063,phone,+1 (212) 249-4063,CUST_PREMIUM_001778
1815,card_last4,Card *1815,CUST_PREMIUM_001778
ck_0d5e442f6b,cookie,ck_0d5e442f6b,CUST_PREMIUM_001778
ck_d24da73036,cookie,ck_d24da73036,CUST_PREMIUM_001778
dev_6bdf685002,device_id,dev_6bdf685002,CUST_PREMIUM_001778
CUST_PREMIUM_001779,cust_id,CUST_PREMIUM_001779,CUST_PREMIUM_001779
lewis.theo@capital-demo.org,email,lewis.theo@capital-demo.org,CUST_PREMIUM_001779
+1 (312) 308-1982,phone,+1 (312) 308-1982,CUST_PREMIUM_001779
3705,card_last4,Card *3705,CUST_PREMIUM_001779
ck_78e71ba9f3,cookie,ck_78e71ba9f3,CUST_PREMIUM_001779
ck_bfb2215269,cookie,ck_bfb2215269,CUST_PREMIUM_001779
dev_f236d41402,device_id,dev_f236d41402,CUST_PREMIUM_001779
CUST_PREMIUM_001780,cust_id,CUST_PREMIUM_001780,CUST_PREMIUM_001780
l.davis@northstar.org,email,l.davis@northstar.org,CUST_PREMIUM_001780
+1 (305) 378-9901,phone,+1 (305) 378-9901,CUST_PREMIUM_001780
9714,card_last4,Card *9714,CUST_PREMIUM_001780
ck_ce16c5aa66,cookie,ck_ce16c5aa66,CUST_PREMIUM_001780
dev_515ac412c6,device_id,dev_515ac412c6,CUST_PREMIUM_001780
CUST_PREMIUM_001781,cust_id,CUST_PREMIUM_001781,CUST_PREMIUM_001781
martin.jack@atlasmail.net,email,martin.jack@atlasmail.net,CUST_PREMIUM_001781
+1 (305) 415-7820,phone,+1 (305) 415-7820,CUST_PREMIUM_001781
0230,card_last4,Card *0230,CUST_PREMIUM_001781
ck_b128b8a9a2,cookie,ck_b128b8a9a2,CUST_PREMIUM_001781
dev_18390f753c,device_id,dev_18390f753c,CUST_PREMIUM_001781
CUST_PREMIUM_001782,cust_id,CUST_PREMIUM_001782,CUST_PREMIUM_001782
g.hernandez@summitmail.net,email,g.hernandez@summitmail.net,CUST_PREMIUM_001782
+1 (310) 408-5739,phone,+1 (310) 408-5739,CUST_PREMIUM_001782
8683,card_last4,Card *8683,CUST_PREMIUM_001782
ck_33f4882f00,cookie,ck_33f4882f00,CUST_PREMIUM_001782
ck_4e05f896f0,cookie,ck_4e05f896f0,CUST_PREMIUM_001782
dev_e6ca4040fc,device_id,dev_e6ca4040fc,CUST_PREMIUM_001782
CUST_PREMIUM_001783,cust_id,CUST_PREMIUM_001783,CUST_PREMIUM_001783
layla.lewis6@bluepeak.co,email,layla.lewis6@bluepeak.co,CUST_PREMIUM_001783
+1 (212) 434-3658,phone,+1 (212) 434-3658,CUST_PREMIUM_001783
8790,card_last4,Card *8790,CUST_PREMIUM_001783
ck_29973412ae,cookie,ck_29973412ae,CUST_PREMIUM_001783
dev_d64a1a5e71,device_id,dev_d64a1a5e71,CUST_PREMIUM_001783
CUST_PREMIUM_001784,cust_id,CUST_PREMIUM_001784,CUST_PREMIUM_001784
arjun.baker@capital-demo.org,email,arjun.baker@capital-demo.org,CUST_PREMIUM_001784
+1 (404) 559-1577,phone,+1 (404) 559-1577,CUST_PREMIUM_001784
1613,card_last4,Card *1613,CUST_PREMIUM_001784
ck_04b15e7813,cookie,ck_04b15e7813,CUST_PREMIUM_001784
ck_97a417d984,cookie,ck_97a417d984,CUST_PREMIUM_001784
ck_a9bd5d3ca8,cookie,ck_a9bd5d3ca8,CUST_PREMIUM_001784
dev_4e2eed4dad,device_id,dev_4e2eed4dad,CUST_PREMIUM_001784
CUST_PREMIUM_001785,cust_id,CUST_PREMIUM_001785,CUST_PREMIUM_001785
emma.evans@atlasmail.net,email,emma.evans@atlasmail.net,CUST_PREMIUM_001785
+1 (214) 552-9496,phone,+1 (214) 552-9496,CUST_PREMIUM_001785
6541,card_last4,Card *6541,CUST_PREMIUM_001785
ck_24a7f2a9e9,cookie,ck_24a7f2a9e9,CUST_PREMIUM_001785
dev_2d698cb5fe,device_id,dev_2d698cb5fe,CUST_PREMIUM_001785
CUST_PREMIUM_001786,cust_id,CUST_PREMIUM_001786,CUST_PREMIUM_001786
emmachen@summitmail.net,email,emmachen@summitmail.net,CUST_PREMIUM_001786
+1 (212) 545-7415,phone,+1 (212) 545-7415,CUST_PREMIUM_001786
5722,card_last4,Card *5722,CUST_PREMIUM_001786
ck_707fa5d2fc,cookie,ck_707fa5d2fc,CUST_PREMIUM_001786
ck_b1452c5f78,cookie,ck_b1452c5f78,CUST_PREMIUM_001786
ck_70c68f3c5f,cookie,ck_70c68f3c5f,CUST_PREMIUM_001786
dev_a151f1210c,device_id,dev_a151f1210c,CUST_PREMIUM_001786
CUST_PREMIUM_001787,cust_id,CUST_PREMIUM_001787,CUST_PREMIUM_001787
ravihernandez@harbor.example,email,ravihernandez@harbor.example,CUST_PREMIUM_001787
+1 (646) 692-5334,phone,+1 (646) 692-5334,CUST_PREMIUM_001787
2769,card_last4,Card *2769,CUST_PREMIUM_001787
ck_b1d1b184ed,cookie,ck_b1d1b184ed,CUST_PREMIUM_001787
dev_1363e83097,device_id,dev_1363e83097,CUST_PREMIUM_001787
CUST_PREMIUM_001788,cust_id,CUST_PREMIUM_001788,CUST_PREMIUM_001788
aisha.murphy@example.com,email,aisha.murphy@example.com,CUST_PREMIUM_001788
+1 (415) 652-3253,phone,+1 (415) 652-3253,CUST_PREMIUM_001788
0446,card_last4,Card *0446,CUST_PREMIUM_001788
ck_b7af3f4249,cookie,ck_b7af3f4249,CUST_PREMIUM_001788
dev_3851a96678,device_id,dev_3851a96678,CUST_PREMIUM_001788
CUST_PREMIUM_001789,cust_id,CUST_PREMIUM_001789,CUST_PREMIUM_001789
noah.hernandez@example.com,email,noah.hernandez@example.com,CUST_PREMIUM_001789
+1 (650) 788-1172,phone,+1 (650) 788-1172,CUST_PREMIUM_001789
1101,card_last4,Card *1101,CUST_PREMIUM_001789
ck_7ed6b50baa,cookie,ck_7ed6b50baa,CUST_PREMIUM_001789
dev_752d342ad1,device_id,dev_752d342ad1,CUST_PREMIUM_001789
CUST_PREMIUM_001790,cust_id,CUST_PREMIUM_001790,CUST_PREMIUM_001790
z.hernandez@bluepeak.co,email,z.hernandez@bluepeak.co,CUST_PREMIUM_001790
+1 (415) 726-9091,phone,+1 (415) 726-9091,CUST_PREMIUM_001790
4820,card_last4,Card *4820,CUST_PREMIUM_001790
ck_d8ac64f3af,cookie,ck_d8ac64f3af,CUST_PREMIUM_001790
ck_b416af3ad3,cookie,ck_b416af3ad3,CUST_PREMIUM_001790
dev_1e5fc18543,device_id,dev_1e5fc18543,CUST_PREMIUM_001790
dev_fc9392bb92,device_id,dev_fc9392bb92,CUST_PREMIUM_001790
CUST_PREMIUM_001791,cust_id,CUST_PREMIUM_001791,CUST_PREMIUM_001791
arjunroberts@capital-demo.org,email,arjunroberts@capital-demo.org,CUST_PREMIUM_001791
+1 (305) 785-7010,phone,+1 (305) 785-7010,CUST_PREMIUM_001791
9743,card_last4,Card *9743,CUST_PREMIUM_001791
ck_599b1d6477,cookie,ck_599b1d6477,CUST_PREMIUM_001791
dev_49d594dfd4,device_id,dev_49d594dfd4,CUST_PREMIUM_001791
CUST_PREMIUM_001792,cust_id,CUST_PREMIUM_001792,CUST_PREMIUM_001792
olivia.wilson@example.com,email,olivia.wilson@example.com,CUST_PREMIUM_001792
+1 (202) 866-4929,phone,+1 (202) 866-4929,CUST_PREMIUM_001792
6714,card_last4,Card *6714,CUST_PREMIUM_001792
ck_e55ceca572,cookie,ck_e55ceca572,CUST_PREMIUM_001792
dev_b78f5c0915,device_id,dev_b78f5c0915,CUST_PREMIUM_001792
CUST_PREMIUM_001793,cust_id,CUST_PREMIUM_001793,CUST_PREMIUM_001793
a.turner@vectorlabs.co,email,a.turner@vectorlabs.co,CUST_PREMIUM_001793
+1 (212) 804-2848,phone,+1 (212) 804-2848,CUST_PREMIUM_001793
6207,card_last4,Card *6207,CUST_PREMIUM_001793
ck_d0584d3c5a,cookie,ck_d0584d3c5a,CUST_PREMIUM_001793
dev_abab23d643,device_id,dev_abab23d643,CUST_PREMIUM_001793
dev_7924761301,device_id,dev_7924761301,CUST_PREMIUM_001793
dev_shared_eb57f62c1,device_id,dev_shared_eb57f62c1,CUST_PREMIUM_001793
dev_shared_dd6a7e583,device_id,dev_shared_dd6a7e583,CUST_PREMIUM_001793
CUST_PREMIUM_001794,cust_id,CUST_PREMIUM_001794,CUST_PREMIUM_001794
jonahroberts@atlasmail.net,email,jonahroberts@atlasmail.net,CUST_PREMIUM_001794
+1 (650) 273-0767,phone,+1 (650) 273-0767,CUST_PREMIUM_001794
0054,card_last4,Card *0054,CUST_PREMIUM_001794
ck_8f2bae00de,cookie,ck_8f2bae00de,CUST_PREMIUM_001794
dev_dbbf202ab0,device_id,dev_dbbf202ab0,CUST_PREMIUM_001794
CUST_PREMIUM_001795,cust_id,CUST_PREMIUM_001795,CUST_PREMIUM_001795
j.lee@vectorlabs.co,email,j.lee@vectorlabs.co,CUST_PREMIUM_001795
+1 (212) 878-8686,phone,+1 (212) 878-8686,CUST_PREMIUM_001795
2777,card_last4,Card *2777,CUST_PREMIUM_001795
ck_9597d8f19e,cookie,ck_9597d8f19e,CUST_PREMIUM_001795
ck_8614730b16,cookie,ck_8614730b16,CUST_PREMIUM_001795
dev_af39cea5ab,device_id,dev_af39cea5ab,CUST_PREMIUM_001795
CUST_PREMIUM_001796,cust_id,CUST_PREMIUM_001796,CUST_PREMIUM_001796
ethantaylor@northstar.org,email,ethantaylor@northstar.org,CUST_PREMIUM_001796
+1 (214) 259-6605,phone,+1 (214) 259-6605,CUST_PREMIUM_001796
5447,card_last4,Card *5447,CUST_PREMIUM_001796
ck_9b0ed38650,cookie,ck_9b0ed38650,CUST_PREMIUM_001796
ck_991b04c806,cookie,ck_991b04c806,CUST_PREMIUM_001796
dev_762ac55eef,device_id,dev_762ac55eef,CUST_PREMIUM_001796
CUST_PREMIUM_001797,cust_id,CUST_PREMIUM_001797,CUST_PREMIUM_001797
isabella.rossi20@bluepeak.co,email,isabella.rossi20@bluepeak.co,CUST_PREMIUM_001797
+1 (212) 252-4524,phone,+1 (212) 252-4524,CUST_PREMIUM_001797
1546,card_last4,Card *1546,CUST_PREMIUM_001797
ck_b05f1317fb,cookie,ck_b05f1317fb,CUST_PREMIUM_001797
ck_cac25801c7,cookie,ck_cac25801c7,CUST_PREMIUM_001797
ck_f2329ddcfd,cookie,ck_f2329ddcfd,CUST_PREMIUM_001797
dev_716de440df,device_id,dev_716de440df,CUST_PREMIUM_001797
CUST_PREMIUM_001798,cust_id,CUST_PREMIUM_001798,CUST_PREMIUM_001798
j.sterling@example.com,email,j.sterling@example.com,CUST_PREMIUM_001798
+1 (718) 443-2443,phone,+1 (718) 443-2443,CUST_PREMIUM_001798
3063,card_last4,Card *3063,CUST_PREMIUM_001798
ck_3be690a602,cookie,ck_3be690a602,CUST_PREMIUM_001798
dev_c589cae8be,device_id,dev_c589cae8be,CUST_PREMIUM_001798
CUST_PREMIUM_001799,cust_id,CUST_PREMIUM_001799,CUST_PREMIUM_001799
isabella.kim22@vectorlabs.co,email,isabella.kim22@vectorlabs.co,CUST_PREMIUM_001799
+1 (305) 381-0362,phone,+1 (305) 381-0362,CUST_PREMIUM_001799
6983,card_last4,Card *6983,CUST_PREMIUM_001799
ck_cdb26f7496,cookie,ck_cdb26f7496,CUST_PREMIUM_001799
dev_f748e69736,device_id,dev_f748e69736,CUST_PREMIUM_001799
dev_a34b45da6e,device_id,dev_a34b45da6e,CUST_PREMIUM_001799
dev_c86a199bc3,device_id,dev_c86a199bc3,CUST_PREMIUM_001799
CUST_PREMIUM_001800,cust_id,CUST_PREMIUM_001800,CUST_PREMIUM_001800
smith.sophia@vectorlabs.co,email,smith.sophia@vectorlabs.co,CUST_PREMIUM_001800
+1 (214) 407-8281,phone,+1 (214) 407-8281,CUST_PREMIUM_001800
4892,card_last4,Card *4892,CUST_PREMIUM_001800
ck_176e74c951,cookie,ck_176e74c951,CUST_PREMIUM_001800
ck_f61748033c,cookie,ck_f61748033c,CUST_PREMIUM_001800
dev_284431594f,device_id,dev_284431594f,CUST_PREMIUM_001800
CUST_PREMIUM_001801,cust_id,CUST_PREMIUM_001801,CUST_PREMIUM_001801
james.lewis24@vectorlabs.co,email,james.lewis24@vectorlabs.co,CUST_PREMIUM_001801
+1 (917) 543-6200,phone,+1 (917) 543-6200,CUST_PREMIUM_001801
5156,card_last4,Card *5156,CUST_PREMIUM_001801
ck_66376ae76f,cookie,ck_66376ae76f,CUST_PREMIUM_001801
ck_8b28ebd493,cookie,ck_8b28ebd493,CUST_PREMIUM_001801
dev_28827a47a4,device_id,dev_28827a47a4,CUST_PREMIUM_001801
CUST_PREMIUM_001802,cust_id,CUST_PREMIUM_001802,CUST_PREMIUM_001802
wright.david@bluepeak.co,email,wright.david@bluepeak.co,CUST_PREMIUM_001802
+1 (212) 437-4119,phone,+1 (212) 437-4119,CUST_PREMIUM_001802
3645,card_last4,Card *3645,CUST_PREMIUM_001802
ck_30e3e16dbc,cookie,ck_30e3e16dbc,CUST_PREMIUM_001802
dev_6d1a465979,device_id,dev_6d1a465979,CUST_PREMIUM_001802
CUST_PREMIUM_001803,cust_id,CUST_PREMIUM_001803,CUST_PREMIUM_001803
liam.martin26@northstar.org,email,liam.martin26@northstar.org,CUST_PREMIUM_001803
+1 (312) 496-2038,phone,+1 (312) 496-2038,CUST_PREMIUM_001803
7791,card_last4,Card *7791,CUST_PREMIUM_001803
ck_3c73eb56de,cookie,ck_3c73eb56de,CUST_PREMIUM_001803
ck_17dffbba2b,cookie,ck_17dffbba2b,CUST_PREMIUM_001803
dev_f452bbf794,device_id,dev_f452bbf794,CUST_PREMIUM_001803
CUST_PREMIUM_001804,cust_id,CUST_PREMIUM_001804,CUST_PREMIUM_001804
n.kim@bluepeak.co,email,n.kim@bluepeak.co,CUST_PREMIUM_001804
+1 (310) 522-9957,phone,+1 (310) 522-9957,CUST_PREMIUM_001804
9443,card_last4,Card *9443,CUST_PREMIUM_001804
ck_396dfa8536,cookie,ck_396dfa8536,CUST_PREMIUM_001804
dev_2e861c97a3,device_id,dev_2e861c97a3,CUST_PREMIUM_001804
CUST_PREMIUM_001805,cust_id,CUST_PREMIUM_001805,CUST_PREMIUM_001805
moore.diego@harbor.example,email,moore.diego@harbor.example,CUST_PREMIUM_001805
+1 (212) 548-7876,phone,+1 (212) 548-7876,CUST_PREMIUM_001805
2713,card_last4,Card *2713,CUST_PREMIUM_001805
ck_c473aa443c,cookie,ck_c473aa443c,CUST_PREMIUM_001805
ck_b14cae5a7f,cookie,ck_b14cae5a7f,CUST_PREMIUM_001805
dev_9fe1fd7617,device_id,dev_9fe1fd7617,CUST_PREMIUM_001805
CUST_PREMIUM_001806,cust_id,CUST_PREMIUM_001806,CUST_PREMIUM_001806
emmathomas@orchardmail.com,email,emmathomas@orchardmail.com,CUST_PREMIUM_001806
+1 (214) 629-5795,phone,+1 (214) 629-5795,CUST_PREMIUM_001806
2999,card_last4,Card *2999,CUST_PREMIUM_001806
ck_497eb97405,cookie,ck_497eb97405,CUST_PREMIUM_001806
dev_9280c60256,device_id,dev_9280c60256,CUST_PREMIUM_001806
dev_725db66703,device_id,dev_725db66703,CUST_PREMIUM_001806
CUST_PREMIUM_001807,cust_id,CUST_PREMIUM_001807,CUST_PREMIUM_001807
liam.williams@orchardmail.com,email,liam.williams@orchardmail.com,CUST_PREMIUM_001807
+1 (415) 655-3714,phone,+1 (415) 655-3714,CUST_PREMIUM_001807
8681,card_last4,Card *8681,CUST_PREMIUM_001807
ck_99d5516b63,cookie,ck_99d5516b63,CUST_PREMIUM_001807
ck_b067070349,cookie,ck_b067070349,CUST_PREMIUM_001807
ck_06e9c82b30,cookie,ck_06e9c82b30,CUST_PREMIUM_001807
ck_7dee610d60,cookie,ck_7dee610d60,CUST_PREMIUM_001807
dev_57b0fe90a5,device_id,dev_57b0fe90a5,CUST_PREMIUM_001807
CUST_PREMIUM_001808,cust_id,CUST_PREMIUM_001808,CUST_PREMIUM_001808
i.shah@example.com,email,i.shah@example.com,CUST_PREMIUM_001808
+1 (212) 659-1633,phone,+1 (212) 659-1633,CUST_PREMIUM_001808
9643,card_last4,Card *9643,CUST_PREMIUM_001808
ck_a2a858d452,cookie,ck_a2a858d452,CUST_PREMIUM_001808
dev_70f664519f,device_id,dev_70f664519f,CUST_PREMIUM_001808
CUST_PREMIUM_001809,cust_id,CUST_PREMIUM_001809,CUST_PREMIUM_001809
martin.harper@northstar.org,email,martin.harper@northstar.org,CUST_PREMIUM_001809
+1 (617) 773-9552,phone,+1 (617) 773-9552,CUST_PREMIUM_001809
1572,card_last4,Card *1572,CUST_PREMIUM_001809
ck_623bdada11,cookie,ck_623bdada11,CUST_PREMIUM_001809
dev_1f2eeb6379,device_id,dev_1f2eeb6379,CUST_PREMIUM_001809
CUST_PREMIUM_001810,cust_id,CUST_PREMIUM_001810,CUST_PREMIUM_001810
benjamin.kim@vectorlabs.co,email,benjamin.kim@vectorlabs.co,CUST_PREMIUM_001810
+1 (212) 733-7471,phone,+1 (212) 733-7471,CUST_PREMIUM_001810
0232,card_last4,Card *0232,CUST_PREMIUM_001810
ck_430d33e9bf,cookie,ck_430d33e9bf,CUST_PREMIUM_001810
dev_eebbbcc397,device_id,dev_eebbbcc397,CUST_PREMIUM_001810
CUST_PREMIUM_001811,cust_id,CUST_PREMIUM_001811,CUST_PREMIUM_001811
thompson.liam@atlasmail.net,email,thompson.liam@atlasmail.net,CUST_PREMIUM_001811
+1 (617) 847-5390,phone,+1 (617) 847-5390,CUST_PREMIUM_001811
8654,card_last4,Card *8654,CUST_PREMIUM_001811
ck_2ce7f6f386,cookie,ck_2ce7f6f386,CUST_PREMIUM_001811
dev_e720026e07,device_id,dev_e720026e07,CUST_PREMIUM_001811
CUST_PREMIUM_001812,cust_id,CUST_PREMIUM_001812,CUST_PREMIUM_001812
j.gupta@northstar.org,email,j.gupta@northstar.org,CUST_PREMIUM_001812
+1 (212) 807-3309,phone,+1 (212) 807-3309,CUST_PREMIUM_001812
3775,card_last4,Card *3775,CUST_PREMIUM_001812
ck_25204098b7,cookie,ck_25204098b7,CUST_PREMIUM_001812
ck_5004f43083,cookie,ck_5004f43083,CUST_PREMIUM_001812
ck_15e31aa6cc,cookie,ck_15e31aa6cc,CUST_PREMIUM_001812
dev_5ecb331b61,device_id,dev_5ecb331b61,CUST_PREMIUM_001812
CUST_PREMIUM_001813,cust_id,CUST_PREMIUM_001813,CUST_PREMIUM_001813
kai.nguyen@atlasmail.net,email,kai.nguyen@atlasmail.net,CUST_PREMIUM_001813
+1 (416) 265-1228,phone,+1 (416) 265-1228,CUST_PREMIUM_001813
3175,card_last4,Card *3175,CUST_PREMIUM_001813
ck_67932fcd15,cookie,ck_67932fcd15,CUST_PREMIUM_001813
dev_d3c887011d,device_id,dev_d3c887011d,CUST_PREMIUM_001813
CUST_PREMIUM_001814,cust_id,CUST_PREMIUM_001814,CUST_PREMIUM_001814
jonahlopez@atlasmail.net,email,jonahlopez@atlasmail.net,CUST_PREMIUM_001814
+1 (617) 258-9147,phone,+1 (617) 258-9147,CUST_PREMIUM_001814
1411,card_last4,Card *1411,CUST_PREMIUM_001814
ck_6d13c59752,cookie,ck_6d13c59752,CUST_PREMIUM_001814
dev_51fd79f8a6,device_id,dev_51fd79f8a6,CUST_PREMIUM_001814
CUST_PREMIUM_001815,cust_id,CUST_PREMIUM_001815,CUST_PREMIUM_001815
noahadams@capital-demo.org,email,noahadams@capital-demo.org,CUST_PREMIUM_001815
+1 (416) 339-7066,phone,+1 (416) 339-7066,CUST_PREMIUM_001815
9279,card_last4,Card *9279,CUST_PREMIUM_001815
ck_60cb5e4602,cookie,ck_60cb5e4602,CUST_PREMIUM_001815
dev_8a96084afe,device_id,dev_8a96084afe,CUST_PREMIUM_001815
CUST_PREMIUM_001816,cust_id,CUST_PREMIUM_001816,CUST_PREMIUM_001816
r.ahmed@northstar.org,email,r.ahmed@northstar.org,CUST_PREMIUM_001816
+1 (404) 343-4985,phone,+1 (404) 343-4985,CUST_PREMIUM_001816
2672,card_last4,Card *2672,CUST_PREMIUM_001816
ck_12eeaab111,cookie,ck_12eeaab111,CUST_PREMIUM_001816
ck_285679fb6b,cookie,ck_285679fb6b,CUST_PREMIUM_001816
dev_8fc01207a5,device_id,dev_8fc01207a5,CUST_PREMIUM_001816
CUST_PREMIUM_001817,cust_id,CUST_PREMIUM_001817,CUST_PREMIUM_001817
diego.turner@harbor.example,email,diego.turner@harbor.example,CUST_PREMIUM_001817
+1 (416) 413-2904,phone,+1 (416) 413-2904,CUST_PREMIUM_001817
3412,card_last4,Card *3412,CUST_PREMIUM_001817
ck_5b6f08e775,cookie,ck_5b6f08e775,CUST_PREMIUM_001817
ck_2c949944e5,cookie,ck_2c949944e5,CUST_PREMIUM_001817
dev_9e0da50745,device_id,dev_9e0da50745,CUST_PREMIUM_001817
CUST_PREMIUM_001818,cust_id,CUST_PREMIUM_001818,CUST_PREMIUM_001818
akira.carter41@orchardmail.com,email,akira.carter41@orchardmail.com,CUST_PREMIUM_001818
+1 (212) 329-0823,phone,+1 (212) 329-0823,CUST_PREMIUM_001818
3118,card_last4,Card *3118,CUST_PREMIUM_001818
ck_22abb57f18,cookie,ck_22abb57f18,CUST_PREMIUM_001818
ck_2822ea8b47,cookie,ck_2822ea8b47,CUST_PREMIUM_001818
dev_8831b9b491,device_id,dev_8831b9b491,CUST_PREMIUM_001818
dev_127b033a19,device_id,dev_127b033a19,CUST_PREMIUM_001818
CUST_PREMIUM_001819,cust_id,CUST_PREMIUM_001819,CUST_PREMIUM_001819
a.walker@example.com,email,a.walker@example.com,CUST_PREMIUM_001819
+1 (214) 410-8742,phone,+1 (214) 410-8742,CUST_PREMIUM_001819
9779,card_last4,Card *9779,CUST_PREMIUM_001819
ck_11311eeb27,cookie,ck_11311eeb27,CUST_PREMIUM_001819
ck_b3a7fa96e6,cookie,ck_b3a7fa96e6,CUST_PREMIUM_001819
dev_96f66bd7d7,device_id,dev_96f66bd7d7,CUST_PREMIUM_001819
dev_shared_c1108f8fa,device_id,dev_shared_c1108f8fa,CUST_PREMIUM_001819
CUST_PREMIUM_001820,cust_id,CUST_PREMIUM_001820,CUST_PREMIUM_001820
r.brown@orchardmail.com,email,r.brown@orchardmail.com,CUST_PREMIUM_001820
+1 (214) 447-6661,phone,+1 (214) 447-6661,CUST_PREMIUM_001820
7233,card_last4,Card *7233,CUST_PREMIUM_001820
ck_1c2d7ab547,cookie,ck_1c2d7ab547,CUST_PREMIUM_001820
dev_c752dc6a9a,device_id,dev_c752dc6a9a,CUST_PREMIUM_001820
CUST_PREMIUM_001821,cust_id,CUST_PREMIUM_001821,CUST_PREMIUM_001821
rei.wright44@orchardmail.com,email,rei.wright44@orchardmail.com,CUST_PREMIUM_001821
+1 (646) 550-4580,phone,+1 (646) 550-4580,CUST_PREMIUM_001821
2736,card_last4,Card *2736,CUST_PREMIUM_001821
ck_6373ba3d0a,cookie,ck_6373ba3d0a,CUST_PREMIUM_001821
dev_ae99218418,device_id,dev_ae99218418,CUST_PREMIUM_001821
CUST_PREMIUM_001822,cust_id,CUST_PREMIUM_001822,CUST_PREMIUM_001822
theo.reed@bluepeak.co,email,theo.reed@bluepeak.co,CUST_PREMIUM_001822
+1 (310) 488-2499,phone,+1 (310) 488-2499,CUST_PREMIUM_001822
2016,card_last4,Card *2016,CUST_PREMIUM_001822
ck_1fb25f8dd0,cookie,ck_1fb25f8dd0,CUST_PREMIUM_001822
dev_60060e30e2,device_id,dev_60060e30e2,CUST_PREMIUM_001822
CUST_PREMIUM_001823,cust_id,CUST_PREMIUM_001823,CUST_PREMIUM_001823
lewis.aisha@northstar.org,email,lewis.aisha@northstar.org,CUST_PREMIUM_001823
+1 (206) 580-0418,phone,+1 (206) 580-0418,CUST_PREMIUM_001823
1790,card_last4,Card *1790,CUST_PREMIUM_001823
ck_6e0f8802d0,cookie,ck_6e0f8802d0,CUST_PREMIUM_001823
ck_37105941b5,cookie,ck_37105941b5,CUST_PREMIUM_001823
dev_2912994f14,device_id,dev_2912994f14,CUST_PREMIUM_001823
dev_shared_05e0df469,device_id,dev_shared_05e0df469,CUST_PREMIUM_001823
CUST_PREMIUM_001824,cust_id,CUST_PREMIUM_001824,CUST_PREMIUM_001824
zara.lee47@orchardmail.com,email,zara.lee47@orchardmail.com,CUST_PREMIUM_001824
+1 (305) 606-8337,phone,+1 (305) 606-8337,CUST_PREMIUM_001824
3356,card_last4,Card *3356,CUST_PREMIUM_001824
ck_76a662a369,cookie,ck_76a662a369,CUST_PREMIUM_001824
dev_96033c7c36,device_id,dev_96033c7c36,CUST_PREMIUM_001824
dev_4bec7b7a66,device_id,dev_4bec7b7a66,CUST_PREMIUM_001824
dev_39e207e260,device_id,dev_39e207e260,CUST_PREMIUM_001824
CUST_PREMIUM_001825,cust_id,CUST_PREMIUM_001825,CUST_PREMIUM_001825
nathan.evans48@example.com,email,nathan.evans48@example.com,CUST_PREMIUM_001825
+1 (917) 731-6256,phone,+1 (917) 731-6256,CUST_PREMIUM_001825
7054,card_last4,Card *7054,CUST_PREMIUM_001825
ck_8537a52923,cookie,ck_8537a52923,CUST_PREMIUM_001825
dev_e56c4b0b07,device_id,dev_e56c4b0b07,CUST_PREMIUM_001825
dev_3af5c9b201,device_id,dev_3af5c9b201,CUST_PREMIUM_001825
CUST_PREMIUM_001826,cust_id,CUST_PREMIUM_001826,CUST_PREMIUM_001826
priya.ito@summitmail.net,email,priya.ito@summitmail.net,CUST_PREMIUM_001826
+1 (404) 713-4175,phone,+1 (404) 713-4175,CUST_PREMIUM_001826
6383,card_last4,Card *6383,CUST_PREMIUM_001826
ck_88704a3a08,cookie,ck_88704a3a08,CUST_PREMIUM_001826
ck_2839bca965,cookie,ck_2839bca965,CUST_PREMIUM_001826
dev_fbc405e584,device_id,dev_fbc405e584,CUST_PREMIUM_001826
CUST_PREMIUM_001827,cust_id,CUST_PREMIUM_001827,CUST_PREMIUM_001827
sara.bennett50@vectorlabs.co,email,sara.bennett50@vectorlabs.co,CUST_PREMIUM_001827
+1 (202) 761-2094,phone,+1 (202) 761-2094,CUST_PREMIUM_001827
9337,card_last4,Card *9337,CUST_PREMIUM_001827
ck_d0456fc1d1,cookie,ck_d0456fc1d1,CUST_PREMIUM_001827
dev_595000d4e6,device_id,dev_595000d4e6,CUST_PREMIUM_001827
dev_shared_30c9d1199,device_id,dev_shared_30c9d1199,CUST_PREMIUM_001827
CUST_PREMIUM_001828,cust_id,CUST_PREMIUM_001828,CUST_PREMIUM_001828
mianakamura@harbor.example,email,mianakamura@harbor.example,CUST_PREMIUM_001828
+1 (310) 710-0013,phone,+1 (310) 710-0013,CUST_PREMIUM_001828
7066,card_last4,Card *7066,CUST_PREMIUM_001828
ck_179e437782,cookie,ck_179e437782,CUST_PREMIUM_001828
dev_4c819b8409,device_id,dev_4c819b8409,CUST_PREMIUM_001828
CUST_PREMIUM_001829,cust_id,CUST_PREMIUM_001829,CUST_PREMIUM_001829
nikhil.young@vectorlabs.co,email,nikhil.young@vectorlabs.co,CUST_PREMIUM_001829
+1 (212) 736-7932,phone,+1 (212) 736-7932,CUST_PREMIUM_001829
4498,card_last4,Card *4498,CUST_PREMIUM_001829
ck_687b6bceaf,cookie,ck_687b6bceaf,CUST_PREMIUM_001829
dev_be14b36a70,device_id,dev_be14b36a70,CUST_PREMIUM_001829
dev_shared_480857b24,device_id,dev_shared_480857b24,CUST_PREMIUM_001829
CUST_PREMIUM_001830,cust_id,CUST_PREMIUM_001830,CUST_PREMIUM_001830
leo.roy@example.com,email,leo.roy@example.com,CUST_PREMIUM_001830
+1 (212) 773-5851,phone,+1 (212) 773-5851,CUST_PREMIUM_001830
1693,card_last4,Card *1693,CUST_PREMIUM_001830
ck_3a0a0a4163,cookie,ck_3a0a0a4163,CUST_PREMIUM_001830
dev_78bc3dd1e2,device_id,dev_78bc3dd1e2,CUST_PREMIUM_001830
CUST_PREMIUM_001831,cust_id,CUST_PREMIUM_001831,CUST_PREMIUM_001831
rossi.aisha@summitmail.net,email,rossi.aisha@summitmail.net,CUST_PREMIUM_001831
+1 (646) 220-3770,phone,+1 (646) 220-3770,CUST_PREMIUM_001831
6441,card_last4,Card *6441,CUST_PREMIUM_001831
ck_2a785f41fc,cookie,ck_2a785f41fc,CUST_PREMIUM_001831
dev_e724b0a332,device_id,dev_e724b0a332,CUST_PREMIUM_001831
CUST_PREMIUM_001832,cust_id,CUST_PREMIUM_001832,CUST_PREMIUM_001832
vance.nikhil@atlasmail.net,email,vance.nikhil@atlasmail.net,CUST_PREMIUM_001832
+1 (650) 279-1689,phone,+1 (650) 279-1689,CUST_PREMIUM_001832
6988,card_last4,Card *6988,CUST_PREMIUM_001832
ck_ace9f9dd13,cookie,ck_ace9f9dd13,CUST_PREMIUM_001832
dev_c7cd6125f7,device_id,dev_c7cd6125f7,CUST_PREMIUM_001832
dev_shared_9d7adc054,device_id,dev_shared_9d7adc054,CUST_PREMIUM_001832
CUST_PREMIUM_001833,cust_id,CUST_PREMIUM_001833,CUST_PREMIUM_001833
nikhiljohnson@summitmail.net,email,nikhiljohnson@summitmail.net,CUST_PREMIUM_001833
+1 (212) 884-9608,phone,+1 (212) 884-9608,CUST_PREMIUM_001833
1542,card_last4,Card *1542,CUST_PREMIUM_001833
ck_f26786a033,cookie,ck_f26786a033,CUST_PREMIUM_001833
dev_c96d55026f,device_id,dev_c96d55026f,CUST_PREMIUM_001833
CUST_PREMIUM_001834,cust_id,CUST_PREMIUM_001834,CUST_PREMIUM_001834
kai.chen57@northstar.org,email,kai.chen57@northstar.org,CUST_PREMIUM_001834
+1 (212) 221-7527,phone,+1 (212) 221-7527,CUST_PREMIUM_001834
8152,card_last4,Card *8152,CUST_PREMIUM_001834
ck_5bea1a61bb,cookie,ck_5bea1a61bb,CUST_PREMIUM_001834
ck_74317cc6a3,cookie,ck_74317cc6a3,CUST_PREMIUM_001834
dev_aaf4bbedb1,device_id,dev_aaf4bbedb1,CUST_PREMIUM_001834
CUST_PREMIUM_001835,cust_id,CUST_PREMIUM_001835,CUST_PREMIUM_001835
noahpatel@bluepeak.co,email,noahpatel@bluepeak.co,CUST_PREMIUM_001835
+1 (469) 423-5446,phone,+1 (469) 423-5446,CUST_PREMIUM_001835
2339,card_last4,Card *2339,CUST_PREMIUM_001835
ck_00fc30520e,cookie,ck_00fc30520e,CUST_PREMIUM_001835
dev_2a66db77d0,device_id,dev_2a66db77d0,CUST_PREMIUM_001835
dev_7703e7e22a,device_id,dev_7703e7e22a,CUST_PREMIUM_001835
dev_shared_2421bb398,device_id,dev_shared_2421bb398,CUST_PREMIUM_001835
CUST_PREMIUM_001836,cust_id,CUST_PREMIUM_001836,CUST_PREMIUM_001836
leo.rodriguez59@harbor.example,email,leo.rodriguez59@harbor.example,CUST_PREMIUM_001836
+1 (415) 328-3365,phone,+1 (415) 328-3365,CUST_PREMIUM_001836
0417,card_last4,Card *0417,CUST_PREMIUM_001836
ck_bcc6cd6d17,cookie,ck_bcc6cd6d17,CUST_PREMIUM_001836
ck_bb141c56fe,cookie,ck_bb141c56fe,CUST_PREMIUM_001836
dev_b61384668a,device_id,dev_b61384668a,CUST_PREMIUM_001836
dev_shared_f59b53e17,device_id,dev_shared_f59b53e17,CUST_PREMIUM_001836
CUST_PREMIUM_001837,cust_id,CUST_PREMIUM_001837,CUST_PREMIUM_001837
noah.vance60@bluepeak.co,email,noah.vance60@bluepeak.co,CUST_PREMIUM_001837
+1 (305) 387-1284,phone,+1 (305) 387-1284,CUST_PREMIUM_001837
6839,card_last4,Card *6839,CUST_PREMIUM_001837
ck_d1a6c56022,cookie,ck_d1a6c56022,CUST_PREMIUM_001837
dev_c256c7b177,device_id,dev_c256c7b177,CUST_PREMIUM_001837
CUST_PREMIUM_001838,cust_id,CUST_PREMIUM_001838,CUST_PREMIUM_001838
hiro.morris61@northstar.org,email,hiro.morris61@northstar.org,CUST_PREMIUM_001838
+1 (310) 380-9203,phone,+1 (310) 380-9203,CUST_PREMIUM_001838
1049,card_last4,Card *1049,CUST_PREMIUM_001838
ck_eee081467a,cookie,ck_eee081467a,CUST_PREMIUM_001838
dev_2d4be77a46,device_id,dev_2d4be77a46,CUST_PREMIUM_001838
dev_3d8694db6e,device_id,dev_3d8694db6e,CUST_PREMIUM_001838
CUST_PREMIUM_001839,cust_id,CUST_PREMIUM_001839,CUST_PREMIUM_001839
clark.chloe@harbor.example,email,clark.chloe@harbor.example,CUST_PREMIUM_001839
+1 (404) 494-7122,phone,+1 (404) 494-7122,CUST_PREMIUM_001839
8412,card_last4,Card *8412,CUST_PREMIUM_001839
ck_1732ffa80b,cookie,ck_1732ffa80b,CUST_PREMIUM_001839
dev_6884111285,device_id,dev_6884111285,CUST_PREMIUM_001839
CUST_PREMIUM_001840,cust_id,CUST_PREMIUM_001840,CUST_PREMIUM_001840
jack.white63@capital-demo.org,email,jack.white63@capital-demo.org,CUST_PREMIUM_001840
+1 (310) 454-5041,phone,+1 (310) 454-5041,CUST_PREMIUM_001840
6732,card_last4,Card *6732,CUST_PREMIUM_001840
ck_6feceb4dff,cookie,ck_6feceb4dff,CUST_PREMIUM_001840
dev_137e994e0a,device_id,dev_137e994e0a,CUST_PREMIUM_001840
dev_12b2237b03,device_id,dev_12b2237b03,CUST_PREMIUM_001840
CUST_PREMIUM_001841,cust_id,CUST_PREMIUM_001841,CUST_PREMIUM_001841
eliaspatel@summitmail.net,email,eliaspatel@summitmail.net,CUST_PREMIUM_001841
+1 (212) 480-2960,phone,+1 (212) 480-2960,CUST_PREMIUM_001841
8169,card_last4,Card *8169,CUST_PREMIUM_001841
ck_41291b9d69,cookie,ck_41291b9d69,CUST_PREMIUM_001841
dev_76cdf6737a,device_id,dev_76cdf6737a,CUST_PREMIUM_001841
CUST_PREMIUM_001842,cust_id,CUST_PREMIUM_001842,CUST_PREMIUM_001842
m.morgan@bluepeak.co,email,m.morgan@bluepeak.co,CUST_PREMIUM_001842
+1 (212) 517-0879,phone,+1 (212) 517-0879,CUST_PREMIUM_001842
2883,card_last4,Card *2883,CUST_PREMIUM_001842
ck_57f6450596,cookie,ck_57f6450596,CUST_PREMIUM_001842
dev_2ff2369a6f,device_id,dev_2ff2369a6f,CUST_PREMIUM_001842
CUST_PREMIUM_001843,cust_id,CUST_PREMIUM_001843,CUST_PREMIUM_001843
aditi.khan66@northstar.org,email,aditi.khan66@northstar.org,CUST_PREMIUM_001843
+1 (206) 620-8798,phone,+1 (206) 620-8798,CUST_PREMIUM_001843
4009,card_last4,Card *4009,CUST_PREMIUM_001843
ck_461cee0820,cookie,ck_461cee0820,CUST_PREMIUM_001843
ck_be5e2657d6,cookie,ck_be5e2657d6,CUST_PREMIUM_001843
ck_a56e2a905b,cookie,ck_a56e2a905b,CUST_PREMIUM_001843
dev_5d1b3706fb,device_id,dev_5d1b3706fb,CUST_PREMIUM_001843
CUST_PREMIUM_001844,cust_id,CUST_PREMIUM_001844,CUST_PREMIUM_001844
daniel.white@summitmail.net,email,daniel.white@summitmail.net,CUST_PREMIUM_001844
+1 (416) 712-6717,phone,+1 (416) 712-6717,CUST_PREMIUM_001844
8134,card_last4,Card *8134,CUST_PREMIUM_001844
ck_4774ae4018,cookie,ck_4774ae4018,CUST_PREMIUM_001844
dev_920a471b5b,device_id,dev_920a471b5b,CUST_PREMIUM_001844
CUST_PREMIUM_001845,cust_id,CUST_PREMIUM_001845,CUST_PREMIUM_001845
leo.robinson68@summitmail.net,email,leo.robinson68@summitmail.net,CUST_PREMIUM_001845
+1 (206) 694-4636,phone,+1 (206) 694-4636,CUST_PREMIUM_001845
7874,card_last4,Card *7874,CUST_PREMIUM_001845
ck_d9a3a062e5,cookie,ck_d9a3a062e5,CUST_PREMIUM_001845
dev_6b7a74d16b,device_id,dev_6b7a74d16b,CUST_PREMIUM_001845
CUST_PREMIUM_001846,cust_id,CUST_PREMIUM_001846,CUST_PREMIUM_001846
fernandez.noah@bluepeak.co,email,fernandez.noah@bluepeak.co,CUST_PREMIUM_001846
+1 (212) 665-2555,phone,+1 (212) 665-2555,CUST_PREMIUM_001846
8323,card_last4,Card *8323,CUST_PREMIUM_001846
ck_18ae4c97ca,cookie,ck_18ae4c97ca,CUST_PREMIUM_001846
dev_0bb36dd93e,device_id,dev_0bb36dd93e,CUST_PREMIUM_001846
CUST_PREMIUM_001847,cust_id,CUST_PREMIUM_001847,CUST_PREMIUM_001847
campbell.naomi@harbor.example,email,campbell.naomi@harbor.example,CUST_PREMIUM_001847
+1 (415) 735-0474,phone,+1 (415) 735-0474,CUST_PREMIUM_001847
2661,card_last4,Card *2661,CUST_PREMIUM_001847
ck_cecef033c4,cookie,ck_cecef033c4,CUST_PREMIUM_001847
dev_175bf22e4d,device_id,dev_175bf22e4d,CUST_PREMIUM_001847
CUST_PREMIUM_001848,cust_id,CUST_PREMIUM_001848,CUST_PREMIUM_001848
e.lee@bluepeak.co,email,e.lee@bluepeak.co,CUST_PREMIUM_001848
+1 (617) 816-8393,phone,+1 (617) 816-8393,CUST_PREMIUM_001848
7800,card_last4,Card *7800,CUST_PREMIUM_001848
ck_0e1ae5de06,cookie,ck_0e1ae5de06,CUST_PREMIUM_001848
dev_9438405404,device_id,dev_9438405404,CUST_PREMIUM_001848
CUST_PREMIUM_001849,cust_id,CUST_PREMIUM_001849,CUST_PREMIUM_001849
mia.chen72@capital-demo.org,email,mia.chen72@capital-demo.org,CUST_PREMIUM_001849
+1 (312) 798-6312,phone,+1 (312) 798-6312,CUST_PREMIUM_001849
4264,card_last4,Card *4264,CUST_PREMIUM_001849
ck_4387fa5fa9,cookie,ck_4387fa5fa9,CUST_PREMIUM_001849
dev_6950942979,device_id,dev_6950942979,CUST_PREMIUM_001849
CUST_PREMIUM_001850,cust_id,CUST_PREMIUM_001850,CUST_PREMIUM_001850
camilawalker@orchardmail.com,email,camilawalker@orchardmail.com,CUST_PREMIUM_001850
+1 (214) 857-4231,phone,+1 (214) 857-4231,CUST_PREMIUM_001850
8482,card_last4,Card *8482,CUST_PREMIUM_001850
ck_528a39d700,cookie,ck_528a39d700,CUST_PREMIUM_001850
dev_888921627e,device_id,dev_888921627e,CUST_PREMIUM_001850
CUST_PREMIUM_001851,cust_id,CUST_PREMIUM_001851,CUST_PREMIUM_001851
rafael.robinson@atlasmail.net,email,rafael.robinson@atlasmail.net,CUST_PREMIUM_001851
+1 (212) 850-2150,phone,+1 (212) 850-2150,CUST_PREMIUM_001851
6412,card_last4,Card *6412,CUST_PREMIUM_001851
ck_7eeb9321c5,cookie,ck_7eeb9321c5,CUST_PREMIUM_001851
dev_e5ca37d80e,device_id,dev_e5ca37d80e,CUST_PREMIUM_001851
CUST_PREMIUM_001852,cust_id,CUST_PREMIUM_001852,CUST_PREMIUM_001852
elena.white@harbor.example,email,elena.white@harbor.example,CUST_PREMIUM_001852
+1 (917) 330-0069,phone,+1 (917) 330-0069,CUST_PREMIUM_001852
3162,card_last4,Card *3162,CUST_PREMIUM_001852
ck_038d1c8640,cookie,ck_038d1c8640,CUST_PREMIUM_001852
dev_a6c0f3dabe,device_id,dev_a6c0f3dabe,CUST_PREMIUM_001852
dev_d94c3ba977,device_id,dev_d94c3ba977,CUST_PREMIUM_001852
CUST_PREMIUM_001853,cust_id,CUST_PREMIUM_001853,CUST_PREMIUM_001853
theo.carter@capital-demo.org,email,theo.carter@capital-demo.org,CUST_PREMIUM_001853
+1 (212) 224-7988,phone,+1 (212) 224-7988,CUST_PREMIUM_001853
0547,card_last4,Card *0547,CUST_PREMIUM_001853
ck_15f45f57c1,cookie,ck_15f45f57c1,CUST_PREMIUM_001853
dev_6685dede17,device_id,dev_6685dede17,CUST_PREMIUM_001853
CUST_PREMIUM_001854,cust_id,CUST_PREMIUM_001854,CUST_PREMIUM_001854
vivianshah@summitmail.net,email,vivianshah@summitmail.net,CUST_PREMIUM_001854
+1 (214) 305-5907,phone,+1 (214) 305-5907,CUST_PREMIUM_001854
2751,card_last4,Card *2751,CUST_PREMIUM_001854
ck_3530fa03f8,cookie,ck_3530fa03f8,CUST_PREMIUM_001854
ck_bea90a71bc,cookie,ck_bea90a71bc,CUST_PREMIUM_001854
ck_ad6388ab6c,cookie,ck_ad6388ab6c,CUST_PREMIUM_001854
ck_9126c32656,cookie,ck_9126c32656,CUST_PREMIUM_001854
ck_cc11d76dfe,cookie,ck_cc11d76dfe,CUST_PREMIUM_001854
dev_f9b7240415,device_id,dev_f9b7240415,CUST_PREMIUM_001854
dev_c4b0ae002a,device_id,dev_c4b0ae002a,CUST_PREMIUM_001854
CUST_PREMIUM_001855,cust_id,CUST_PREMIUM_001855,CUST_PREMIUM_001855
thomas.kai@example.com,email,thomas.kai@example.com,CUST_PREMIUM_001855
+1 (206) 364-3826,phone,+1 (206) 364-3826,CUST_PREMIUM_001855
1806,card_last4,Card *1806,CUST_PREMIUM_001855
ck_fdd54ce8fd,cookie,ck_fdd54ce8fd,CUST_PREMIUM_001855
ck_bffcb88605,cookie,ck_bffcb88605,CUST_PREMIUM_001855
dev_67d711c496,device_id,dev_67d711c496,CUST_PREMIUM_001855
dev_4da676be9d,device_id,dev_4da676be9d,CUST_PREMIUM_001855
CUST_PREMIUM_001856,cust_id,CUST_PREMIUM_001856,CUST_PREMIUM_001856
zoe.morris79@bluepeak.co,email,zoe.morris79@bluepeak.co,CUST_PREMIUM_001856
+1 (305) 390-1745,phone,+1 (305) 390-1745,CUST_PREMIUM_001856
7289,card_last4,Card *7289,CUST_PREMIUM_001856
ck_d9adf39df1,cookie,ck_d9adf39df1,CUST_PREMIUM_001856
dev_1ee972e547,device_id,dev_1ee972e547,CUST_PREMIUM_001856
CUST_PREMIUM_001857,cust_id,CUST_PREMIUM_001857,CUST_PREMIUM_001857
nikhil.kumar@capital-demo.org,email,nikhil.kumar@capital-demo.org,CUST_PREMIUM_001857
+1 (212) 372-9664,phone,+1 (212) 372-9664,CUST_PREMIUM_001857
8977,card_last4,Card *8977,CUST_PREMIUM_001857
ck_d7df2b9164,cookie,ck_d7df2b9164,CUST_PREMIUM_001857
dev_832f88e390,device_id,dev_832f88e390,CUST_PREMIUM_001857
dev_6f00d7cdc0,device_id,dev_6f00d7cdc0,CUST_PREMIUM_001857
CUST_PREMIUM_001858,cust_id,CUST_PREMIUM_001858,CUST_PREMIUM_001858
elias.thompson@northstar.org,email,elias.thompson@northstar.org,CUST_PREMIUM_001858
+1 (212) 409-7583,phone,+1 (212) 409-7583,CUST_PREMIUM_001858
4960,card_last4,Card *4960,CUST_PREMIUM_001858
ck_c0c37593ac,cookie,ck_c0c37593ac,CUST_PREMIUM_001858
dev_7d620fea89,device_id,dev_7d620fea89,CUST_PREMIUM_001858
CUST_PREMIUM_001859,cust_id,CUST_PREMIUM_001859,CUST_PREMIUM_001859
n.jackson@capital-demo.org,email,n.jackson@capital-demo.org,CUST_PREMIUM_001859
+1 (212) 446-5502,phone,+1 (212) 446-5502,CUST_PREMIUM_001859
1235,card_last4,Card *1235,CUST_PREMIUM_001859
ck_6c018ec4c6,cookie,ck_6c018ec4c6,CUST_PREMIUM_001859
ck_882d92464c,cookie,ck_882d92464c,CUST_PREMIUM_001859
dev_9a6abde909,device_id,dev_9a6abde909,CUST_PREMIUM_001859
CUST_PREMIUM_001860,cust_id,CUST_PREMIUM_001860,CUST_PREMIUM_001860
gracechen@vectorlabs.co,email,gracechen@vectorlabs.co,CUST_PREMIUM_001860
+1 (312) 505-3421,phone,+1 (312) 505-3421,CUST_PREMIUM_001860
9644,card_last4,Card *9644,CUST_PREMIUM_001860
ck_0b00997d92,cookie,ck_0b00997d92,CUST_PREMIUM_001860
ck_2af51918a1,cookie,ck_2af51918a1,CUST_PREMIUM_001860
dev_b5783b9213,device_id,dev_b5783b9213,CUST_PREMIUM_001860
CUST_PREMIUM_001861,cust_id,CUST_PREMIUM_001861,CUST_PREMIUM_001861
leojones@northstar.org,email,leojones@northstar.org,CUST_PREMIUM_001861
+1 (310) 531-1340,phone,+1 (310) 531-1340,CUST_PREMIUM_001861
8308,card_last4,Card *8308,CUST_PREMIUM_001861
ck_98afad0121,cookie,ck_98afad0121,CUST_PREMIUM_001861
ck_f65279f370,cookie,ck_f65279f370,CUST_PREMIUM_001861
dev_e801b4a627,device_id,dev_e801b4a627,CUST_PREMIUM_001861
CUST_PREMIUM_001862,cust_id,CUST_PREMIUM_001862,CUST_PREMIUM_001862
l.cooper@atlasmail.net,email,l.cooper@atlasmail.net,CUST_PREMIUM_001862
+1 (310) 568-9259,phone,+1 (310) 568-9259,CUST_PREMIUM_001862
8216,card_last4,Card *8216,CUST_PREMIUM_001862
ck_fdb6be6eee,cookie,ck_fdb6be6eee,CUST_PREMIUM_001862
dev_8a48645555,device_id,dev_8a48645555,CUST_PREMIUM_001862
CUST_PREMIUM_001863,cust_id,CUST_PREMIUM_001863,CUST_PREMIUM_001863
miguelmoore@orchardmail.com,email,miguelmoore@orchardmail.com,CUST_PREMIUM_001863
+1 (312) 616-7178,phone,+1 (312) 616-7178,CUST_PREMIUM_001863
2912,card_last4,Card *2912,CUST_PREMIUM_001863
ck_a2174f20a7,cookie,ck_a2174f20a7,CUST_PREMIUM_001863
dev_30116d80c6,device_id,dev_30116d80c6,CUST_PREMIUM_001863
CUST_PREMIUM_001864,cust_id,CUST_PREMIUM_001864,CUST_PREMIUM_001864
meera.sterling@capital-demo.org,email,meera.sterling@capital-demo.org,CUST_PREMIUM_001864
+1 (469) 796-5097,phone,+1 (469) 796-5097,CUST_PREMIUM_001864
8073,card_last4,Card *8073,CUST_PREMIUM_001864
ck_2bc5eacf92,cookie,ck_2bc5eacf92,CUST_PREMIUM_001864
ck_ecfaddcbbd,cookie,ck_ecfaddcbbd,CUST_PREMIUM_001864
ck_38fab379a1,cookie,ck_38fab379a1,CUST_PREMIUM_001864
dev_3204ebe128,device_id,dev_3204ebe128,CUST_PREMIUM_001864
CUST_PREMIUM_001865,cust_id,CUST_PREMIUM_001865,CUST_PREMIUM_001865
nathan.sato@capital-demo.org,email,nathan.sato@capital-demo.org,CUST_PREMIUM_001865
+1 (212) 668-3016,phone,+1 (212) 668-3016,CUST_PREMIUM_001865
5599,card_last4,Card *5599,CUST_PREMIUM_001865
ck_a968965a3c,cookie,ck_a968965a3c,CUST_PREMIUM_001865
ck_3ad429e518,cookie,ck_3ad429e518,CUST_PREMIUM_001865
dev_cb1747f733,device_id,dev_cb1747f733,CUST_PREMIUM_001865
CUST_PREMIUM_001866,cust_id,CUST_PREMIUM_001866,CUST_PREMIUM_001866
priyaadams@harbor.example,email,priyaadams@harbor.example,CUST_PREMIUM_001866
+1 (416) 826-0935,phone,+1 (416) 826-0935,CUST_PREMIUM_001866
7441,card_last4,Card *7441,CUST_PREMIUM_001866
ck_58495bfa6d,cookie,ck_58495bfa6d,CUST_PREMIUM_001866
ck_c8dcde0ad1,cookie,ck_c8dcde0ad1,CUST_PREMIUM_001866
dev_8fb2fe26d0,device_id,dev_8fb2fe26d0,CUST_PREMIUM_001866
CUST_PREMIUM_001867,cust_id,CUST_PREMIUM_001867,CUST_PREMIUM_001867
victoria.jones@northstar.org,email,victoria.jones@northstar.org,CUST_PREMIUM_001867
+1 (206) 808-8854,phone,+1 (206) 808-8854,CUST_PREMIUM_001867
2196,card_last4,Card *2196,CUST_PREMIUM_001867
ck_1be0bc1b88,cookie,ck_1be0bc1b88,CUST_PREMIUM_001867
ck_e001ee6cbe,cookie,ck_e001ee6cbe,CUST_PREMIUM_001867
ck_dd0307610d,cookie,ck_dd0307610d,CUST_PREMIUM_001867
dev_23d847da60,device_id,dev_23d847da60,CUST_PREMIUM_001867
CUST_PREMIUM_001868,cust_id,CUST_PREMIUM_001868,CUST_PREMIUM_001868
andre.chen@summitmail.net,email,andre.chen@summitmail.net,CUST_PREMIUM_001868
+1 (206) 845-6773,phone,+1 (206) 845-6773,CUST_PREMIUM_001868
3518,card_last4,Card *3518,CUST_PREMIUM_001868
ck_70bf8014d0,cookie,ck_70bf8014d0,CUST_PREMIUM_001868
ck_8572e16d1f,cookie,ck_8572e16d1f,CUST_PREMIUM_001868
ck_ea85124ac2,cookie,ck_ea85124ac2,CUST_PREMIUM_001868
dev_e0ca9b0ae2,device_id,dev_e0ca9b0ae2,CUST_PREMIUM_001868
CUST_PREMIUM_001869,cust_id,CUST_PREMIUM_001869,CUST_PREMIUM_001869
sora.patel92@harbor.example,email,sora.patel92@harbor.example,CUST_PREMIUM_001869
+1 (312) 838-4692,phone,+1 (312) 838-4692,CUST_PREMIUM_001869
9972,card_last4,Card *9972,CUST_PREMIUM_001869
ck_5b3457853e,cookie,ck_5b3457853e,CUST_PREMIUM_001869
dev_409a546a63,device_id,dev_409a546a63,CUST_PREMIUM_001869
CUST_PREMIUM_001870,cust_id,CUST_PREMIUM_001870,CUST_PREMIUM_001870
maya.jackson93@northstar.org,email,maya.jackson93@northstar.org,CUST_PREMIUM_001870
+1 (310) 864-2611,phone,+1 (310) 864-2611,CUST_PREMIUM_001870
0121,card_last4,Card *0121,CUST_PREMIUM_001870
ck_c0c71020a0,cookie,ck_c0c71020a0,CUST_PREMIUM_001870
ck_cd1c84156b,cookie,ck_cd1c84156b,CUST_PREMIUM_001870
dev_613425fe19,device_id,dev_613425fe19,CUST_PREMIUM_001870
CUST_PREMIUM_001871,cust_id,CUST_PREMIUM_001871,CUST_PREMIUM_001871
harper.lopez@capital-demo.org,email,harper.lopez@capital-demo.org,CUST_PREMIUM_001871
+1 (212) 890-0530,phone,+1 (212) 890-0530,CUST_PREMIUM_001871
4237,card_last4,Card *4237,CUST_PREMIUM_001871
ck_d63984b49c,cookie,ck_d63984b49c,CUST_PREMIUM_001871
dev_b4672bafb5,device_id,dev_b4672bafb5,CUST_PREMIUM_001871
dev_shared_262547b98,device_id,dev_shared_262547b98,CUST_PREMIUM_001871
CUST_PREMIUM_001872,cust_id,CUST_PREMIUM_001872,CUST_PREMIUM_001872
eleanor.martin95@northstar.org,email,eleanor.martin95@northstar.org,CUST_PREMIUM_001872
+1 (646) 337-8449,phone,+1 (646) 337-8449,CUST_PREMIUM_001872
2853,card_last4,Card *2853,CUST_PREMIUM_001872
ck_8c98c3412d,cookie,ck_8c98c3412d,CUST_PREMIUM_001872
dev_358e9ee407,device_id,dev_358e9ee407,CUST_PREMIUM_001872
CUST_PREMIUM_001873,cust_id,CUST_PREMIUM_001873,CUST_PREMIUM_001873
leorossi@summitmail.net,email,leorossi@summitmail.net,CUST_PREMIUM_001873
+1 (202) 363-6368,phone,+1 (202) 363-6368,CUST_PREMIUM_001873
8467,card_last4,Card *8467,CUST_PREMIUM_001873
ck_3e9f840702,cookie,ck_3e9f840702,CUST_PREMIUM_001873
dev_8d364846cb,device_id,dev_8d364846cb,CUST_PREMIUM_001873
CUST_PREMIUM_001874,cust_id,CUST_PREMIUM_001874,CUST_PREMIUM_001874
emma.smith0@atlasmail.net,email,emma.smith0@atlasmail.net,CUST_PREMIUM_001874
+1 (469) 466-4287,phone,+1 (469) 466-4287,CUST_PREMIUM_001874
5317,card_last4,Card *5317,CUST_PREMIUM_001874
ck_6fcaba41e5,cookie,ck_6fcaba41e5,CUST_PREMIUM_001874
ck_08df0fad2f,cookie,ck_08df0fad2f,CUST_PREMIUM_001874
dev_c1cfe52d23,device_id,dev_c1cfe52d23,CUST_PREMIUM_001874
CUST_PREMIUM_001875,cust_id,CUST_PREMIUM_001875,CUST_PREMIUM_001875
jasmine.smith@example.com,email,jasmine.smith@example.com,CUST_PREMIUM_001875
+1 (212) 338-2206,phone,+1 (212) 338-2206,CUST_PREMIUM_001875
7964,card_last4,Card *7964,CUST_PREMIUM_001875
ck_dd1f104d26,cookie,ck_dd1f104d26,CUST_PREMIUM_001875
dev_3e7bf12685,device_id,dev_3e7bf12685,CUST_PREMIUM_001875
CUST_PREMIUM_001876,cust_id,CUST_PREMIUM_001876,CUST_PREMIUM_001876
brown.akira@orchardmail.com,email,brown.akira@orchardmail.com,CUST_PREMIUM_001876
+1 (404) 463-0125,phone,+1 (404) 463-0125,CUST_PREMIUM_001876
6922,card_last4,Card *6922,CUST_PREMIUM_001876
ck_c4c9234bb5,cookie,ck_c4c9234bb5,CUST_PREMIUM_001876
dev_4d6e1d2ebb,device_id,dev_4d6e1d2ebb,CUST_PREMIUM_001876
CUST_PREMIUM_001877,cust_id,CUST_PREMIUM_001877,CUST_PREMIUM_001877
a.gupta@vectorlabs.co,email,a.gupta@vectorlabs.co,CUST_PREMIUM_001877
+1 (917) 555-8044,phone,+1 (917) 555-8044,CUST_PREMIUM_001877
4656,card_last4,Card *4656,CUST_PREMIUM_001877
ck_a5d0dec0d4,cookie,ck_a5d0dec0d4,CUST_PREMIUM_001877
dev_92430b58cc,device_id,dev_92430b58cc,CUST_PREMIUM_001877
CUST_PREMIUM_001878,cust_id,CUST_PREMIUM_001878,CUST_PREMIUM_001878
i.turner@summitmail.net,email,i.turner@summitmail.net,CUST_PREMIUM_001878
+1 (214) 493-5963,phone,+1 (214) 493-5963,CUST_PREMIUM_001878
2422,card_last4,Card *2422,CUST_PREMIUM_001878
ck_ea8ffd3714,cookie,ck_ea8ffd3714,CUST_PREMIUM_001878
dev_b5eb232eea,device_id,dev_b5eb232eea,CUST_PREMIUM_001878
CUST_PREMIUM_001879,cust_id,CUST_PREMIUM_001879,CUST_PREMIUM_001879
khan.nathan@orchardmail.com,email,khan.nathan@orchardmail.com,CUST_PREMIUM_001879
+1 (415) 519-3882,phone,+1 (415) 519-3882,CUST_PREMIUM_001879
8958,card_last4,Card *8958,CUST_PREMIUM_001879
ck_3de5870240,cookie,ck_3de5870240,CUST_PREMIUM_001879
ck_f0965490ae,cookie,ck_f0965490ae,CUST_PREMIUM_001879
ck_820cbb401e,cookie,ck_820cbb401e,CUST_PREMIUM_001879
ck_ecf8eeba46,cookie,ck_ecf8eeba46,CUST_PREMIUM_001879
dev_537765790c,device_id,dev_537765790c,CUST_PREMIUM_001879
dev_3fc926bbd0,device_id,dev_3fc926bbd0,CUST_PREMIUM_001879
CUST_PREMIUM_001880,cust_id,CUST_PREMIUM_001880,CUST_PREMIUM_001880
isabella.shah@summitmail.net,email,isabella.shah@summitmail.net,CUST_PREMIUM_001880
+1 (214) 567-1801,phone,+1 (214) 567-1801,CUST_PREMIUM_001880
2447,card_last4,Card *2447,CUST_PREMIUM_001880
ck_c7545a29da,cookie,ck_c7545a29da,CUST_PREMIUM_001880
dev_9ddd3968af,device_id,dev_9ddd3968af,CUST_PREMIUM_001880
CUST_PREMIUM_001881,cust_id,CUST_PREMIUM_001881,CUST_PREMIUM_001881
garcia.ethan@orchardmail.com,email,garcia.ethan@orchardmail.com,CUST_PREMIUM_001881
+1 (310) 571-9720,phone,+1 (310) 571-9720,CUST_PREMIUM_001881
6849,card_last4,Card *6849,CUST_PREMIUM_001881
ck_e202296113,cookie,ck_e202296113,CUST_PREMIUM_001881
dev_f4c6d5233d,device_id,dev_f4c6d5233d,CUST_PREMIUM_001881
CUST_PREMIUM_001882,cust_id,CUST_PREMIUM_001882,CUST_PREMIUM_001882
v.young@vectorlabs.co,email,v.young@vectorlabs.co,CUST_PREMIUM_001882
+1 (617) 674-7639,phone,+1 (617) 674-7639,CUST_PREMIUM_001882
6467,card_last4,Card *6467,CUST_PREMIUM_001882
ck_587a31cada,cookie,ck_587a31cada,CUST_PREMIUM_001882
dev_9505a55411,device_id,dev_9505a55411,CUST_PREMIUM_001882
dev_d934f50708,device_id,dev_d934f50708,CUST_PREMIUM_001882
dev_shared_00c3691a2,device_id,dev_shared_00c3691a2,CUST_PREMIUM_001882
CUST_PREMIUM_001883,cust_id,CUST_PREMIUM_001883,CUST_PREMIUM_001883
hernandez.theo@harbor.example,email,hernandez.theo@harbor.example,CUST_PREMIUM_001883
+1 (415) 667-5558,phone,+1 (415) 667-5558,CUST_PREMIUM_001883
7465,card_last4,Card *7465,CUST_PREMIUM_001883
ck_c31c874fd2,cookie,ck_c31c874fd2,CUST_PREMIUM_001883
dev_0d0086294e,device_id,dev_0d0086294e,CUST_PREMIUM_001883
CUST_PREMIUM_001884,cust_id,CUST_PREMIUM_001884,CUST_PREMIUM_001884
ananya.kumar10@harbor.example,email,ananya.kumar10@harbor.example,CUST_PREMIUM_001884
+1 (212) 671-3477,phone,+1 (212) 671-3477,CUST_PREMIUM_001884
9026,card_last4,Card *9026,CUST_PREMIUM_001884
ck_ce24a73212,cookie,ck_ce24a73212,CUST_PREMIUM_001884
ck_1640bec7b2,cookie,ck_1640bec7b2,CUST_PREMIUM_001884
dev_43e801c688,device_id,dev_43e801c688,CUST_PREMIUM_001884
CUST_PREMIUM_001885,cust_id,CUST_PREMIUM_001885,CUST_PREMIUM_001885
priyaevans@example.com,email,priyaevans@example.com,CUST_PREMIUM_001885
+1 (917) 851-1396,phone,+1 (917) 851-1396,CUST_PREMIUM_001885
2639,card_last4,Card *2639,CUST_PREMIUM_001885
ck_a799c2d00d,cookie,ck_a799c2d00d,CUST_PREMIUM_001885
ck_6735422f74,cookie,ck_6735422f74,CUST_PREMIUM_001885
dev_71494bd90a,device_id,dev_71494bd90a,CUST_PREMIUM_001885
CUST_PREMIUM_001886,cust_id,CUST_PREMIUM_001886,CUST_PREMIUM_001886
murphy.amara@capital-demo.org,email,murphy.amara@capital-demo.org,CUST_PREMIUM_001886
+1 (310) 756-9315,phone,+1 (310) 756-9315,CUST_PREMIUM_001886
1899,card_last4,Card *1899,CUST_PREMIUM_001886
ck_a5088102b5,cookie,ck_a5088102b5,CUST_PREMIUM_001886
ck_da9bdc6a4d,cookie,ck_da9bdc6a4d,CUST_PREMIUM_001886
dev_97cb876cff,device_id,dev_97cb876cff,CUST_PREMIUM_001886
CUST_PREMIUM_001887,cust_id,CUST_PREMIUM_001887,CUST_PREMIUM_001887
amara.wilson@vectorlabs.co,email,amara.wilson@vectorlabs.co,CUST_PREMIUM_001887
+1 (310) 793-7234,phone,+1 (310) 793-7234,CUST_PREMIUM_001887
4814,card_last4,Card *4814,CUST_PREMIUM_001887
ck_3a97467704,cookie,ck_3a97467704,CUST_PREMIUM_001887
ck_3784cf98ed,cookie,ck_3784cf98ed,CUST_PREMIUM_001887
dev_757d0fd14d,device_id,dev_757d0fd14d,CUST_PREMIUM_001887
dev_shared_3d04316b7,device_id,dev_shared_3d04316b7,CUST_PREMIUM_001887
dev_shared_4259fe9f8,device_id,dev_shared_4259fe9f8,CUST_PREMIUM_001887
CUST_PREMIUM_001888,cust_id,CUST_PREMIUM_001888,CUST_PREMIUM_001888
k.bennett@northstar.org,email,k.bennett@northstar.org,CUST_PREMIUM_001888
+1 (202) 218-5153,phone,+1 (202) 218-5153,CUST_PREMIUM_001888
6873,card_last4,Card *6873,CUST_PREMIUM_001888
ck_923c083c1b,cookie,ck_923c083c1b,CUST_PREMIUM_001888
dev_0003e4a90d,device_id,dev_0003e4a90d,CUST_PREMIUM_001888
CUST_PREMIUM_001889,cust_id,CUST_PREMIUM_001889,CUST_PREMIUM_001889
e.adams@atlasmail.net,email,e.adams@atlasmail.net,CUST_PREMIUM_001889
+1 (650) 288-3072,phone,+1 (650) 288-3072,CUST_PREMIUM_001889
8659,card_last4,Card *8659,CUST_PREMIUM_001889
ck_07f6d1c3c5,cookie,ck_07f6d1c3c5,CUST_PREMIUM_001889
ck_62644e6f0d,cookie,ck_62644e6f0d,CUST_PREMIUM_001889
dev_31c3e4ab23,device_id,dev_31c3e4ab23,CUST_PREMIUM_001889
CUST_PREMIUM_001890,cust_id,CUST_PREMIUM_001890,CUST_PREMIUM_001890
davis.aisha@summitmail.net,email,davis.aisha@summitmail.net,CUST_PREMIUM_001890
+1 (310) 204-0991,phone,+1 (310) 204-0991,CUST_PREMIUM_001890
0023,card_last4,Card *0023,CUST_PREMIUM_001890
ck_4730b7e8bc,cookie,ck_4730b7e8bc,CUST_PREMIUM_001890
ck_eeacc2d844,cookie,ck_eeacc2d844,CUST_PREMIUM_001890
dev_235afe2b45,device_id,dev_235afe2b45,CUST_PREMIUM_001890
CUST_PREMIUM_001891,cust_id,CUST_PREMIUM_001891,CUST_PREMIUM_001891
a.bennett@summitmail.net,email,a.bennett@summitmail.net,CUST_PREMIUM_001891
+1 (305) 285-8910,phone,+1 (305) 285-8910,CUST_PREMIUM_001891
8773,card_last4,Card *8773,CUST_PREMIUM_001891
ck_20befa121c,cookie,ck_20befa121c,CUST_PREMIUM_001891
ck_f4ed043611,cookie,ck_f4ed043611,CUST_PREMIUM_001891
dev_f9b52c8e2b,device_id,dev_f9b52c8e2b,CUST_PREMIUM_001891
CUST_PREMIUM_001892,cust_id,CUST_PREMIUM_001892,CUST_PREMIUM_001892
meeracampbell@atlasmail.net,email,meeracampbell@atlasmail.net,CUST_PREMIUM_001892
+1 (212) 267-6829,phone,+1 (212) 267-6829,CUST_PREMIUM_001892
7265,card_last4,Card *7265,CUST_PREMIUM_001892
ck_a2864df039,cookie,ck_a2864df039,CUST_PREMIUM_001892
ck_ebfec16728,cookie,ck_ebfec16728,CUST_PREMIUM_001892
dev_4c20ba839c,device_id,dev_4c20ba839c,CUST_PREMIUM_001892
CUST_PREMIUM_001893,cust_id,CUST_PREMIUM_001893,CUST_PREMIUM_001893
samuel.perez@orchardmail.com,email,samuel.perez@orchardmail.com,CUST_PREMIUM_001893
+1 (212) 304-4748,phone,+1 (212) 304-4748,CUST_PREMIUM_001893
3624,card_last4,Card *3624,CUST_PREMIUM_001893
ck_14b2afebc0,cookie,ck_14b2afebc0,CUST_PREMIUM_001893
dev_cc526c9ba5,device_id,dev_cc526c9ba5,CUST_PREMIUM_001893
dev_bad5ab5e51,device_id,dev_bad5ab5e51,CUST_PREMIUM_001893
CUST_PREMIUM_001894,cust_id,CUST_PREMIUM_001894,CUST_PREMIUM_001894
eleanorcooper@example.com,email,eleanorcooper@example.com,CUST_PREMIUM_001894
+1 (212) 341-2667,phone,+1 (212) 341-2667,CUST_PREMIUM_001894
5122,card_last4,Card *5122,CUST_PREMIUM_001894
ck_d091adeadd,cookie,ck_d091adeadd,CUST_PREMIUM_001894
dev_00d040b6a4,device_id,dev_00d040b6a4,CUST_PREMIUM_001894
dev_shared_583800138,device_id,dev_shared_583800138,CUST_PREMIUM_001894
CUST_PREMIUM_001895,cust_id,CUST_PREMIUM_001895,CUST_PREMIUM_001895
akira.sato@orchardmail.com,email,akira.sato@orchardmail.com,CUST_PREMIUM_001895
+1 (646) 488-0586,phone,+1 (646) 488-0586,CUST_PREMIUM_001895
3841,card_last4,Card *3841,CUST_PREMIUM_001895
ck_5cd43e6715,cookie,ck_5cd43e6715,CUST_PREMIUM_001895
ck_6fc6e08af5,cookie,ck_6fc6e08af5,CUST_PREMIUM_001895
dev_e83e3a8c91,device_id,dev_e83e3a8c91,CUST_PREMIUM_001895
CUST_PREMIUM_001896,cust_id,CUST_PREMIUM_001896,CUST_PREMIUM_001896
c.martinez@capital-demo.org,email,c.martinez@capital-demo.org,CUST_PREMIUM_001896
+1 (617) 492-8505,phone,+1 (617) 492-8505,CUST_PREMIUM_001896
0589,card_last4,Card *0589,CUST_PREMIUM_001896
ck_d9fd21f6b6,cookie,ck_d9fd21f6b6,CUST_PREMIUM_001896
dev_405d3943cc,device_id,dev_405d3943cc,CUST_PREMIUM_001896
CUST_PREMIUM_001897,cust_id,CUST_PREMIUM_001897,CUST_PREMIUM_001897
victoriabanerjee@summitmail.net,email,victoriabanerjee@summitmail.net,CUST_PREMIUM_001897
+1 (917) 595-6424,phone,+1 (917) 595-6424,CUST_PREMIUM_001897
5996,card_last4,Card *5996,CUST_PREMIUM_001897
ck_0f013d166d,cookie,ck_0f013d166d,CUST_PREMIUM_001897
ck_ebbdbf3593,cookie,ck_ebbdbf3593,CUST_PREMIUM_001897
ck_06dad7c9bf,cookie,ck_06dad7c9bf,CUST_PREMIUM_001897
dev_847f58045e,device_id,dev_847f58045e,CUST_PREMIUM_001897
CUST_PREMIUM_001898,cust_id,CUST_PREMIUM_001898,CUST_PREMIUM_001898
zoe.bennett24@harbor.example,email,zoe.bennett24@harbor.example,CUST_PREMIUM_001898
+1 (214) 533-4343,phone,+1 (214) 533-4343,CUST_PREMIUM_001898
7515,card_last4,Card *7515,CUST_PREMIUM_001898
ck_7e498a4e14,cookie,ck_7e498a4e14,CUST_PREMIUM_001898
dev_d23f9902b8,device_id,dev_d23f9902b8,CUST_PREMIUM_001898
CUST_PREMIUM_001899,cust_id,CUST_PREMIUM_001899,CUST_PREMIUM_001899
sara.ito25@summitmail.net,email,sara.ito25@summitmail.net,CUST_PREMIUM_001899
+1 (646) 636-2262,phone,+1 (646) 636-2262,CUST_PREMIUM_001899
1736,card_last4,Card *1736,CUST_PREMIUM_001899
ck_fe0e5c10ba,cookie,ck_fe0e5c10ba,CUST_PREMIUM_001899
ck_9fcd858061,cookie,ck_9fcd858061,CUST_PREMIUM_001899
dev_c5b3998a7e,device_id,dev_c5b3998a7e,CUST_PREMIUM_001899
dev_5f163e2a41,device_id,dev_5f163e2a41,CUST_PREMIUM_001899
CUST_PREMIUM_001900,cust_id,CUST_PREMIUM_001900,CUST_PREMIUM_001900
hirovance@example.com,email,hirovance@example.com,CUST_PREMIUM_001900
+1 (212) 563-0181,phone,+1 (212) 563-0181,CUST_PREMIUM_001900
2815,card_last4,Card *2815,CUST_PREMIUM_001900
ck_bf575bdfd1,cookie,ck_bf575bdfd1,CUST_PREMIUM_001900
ck_65dd66ddbc,cookie,ck_65dd66ddbc,CUST_PREMIUM_001900
ck_3c5b491932,cookie,ck_3c5b491932,CUST_PREMIUM_001900
dev_1f58489cc9,device_id,dev_1f58489cc9,CUST_PREMIUM_001900
CUST_PREMIUM_001901,cust_id,CUST_PREMIUM_001901,CUST_PREMIUM_001901
a.kapoor@harbor.example,email,a.kapoor@harbor.example,CUST_PREMIUM_001901
+1 (415) 633-8100,phone,+1 (415) 633-8100,CUST_PREMIUM_001901
8883,card_last4,Card *8883,CUST_PREMIUM_001901
ck_cc2db68391,cookie,ck_cc2db68391,CUST_PREMIUM_001901
dev_58eaab3524,device_id,dev_58eaab3524,CUST_PREMIUM_001901
CUST_PREMIUM_001902,cust_id,CUST_PREMIUM_001902,CUST_PREMIUM_001902
n.wilson@summitmail.net,email,n.wilson@summitmail.net,CUST_PREMIUM_001902
+1 (312) 659-6019,phone,+1 (312) 659-6019,CUST_PREMIUM_001902
9860,card_last4,Card *9860,CUST_PREMIUM_001902
ck_4c7c584335,cookie,ck_4c7c584335,CUST_PREMIUM_001902
dev_c5519ae9fa,device_id,dev_c5519ae9fa,CUST_PREMIUM_001902
CUST_PREMIUM_001903,cust_id,CUST_PREMIUM_001903,CUST_PREMIUM_001903
a.clark@orchardmail.com,email,a.clark@orchardmail.com,CUST_PREMIUM_001903
+1 (650) 806-3938,phone,+1 (650) 806-3938,CUST_PREMIUM_001903
8074,card_last4,Card *8074,CUST_PREMIUM_001903
ck_9cf0ded168,cookie,ck_9cf0ded168,CUST_PREMIUM_001903
dev_c7246f2ea3,device_id,dev_c7246f2ea3,CUST_PREMIUM_001903
CUST_PREMIUM_001904,cust_id,CUST_PREMIUM_001904,CUST_PREMIUM_001904
k.rivera@orchardmail.com,email,k.rivera@orchardmail.com,CUST_PREMIUM_001904
+1 (312) 733-1857,phone,+1 (312) 733-1857,CUST_PREMIUM_001904
2917,card_last4,Card *2917,CUST_PREMIUM_001904
ck_6ab6779c76,cookie,ck_6ab6779c76,CUST_PREMIUM_001904
ck_4a1b545e8f,cookie,ck_4a1b545e8f,CUST_PREMIUM_001904
dev_b4273c0e3c,device_id,dev_b4273c0e3c,CUST_PREMIUM_001904
dev_46faacd39c,device_id,dev_46faacd39c,CUST_PREMIUM_001904
CUST_PREMIUM_001905,cust_id,CUST_PREMIUM_001905,CUST_PREMIUM_001905
s.robinson@bluepeak.co,email,s.robinson@bluepeak.co,CUST_PREMIUM_001905
+1 (310) 759-9776,phone,+1 (310) 759-9776,CUST_PREMIUM_001905
1050,card_last4,Card *1050,CUST_PREMIUM_001905
ck_74868aab55,cookie,ck_74868aab55,CUST_PREMIUM_001905
ck_45c6451ae4,cookie,ck_45c6451ae4,CUST_PREMIUM_001905
ck_fba3498af5,cookie,ck_fba3498af5,CUST_PREMIUM_001905
ck_36e260a917,cookie,ck_36e260a917,CUST_PREMIUM_001905
ck_e0dd00861f,cookie,ck_e0dd00861f,CUST_PREMIUM_001905
dev_746bbd7279,device_id,dev_746bbd7279,CUST_PREMIUM_001905
CUST_PREMIUM_001906,cust_id,CUST_PREMIUM_001906,CUST_PREMIUM_001906
samuel.moore32@harbor.example,email,samuel.moore32@harbor.example,CUST_PREMIUM_001906
+1 (646) 895-7695,phone,+1 (646) 895-7695,CUST_PREMIUM_001906
9842,card_last4,Card *9842,CUST_PREMIUM_001906
ck_a829f811cb,cookie,ck_a829f811cb,CUST_PREMIUM_001906
dev_47770767e7,device_id,dev_47770767e7,CUST_PREMIUM_001906
dev_122e65c294,device_id,dev_122e65c294,CUST_PREMIUM_001906
CUST_PREMIUM_001907,cust_id,CUST_PREMIUM_001907,CUST_PREMIUM_001907
jack.wang33@atlasmail.net,email,jack.wang33@atlasmail.net,CUST_PREMIUM_001907
+1 (212) 822-5614,phone,+1 (212) 822-5614,CUST_PREMIUM_001907
0124,card_last4,Card *0124,CUST_PREMIUM_001907
ck_131f0733a6,cookie,ck_131f0733a6,CUST_PREMIUM_001907
dev_cf3e1595e0,device_id,dev_cf3e1595e0,CUST_PREMIUM_001907
CUST_PREMIUM_001908,cust_id,CUST_PREMIUM_001908,CUST_PREMIUM_001908
wilson.alejandro@orchardmail.com,email,wilson.alejandro@orchardmail.com,CUST_PREMIUM_001908
+1 (212) 859-3533,phone,+1 (212) 859-3533,CUST_PREMIUM_001908
7653,card_last4,Card *7653,CUST_PREMIUM_001908
ck_ae1f0607d1,cookie,ck_ae1f0607d1,CUST_PREMIUM_001908
dev_3cec2738ad,device_id,dev_3cec2738ad,CUST_PREMIUM_001908
CUST_PREMIUM_001909,cust_id,CUST_PREMIUM_001909,CUST_PREMIUM_001909
james.sterling35@orchardmail.com,email,james.sterling35@orchardmail.com,CUST_PREMIUM_001909
+1 (305) 251-1452,phone,+1 (305) 251-1452,CUST_PREMIUM_001909
3330,card_last4,Card *3330,CUST_PREMIUM_001909
ck_4771cd0fe5,cookie,ck_4771cd0fe5,CUST_PREMIUM_001909
dev_4f8c2129a5,device_id,dev_4f8c2129a5,CUST_PREMIUM_001909
CUST_PREMIUM_001910,cust_id,CUST_PREMIUM_001910,CUST_PREMIUM_001910
laylacarter@atlasmail.net,email,laylacarter@atlasmail.net,CUST_PREMIUM_001910
+1 (305) 288-9371,phone,+1 (305) 288-9371,CUST_PREMIUM_001910
7876,card_last4,Card *7876,CUST_PREMIUM_001910
ck_b0f71f166e,cookie,ck_b0f71f166e,CUST_PREMIUM_001910
dev_fef830b10a,device_id,dev_fef830b10a,CUST_PREMIUM_001910
dev_66a51cbc7e,device_id,dev_66a51cbc7e,CUST_PREMIUM_001910
CUST_PREMIUM_001911,cust_id,CUST_PREMIUM_001911,CUST_PREMIUM_001911
nora.rossi@bluepeak.co,email,nora.rossi@bluepeak.co,CUST_PREMIUM_001911
+1 (310) 281-7290,phone,+1 (310) 281-7290,CUST_PREMIUM_001911
3620,card_last4,Card *3620,CUST_PREMIUM_001911
ck_edcbf114c3,cookie,ck_edcbf114c3,CUST_PREMIUM_001911
ck_6467f2ebeb,cookie,ck_6467f2ebeb,CUST_PREMIUM_001911
ck_6fb2b23537,cookie,ck_6fb2b23537,CUST_PREMIUM_001911
dev_547fe3f5c5,device_id,dev_547fe3f5c5,CUST_PREMIUM_001911
dev_606a2353d3,device_id,dev_606a2353d3,CUST_PREMIUM_001911
dev_shared_65c7cfd42,device_id,dev_shared_65c7cfd42,CUST_PREMIUM_001911
CUST_PREMIUM_001912,cust_id,CUST_PREMIUM_001912,CUST_PREMIUM_001912
fernandez.naomi@northstar.org,email,fernandez.naomi@northstar.org,CUST_PREMIUM_001912
+1 (212) 307-5209,phone,+1 (212) 307-5209,CUST_PREMIUM_001912
4105,card_last4,Card *4105,CUST_PREMIUM_001912
ck_ebc0c1abc5,cookie,ck_ebc0c1abc5,CUST_PREMIUM_001912
ck_8938bd336e,cookie,ck_8938bd336e,CUST_PREMIUM_001912
dev_15d3ae4a45,device_id,dev_15d3ae4a45,CUST_PREMIUM_001912
dev_1a649c2213,device_id,dev_1a649c2213,CUST_PREMIUM_001912
dev_6230752aac,device_id,dev_6230752aac,CUST_PREMIUM_001912
CUST_PREMIUM_001913,cust_id,CUST_PREMIUM_001913,CUST_PREMIUM_001913
jonah.rivera@summitmail.net,email,jonah.rivera@summitmail.net,CUST_PREMIUM_001913
+1 (310) 355-3128,phone,+1 (310) 355-3128,CUST_PREMIUM_001913
6779,card_last4,Card *6779,CUST_PREMIUM_001913
ck_066b9f2f64,cookie,ck_066b9f2f64,CUST_PREMIUM_001913
dev_f511af4633,device_id,dev_f511af4633,CUST_PREMIUM_001913
dev_shared_111f6ae93,device_id,dev_shared_111f6ae93,CUST_PREMIUM_001913
CUST_PREMIUM_001914,cust_id,CUST_PREMIUM_001914,CUST_PREMIUM_001914
a.banerjee@vectorlabs.co,email,a.banerjee@vectorlabs.co,CUST_PREMIUM_001914
+1 (312) 403-1047,phone,+1 (312) 403-1047,CUST_PREMIUM_001914
8834,card_last4,Card *8834,CUST_PREMIUM_001914
ck_79bb57c5b3,cookie,ck_79bb57c5b3,CUST_PREMIUM_001914
dev_8c752370eb,device_id,dev_8c752370eb,CUST_PREMIUM_001914
CUST_PREMIUM_001915,cust_id,CUST_PREMIUM_001915,CUST_PREMIUM_001915
ameliamorgan@vectorlabs.co,email,ameliamorgan@vectorlabs.co,CUST_PREMIUM_001915
+1 (312) 440-8966,phone,+1 (312) 440-8966,CUST_PREMIUM_001915
2059,card_last4,Card *2059,CUST_PREMIUM_001915
ck_19c55e1101,cookie,ck_19c55e1101,CUST_PREMIUM_001915
ck_cd7c3afb94,cookie,ck_cd7c3afb94,CUST_PREMIUM_001915
dev_c60007bc48,device_id,dev_c60007bc48,CUST_PREMIUM_001915
dev_e96ac7f97c,device_id,dev_e96ac7f97c,CUST_PREMIUM_001915
CUST_PREMIUM_001916,cust_id,CUST_PREMIUM_001916,CUST_PREMIUM_001916
e.lee@bluepeak.co,email,e.lee@bluepeak.co,CUST_PREMIUM_001916
+1 (416) 576-6885,phone,+1 (416) 576-6885,CUST_PREMIUM_001916
4207,card_last4,Card *4207,CUST_PREMIUM_001916
ck_10cae29d90,cookie,ck_10cae29d90,CUST_PREMIUM_001916
ck_4f86b8ea8b,cookie,ck_4f86b8ea8b,CUST_PREMIUM_001916
ck_7446e9207a,cookie,ck_7446e9207a,CUST_PREMIUM_001916
dev_a0955dfabb,device_id,dev_a0955dfabb,CUST_PREMIUM_001916
dev_aa7f05516c,device_id,dev_aa7f05516c,CUST_PREMIUM_001916
dev_shared_57bfd84f1,device_id,dev_shared_57bfd84f1,CUST_PREMIUM_001916
CUST_PREMIUM_001917,cust_id,CUST_PREMIUM_001917,CUST_PREMIUM_001917
alejandro.morgan43@vectorlabs.co,email,alejandro.morgan43@vectorlabs.co,CUST_PREMIUM_001917
+1 (202) 591-4804,phone,+1 (202) 591-4804,CUST_PREMIUM_001917
5010,card_last4,Card *5010,CUST_PREMIUM_001917
ck_69223d8ece,cookie,ck_69223d8ece,CUST_PREMIUM_001917
dev_e980386275,device_id,dev_e980386275,CUST_PREMIUM_001917
CUST_PREMIUM_001918,cust_id,CUST_PREMIUM_001918,CUST_PREMIUM_001918
sato.aisha@harbor.example,email,sato.aisha@harbor.example,CUST_PREMIUM_001918
+1 (718) 683-2723,phone,+1 (718) 683-2723,CUST_PREMIUM_001918
7480,card_last4,Card *7480,CUST_PREMIUM_001918
ck_1c75c5cfce,cookie,ck_1c75c5cfce,CUST_PREMIUM_001918
ck_b09ef30736,cookie,ck_b09ef30736,CUST_PREMIUM_001918
ck_6e34f48b11,cookie,ck_6e34f48b11,CUST_PREMIUM_001918
dev_730d491338,device_id,dev_730d491338,CUST_PREMIUM_001918
CUST_PREMIUM_001919,cust_id,CUST_PREMIUM_001919,CUST_PREMIUM_001919
shah.daniel@summitmail.net,email,shah.daniel@summitmail.net,CUST_PREMIUM_001919
+1 (617) 643-0642,phone,+1 (617) 643-0642,CUST_PREMIUM_001919
6403,card_last4,Card *6403,CUST_PREMIUM_001919
ck_f809f1cf33,cookie,ck_f809f1cf33,CUST_PREMIUM_001919
dev_5d938d80cb,device_id,dev_5d938d80cb,CUST_PREMIUM_001919
CUST_PREMIUM_001920,cust_id,CUST_PREMIUM_001920,CUST_PREMIUM_001920
vivian.harris@example.com,email,vivian.harris@example.com,CUST_PREMIUM_001920
+1 (212) 603-8561,phone,+1 (212) 603-8561,CUST_PREMIUM_001920
9295,card_last4,Card *9295,CUST_PREMIUM_001920
ck_84173c46e9,cookie,ck_84173c46e9,CUST_PREMIUM_001920
dev_915b34fd22,device_id,dev_915b34fd22,CUST_PREMIUM_001920
dev_f9b37783bf,device_id,dev_f9b37783bf,CUST_PREMIUM_001920
CUST_PREMIUM_001921,cust_id,CUST_PREMIUM_001921,CUST_PREMIUM_001921
arjundavis@summitmail.net,email,arjundavis@summitmail.net,CUST_PREMIUM_001921
+1 (312) 662-6480,phone,+1 (312) 662-6480,CUST_PREMIUM_001921
6863,card_last4,Card *6863,CUST_PREMIUM_001921
ck_e9f0a7a4d8,cookie,ck_e9f0a7a4d8,CUST_PREMIUM_001921
dev_04b96db606,device_id,dev_04b96db606,CUST_PREMIUM_001921
CUST_PREMIUM_001922,cust_id,CUST_PREMIUM_001922,CUST_PREMIUM_001922
patel.sophia@capital-demo.org,email,patel.sophia@capital-demo.org,CUST_PREMIUM_001922
+1 (305) 732-4399,phone,+1 (305) 732-4399,CUST_PREMIUM_001922
9835,card_last4,Card *9835,CUST_PREMIUM_001922
ck_a7282702b9,cookie,ck_a7282702b9,CUST_PREMIUM_001922
ck_8f0dbf18fb,cookie,ck_8f0dbf18fb,CUST_PREMIUM_001922
dev_2ca8f89d0b,device_id,dev_2ca8f89d0b,CUST_PREMIUM_001922
CUST_PREMIUM_001923,cust_id,CUST_PREMIUM_001923,CUST_PREMIUM_001923
harpergarcia@bluepeak.co,email,harpergarcia@bluepeak.co,CUST_PREMIUM_001923
+1 (312) 736-2318,phone,+1 (312) 736-2318,CUST_PREMIUM_001923
7190,card_last4,Card *7190,CUST_PREMIUM_001923
ck_43e0e8884e,cookie,ck_43e0e8884e,CUST_PREMIUM_001923
ck_292f2a8508,cookie,ck_292f2a8508,CUST_PREMIUM_001923
dev_0980af727f,device_id,dev_0980af727f,CUST_PREMIUM_001923
dev_ef448af199,device_id,dev_ef448af199,CUST_PREMIUM_001923
dev_shared_45c20f3e5,device_id,dev_shared_45c20f3e5,CUST_PREMIUM_001923
dev_shared_96bd14734,device_id,dev_shared_96bd14734,CUST_PREMIUM_001923
dev_shared_deb7dc5bc,device_id,dev_shared_deb7dc5bc,CUST_PREMIUM_001923
CUST_PREMIUM_001924,cust_id,CUST_PREMIUM_001924,CUST_PREMIUM_001924
meerabennett@summitmail.net,email,meerabennett@summitmail.net,CUST_PREMIUM_001924
+1 (305) 806-0237,phone,+1 (305) 806-0237,CUST_PREMIUM_001924
9257,card_last4,Card *9257,CUST_PREMIUM_001924
ck_adb935f399,cookie,ck_adb935f399,CUST_PREMIUM_001924
ck_4a5fcdde8d,cookie,ck_4a5fcdde8d,CUST_PREMIUM_001924
ck_be1fa0daca,cookie,ck_be1fa0daca,CUST_PREMIUM_001924
ck_5b244a214f,cookie,ck_5b244a214f,CUST_PREMIUM_001924
dev_69e6de3cc7,device_id,dev_69e6de3cc7,CUST_PREMIUM_001924
dev_de4530f44c,device_id,dev_de4530f44c,CUST_PREMIUM_001924
CUST_PREMIUM_001925,cust_id,CUST_PREMIUM_001925,CUST_PREMIUM_001925
lucas.khan51@capital-demo.org,email,lucas.khan51@capital-demo.org,CUST_PREMIUM_001925
+1 (718) 242-8156,phone,+1 (718) 242-8156,CUST_PREMIUM_001925
0766,card_last4,Card *0766,CUST_PREMIUM_001925
ck_58154ab348,cookie,ck_58154ab348,CUST_PREMIUM_001925
ck_5af1a8c011,cookie,ck_5af1a8c011,CUST_PREMIUM_001925
ck_089fc6a02a,cookie,ck_089fc6a02a,CUST_PREMIUM_001925
dev_f6f01e7ea7,device_id,dev_f6f01e7ea7,CUST_PREMIUM_001925
dev_shared_727803db9,device_id,dev_shared_727803db9,CUST_PREMIUM_001925
CUST_PREMIUM_001926,cust_id,CUST_PREMIUM_001926,CUST_PREMIUM_001926
fatima.hall@summitmail.net,email,fatima.hall@summitmail.net,CUST_PREMIUM_001926
+1 (617) 202-6075,phone,+1 (617) 202-6075,CUST_PREMIUM_001926
8399,card_last4,Card *8399,CUST_PREMIUM_001926
ck_d64d853842,cookie,ck_d64d853842,CUST_PREMIUM_001926
ck_b55cc56de2,cookie,ck_b55cc56de2,CUST_PREMIUM_001926
dev_a1777be368,device_id,dev_a1777be368,CUST_PREMIUM_001926
CUST_PREMIUM_001927,cust_id,CUST_PREMIUM_001927,CUST_PREMIUM_001927
i.robinson@harbor.example,email,i.robinson@harbor.example,CUST_PREMIUM_001927
+1 (214) 206-3994,phone,+1 (214) 206-3994,CUST_PREMIUM_001927
8410,card_last4,Card *8410,CUST_PREMIUM_001927
ck_2f6ca0bca9,cookie,ck_2f6ca0bca9,CUST_PREMIUM_001927
ck_a4aaa2e95b,cookie,ck_a4aaa2e95b,CUST_PREMIUM_001927
dev_14518bf997,device_id,dev_14518bf997,CUST_PREMIUM_001927
dev_2e287cf6bf,device_id,dev_2e287cf6bf,CUST_PREMIUM_001927
CUST_PREMIUM_001928,cust_id,CUST_PREMIUM_001928,CUST_PREMIUM_001928
riyagarcia@capital-demo.org,email,riyagarcia@capital-demo.org,CUST_PREMIUM_001928
+1 (206) 265-1913,phone,+1 (206) 265-1913,CUST_PREMIUM_001928
8270,card_last4,Card *8270,CUST_PREMIUM_001928
ck_23db0b5777,cookie,ck_23db0b5777,CUST_PREMIUM_001928
ck_b150486d52,cookie,ck_b150486d52,CUST_PREMIUM_001928
dev_d04752da38,device_id,dev_d04752da38,CUST_PREMIUM_001928
CUST_PREMIUM_001929,cust_id,CUST_PREMIUM_001929,CUST_PREMIUM_001929
roy.grace@vectorlabs.co,email,roy.grace@vectorlabs.co,CUST_PREMIUM_001929
+1 (312) 258-9832,phone,+1 (312) 258-9832,CUST_PREMIUM_001929
1752,card_last4,Card *1752,CUST_PREMIUM_001929
ck_b2323758a5,cookie,ck_b2323758a5,CUST_PREMIUM_001929
dev_1eabe05f15,device_id,dev_1eabe05f15,CUST_PREMIUM_001929
dev_shared_52d9a51f6,device_id,dev_shared_52d9a51f6,CUST_PREMIUM_001929
CUST_PREMIUM_001930,cust_id,CUST_PREMIUM_001930,CUST_PREMIUM_001930
reirossi@northstar.org,email,reirossi@northstar.org,CUST_PREMIUM_001930
+1 (206) 339-7751,phone,+1 (206) 339-7751,CUST_PREMIUM_001930
4908,card_last4,Card *4908,CUST_PREMIUM_001930
ck_a9a65f7bdd,cookie,ck_a9a65f7bdd,CUST_PREMIUM_001930
dev_1ad97a5c9a,device_id,dev_1ad97a5c9a,CUST_PREMIUM_001930
CUST_PREMIUM_001931,cust_id,CUST_PREMIUM_001931,CUST_PREMIUM_001931
nikhil.smith@northstar.org,email,nikhil.smith@northstar.org,CUST_PREMIUM_001931
+1 (404) 398-5670,phone,+1 (404) 398-5670,CUST_PREMIUM_001931
9126,card_last4,Card *9126,CUST_PREMIUM_001931
ck_b8c5d082e8,cookie,ck_b8c5d082e8,CUST_PREMIUM_001931
dev_bf78345895,device_id,dev_bf78345895,CUST_PREMIUM_001931
CUST_PREMIUM_001932,cust_id,CUST_PREMIUM_001932,CUST_PREMIUM_001932
yukiturner@atlasmail.net,email,yukiturner@atlasmail.net,CUST_PREMIUM_001932
+1 (415) 380-3589,phone,+1 (415) 380-3589,CUST_PREMIUM_001932
9088,card_last4,Card *9088,CUST_PREMIUM_001932
ck_057d3b98fc,cookie,ck_057d3b98fc,CUST_PREMIUM_001932
ck_bdea9017a5,cookie,ck_bdea9017a5,CUST_PREMIUM_001932
ck_a0aba382ea,cookie,ck_a0aba382ea,CUST_PREMIUM_001932
dev_356ca1eced,device_id,dev_356ca1eced,CUST_PREMIUM_001932
dev_a704d48f47,device_id,dev_a704d48f47,CUST_PREMIUM_001932
CUST_PREMIUM_001933,cust_id,CUST_PREMIUM_001933,CUST_PREMIUM_001933
nathanwang@vectorlabs.co,email,nathanwang@vectorlabs.co,CUST_PREMIUM_001933
+1 (212) 384-1508,phone,+1 (212) 384-1508,CUST_PREMIUM_001933
3353,card_last4,Card *3353,CUST_PREMIUM_001933
ck_69b3c003dc,cookie,ck_69b3c003dc,CUST_PREMIUM_001933
ck_89ce7019e8,cookie,ck_89ce7019e8,CUST_PREMIUM_001933
dev_1b6bfe1db3,device_id,dev_1b6bfe1db3,CUST_PREMIUM_001933
dev_17209b0862,device_id,dev_17209b0862,CUST_PREMIUM_001933
dev_20f2d90e9e,device_id,dev_20f2d90e9e,CUST_PREMIUM_001933
CUST_PREMIUM_001934,cust_id,CUST_PREMIUM_001934,CUST_PREMIUM_001934
sora.smith@northstar.org,email,sora.smith@northstar.org,CUST_PREMIUM_001934
+1 (202) 520-9427,phone,+1 (202) 520-9427,CUST_PREMIUM_001934
3004,card_last4,Card *3004,CUST_PREMIUM_001934
ck_18cd75a3bf,cookie,ck_18cd75a3bf,CUST_PREMIUM_001934
dev_3213815604,device_id,dev_3213815604,CUST_PREMIUM_001934
CUST_PREMIUM_001935,cust_id,CUST_PREMIUM_001935,CUST_PREMIUM_001935
young.emma@example.com,email,young.emma@example.com,CUST_PREMIUM_001935
+1 (404) 546-7346,phone,+1 (404) 546-7346,CUST_PREMIUM_001935
6837,card_last4,Card *6837,CUST_PREMIUM_001935
ck_3b1f2f6f3b,cookie,ck_3b1f2f6f3b,CUST_PREMIUM_001935
ck_5cd6aff01d,cookie,ck_5cd6aff01d,CUST_PREMIUM_001935
dev_2007900f7d,device_id,dev_2007900f7d,CUST_PREMIUM_001935
CUST_PREMIUM_001936,cust_id,CUST_PREMIUM_001936,CUST_PREMIUM_001936
ahmed.elias@atlasmail.net,email,ahmed.elias@atlasmail.net,CUST_PREMIUM_001936
+1 (212) 495-5265,phone,+1 (212) 495-5265,CUST_PREMIUM_001936
6118,card_last4,Card *6118,CUST_PREMIUM_001936
ck_f82419dad3,cookie,ck_f82419dad3,CUST_PREMIUM_001936
dev_9f1b93f9ba,device_id,dev_9f1b93f9ba,CUST_PREMIUM_001936
CUST_PREMIUM_001937,cust_id,CUST_PREMIUM_001937,CUST_PREMIUM_001937
priya.carter@example.com,email,priya.carter@example.com,CUST_PREMIUM_001937
+1 (917) 675-3184,phone,+1 (917) 675-3184,CUST_PREMIUM_001937
1267,card_last4,Card *1267,CUST_PREMIUM_001937
ck_2ad961b69a,cookie,ck_2ad961b69a,CUST_PREMIUM_001937
ck_1092e36d29,cookie,ck_1092e36d29,CUST_PREMIUM_001937
ck_90d6d0961a,cookie,ck_90d6d0961a,CUST_PREMIUM_001937
dev_d4630fd9e0,device_id,dev_d4630fd9e0,CUST_PREMIUM_001937
CUST_PREMIUM_001938,cust_id,CUST_PREMIUM_001938,CUST_PREMIUM_001938
camilacampbell@northstar.org,email,camilacampbell@northstar.org,CUST_PREMIUM_001938
+1 (310) 580-1103,phone,+1 (310) 580-1103,CUST_PREMIUM_001938
6116,card_last4,Card *6116,CUST_PREMIUM_001938
ck_9814f8ed89,cookie,ck_9814f8ed89,CUST_PREMIUM_001938
ck_9b43713773,cookie,ck_9b43713773,CUST_PREMIUM_001938
ck_b8d9b5b5b6,cookie,ck_b8d9b5b5b6,CUST_PREMIUM_001938
dev_0dc2046a2b,device_id,dev_0dc2046a2b,CUST_PREMIUM_001938
CUST_PREMIUM_001939,cust_id,CUST_PREMIUM_001939,CUST_PREMIUM_001939
d.rivera@vectorlabs.co,email,d.rivera@vectorlabs.co,CUST_PREMIUM_001939
+1 (206) 672-9022,phone,+1 (206) 672-9022,CUST_PREMIUM_001939
3304,card_last4,Card *3304,CUST_PREMIUM_001939
ck_07cd478972,cookie,ck_07cd478972,CUST_PREMIUM_001939
dev_7e38f63a64,device_id,dev_7e38f63a64,CUST_PREMIUM_001939
CUST_PREMIUM_001940,cust_id,CUST_PREMIUM_001940,CUST_PREMIUM_001940
diegohall@harbor.example,email,diegohall@harbor.example,CUST_PREMIUM_001940
+1 (310) 654-6941,phone,+1 (310) 654-6941,CUST_PREMIUM_001940
1267,card_last4,Card *1267,CUST_PREMIUM_001940
ck_645641fd89,cookie,ck_645641fd89,CUST_PREMIUM_001940
dev_8db1f85b6e,device_id,dev_8db1f85b6e,CUST_PREMIUM_001940
CUST_PREMIUM_001941,cust_id,CUST_PREMIUM_001941,CUST_PREMIUM_001941
maya.lewis@bluepeak.co,email,maya.lewis@bluepeak.co,CUST_PREMIUM_001941
+1 (310) 691-4860,phone,+1 (310) 691-4860,CUST_PREMIUM_001941
2124,card_last4,Card *2124,CUST_PREMIUM_001941
ck_cecd826244,cookie,ck_cecd826244,CUST_PREMIUM_001941
dev_84dee9f148,device_id,dev_84dee9f148,CUST_PREMIUM_001941
CUST_PREMIUM_001942,cust_id,CUST_PREMIUM_001942,CUST_PREMIUM_001942
white.diego@summitmail.net,email,white.diego@summitmail.net,CUST_PREMIUM_001942
+1 (214) 761-2779,phone,+1 (214) 761-2779,CUST_PREMIUM_001942
2610,card_last4,Card *2610,CUST_PREMIUM_001942
ck_05ccd35888,cookie,ck_05ccd35888,CUST_PREMIUM_001942
dev_a6a9072497,device_id,dev_a6a9072497,CUST_PREMIUM_001942
CUST_PREMIUM_001943,cust_id,CUST_PREMIUM_001943,CUST_PREMIUM_001943
gabrielhernandez@harbor.example,email,gabrielhernandez@harbor.example,CUST_PREMIUM_001943
+1 (310) 765-0698,phone,+1 (310) 765-0698,CUST_PREMIUM_001943
9273,card_last4,Card *9273,CUST_PREMIUM_001943
ck_1cef0fff2c,cookie,ck_1cef0fff2c,CUST_PREMIUM_001943
ck_30ac65d7d9,cookie,ck_30ac65d7d9,CUST_PREMIUM_001943
ck_6a7086a84a,cookie,ck_6a7086a84a,CUST_PREMIUM_001943
ck_f669b9c6f5,cookie,ck_f669b9c6f5,CUST_PREMIUM_001943
ck_5b910661d3,cookie,ck_5b910661d3,CUST_PREMIUM_001943
dev_ec6f6e03d8,device_id,dev_ec6f6e03d8,CUST_PREMIUM_001943
CUST_PREMIUM_001944,cust_id,CUST_PREMIUM_001944,CUST_PREMIUM_001944
perez.sora@summitmail.net,email,perez.sora@summitmail.net,CUST_PREMIUM_001944
+1 (214) 835-8617,phone,+1 (214) 835-8617,CUST_PREMIUM_001944
7385,card_last4,Card *7385,CUST_PREMIUM_001944
ck_6e66a90175,cookie,ck_6e66a90175,CUST_PREMIUM_001944
ck_7169ab6efc,cookie,ck_7169ab6efc,CUST_PREMIUM_001944
ck_9920ffc60a,cookie,ck_9920ffc60a,CUST_PREMIUM_001944
dev_5c2e29cb6d,device_id,dev_5c2e29cb6d,CUST_PREMIUM_001944
CUST_PREMIUM_001945,cust_id,CUST_PREMIUM_001945,CUST_PREMIUM_001945
akira.kumar71@harbor.example,email,akira.kumar71@harbor.example,CUST_PREMIUM_001945
+1 (310) 839-6536,phone,+1 (310) 839-6536,CUST_PREMIUM_001945
5370,card_last4,Card *5370,CUST_PREMIUM_001945
ck_39e0147c3d,cookie,ck_39e0147c3d,CUST_PREMIUM_001945
ck_0004a31ce8,cookie,ck_0004a31ce8,CUST_PREMIUM_001945
dev_90ac38f891,device_id,dev_90ac38f891,CUST_PREMIUM_001945
CUST_PREMIUM_001946,cust_id,CUST_PREMIUM_001946,CUST_PREMIUM_001946
leolewis@atlasmail.net,email,leolewis@atlasmail.net,CUST_PREMIUM_001946
+1 (650) 297-4455,phone,+1 (650) 297-4455,CUST_PREMIUM_001946
0994,card_last4,Card *0994,CUST_PREMIUM_001946
ck_04d1da0fbc,cookie,ck_04d1da0fbc,CUST_PREMIUM_001946
dev_e84c6fc8f3,device_id,dev_e84c6fc8f3,CUST_PREMIUM_001946
CUST_PREMIUM_001947,cust_id,CUST_PREMIUM_001947,CUST_PREMIUM_001947
s.wright@orchardmail.com,email,s.wright@orchardmail.com,CUST_PREMIUM_001947
+1 (212) 202-2374,phone,+1 (212) 202-2374,CUST_PREMIUM_001947
5493,card_last4,Card *5493,CUST_PREMIUM_001947
ck_84caa691b2,cookie,ck_84caa691b2,CUST_PREMIUM_001947
ck_b80850059a,cookie,ck_b80850059a,CUST_PREMIUM_001947
ck_8a800b9a2e,cookie,ck_8a800b9a2e,CUST_PREMIUM_001947
dev_1934f0c941,device_id,dev_1934f0c941,CUST_PREMIUM_001947
CUST_PREMIUM_001948,cust_id,CUST_PREMIUM_001948,CUST_PREMIUM_001948
sophia.taylor74@northstar.org,email,sophia.taylor74@northstar.org,CUST_PREMIUM_001948
+1 (212) 239-0293,phone,+1 (212) 239-0293,CUST_PREMIUM_001948
4769,card_last4,Card *4769,CUST_PREMIUM_001948
ck_2af49247e5,cookie,ck_2af49247e5,CUST_PREMIUM_001948
ck_39d733a02b,cookie,ck_39d733a02b,CUST_PREMIUM_001948
dev_d498d3081c,device_id,dev_d498d3081c,CUST_PREMIUM_001948
CUST_PREMIUM_001949,cust_id,CUST_PREMIUM_001949,CUST_PREMIUM_001949
sophiaanderson@harbor.example,email,sophiaanderson@harbor.example,CUST_PREMIUM_001949
+1 (312) 298-8212,phone,+1 (312) 298-8212,CUST_PREMIUM_001949
8095,card_last4,Card *8095,CUST_PREMIUM_001949
ck_8ae37deeb6,cookie,ck_8ae37deeb6,CUST_PREMIUM_001949
ck_1502767b5a,cookie,ck_1502767b5a,CUST_PREMIUM_001949
dev_09e3a74879,device_id,dev_09e3a74879,CUST_PREMIUM_001949
CUST_PREMIUM_001950,cust_id,CUST_PREMIUM_001950,CUST_PREMIUM_001950
grace.young@capital-demo.org,email,grace.young@capital-demo.org,CUST_PREMIUM_001950
+1 (310) 324-6131,phone,+1 (310) 324-6131,CUST_PREMIUM_001950
5945,card_last4,Card *5945,CUST_PREMIUM_001950
ck_e4d1ba1666,cookie,ck_e4d1ba1666,CUST_PREMIUM_001950
dev_c0ad26822d,device_id,dev_c0ad26822d,CUST_PREMIUM_001950
CUST_PREMIUM_001951,cust_id,CUST_PREMIUM_001951,CUST_PREMIUM_001951
anderson.ananya@atlasmail.net,email,anderson.ananya@atlasmail.net,CUST_PREMIUM_001951
+1 (416) 471-4050,phone,+1 (416) 471-4050,CUST_PREMIUM_001951
0664,card_last4,Card *0664,CUST_PREMIUM_001951
ck_020285aaae,cookie,ck_020285aaae,CUST_PREMIUM_001951
ck_1c018ba917,cookie,ck_1c018ba917,CUST_PREMIUM_001951
ck_ec4dbec3e1,cookie,ck_ec4dbec3e1,CUST_PREMIUM_001951
ck_7f5b6ef7f6,cookie,ck_7f5b6ef7f6,CUST_PREMIUM_001951
dev_ed900200a4,device_id,dev_ed900200a4,CUST_PREMIUM_001951
CUST_PREMIUM_001952,cust_id,CUST_PREMIUM_001952,CUST_PREMIUM_001952
j.carter@example.com,email,j.carter@example.com,CUST_PREMIUM_001952
+1 (202) 486-1969,phone,+1 (202) 486-1969,CUST_PREMIUM_001952
7008,card_last4,Card *7008,CUST_PREMIUM_001952
ck_c92c26bb19,cookie,ck_c92c26bb19,CUST_PREMIUM_001952
ck_e2365163fe,cookie,ck_e2365163fe,CUST_PREMIUM_001952
ck_05cebb11f6,cookie,ck_05cebb11f6,CUST_PREMIUM_001952
dev_15bb29249d,device_id,dev_15bb29249d,CUST_PREMIUM_001952
dev_7881dec5ed,device_id,dev_7881dec5ed,CUST_PREMIUM_001952
CUST_PREMIUM_001953,cust_id,CUST_PREMIUM_001953,CUST_PREMIUM_001953
adititurner@capital-demo.org,email,adititurner@capital-demo.org,CUST_PREMIUM_001953
+1 (404) 512-9888,phone,+1 (404) 512-9888,CUST_PREMIUM_001953
6752,card_last4,Card *6752,CUST_PREMIUM_001953
ck_86a8b9b146,cookie,ck_86a8b9b146,CUST_PREMIUM_001953
ck_237c52b551,cookie,ck_237c52b551,CUST_PREMIUM_001953
ck_d3d60e7c16,cookie,ck_d3d60e7c16,CUST_PREMIUM_001953
dev_e32ca49d68,device_id,dev_e32ca49d68,CUST_PREMIUM_001953
CUST_PREMIUM_001954,cust_id,CUST_PREMIUM_001954,CUST_PREMIUM_001954
meera.singh80@capital-demo.org,email,meera.singh80@capital-demo.org,CUST_PREMIUM_001954
+1 (212) 461-7807,phone,+1 (212) 461-7807,CUST_PREMIUM_001954
0982,card_last4,Card *0982,CUST_PREMIUM_001954
ck_5c12510b46,cookie,ck_5c12510b46,CUST_PREMIUM_001954
dev_8dc963709c,device_id,dev_8dc963709c,CUST_PREMIUM_001954
dev_932236700a,device_id,dev_932236700a,CUST_PREMIUM_001954
CUST_PREMIUM_001955,cust_id,CUST_PREMIUM_001955,CUST_PREMIUM_001955
a.roy@vectorlabs.co,email,a.roy@vectorlabs.co,CUST_PREMIUM_001955
+1 (312) 520-5726,phone,+1 (312) 520-5726,CUST_PREMIUM_001955
4279,card_last4,Card *4279,CUST_PREMIUM_001955
ck_123777e3f3,cookie,ck_123777e3f3,CUST_PREMIUM_001955
dev_a516ff5fe1,device_id,dev_a516ff5fe1,CUST_PREMIUM_001955
dev_14cb0c7dab,device_id,dev_14cb0c7dab,CUST_PREMIUM_001955
dev_shared_484848eb1,device_id,dev_shared_484848eb1,CUST_PREMIUM_001955
dev_shared_00c3691a2,device_id,dev_shared_00c3691a2,CUST_PREMIUM_001955
CUST_PREMIUM_001956,cust_id,CUST_PREMIUM_001956,CUST_PREMIUM_001956
zara.ito@capital-demo.org,email,zara.ito@capital-demo.org,CUST_PREMIUM_001956
+1 (917) 678-3645,phone,+1 (917) 678-3645,CUST_PREMIUM_001956
6927,card_last4,Card *6927,CUST_PREMIUM_001956
ck_1d2c7c53d7,cookie,ck_1d2c7c53d7,CUST_PREMIUM_001956
dev_e0047237d5,device_id,dev_e0047237d5,CUST_PREMIUM_001956
dev_shared_2ded4bd17,device_id,dev_shared_2ded4bd17,CUST_PREMIUM_001956
CUST_PREMIUM_001957,cust_id,CUST_PREMIUM_001957,CUST_PREMIUM_001957
amelia.white83@example.com,email,amelia.white83@example.com,CUST_PREMIUM_001957
+1 (305) 627-1564,phone,+1 (305) 627-1564,CUST_PREMIUM_001957
6905,card_last4,Card *6905,CUST_PREMIUM_001957
ck_ed22a2232c,cookie,ck_ed22a2232c,CUST_PREMIUM_001957
dev_b8e6dbc8b8,device_id,dev_b8e6dbc8b8,CUST_PREMIUM_001957
CUST_PREMIUM_001958,cust_id,CUST_PREMIUM_001958,CUST_PREMIUM_001958
adams.nikhil@bluepeak.co,email,adams.nikhil@bluepeak.co,CUST_PREMIUM_001958
+1 (206) 675-9483,phone,+1 (206) 675-9483,CUST_PREMIUM_001958
8680,card_last4,Card *8680,CUST_PREMIUM_001958
ck_daaa38649b,cookie,ck_daaa38649b,CUST_PREMIUM_001958
dev_5e85cb2c97,device_id,dev_5e85cb2c97,CUST_PREMIUM_001958
dev_shared_0272fa0e2,device_id,dev_shared_0272fa0e2,CUST_PREMIUM_001958
CUST_PREMIUM_001959,cust_id,CUST_PREMIUM_001959,CUST_PREMIUM_001959
eleanor.young85@atlasmail.net,email,eleanor.young85@atlasmail.net,CUST_PREMIUM_001959
+1 (415) 679-7402,phone,+1 (415) 679-7402,CUST_PREMIUM_001959
6174,card_last4,Card *6174,CUST_PREMIUM_001959
ck_0cc830192d,cookie,ck_0cc830192d,CUST_PREMIUM_001959
dev_28a9504947,device_id,dev_28a9504947,CUST_PREMIUM_001959
dev_3e8a7d5e80,device_id,dev_3e8a7d5e80,CUST_PREMIUM_001959
CUST_PREMIUM_001960,cust_id,CUST_PREMIUM_001960,CUST_PREMIUM_001960
adams.noah@harbor.example,email,adams.noah@harbor.example,CUST_PREMIUM_001960
+1 (212) 683-5321,phone,+1 (212) 683-5321,CUST_PREMIUM_001960
4527,card_last4,Card *4527,CUST_PREMIUM_001960
ck_424a36a0be,cookie,ck_424a36a0be,CUST_PREMIUM_001960
dev_8c4519ad05,device_id,dev_8c4519ad05,CUST_PREMIUM_001960
CUST_PREMIUM_001961,cust_id,CUST_PREMIUM_001961,CUST_PREMIUM_001961
johnson.amara@bluepeak.co,email,johnson.amara@bluepeak.co,CUST_PREMIUM_001961
+1 (202) 819-3240,phone,+1 (202) 819-3240,CUST_PREMIUM_001961
7919,card_last4,Card *7919,CUST_PREMIUM_001961
ck_7b0b3a5662,cookie,ck_7b0b3a5662,CUST_PREMIUM_001961
ck_1049eadaaa,cookie,ck_1049eadaaa,CUST_PREMIUM_001961
ck_8756ba07c4,cookie,ck_8756ba07c4,CUST_PREMIUM_001961
ck_de29623712,cookie,ck_de29623712,CUST_PREMIUM_001961
dev_474319e485,device_id,dev_474319e485,CUST_PREMIUM_001961
CUST_PREMIUM_001962,cust_id,CUST_PREMIUM_001962,CUST_PREMIUM_001962
liam.shah88@bluepeak.co,email,liam.shah88@bluepeak.co,CUST_PREMIUM_001962
+1 (415) 790-1159,phone,+1 (415) 790-1159,CUST_PREMIUM_001962
5163,card_last4,Card *5163,CUST_PREMIUM_001962
ck_6612fcaee2,cookie,ck_6612fcaee2,CUST_PREMIUM_001962
dev_46e8caec15,device_id,dev_46e8caec15,CUST_PREMIUM_001962
CUST_PREMIUM_001963,cust_id,CUST_PREMIUM_001963,CUST_PREMIUM_001963
h.sterling@vectorlabs.co,email,h.sterling@vectorlabs.co,CUST_PREMIUM_001963
+1 (202) 893-9078,phone,+1 (202) 893-9078,CUST_PREMIUM_001963
2649,card_last4,Card *2649,CUST_PREMIUM_001963
ck_729dedf846,cookie,ck_729dedf846,CUST_PREMIUM_001963
ck_467011254e,cookie,ck_467011254e,CUST_PREMIUM_001963
dev_2098b9a354,device_id,dev_2098b9a354,CUST_PREMIUM_001963
CUST_PREMIUM_001964,cust_id,CUST_PREMIUM_001964,CUST_PREMIUM_001964
white.vivian@northstar.org,email,white.vivian@northstar.org,CUST_PREMIUM_001964
+1 (305) 886-6997,phone,+1 (305) 886-6997,CUST_PREMIUM_001964
0426,card_last4,Card *0426,CUST_PREMIUM_001964
ck_c1312569ef,cookie,ck_c1312569ef,CUST_PREMIUM_001964
dev_04fa0229b8,device_id,dev_04fa0229b8,CUST_PREMIUM_001964
CUST_PREMIUM_001965,cust_id,CUST_PREMIUM_001965,CUST_PREMIUM_001965
eliassmith@summitmail.net,email,eliassmith@summitmail.net,CUST_PREMIUM_001965
+1 (312) 890-4916,phone,+1 (312) 890-4916,CUST_PREMIUM_001965
7862,card_last4,Card *7862,CUST_PREMIUM_001965
ck_f1117771bd,cookie,ck_f1117771bd,CUST_PREMIUM_001965
dev_4781c5e837,device_id,dev_4781c5e837,CUST_PREMIUM_001965
CUST_PREMIUM_001966,cust_id,CUST_PREMIUM_001966,CUST_PREMIUM_001966
kabirharris@harbor.example,email,kabirharris@harbor.example,CUST_PREMIUM_001966
+1 (212) 205-2835,phone,+1 (212) 205-2835,CUST_PREMIUM_001966
1458,card_last4,Card *1458,CUST_PREMIUM_001966
ck_afa1060f88,cookie,ck_afa1060f88,CUST_PREMIUM_001966
dev_57284de590,device_id,dev_57284de590,CUST_PREMIUM_001966
dev_shared_65c7cfd42,device_id,dev_shared_65c7cfd42,CUST_PREMIUM_001966
CUST_PREMIUM_001967,cust_id,CUST_PREMIUM_001967,CUST_PREMIUM_001967
amelia.diaz@summitmail.net,email,amelia.diaz@summitmail.net,CUST_PREMIUM_001967
+1 (312) 264-0754,phone,+1 (312) 264-0754,CUST_PREMIUM_001967
5349,card_last4,Card *5349,CUST_PREMIUM_001967
ck_38a0d52f0c,cookie,ck_38a0d52f0c,CUST_PREMIUM_001967
ck_18a1c8747f,cookie,ck_18a1c8747f,CUST_PREMIUM_001967
ck_e421a70dec,cookie,ck_e421a70dec,CUST_PREMIUM_001967
dev_eac14328d5,device_id,dev_eac14328d5,CUST_PREMIUM_001967
dev_360f2babf8,device_id,dev_360f2babf8,CUST_PREMIUM_001967
CUST_PREMIUM_001968,cust_id,CUST_PREMIUM_001968,CUST_PREMIUM_001968
akira.diaz@example.com,email,akira.diaz@example.com,CUST_PREMIUM_001968
+1 (312) 301-8673,phone,+1 (312) 301-8673,CUST_PREMIUM_001968
2366,card_last4,Card *2366,CUST_PREMIUM_001968
ck_8bbbb5f24c,cookie,ck_8bbbb5f24c,CUST_PREMIUM_001968
dev_1b554c35af,device_id,dev_1b554c35af,CUST_PREMIUM_001968
CUST_PREMIUM_001969,cust_id,CUST_PREMIUM_001969,CUST_PREMIUM_001969
jack.martin95@northstar.org,email,jack.martin95@northstar.org,CUST_PREMIUM_001969
+1 (650) 448-6592,phone,+1 (650) 448-6592,CUST_PREMIUM_001969
6739,card_last4,Card *6739,CUST_PREMIUM_001969
ck_a746581a67,cookie,ck_a746581a67,CUST_PREMIUM_001969
dev_15cf4eaa82,device_id,dev_15cf4eaa82,CUST_PREMIUM_001969
dev_031e696721,device_id,dev_031e696721,CUST_PREMIUM_001969
CUST_PREMIUM_001970,cust_id,CUST_PREMIUM_001970,CUST_PREMIUM_001970
akira.singh96@vectorlabs.co,email,akira.singh96@vectorlabs.co,CUST_PREMIUM_001970
+1 (617) 430-4511,phone,+1 (617) 430-4511,CUST_PREMIUM_001970
3971,card_last4,Card *3971,CUST_PREMIUM_001970
ck_47996fa8ed,cookie,ck_47996fa8ed,CUST_PREMIUM_001970
dev_21edc44730,device_id,dev_21edc44730,CUST_PREMIUM_001970
CUST_PREMIUM_001971,cust_id,CUST_PREMIUM_001971,CUST_PREMIUM_001971
mia.young@bluepeak.co,email,mia.young@bluepeak.co,CUST_PREMIUM_001971
+1 (214) 434-2430,phone,+1 (214) 434-2430,CUST_PREMIUM_001971
1554,card_last4,Card *1554,CUST_PREMIUM_001971
ck_79be0e9f6f,cookie,ck_79be0e9f6f,CUST_PREMIUM_001971
ck_1b17d469cc,cookie,ck_1b17d469cc,CUST_PREMIUM_001971
dev_044f5c7e29,device_id,dev_044f5c7e29,CUST_PREMIUM_001971
dev_2189df8c40,device_id,dev_2189df8c40,CUST_PREMIUM_001971
dev_4755fa90f9,device_id,dev_4755fa90f9,CUST_PREMIUM_001971
dev_353b09b73b,device_id,dev_353b09b73b,CUST_PREMIUM_001971
CUST_PREMIUM_001972,cust_id,CUST_PREMIUM_001972,CUST_PREMIUM_001972
chen.eleanor@harbor.example,email,chen.eleanor@harbor.example,CUST_PREMIUM_001972
+1 (305) 482-0349,phone,+1 (305) 482-0349,CUST_PREMIUM_001972
7312,card_last4,Card *7312,CUST_PREMIUM_001972
ck_b1b71291a6,cookie,ck_b1b71291a6,CUST_PREMIUM_001972
ck_6f0bb77fb9,cookie,ck_6f0bb77fb9,CUST_PREMIUM_001972
dev_7e1a147749,device_id,dev_7e1a147749,CUST_PREMIUM_001972
CUST_PREMIUM_001973,cust_id,CUST_PREMIUM_001973,CUST_PREMIUM_001973
aarav.morgan2@vectorlabs.co,email,aarav.morgan2@vectorlabs.co,CUST_PREMIUM_001973
+1 (310) 475-8268,phone,+1 (310) 475-8268,CUST_PREMIUM_001973
8056,card_last4,Card *8056,CUST_PREMIUM_001973
ck_d4455d9977,cookie,ck_d4455d9977,CUST_PREMIUM_001973
dev_09230cd7fb,device_id,dev_09230cd7fb,CUST_PREMIUM_001973
CUST_PREMIUM_001974,cust_id,CUST_PREMIUM_001974,CUST_PREMIUM_001974
jonahbaker@northstar.org,email,jonahbaker@northstar.org,CUST_PREMIUM_001974
+1 (212) 501-6187,phone,+1 (212) 501-6187,CUST_PREMIUM_001974
4920,card_last4,Card *4920,CUST_PREMIUM_001974
ck_ddb5557bb0,cookie,ck_ddb5557bb0,CUST_PREMIUM_001974
dev_0fc3dca7e3,device_id,dev_0fc3dca7e3,CUST_PREMIUM_001974
CUST_PREMIUM_001975,cust_id,CUST_PREMIUM_001975,CUST_PREMIUM_001975
morgan.yuki@bluepeak.co,email,morgan.yuki@bluepeak.co,CUST_PREMIUM_001975
+1 (312) 560-4106,phone,+1 (312) 560-4106,CUST_PREMIUM_001975
3573,card_last4,Card *3573,CUST_PREMIUM_001975
ck_b797e189d2,cookie,ck_b797e189d2,CUST_PREMIUM_001975
dev_bcabbaf391,device_id,dev_bcabbaf391,CUST_PREMIUM_001975
CUST_PREMIUM_001976,cust_id,CUST_PREMIUM_001976,CUST_PREMIUM_001976
adams.jasmine@orchardmail.com,email,adams.jasmine@orchardmail.com,CUST_PREMIUM_001976
+1 (312) 597-2025,phone,+1 (312) 597-2025,CUST_PREMIUM_001976
6930,card_last4,Card *6930,CUST_PREMIUM_001976
ck_6ee5d65cd2,cookie,ck_6ee5d65cd2,CUST_PREMIUM_001976
ck_35ba26b054,cookie,ck_35ba26b054,CUST_PREMIUM_001976
ck_cbb4561350,cookie,ck_cbb4561350,CUST_PREMIUM_001976
dev_6b109ff31b,device_id,dev_6b109ff31b,CUST_PREMIUM_001976
dev_267cfae3e3,device_id,dev_267cfae3e3,CUST_PREMIUM_001976
CUST_PREMIUM_001977,cust_id,CUST_PREMIUM_001977,CUST_PREMIUM_001977
a.bennett@atlasmail.net,email,a.bennett@atlasmail.net,CUST_PREMIUM_001977
+1 (646) 722-9944,phone,+1 (646) 722-9944,CUST_PREMIUM_001977
7349,card_last4,Card *7349,CUST_PREMIUM_001977
ck_8e77530a63,cookie,ck_8e77530a63,CUST_PREMIUM_001977
ck_83d0b94e56,cookie,ck_83d0b94e56,CUST_PREMIUM_001977
ck_6fa52dae52,cookie,ck_6fa52dae52,CUST_PREMIUM_001977
dev_a58d1db2ad,device_id,dev_a58d1db2ad,CUST_PREMIUM_001977
dev_f506fe4458,device_id,dev_f506fe4458,CUST_PREMIUM_001977
CUST_PREMIUM_001978,cust_id,CUST_PREMIUM_001978,CUST_PREMIUM_001978
ito.andre@bluepeak.co,email,ito.andre@bluepeak.co,CUST_PREMIUM_001978
+1 (415) 682-7863,phone,+1 (415) 682-7863,CUST_PREMIUM_001978
7844,card_last4,Card *7844,CUST_PREMIUM_001978
ck_62fba6fa3e,cookie,ck_62fba6fa3e,CUST_PREMIUM_001978
ck_b163e4e4c0,cookie,ck_b163e4e4c0,CUST_PREMIUM_001978
dev_9d6dd14327,device_id,dev_9d6dd14327,CUST_PREMIUM_001978
CUST_PREMIUM_001979,cust_id,CUST_PREMIUM_001979,CUST_PREMIUM_001979
eleanor.kim@vectorlabs.co,email,eleanor.kim@vectorlabs.co,CUST_PREMIUM_001979
+1 (646) 796-5782,phone,+1 (646) 796-5782,CUST_PREMIUM_001979
0686,card_last4,Card *0686,CUST_PREMIUM_001979
ck_bc6517cb19,cookie,ck_bc6517cb19,CUST_PREMIUM_001979
dev_103ac70274,device_id,dev_103ac70274,CUST_PREMIUM_001979
CUST_PREMIUM_001980,cust_id,CUST_PREMIUM_001980,CUST_PREMIUM_001980
anderson.kabir@northstar.org,email,anderson.kabir@northstar.org,CUST_PREMIUM_001980
+1 (310) 734-3701,phone,+1 (310) 734-3701,CUST_PREMIUM_001980
5072,card_last4,Card *5072,CUST_PREMIUM_001980
ck_406f28f8bf,cookie,ck_406f28f8bf,CUST_PREMIUM_001980
dev_6fa9bb5533,device_id,dev_6fa9bb5533,CUST_PREMIUM_001980
CUST_PREMIUM_001981,cust_id,CUST_PREMIUM_001981,CUST_PREMIUM_001981
j.ito@atlasmail.net,email,j.ito@atlasmail.net,CUST_PREMIUM_001981
+1 (646) 870-1620,phone,+1 (646) 870-1620,CUST_PREMIUM_001981
7068,card_last4,Card *7068,CUST_PREMIUM_001981
ck_750f9bd52e,cookie,ck_750f9bd52e,CUST_PREMIUM_001981
dev_ee70974a74,device_id,dev_ee70974a74,CUST_PREMIUM_001981
CUST_PREMIUM_001982,cust_id,CUST_PREMIUM_001982,CUST_PREMIUM_001982
ameliacooper@harbor.example,email,ameliacooper@harbor.example,CUST_PREMIUM_001982
+1 (212) 797-9539,phone,+1 (212) 797-9539,CUST_PREMIUM_001982
5387,card_last4,Card *5387,CUST_PREMIUM_001982
ck_57e34fc0f6,cookie,ck_57e34fc0f6,CUST_PREMIUM_001982
dev_9aa3ac631d,device_id,dev_9aa3ac631d,CUST_PREMIUM_001982
dev_b1f9424981,device_id,dev_b1f9424981,CUST_PREMIUM_001982
CUST_PREMIUM_001983,cust_id,CUST_PREMIUM_001983,CUST_PREMIUM_001983
isabellamoore@northstar.org,email,isabellamoore@northstar.org,CUST_PREMIUM_001983
+1 (310) 845-7458,phone,+1 (310) 845-7458,CUST_PREMIUM_001983
6431,card_last4,Card *6431,CUST_PREMIUM_001983
ck_402762bb32,cookie,ck_402762bb32,CUST_PREMIUM_001983
dev_ff4fe71f1c,device_id,dev_ff4fe71f1c,CUST_PREMIUM_001983
CUST_PREMIUM_001984,cust_id,CUST_PREMIUM_001984,CUST_PREMIUM_001984
a.martinez@bluepeak.co,email,a.martinez@bluepeak.co,CUST_PREMIUM_001984
+1 (415) 204-5377,phone,+1 (415) 204-5377,CUST_PREMIUM_001984
5551,card_last4,Card *5551,CUST_PREMIUM_001984
ck_f59f29c174,cookie,ck_f59f29c174,CUST_PREMIUM_001984
dev_d3738b964e,device_id,dev_d3738b964e,CUST_PREMIUM_001984
CUST_PREMIUM_001985,cust_id,CUST_PREMIUM_001985,CUST_PREMIUM_001985
l.young@northstar.org,email,l.young@northstar.org,CUST_PREMIUM_001985
+1 (312) 230-3296,phone,+1 (312) 230-3296,CUST_PREMIUM_001985
4826,card_last4,Card *4826,CUST_PREMIUM_001985
ck_505f7e7573,cookie,ck_505f7e7573,CUST_PREMIUM_001985
ck_e2b22b67fc,cookie,ck_e2b22b67fc,CUST_PREMIUM_001985
ck_fa7649c621,cookie,ck_fa7649c621,CUST_PREMIUM_001985
ck_089077d377,cookie,ck_089077d377,CUST_PREMIUM_001985
dev_a0f2baa11e,device_id,dev_a0f2baa11e,CUST_PREMIUM_001985
dev_6e859076ce,device_id,dev_6e859076ce,CUST_PREMIUM_001985
dev_shared_0272fa0e2,device_id,dev_shared_0272fa0e2,CUST_PREMIUM_001985
CUST_PREMIUM_001986,cust_id,CUST_PREMIUM_001986,CUST_PREMIUM_001986
thompson.vivian@orchardmail.com,email,thompson.vivian@orchardmail.com,CUST_PREMIUM_001986
+1 (415) 278-1215,phone,+1 (415) 278-1215,CUST_PREMIUM_001986
9528,card_last4,Card *9528,CUST_PREMIUM_001986
ck_5bfdbde8b5,cookie,ck_5bfdbde8b5,CUST_PREMIUM_001986
ck_63157c43ae,cookie,ck_63157c43ae,CUST_PREMIUM_001986
dev_12d807e47c,device_id,dev_12d807e47c,CUST_PREMIUM_001986
dev_ad180eb64f,device_id,dev_ad180eb64f,CUST_PREMIUM_001986
dev_2dcd71d0db,device_id,dev_2dcd71d0db,CUST_PREMIUM_001986
CUST_PREMIUM_001987,cust_id,CUST_PREMIUM_001987,CUST_PREMIUM_001987
alejandro.ramirez16@harbor.example,email,alejandro.ramirez16@harbor.example,CUST_PREMIUM_001987
+1 (212) 282-9134,phone,+1 (212) 282-9134,CUST_PREMIUM_001987
9752,card_last4,Card *9752,CUST_PREMIUM_001987
ck_a27e094ce7,cookie,ck_a27e094ce7,CUST_PREMIUM_001987
ck_1b6eeb8ad0,cookie,ck_1b6eeb8ad0,CUST_PREMIUM_001987
ck_88cc1a91fa,cookie,ck_88cc1a91fa,CUST_PREMIUM_001987
ck_90a6500493,cookie,ck_90a6500493,CUST_PREMIUM_001987
ck_0de094bd79,cookie,ck_0de094bd79,CUST_PREMIUM_001987
dev_4dbe0862f5,device_id,dev_4dbe0862f5,CUST_PREMIUM_001987
CUST_PREMIUM_001988,cust_id,CUST_PREMIUM_001988,CUST_PREMIUM_001988
v.jones@bluepeak.co,email,v.jones@bluepeak.co,CUST_PREMIUM_001988
+1 (312) 341-7053,phone,+1 (312) 341-7053,CUST_PREMIUM_001988
1012,card_last4,Card *1012,CUST_PREMIUM_001988
ck_d6f4307f9f,cookie,ck_d6f4307f9f,CUST_PREMIUM_001988
dev_9e129545fa,device_id,dev_9e129545fa,CUST_PREMIUM_001988
CUST_PREMIUM_001989,cust_id,CUST_PREMIUM_001989,CUST_PREMIUM_001989
thompson.jasmine@harbor.example,email,thompson.jasmine@harbor.example,CUST_PREMIUM_001989
+1 (415) 389-4972,phone,+1 (415) 389-4972,CUST_PREMIUM_001989
0509,card_last4,Card *0509,CUST_PREMIUM_001989
ck_1478c0980f,cookie,ck_1478c0980f,CUST_PREMIUM_001989
dev_a5c0de60fd,device_id,dev_a5c0de60fd,CUST_PREMIUM_001989
CUST_PREMIUM_001990,cust_id,CUST_PREMIUM_001990,CUST_PREMIUM_001990
dev.sato@harbor.example,email,dev.sato@harbor.example,CUST_PREMIUM_001990
+1 (469) 558-2891,phone,+1 (469) 558-2891,CUST_PREMIUM_001990
9745,card_last4,Card *9745,CUST_PREMIUM_001990
ck_7c56075c3a,cookie,ck_7c56075c3a,CUST_PREMIUM_001990
dev_ce8601deb6,device_id,dev_ce8601deb6,CUST_PREMIUM_001990
CUST_PREMIUM_001991,cust_id,CUST_PREMIUM_001991,CUST_PREMIUM_001991
rossi.ananya@orchardmail.com,email,rossi.ananya@orchardmail.com,CUST_PREMIUM_001991
+1 (469) 595-0810,phone,+1 (469) 595-0810,CUST_PREMIUM_001991
4532,card_last4,Card *4532,CUST_PREMIUM_001991
ck_c7b15c41e3,cookie,ck_c7b15c41e3,CUST_PREMIUM_001991
dev_2f5009fdd5,device_id,dev_2f5009fdd5,CUST_PREMIUM_001991
CUST_PREMIUM_001992,cust_id,CUST_PREMIUM_001992,CUST_PREMIUM_001992
t.khan@example.com,email,t.khan@example.com,CUST_PREMIUM_001992
+1 (646) 577-8729,phone,+1 (646) 577-8729,CUST_PREMIUM_001992
2497,card_last4,Card *2497,CUST_PREMIUM_001992
ck_65aea6388c,cookie,ck_65aea6388c,CUST_PREMIUM_001992
dev_d65242150b,device_id,dev_d65242150b,CUST_PREMIUM_001992
CUST_PREMIUM_001993,cust_id,CUST_PREMIUM_001993,CUST_PREMIUM_001993
hall.james@harbor.example,email,hall.james@harbor.example,CUST_PREMIUM_001993
+1 (310) 515-6648,phone,+1 (310) 515-6648,CUST_PREMIUM_001993
3241,card_last4,Card *3241,CUST_PREMIUM_001993
ck_2db368958e,cookie,ck_2db368958e,CUST_PREMIUM_001993
dev_e39642476d,device_id,dev_e39642476d,CUST_PREMIUM_001993
CUST_PREMIUM_001994,cust_id,CUST_PREMIUM_001994,CUST_PREMIUM_001994
nathan.reed@northstar.org,email,nathan.reed@northstar.org,CUST_PREMIUM_001994
+1 (404) 629-4567,phone,+1 (404) 629-4567,CUST_PREMIUM_001994
9489,card_last4,Card *9489,CUST_PREMIUM_001994
ck_b5125a9aec,cookie,ck_b5125a9aec,CUST_PREMIUM_001994
dev_1919730304,device_id,dev_1919730304,CUST_PREMIUM_001994
dev_9f3e94ac18,device_id,dev_9f3e94ac18,CUST_PREMIUM_001994
CUST_PREMIUM_001995,cust_id,CUST_PREMIUM_001995,CUST_PREMIUM_001995
jonah.white24@orchardmail.com,email,jonah.white24@orchardmail.com,CUST_PREMIUM_001995
+1 (617) 655-2486,phone,+1 (617) 655-2486,CUST_PREMIUM_001995
6708,card_last4,Card *6708,CUST_PREMIUM_001995
ck_cbade07135,cookie,ck_cbade07135,CUST_PREMIUM_001995
ck_169db4911f,cookie,ck_169db4911f,CUST_PREMIUM_001995
dev_6788c577e0,device_id,dev_6788c577e0,CUST_PREMIUM_001995
CUST_PREMIUM_001996,cust_id,CUST_PREMIUM_001996,CUST_PREMIUM_001996
ananya.wilson25@northstar.org,email,ananya.wilson25@northstar.org,CUST_PREMIUM_001996
+1 (415) 648-0405,phone,+1 (415) 648-0405,CUST_PREMIUM_001996
5117,card_last4,Card *5117,CUST_PREMIUM_001996
ck_ea9934ab67,cookie,ck_ea9934ab67,CUST_PREMIUM_001996
dev_ff4cd8e9aa,device_id,dev_ff4cd8e9aa,CUST_PREMIUM_001996
CUST_PREMIUM_001997,cust_id,CUST_PREMIUM_001997,CUST_PREMIUM_001997
alejandrohernandez@harbor.example,email,alejandrohernandez@harbor.example,CUST_PREMIUM_001997
+1 (214) 696-8324,phone,+1 (214) 696-8324,CUST_PREMIUM_001997
8683,card_last4,Card *8683,CUST_PREMIUM_001997
ck_301a696faa,cookie,ck_301a696faa,CUST_PREMIUM_001997
dev_d9404455d8,device_id,dev_d9404455d8,CUST_PREMIUM_001997
dev_98af9863fc,device_id,dev_98af9863fc,CUST_PREMIUM_001997
CUST_PREMIUM_001998,cust_id,CUST_PREMIUM_001998,CUST_PREMIUM_001998
nathan.morris27@atlasmail.net,email,nathan.morris27@atlasmail.net,CUST_PREMIUM_001998
+1 (212) 689-6243,phone,+1 (212) 689-6243,CUST_PREMIUM_001998
1551,card_last4,Card *1551,CUST_PREMIUM_001998
ck_f4fbd24bc2,cookie,ck_f4fbd24bc2,CUST_PREMIUM_001998
ck_69031d66c1,cookie,ck_69031d66c1,CUST_PREMIUM_001998
dev_8c795e795c,device_id,dev_8c795e795c,CUST_PREMIUM_001998
dev_shared_4d40524e5,device_id,dev_shared_4d40524e5,CUST_PREMIUM_001998
CUST_PREMIUM_001999,cust_id,CUST_PREMIUM_001999,CUST_PREMIUM_001999
yukismith@harbor.example,email,yukismith@harbor.example,CUST_PREMIUM_001999
+1 (415) 759-4162,phone,+1 (415) 759-4162,CUST_PREMIUM_001999
2525,card_last4,Card *2525,CUST_PREMIUM_001999
ck_301686425f,cookie,ck_301686425f,CUST_PREMIUM_001999
dev_7fa33ba2bd,device_id,dev_7fa33ba2bd,CUST_PREMIUM_001999
dev_shared_c1108f8fa,device_id,dev_shared_c1108f8fa,CUST_PREMIUM_001999
CUST_PREMIUM_002000,cust_id,CUST_PREMIUM_002000,CUST_PREMIUM_002000
akira.khan@vectorlabs.co,email,akira.khan@vectorlabs.co,CUST_PREMIUM_002000
+1 (202) 862-2081,phone,+1 (202) 862-2081,CUST_PREMIUM_002000
3784,card_last4,Card *3784,CUST_PREMIUM_002000
ck_b29ba8d5f9,cookie,ck_b29ba8d5f9,CUST_PREMIUM_002000
dev_b5e2c85499,device_id,dev_b5e2c85499,CUST_PREMIUM_002000
