source,target,rel_type,type,owner_cust_id
CUST_PREMIUM_001001,isla.sato0@bluepeak.co,PRIMARY_EMAIL,email,CUST_PREMIUM_001001
CUST_PREMIUM_001001,+1 (718) 354-1000,PRIMARY_PHONE,phone,CUST_PREMIUM_001001
CUST_PREMIUM_001001,8374,ISSUED_CARD,card_last4,CUST_PREMIUM_001001
isla.sato0@bluepeak.co,ck_cf9c50ac51,SESSION_COOKIE,cookie,CUST_PREMIUM_001001
isla.sato0@bluepeak.co,dev_364a6b14f1,AUTHENTICATED_DEVICE,device_id,CUST_PREMIUM_001001
CUST_PREMIUM_001002,p.ramirez@atlasmail.net,PRIMARY_EMAIL,email,CUST_PREMIUM_001002
CUST_PREMIUM_001002,+1 (404) 325-8919,PRIMARY_PHONE,phone,CUST_PREMIUM_001002
CUST_PREMIUM_001002,2334,ISSUED_CARD,card_last4,CUST_PREMIUM_001002
p.ramirez@atlasmail.net,ck_abe4c2a0fb,SESSION_COOKIE,cookie,CUST_PREMIUM_001002
p.ramirez@atlasmail.net,ck_af9dc7e5ab,SESSION_COOKIE,cookie,CUST_PREMIUM_001002
p.ramirez@atlasmail.net,ck_568983c699,SESSION_COOKIE,cookie,CUST_PREMIUM_001002
p.ramirez@atlasmail.net,ck_4c648af672,SESSION_COOKIE,cookie,CUST_PREMIUM_001002
p.ramirez@atlasmail.net,dev_93634104a1,AUTHENTICATED_DEVICE,device_id,CUST_PREMIUM_001002
CUST_PREMIUM_001003,brown.leo@bluepeak.co,PRIMARY_EMAIL,email,CUST_PREMIUM_001003
CUST_PREMIUM_001003,+1 (617) 351-6838,PRIMARY_PHONE,phone,CUST_PREMIUM_001003
CUST_PREMIUM_001003,1093,ISSUED_CARD,card_last4,CUST_PREMIUM_001003
brown.leo@bluepeak.co,ck_2ad4fc2a7d,SESSION_COOKIE,cookie,CUST_PREMIUM_001003
brown.leo@bluepeak.co,ck_2340156543,SESSION_COOKIE,cookie,CUST_PREMIUM_001003
brown.leo@bluepeak.co,dev_a70eb03805,AUTHENTICATED_DEVICE,device_id,CUST_PREMIUM_001003
brown.leo@bluepeak.co,dev_shared_a09add667,AUTHENTICATED_DEVICE,device_id,CUST_PREMIUM_001003
CUST_PREMIUM_001004,s.baker@vectorlabs.co,PRIMARY_EMAIL,email,CUST_PREMIUM_001004
CUST_PREMIUM_001004,+1 (214) 355-4757,PRIMARY_PHONE,phone,CUST_PREMIUM_001004
CUST_PREMIUM_001004,6296,ISSUED_CARD,card_last4,CUST_PREMIUM_001004
s.baker@vectorlabs.co,ck_546e1a5aa2,SESSION_COOKIE,cookie,CUST_PREMIUM_001004
s.baker@vectorlabs.co,ck_a4112e7072,SESSION_COOKIE,cookie,CUST_PREMIUM_001004
s.baker@vectorlabs.co,dev_68900b1ec1,AUTHENTICATED_DEVICE,device_id,CUST_PREMIUM_001004
CUST_PREMIUM_001005,o.bennett@orchardmail.com,PRIMARY_EMAIL,email,CUST_PREMIUM_001005
CUST_PREMIUM_001005,+1 (212) 348-2676,PRIMARY_PHONE,phone,CUST_PREMIUM_001005
CUST_PREMIUM_001005,1542,ISSUED_CARD,card_last4,CUST_PREMIUM_001005
o.bennett@orchardmail.com,ck_b3950b7e73,SESSION_COOKIE,cookie,CUST_PREMIUM_001005
o.bennett@orchardmail.com,dev_5e3aa13048,AUTHENTICATED_DEVICE,device_id,CUST_PREMIUM_001005
o.bennett@orchardmail.com,dev_2632e7ee32,AUTHENTICATED_DEVICE,device_id,CUST_PREMIUM_001005
CUST_PREMIUM_001006,sara.young5@orchardmail.com,PRIMARY_EMAIL,email,CUST_PREMIUM_001006
CUST_PREMIUM_001006,+1 (404) 473-0595,PRIMARY_PHONE,phone,CUST_PREMIUM_001006
CUST_PREMIUM_001006,0479,ISSUED_CARD,card_last4,CUST_PREMIUM_001006
sara.young5@orchardmail.com,ck_f7e29d9ac1,SESSION_COOKIE,cookie,CUST_PREMIUM_001006
sara.young5@orchardmail.com,dev_2d9ce90713,AUTHENTICATED_DEVICE,device_id,CUST_PREMIUM_001006
CUST_PREMIUM_001007,amelia.roy6@northstar.org,PRIMARY_EMAIL,email,CUST_PREMIUM_001007
CUST_PREMIUM_001007,+1 (404) 510-8514,PRIMARY_PHONE,phone,CUST_PREMIUM_001007
CUST_PREMIUM_001007,2981,ISSUED_CARD,card_last4,CUST_PREMIUM_001007
amelia.roy6@northstar.org,ck_53135ec3d6,SESSION_COOKIE,cookie,CUST_PREMIUM_001007
amelia.roy6@northstar.org,dev_89a046623e,AUTHENTICATED_DEVICE,device_id,CUST_PREMIUM_001007
amelia.roy6@northstar.org,dev_18b9e0292e,AUTHENTICATED_DEVICE,device_id,CUST_PREMIUM_001007
CUST_PREMIUM_001008,sophiahernandez@northstar.org,PRIMARY_EMAIL,email,CUST_PREMIUM_001008
CUST_PREMIUM_001008,+1 (202) 558-6433,PRIMARY_PHONE,phone,CUST_PREMIUM_001008
CUST_PREMIUM_001008,6419,ISSUED_CARD,card_last4,CUST_PREMIUM_001008
sophiahernandez@northstar.org,ck_c3de34eabb,SESSION_COOKIE,cookie,CUST_PREMIUM_001008
sophiahernandez@northstar.org,ck_6baaa18eed,SESSION_COOKIE,cookie,CUST_PREMIUM_001008
sophiahernandez@northstar.org,dev_2c6ce1ba97,AUTHENTICATED_DEVICE,device_id,CUST_PREMIUM_001008
sophiahernandez@northstar.org,dev_shared_91e42d586,AUTHENTICATED_DEVICE,device_id,CUST_PREMIUM_001008
CUST_PREMIUM_001009,david.lee@atlasmail.net,PRIMARY_EMAIL,email,CUST_PREMIUM_001009
CUST_PREMIUM_001009,+1 (650) 628-4352,PRIMARY_PHONE,phone,CUST_PREMIUM_001009
CUST_PREMIUM_001009,8814,ISSUED_CARD,card_last4,CUST_PREMIUM_001009
david.lee@atlasmail.net,ck_55704d3341,SESSION_COOKIE,cookie,CUST_PREMIUM_001009
david.lee@atlasmail.net,ck_535213866d,SESSION_COOKIE,cookie,CUST_PREMIUM_001009
david.lee@atlasmail.net,dev_5d9136405f,AUTHENTICATED_DEVICE,device_id,CUST_PREMIUM_001009
CUST_PREMIUM_001010,k.campbell@vectorlabs.co,PRIMARY_EMAIL,email,CUST_PREMIUM_001010
CUST_PREMIUM_001010,+1 (310) 544-2271,PRIMARY_PHONE,phone,CUST_PREMIUM_001010
CUST_PREMIUM_001010,6470,ISSUED_CARD,card_last4,CUST_PREMIUM_001010
k.campbell@vectorlabs.co,ck_90132381d1,SESSION_COOKIE,cookie,CUST_PREMIUM_001010
k.campbell@vectorlabs.co,ck_2865cb759a,SESSION_COOKIE,cookie,CUST_PREMIUM_001010
k.campbell@vectorlabs.co,ck_3ba215353a,SESSION_COOKIE,cookie,CUST_PREMIUM_001010
k.campbell@vectorlabs.co,dev_8146742b37,AUTHENTICATED_DEVICE,device_id,CUST_PREMIUM_001010
CUST_PREMIUM_001011,emma.kumar10@summitmail.net,PRIMARY_EMAIL,email,CUST_PREMIUM_001011
CUST_PREMIUM_001011,+1 (212) 570-0190,PRIMARY_PHONE,phone,CUST_PREMIUM_001011
CUST_PREMIUM_001011,9671,ISSUED_CARD,card_last4,CUST_PREMIUM_001011
emma.kumar10@summitmail.net,ck_9319b16569,SESSION_COOKIE,cookie,CUST_PREMIUM_001011
emma.kumar10@summitmail.net,dev_a5fd2b44c0,AUTHENTICATED_DEVICE,device_id,CUST_PREMIUM_001011
CUST_PREMIUM_001012,sterling.liam@vectorlabs.co,PRIMARY_EMAIL,email,CUST_PREMIUM_001012
CUST_PREMIUM_001012,+1 (404) 695-8109,PRIMARY_PHONE,phone,CUST_PREMIUM_001012
CUST_PREMIUM_001012,9899,ISSUED_CARD,card_last4,CUST_PREMIUM_001012
sterling.liam@vectorlabs.co,ck_75cdfb5314,SESSION_COOKIE,cookie,CUST_PREMIUM_001012
sterling.liam@vectorlabs.co,ck_bd9c12dc1f,SESSION_COOKIE,cookie,CUST_PREMIUM_001012
sterling.liam@vectorlabs.co,ck_f6082e24a0,SESSION_COOKIE,cookie,CUST_PREMIUM_001012
sterling.liam@vectorlabs.co,dev_a4f623a69f,AUTHENTICATED_DEVICE,device_id,CUST_PREMIUM_001012
CUST_PREMIUM_001013,chloe.ito@vectorlabs.co,PRIMARY_EMAIL,email,CUST_PREMIUM_001013
CUST_PREMIUM_001013,+1 (404) 732-6028,PRIMARY_PHONE,phone,CUST_PREMIUM_001013
CUST_PREMIUM_001013,9838,ISSUED_CARD,card_last4,CUST_PREMIUM_001013
chloe.ito@vectorlabs.co,ck_8a777c3dd7,SESSION_COOKIE,cookie,CUST_PREMIUM_001013
chloe.ito@vectorlabs.co,ck_deae147c63,SESSION_COOKIE,cookie,CUST_PREMIUM_001013
chloe.ito@vectorlabs.co,ck_fab096768d,SESSION_COOKIE,cookie,CUST_PREMIUM_001013
chloe.ito@vectorlabs.co,ck_6232a0c599,SESSION_COOKIE,cookie,CUST_PREMIUM_001013
chloe.ito@vectorlabs.co,dev_cc95f13d10,AUTHENTICATED_DEVICE,device_id,CUST_PREMIUM_001013
chloe.ito@vectorlabs.co,dev_5ddacf961b,AUTHENTICATED_DEVICE,device_id,CUST_PREMIUM_001013
CUST_PREMIUM_001014,isabellahall@orchardmail.com,PRIMARY_EMAIL,email,CUST_PREMIUM_001014
CUST_PREMIUM_001014,+1 (202) 780-3947,PRIMARY_PHONE,phone,CUST_PREMIUM_001014
CUST_PREMIUM_001014,8290,ISSUED_CARD,card_last4,CUST_PREMIUM_001014
isabellahall@orchardmail.com,ck_2c29d569d3,SESSION_COOKIE,cookie,CUST_PREMIUM_001014
isabellahall@orchardmail.com,dev_0c1b190193,AUTHENTICATED_DEVICE,device_id,CUST_PREMIUM_001014
CUST_PREMIUM_001015,ibrahim.shah@example.com,PRIMARY_EMAIL,email,CUST_PREMIUM_001015
CUST_PREMIUM_001015,+1 (212) 718-1866,PRIMARY_PHONE,phone,CUST_PREMIUM_001015
CUST_PREMIUM_001015,2421,ISSUED_CARD,card_last4,CUST_PREMIUM_001015
ibrahim.shah@example.com,ck_73eba13dcd,SESSION_COOKIE,cookie,CUST_PREMIUM_001015
ibrahim.shah@example.com,dev_0ed1fa9c91,AUTHENTICATED_DEVICE,device_id,CUST_PREMIUM_001015
ibrahim.shah@example.com,dev_e117af689e,AUTHENTICATED_DEVICE,device_id,CUST_PREMIUM_001015
CUST_PREMIUM_001016,baker.sophia@harbor.example,PRIMARY_EMAIL,email,CUST_PREMIUM_001016
CUST_PREMIUM_001016,+1 (310) 766-9785,PRIMARY_PHONE,phone,CUST_PREMIUM_001016
CUST_PREMIUM_001016,7599,ISSUED_CARD,card_last4,CUST_PREMIUM_001016
baker.sophia@harbor.example,ck_738675a076,SESSION_COOKIE,cookie,CUST_PREMIUM_001016
baker.sophia@harbor.example,ck_f3b7e5dad1,SESSION_COOKIE,cookie,CUST_PREMIUM_001016
baker.sophia@harbor.example,dev_4121692443,AUTHENTICATED_DEVICE,device_id,CUST_PREMIUM_001016
baker.sophia@harbor.example,dev_shared_8a63caf7b,AUTHENTICATED_DEVICE,device_id,CUST_PREMIUM_001016
CUST_PREMIUM_001017,l.evans@harbor.example,PRIMARY_EMAIL,email,CUST_PREMIUM_001017
CUST_PREMIUM_001017,+1 (212) 792-7704,PRIMARY_PHONE,phone,CUST_PREMIUM_001017
CUST_PREMIUM_001017,9838,ISSUED_CARD,card_last4,CUST_PREMIUM_001017
l.evans@harbor.example,ck_8729d23214,SESSION_COOKIE,cookie,CUST_PREMIUM_001017
l.evans@harbor.example,ck_896d5936d4,SESSION_COOKIE,cookie,CUST_PREMIUM_001017
l.evans@harbor.example,dev_a43c0fb4de,AUTHENTICATED_DEVICE,device_id,CUST_PREMIUM_001017
CUST_PREMIUM_001018,leo.young17@example.com,PRIMARY_EMAIL,email,CUST_PREMIUM_001018
CUST_PREMIUM_001018,+1 (646) 239-5623,PRIMARY_PHONE,phone,CUST_PREMIUM_001018
CUST_PREMIUM_001018,2461,ISSUED_CARD,card_last4,CUST_PREMIUM_001018
leo.young17@example.com,ck_9d11724e7e,SESSION_COOKIE,cookie,CUST_PREMIUM_001018
leo.young17@example.com,dev_1a827ad986,AUTHENTICATED_DEVICE,device_id,CUST_PREMIUM_001018
CUST_PREMIUM_001019,gracesingh@capital-demo.org,PRIMARY_EMAIL,email,CUST_PREMIUM_001019
CUST_PREMIUM_001019,+1 (305) 221-3542,PRIMARY_PHONE,phone,CUST_PREMIUM_001019
CUST_PREMIUM_001019,2513,ISSUED_CARD,card_last4,CUST_PREMIUM_001019
gracesingh@capital-demo.org,ck_6b2efacc9b,SESSION_COOKIE,cookie,CUST_PREMIUM_001019
gracesingh@capital-demo.org,dev_68c677b7bf,AUTHENTICATED_DEVICE,device_id,CUST_PREMIUM_001019
gracesingh@capital-demo.org,dev_5e783fe642,AUTHENTICATED_DEVICE,device_id,CUST_PREMIUM_001019
CUST_PREMIUM_001020,aaravrobinson@bluepeak.co,PRIMARY_EMAIL,email,CUST_PREMIUM_001020
CUST_PREMIUM_001020,+1 (650) 335-1461,PRIMARY_PHONE,phone,CUST_PREMIUM_001020
CUST_PREMIUM_001020,9649,ISSUED_CARD,card_last4,CUST_PREMIUM_001020
aaravrobinson@bluepeak.co,ck_748cf2a95a,SESSION_COOKIE,cookie,CUST_PREMIUM_001020
aaravrobinson@bluepeak.co,dev_17a1b6efef,AUTHENTICATED_DEVICE,device_id,CUST_PREMIUM_001020
CUST_PREMIUM_001021,diegocampbell@example.com,PRIMARY_EMAIL,email,CUST_PREMIUM_001021
CUST_PREMIUM_001021,+1 (206) 306-9380,PRIMARY_PHONE,phone,CUST_PREMIUM_001021
CUST_PREMIUM_001021,3321,ISSUED_CARD,card_last4,CUST_PREMIUM_001021
diegocampbell@example.com,ck_ff1f086ebd,SESSION_COOKIE,cookie,CUST_PREMIUM_001021
diegocampbell@example.com,dev_13d8ea7f2d,AUTHENTICATED_DEVICE,device_id,CUST_PREMIUM_001021
CUST_PREMIUM_001022,r.baker@orchardmail.com,PRIMARY_EMAIL,email,CUST_PREMIUM_001022
CUST_PREMIUM_001022,+1 (310) 288-7299,PRIMARY_PHONE,phone,CUST_PREMIUM_001022
CUST_PREMIUM_001022,3652,ISSUED_CARD,card_last4,CUST_PREMIUM_001022
r.baker@orchardmail.com,ck_cc17ceaf2d,SESSION_COOKIE,cookie,CUST_PREMIUM_001022
r.baker@orchardmail.com,dev_24319bf21d,AUTHENTICATED_DEVICE,device_id,CUST_PREMIUM_001022
CUST_PREMIUM_001023,d.kumar@vectorlabs.co,PRIMARY_EMAIL,email,CUST_PREMIUM_001023
CUST_PREMIUM_001023,+1 (469) 479-5218,PRIMARY_PHONE,phone,CUST_PREMIUM_001023
CUST_PREMIUM_001023,8481,ISSUED_CARD,card_last4,CUST_PREMIUM_001023
d.kumar@vectorlabs.co,ck_006716ef54,SESSION_COOKIE,cookie,CUST_PREMIUM_001023
d.kumar@vectorlabs.co,ck_a8c8bff2d5,SESSION_COOKIE,cookie,CUST_PREMIUM_001023
d.kumar@vectorlabs.co,dev_53810a67df,AUTHENTICATED_DEVICE,device_id,CUST_PREMIUM_001023
CUST_PREMIUM_001024,p.khan@vectorlabs.co,PRIMARY_EMAIL,email,CUST_PREMIUM_001024
CUST_PREMIUM_001024,+1 (469) 516-3137,PRIMARY_PHONE,phone,CUST_PREMIUM_001024
CUST_PREMIUM_001024,1868,ISSUED_CARD,card_last4,CUST_PREMIUM_001024
p.khan@vectorlabs.co,ck_973940181a,SESSION_COOKIE,cookie,CUST_PREMIUM_001024
p.khan@vectorlabs.co,dev_4b1f6d0659,AUTHENTICATED_DEVICE,device_id,CUST_PREMIUM_001024
p.khan@vectorlabs.co,dev_93a54b235c,AUTHENTICATED_DEVICE,device_id,CUST_PREMIUM_001024
CUST_PREMIUM_001025,rafael.jones@orchardmail.com,PRIMARY_EMAIL,email,CUST_PREMIUM_001025
CUST_PREMIUM_001025,+1 (312) 410-1056,PRIMARY_PHONE,phone,CUST_PREMIUM_001025
CUST_PREMIUM_001025,2353,ISSUED_CARD,card_last4,CUST_PREMIUM_001025
rafael.jones@orchardmail.com,ck_f408bf1b52,SESSION_COOKIE,cookie,CUST_PREMIUM_001025
rafael.jones@orchardmail.com,ck_95e2c11c5d,SESSION_COOKIE,cookie,CUST_PREMIUM_001025
rafael.jones@orchardmail.com,ck_8816eff4b5,SESSION_COOKIE,cookie,CUST_PREMIUM_001025
rafael.jones@orchardmail.com,dev_96e9c8c2ea,AUTHENTICATED_DEVICE,device_id,CUST_PREMIUM_001025
CUST_PREMIUM_001026,i.khan@summitmail.net,PRIMARY_EMAIL,email,CUST_PREMIUM_001026
CUST_PREMIUM_001026,+1 (212) 425-8975,PRIMARY_PHONE,phone,CUST_PREMIUM_001026
CUST_PREMIUM_001026,7432,ISSUED_CARD,card_last4,CUST_PREMIUM_001026
i.khan@summitmail.net,ck_12c62554b6,SESSION_COOKIE,cookie,CUST_PREMIUM_001026
i.khan@summitmail.net,dev_b4d4967352,AUTHENTICATED_DEVICE,device_id,CUST_PREMIUM_001026
i.khan@summitmail.net,dev_a22ba0277d,AUTHENTICATED_DEVICE,device_id,CUST_PREMIUM_001026
i.khan@summitmail.net,dev_shared_38588bdb8,AUTHENTICATED_DEVICE,device_id,CUST_PREMIUM_001026
CUST_PREMIUM_001027,morgan.kabir@example.com,PRIMARY_EMAIL,email,CUST_PREMIUM_001027
CUST_PREMIUM_001027,+1 (202) 561-6894,PRIMARY_PHONE,phone,CUST_PREMIUM_001027
CUST_PREMIUM_001027,5028,ISSUED_CARD,card_last4,CUST_PREMIUM_001027
morgan.kabir@example.com,ck_048d02cb05,SESSION_COOKIE,cookie,CUST_PREMIUM_001027
morgan.kabir@example.com,dev_4df2f2131c,AUTHENTICATED_DEVICE,device_id,CUST_PREMIUM_001027
CUST_PREMIUM_001028,n.hall@harbor.example,PRIMARY_EMAIL,email,CUST_PREMIUM_001028
CUST_PREMIUM_001028,+1 (416) 620-4813,PRIMARY_PHONE,phone,CUST_PREMIUM_001028
CUST_PREMIUM_001028,2250,ISSUED_CARD,card_last4,CUST_PREMIUM_001028
n.hall@harbor.example,ck_ece6021fa7,SESSION_COOKIE,cookie,CUST_PREMIUM_001028
n.hall@harbor.example,dev_7c7bdf2bed,AUTHENTICATED_DEVICE,device_id,CUST_PREMIUM_001028
CUST_PREMIUM_001029,nathan.diaz@capital-demo.org,PRIMARY_EMAIL,email,CUST_PREMIUM_001029
CUST_PREMIUM_001029,+1 (212) 536-2732,PRIMARY_PHONE,phone,CUST_PREMIUM_001029
CUST_PREMIUM_001029,1880,ISSUED_CARD,card_last4,CUST_PREMIUM_001029
nathan.diaz@capital-demo.org,ck_7791aad3b2,SESSION_COOKIE,cookie,CUST_PREMIUM_001029
nathan.diaz@capital-demo.org,ck_8e42206428,SESSION_COOKIE,cookie,CUST_PREMIUM_001029
nathan.diaz@capital-demo.org,dev_1eeeebfc62,AUTHENTICATED_DEVICE,device_id,CUST_PREMIUM_001029
CUST_PREMIUM_001030,d.williams@northstar.org,PRIMARY_EMAIL,email,CUST_PREMIUM_001030
CUST_PREMIUM_001030,+1 (650) 705-0651,PRIMARY_PHONE,phone,CUST_PREMIUM_001030
CUST_PREMIUM_001030,1075,ISSUED_CARD,card_last4,CUST_PREMIUM_001030
d.williams@northstar.org,ck_4cd64b9235,SESSION_COOKIE,cookie,CUST_PREMIUM_001030
d.williams@northstar.org,ck_97a37804ef,SESSION_COOKIE,cookie,CUST_PREMIUM_001030
d.williams@northstar.org,dev_75970e203a,AUTHENTICATED_DEVICE,device_id,CUST_PREMIUM_001030
CUST_PREMIUM_001031,kumar.olivia@northstar.org,PRIMARY_EMAIL,email,CUST_PREMIUM_001031
CUST_PREMIUM_001031,+1 (415) 643-8570,PRIMARY_PHONE,phone,CUST_PREMIUM_001031
CUST_PREMIUM_001031,5507,ISSUED_CARD,card_last4,CUST_PREMIUM_001031
kumar.olivia@northstar.org,ck_dc35672da9,SESSION_COOKIE,cookie,CUST_PREMIUM_001031
kumar.olivia@northstar.org,dev_8a19be61d5,AUTHENTICATED_DEVICE,device_id,CUST_PREMIUM_001031
kumar.olivia@northstar.org,dev_a7fcb3663a,AUTHENTICATED_DEVICE,device_id,CUST_PREMIUM_001031
CUST_PREMIUM_001032,oliviathomas@example.com,PRIMARY_EMAIL,email,CUST_PREMIUM_001032
CUST_PREMIUM_001032,+1 (305) 702-6489,PRIMARY_PHONE,phone,CUST_PREMIUM_001032
CUST_PREMIUM_001032,8169,ISSUED_CARD,card_last4,CUST_PREMIUM_001032
oliviathomas@example.com,ck_f8cf3c2a1a,SESSION_COOKIE,cookie,CUST_PREMIUM_001032
oliviathomas@example.com,ck_c8b1b04ecb,SESSION_COOKIE,cookie,CUST_PREMIUM_001032
oliviathomas@example.com,dev_7dda7bb445,AUTHENTICATED_DEVICE,device_id,CUST_PREMIUM_001032
oliviathomas@example.com,dev_shared_52d9a51f6,AUTHENTICATED_DEVICE,device_id,CUST_PREMIUM_001032
CUST_PREMIUM_001033,vivianrobinson@bluepeak.co,PRIMARY_EMAIL,email,CUST_PREMIUM_001033
CUST_PREMIUM_001033,+1 (404) 772-4408,PRIMARY_PHONE,phone,CUST_PREMIUM_001033
CUST_PREMIUM_001033,6495,ISSUED_CARD,card_last4,CUST_PREMIUM_001033
vivianrobinson@bluepeak.co,ck_0614f77886,SESSION_COOKIE,cookie,CUST_PREMIUM_001033
vivianrobinson@bluepeak.co,dev_c408541875,AUTHENTICATED_DEVICE,device_id,CUST_PREMIUM_001033
CUST_PREMIUM_001034,hiro.chen@orchardmail.com,PRIMARY_EMAIL,email,CUST_PREMIUM_001034
CUST_PREMIUM_001034,+1 (212) 721-2327,PRIMARY_PHONE,phone,CUST_PREMIUM_001034
CUST_PREMIUM_001034,9935,ISSUED_CARD,card_last4,CUST_PREMIUM_001034
hiro.chen@orchardmail.com,ck_f6961de967,SESSION_COOKIE,cookie,CUST_PREMIUM_001034
hiro.chen@orchardmail.com,ck_a3ee265cae,SESSION_COOKIE,cookie,CUST_PREMIUM_001034
hiro.chen@orchardmail.com,dev_6899997465,AUTHENTICATED_DEVICE,device_id,CUST_PREMIUM_001034
CUST_PREMIUM_001035,sora.rodriguez@summitmail.net,PRIMARY_EMAIL,email,CUST_PREMIUM_001035
CUST_PREMIUM_001035,+1 (416) 879-0246,PRIMARY_PHONE,phone,CUST_PREMIUM_001035
CUST_PREMIUM_001035,3233,ISSUED_CARD,card_last4,CUST_PREMIUM_001035
sora.rodriguez@summitmail.net,ck_9310e17bd2,SESSION_COOKIE,cookie,CUST_PREMIUM_001035
sora.rodriguez@summitmail.net,ck_e96efd3b0f,SESSION_COOKIE,cookie,CUST_PREMIUM_001035
sora.rodriguez@summitmail.net,dev_a24249603f,AUTHENTICATED_DEVICE,device_id,CUST_PREMIUM_001035
CUST_PREMIUM_001036,f.cooper@capital-demo.org,PRIMARY_EMAIL,email,CUST_PREMIUM_001036
CUST_PREMIUM_001036,+1 (917) 238-8165,PRIMARY_PHONE,phone,CUST_PREMIUM_001036
CUST_PREMIUM_001036,1844,ISSUED_CARD,card_last4,CUST_PREMIUM_001036
f.cooper@capital-demo.org,ck_e8fd2afa90,SESSION_COOKIE,cookie,CUST_PREMIUM_001036
f.cooper@capital-demo.org,dev_927e5ec89f,AUTHENTICATED_DEVICE,device_id,CUST_PREMIUM_001036
f.cooper@capital-demo.org,dev_shared_96bd14734,AUTHENTICATED_DEVICE,device_id,CUST_PREMIUM_001036
CUST_PREMIUM_001037,brown.andre@example.com,PRIMARY_EMAIL,email,CUST_PREMIUM_001037
CUST_PREMIUM_001037,+1 (212) 832-6084,PRIMARY_PHONE,phone,CUST_PREMIUM_001037
CUST_PREMIUM_001037,0505,ISSUED_CARD,card_last4,CUST_PREMIUM_001037
brown.andre@example.com,ck_d61049417a,SESSION_COOKIE,cookie,CUST_PREMIUM_001037
brown.andre@example.com,ck_4f8ce10b99,SESSION_COOKIE,cookie,CUST_PREMIUM_001037
brown.andre@example.com,dev_bfc6903b9a,AUTHENTICATED_DEVICE,device_id,CUST_PREMIUM_001037
CUST_PREMIUM_001038,nathan.sato37@bluepeak.co,PRIMARY_EMAIL,email,CUST_PREMIUM_001038
CUST_PREMIUM_001038,+1 (617) 246-4003,PRIMARY_PHONE,phone,CUST_PREMIUM_001038
CUST_PREMIUM_001038,7118,ISSUED_CARD,card_last4,CUST_PREMIUM_001038
nathan.sato37@bluepeak.co,ck_076c7fdf85,SESSION_COOKIE,cookie,CUST_PREMIUM_001038
nathan.sato37@bluepeak.co,ck_1f8fd6b1da,SESSION_COOKIE,cookie,CUST_PREMIUM_001038
nathan.sato37@bluepeak.co,dev_d1bade4bce,AUTHENTICATED_DEVICE,device_id,CUST_PREMIUM_001038
CUST_PREMIUM_001039,emma.anderson38@orchardmail.com,PRIMARY_EMAIL,email,CUST_PREMIUM_001039
CUST_PREMIUM_001039,+1 (212) 206-1922,PRIMARY_PHONE,phone,CUST_PREMIUM_001039
CUST_PREMIUM_001039,9562,ISSUED_CARD,card_last4,CUST_PREMIUM_001039
emma.anderson38@orchardmail.com,ck_598dfb1e70,SESSION_COOKIE,cookie,CUST_PREMIUM_001039
emma.anderson38@orchardmail.com,ck_00faa84a78,SESSION_COOKIE,cookie,CUST_PREMIUM_001039
emma.anderson38@orchardmail.com,dev_5693c9da80,AUTHENTICATED_DEVICE,device_id,CUST_PREMIUM_001039
CUST_PREMIUM_001040,aditi.roy@harbor.example,PRIMARY_EMAIL,email,CUST_PREMIUM_001040
CUST_PREMIUM_001040,+1 (646) 353-9841,PRIMARY_PHONE,phone,CUST_PREMIUM_001040
CUST_PREMIUM_001040,5085,ISSUED_CARD,card_last4,CUST_PREMIUM_001040
aditi.roy@harbor.example,ck_4611b6de9a,SESSION_COOKIE,cookie,CUST_PREMIUM_001040
aditi.roy@harbor.example,ck_ebf376a2d2,SESSION_COOKIE,cookie,CUST_PREMIUM_001040
aditi.roy@harbor.example,ck_1ec84b63db,SESSION_COOKIE,cookie,CUST_PREMIUM_001040
aditi.roy@harbor.example,dev_1ad5e78785,AUTHENTICATED_DEVICE,device_id,CUST_PREMIUM_001040
aditi.roy@harbor.example,dev_3d426b951d,AUTHENTICATED_DEVICE,device_id,CUST_PREMIUM_001040
CUST_PREMIUM_001041,jasmineyoung@orchardmail.com,PRIMARY_EMAIL,email,CUST_PREMIUM_001041
CUST_PREMIUM_001041,+1 (617) 357-7760,PRIMARY_PHONE,phone,CUST_PREMIUM_001041
CUST_PREMIUM_001041,9796,ISSUED_CARD,card_last4,CUST_PREMIUM_001041
jasmineyoung@orchardmail.com,ck_8f632391f4,SESSION_COOKIE,cookie,CUST_PREMIUM_001041
jasmineyoung@orchardmail.com,dev_cc89420026,AUTHENTICATED_DEVICE,device_id,CUST_PREMIUM_001041
jasmineyoung@orchardmail.com,dev_shared_6b20681da,AUTHENTICATED_DEVICE,device_id,CUST_PREMIUM_001041
CUST_PREMIUM_001042,ibrahim.thompson41@vectorlabs.co,PRIMARY_EMAIL,email,CUST_PREMIUM_001042
CUST_PREMIUM_001042,+1 (415) 350-5679,PRIMARY_PHONE,phone,CUST_PREMIUM_001042
CUST_PREMIUM_001042,0567,ISSUED_CARD,card_last4,CUST_PREMIUM_001042
ibrahim.thompson41@vectorlabs.co,ck_66f04acb7f,SESSION_COOKIE,cookie,CUST_PREMIUM_001042
ibrahim.thompson41@vectorlabs.co,dev_1207b88aa1,AUTHENTICATED_DEVICE,device_id,CUST_PREMIUM_001042
CUST_PREMIUM_001043,omarlopez@capital-demo.org,PRIMARY_EMAIL,email,CUST_PREMIUM_001043
CUST_PREMIUM_001043,+1 (202) 453-3598,PRIMARY_PHONE,phone,CUST_PREMIUM_001043
CUST_PREMIUM_001043,6895,ISSUED_CARD,card_last4,CUST_PREMIUM_001043
omarlopez@capital-demo.org,ck_6c2768fa36,SESSION_COOKIE,cookie,CUST_PREMIUM_001043
omarlopez@capital-demo.org,dev_93481e629e,AUTHENTICATED_DEVICE,device_id,CUST_PREMIUM_001043
CUST_PREMIUM_001044,h.robinson@example.com,PRIMARY_EMAIL,email,CUST_PREMIUM_001044
CUST_PREMIUM_001044,+1 (312) 413-1517,PRIMARY_PHONE,phone,CUST_PREMIUM_001044
CUST_PREMIUM_001044,4581,ISSUED_CARD,card_last4,CUST_PREMIUM_001044
h.robinson@example.com,ck_452162c95a,SESSION_COOKIE,cookie,CUST_PREMIUM_001044
h.robinson@example.com,dev_10457b0110,AUTHENTICATED_DEVICE,device_id,CUST_PREMIUM_001044
CUST_PREMIUM_001045,baker.chloe@example.com,PRIMARY_EMAIL,email,CUST_PREMIUM_001045
CUST_PREMIUM_001045,+1 (617) 505-9436,PRIMARY_PHONE,phone,CUST_PREMIUM_001045
CUST_PREMIUM_001045,9955,ISSUED_CARD,card_last4,CUST_PREMIUM_001045
baker.chloe@example.com,ck_446defdb20,SESSION_COOKIE,cookie,CUST_PREMIUM_001045
baker.chloe@example.com,ck_fdfa08f3ae,SESSION_COOKIE,cookie,CUST_PREMIUM_001045
baker.chloe@example.com,dev_04da70dcf3,AUTHENTICATED_DEVICE,device_id,CUST_PREMIUM_001045
baker.chloe@example.com,dev_be0acb2a12,AUTHENTICATED_DEVICE,device_id,CUST_PREMIUM_001045
baker.chloe@example.com,dev_239a5c9600,AUTHENTICATED_DEVICE,device_id,CUST_PREMIUM_001045
CUST_PREMIUM_001046,grace.rodriguez@bluepeak.co,PRIMARY_EMAIL,email,CUST_PREMIUM_001046
CUST_PREMIUM_001046,+1 (617) 542-7355,PRIMARY_PHONE,phone,CUST_PREMIUM_001046
CUST_PREMIUM_001046,4737,ISSUED_CARD,card_last4,CUST_PREMIUM_001046
grace.rodriguez@bluepeak.co,ck_75703e1a18,SESSION_COOKIE,cookie,CUST_PREMIUM_001046
grace.rodriguez@bluepeak.co,ck_96524fecaf,SESSION_COOKIE,cookie,CUST_PREMIUM_001046
grace.rodriguez@bluepeak.co,dev_58e4798b9b,AUTHENTICATED_DEVICE,device_id,CUST_PREMIUM_001046
CUST_PREMIUM_001047,norarobinson@northstar.org,PRIMARY_EMAIL,email,CUST_PREMIUM_001047
CUST_PREMIUM_001047,+1 (469) 667-5274,PRIMARY_PHONE,phone,CUST_PREMIUM_001047
CUST_PREMIUM_001047,6701,ISSUED_CARD,card_last4,CUST_PREMIUM_001047
norarobinson@northstar.org,ck_e2dc59bfc2,SESSION_COOKIE,cookie,CUST_PREMIUM_001047
norarobinson@northstar.org,dev_08e243ad2c,AUTHENTICATED_DEVICE,device_id,CUST_PREMIUM_001047
CUST_PREMIUM_001048,isla.jones47@summitmail.net,PRIMARY_EMAIL,email,CUST_PREMIUM_001048
CUST_PREMIUM_001048,+1 (206) 605-3193,PRIMARY_PHONE,phone,CUST_PREMIUM_001048
CUST_PREMIUM_001048,3911,ISSUED_CARD,card_last4,CUST_PREMIUM_001048
isla.jones47@summitmail.net,ck_579cb7ea78,SESSION_COOKIE,cookie,CUST_PREMIUM_001048
isla.jones47@summitmail.net,dev_5f1e2f7217,AUTHENTICATED_DEVICE,device_id,CUST_PREMIUM_001048
CUST_PREMIUM_001049,rafael.wilson48@atlasmail.net,PRIMARY_EMAIL,email,CUST_PREMIUM_001049
CUST_PREMIUM_001049,+1 (212) 576-1112,PRIMARY_PHONE,phone,CUST_PREMIUM_001049
CUST_PREMIUM_001049,7572,ISSUED_CARD,card_last4,CUST_PREMIUM_001049
rafael.wilson48@atlasmail.net,ck_fc42e0040f,SESSION_COOKIE,cookie,CUST_PREMIUM_001049
rafael.wilson48@atlasmail.net,dev_97d9792b01,AUTHENTICATED_DEVICE,device_id,CUST_PREMIUM_001049
CUST_PREMIUM_001050,fatimadiaz@example.com,PRIMARY_EMAIL,email,CUST_PREMIUM_001050
CUST_PREMIUM_001050,+1 (617) 690-9031,PRIMARY_PHONE,phone,CUST_PREMIUM_001050
CUST_PREMIUM_001050,2780,ISSUED_CARD,card_last4,CUST_PREMIUM_001050
fatimadiaz@example.com,ck_57018ff3d0,SESSION_COOKIE,cookie,CUST_PREMIUM_001050
fatimadiaz@example.com,ck_537579249b,SESSION_COOKIE,cookie,CUST_PREMIUM_001050
fatimadiaz@example.com,dev_cf56ebe91e,AUTHENTICATED_DEVICE,device_id,CUST_PREMIUM_001050
fatimadiaz@example.com,dev_shared_fa527b5e0,AUTHENTICATED_DEVICE,device_id,CUST_PREMIUM_001050
CUST_PREMIUM_001051,a.wilson@example.com,PRIMARY_EMAIL,email,CUST_PREMIUM_001051
CUST_PREMIUM_001051,+1 (305) 705-6950,PRIMARY_PHONE,phone,CUST_PREMIUM_001051
CUST_PREMIUM_001051,0627,ISSUED_CARD,card_last4,CUST_PREMIUM_001051
a.wilson@example.com,ck_e937eca893,SESSION_COOKIE,cookie,CUST_PREMIUM_001051
a.wilson@example.com,ck_05f1f5a0f4,SESSION_COOKIE,cookie,CUST_PREMIUM_001051
a.wilson@example.com,ck_0739e52f96,SESSION_COOKIE,cookie,CUST_PREMIUM_001051
a.wilson@example.com,ck_a44ee95b8a,SESSION_COOKIE,cookie,CUST_PREMIUM_001051
a.wilson@example.com,dev_7e67825b4a,AUTHENTICATED_DEVICE,device_id,CUST_PREMIUM_001051
a.wilson@example.com,dev_7112dc3256,AUTHENTICATED_DEVICE,device_id,CUST_PREMIUM_001051
CUST_PREMIUM_001052,sara.campbell51@orchardmail.com,PRIMARY_EMAIL,email,CUST_PREMIUM_001052
CUST_PREMIUM_001052,+1 (214) 731-4869,PRIMARY_PHONE,phone,CUST_PREMIUM_001052
CUST_PREMIUM_001052,7266,ISSUED_CARD,card_last4,CUST_PREMIUM_001052
sara.campbell51@orchardmail.com,ck_2894973a2d,SESSION_COOKIE,cookie,CUST_PREMIUM_001052
sara.campbell51@orchardmail.com,dev_6bb68a2707,AUTHENTICATED_DEVICE,device_id,CUST_PREMIUM_001052
CUST_PREMIUM_001053,priyavance@harbor.example,PRIMARY_EMAIL,email,CUST_PREMIUM_001053
CUST_PREMIUM_001053,+1 (718) 878-2788,PRIMARY_PHONE,phone,CUST_PREMIUM_001053
CUST_PREMIUM_001053,0817,ISSUED_CARD,card_last4,CUST_PREMIUM_001053
priyavance@harbor.example,ck_6d2adfc871,SESSION_COOKIE,cookie,CUST_PREMIUM_001053
priyavance@harbor.example,dev_de7d9b2b86,AUTHENTICATED_DEVICE,device_id,CUST_PREMIUM_001053
CUST_PREMIUM_001054,carter.alejandro@vectorlabs.co,PRIMARY_EMAIL,email,CUST_PREMIUM_001054
CUST_PREMIUM_001054,+1 (206) 827-0707,PRIMARY_PHONE,phone,CUST_PREMIUM_001054
CUST_PREMIUM_001054,1724,ISSUED_CARD,card_last4,CUST_PREMIUM_001054
carter.alejandro@vectorlabs.co,ck_3cc03c1bd8,SESSION_COOKIE,cookie,CUST_PREMIUM_001054
carter.alejandro@vectorlabs.co,ck_73ba6cea31,SESSION_COOKIE,cookie,CUST_PREMIUM_001054
carter.alejandro@vectorlabs.co,ck_3d53dd8f6c,SESSION_COOKIE,cookie,CUST_PREMIUM_001054
carter.alejandro@vectorlabs.co,dev_64278b3ecc,AUTHENTICATED_DEVICE,device_id,CUST_PREMIUM_001054
carter.alejandro@vectorlabs.co,dev_427bde635d,AUTHENTICATED_DEVICE,device_id,CUST_PREMIUM_001054
CUST_PREMIUM_001055,miguelshah@capital-demo.org,PRIMARY_EMAIL,email,CUST_PREMIUM_001055
CUST_PREMIUM_001055,+1 (310) 809-8626,PRIMARY_PHONE,phone,CUST_PREMIUM_001055
CUST_PREMIUM_001055,5874,ISSUED_CARD,card_last4,CUST_PREMIUM_001055
miguelshah@capital-demo.org,ck_6ac43e0670,SESSION_COOKIE,cookie,CUST_PREMIUM_001055
miguelshah@capital-demo.org,ck_9bb37908c6,SESSION_COOKIE,cookie,CUST_PREMIUM_001055
miguelshah@capital-demo.org,ck_f580c3db6b,SESSION_COOKIE,cookie,CUST_PREMIUM_001055
miguelshah@capital-demo.org,dev_327a1f736b,AUTHENTICATED_DEVICE,device_id,CUST_PREMIUM_001055
CUST_PREMIUM_001056,sara.sato@summitmail.net,PRIMARY_EMAIL,email,CUST_PREMIUM_001056
CUST_PREMIUM_001056,+1 (404) 223-6545,PRIMARY_PHONE,phone,CUST_PREMIUM_001056
CUST_PREMIUM_001056,4977,ISSUED_CARD,card_last4,CUST_PREMIUM_001056
sara.sato@summitmail.net,ck_ed52d31e2e,SESSION_COOKIE,cookie,CUST_PREMIUM_001056
sara.sato@summitmail.net,dev_d9a1970ce1,AUTHENTICATED_DEVICE,device_id,CUST_PREMIUM_001056
CUST_PREMIUM_001057,leogupta@example.com,PRIMARY_EMAIL,email,CUST_PREMIUM_001057
CUST_PREMIUM_001057,+1 (650) 304-4464,PRIMARY_PHONE,phone,CUST_PREMIUM_001057
CUST_PREMIUM_001057,0003,ISSUED_CARD,card_last4,CUST_PREMIUM_001057
leogupta@example.com,ck_f39c785402,SESSION_COOKIE,cookie,CUST_PREMIUM_001057
leogupta@example.com,ck_c1b00f6cb2,SESSION_COOKIE,cookie,CUST_PREMIUM_001057
leogupta@example.com,ck_715a8c15dc,SESSION_COOKIE,cookie,CUST_PREMIUM_001057
leogupta@example.com,dev_99174e72e5,AUTHENTICATED_DEVICE,device_id,CUST_PREMIUM_001057
CUST_PREMIUM_001058,aditi.evans@example.com,PRIMARY_EMAIL,email,CUST_PREMIUM_001058
CUST_PREMIUM_001058,+1 (310) 220-2383,PRIMARY_PHONE,phone,CUST_PREMIUM_001058
CUST_PREMIUM_001058,5022,ISSUED_CARD,card_last4,CUST_PREMIUM_001058
aditi.evans@example.com,ck_7b983e2ff0,SESSION_COOKIE,cookie,CUST_PREMIUM_001058
aditi.evans@example.com,dev_1f01755886,AUTHENTICATED_DEVICE,device_id,CUST_PREMIUM_001058
aditi.evans@example.com,dev_8c7893906e,AUTHENTICATED_DEVICE,device_id,CUST_PREMIUM_001058
CUST_PREMIUM_001059,g.rodriguez@atlasmail.net,PRIMARY_EMAIL,email,CUST_PREMIUM_001059
CUST_PREMIUM_001059,+1 (650) 378-0302,PRIMARY_PHONE,phone,CUST_PREMIUM_001059
CUST_PREMIUM_001059,4992,ISSUED_CARD,card_last4,CUST_PREMIUM_001059
g.rodriguez@atlasmail.net,ck_7ffb3f6ca7,SESSION_COOKIE,cookie,CUST_PREMIUM_001059
g.rodriguez@atlasmail.net,dev_490c9c7b49,AUTHENTICATED_DEVICE,device_id,CUST_PREMIUM_001059
CUST_PREMIUM_001060,chloe.roy@capital-demo.org,PRIMARY_EMAIL,email,CUST_PREMIUM_001060
CUST_PREMIUM_001060,+1 (646) 393-8221,PRIMARY_PHONE,phone,CUST_PREMIUM_001060
CUST_PREMIUM_001060,0461,ISSUED_CARD,card_last4,CUST_PREMIUM_001060
chloe.roy@capital-demo.org,ck_ce0b53aa35,SESSION_COOKIE,cookie,CUST_PREMIUM_001060
chloe.roy@capital-demo.org,dev_f776fdd6c5,AUTHENTICATED_DEVICE,device_id,CUST_PREMIUM_001060
CUST_PREMIUM_001061,amara.wilson60@northstar.org,PRIMARY_EMAIL,email,CUST_PREMIUM_001061
CUST_PREMIUM_001061,+1 (206) 386-6140,PRIMARY_PHONE,phone,CUST_PREMIUM_001061
CUST_PREMIUM_001061,1649,ISSUED_CARD,card_last4,CUST_PREMIUM_001061
amara.wilson60@northstar.org,ck_3f3ca74eef,SESSION_COOKIE,cookie,CUST_PREMIUM_001061
amara.wilson60@northstar.org,ck_debeb430bb,SESSION_COOKIE,cookie,CUST_PREMIUM_001061
amara.wilson60@northstar.org,dev_c18f97297a,AUTHENTICATED_DEVICE,device_id,CUST_PREMIUM_001061
CUST_PREMIUM_001062,amara.robinson61@vectorlabs.co,PRIMARY_EMAIL,email,CUST_PREMIUM_001062
CUST_PREMIUM_001062,+1 (312) 379-4059,PRIMARY_PHONE,phone,CUST_PREMIUM_001062
CUST_PREMIUM_001062,2290,ISSUED_CARD,card_last4,CUST_PREMIUM_001062
amara.robinson61@vectorlabs.co,ck_27cde89bd6,SESSION_COOKIE,cookie,CUST_PREMIUM_001062
amara.robinson61@vectorlabs.co,dev_c18e6eea2f,AUTHENTICATED_DEVICE,device_id,CUST_PREMIUM_001062
amara.robinson61@vectorlabs.co,dev_62e3eb4233,AUTHENTICATED_DEVICE,device_id,CUST_PREMIUM_001062
CUST_PREMIUM_001063,ibrahim.nguyen@summitmail.net,PRIMARY_EMAIL,email,CUST_PREMIUM_001063
CUST_PREMIUM_001063,+1 (212) 394-1978,PRIMARY_PHONE,phone,CUST_PREMIUM_001063
CUST_PREMIUM_001063,2097,ISSUED_CARD,card_last4,CUST_PREMIUM_001063
ibrahim.nguyen@summitmail.net,ck_e684fcad08,SESSION_COOKIE,cookie,CUST_PREMIUM_001063
ibrahim.nguyen@summitmail.net,ck_51bae5d14a,SESSION_COOKIE,cookie,CUST_PREMIUM_001063
ibrahim.nguyen@summitmail.net,dev_bd2cd8fb8a,AUTHENTICATED_DEVICE,device_id,CUST_PREMIUM_001063
CUST_PREMIUM_001064,ito.nora@northstar.org,PRIMARY_EMAIL,email,CUST_PREMIUM_001064
CUST_PREMIUM_001064,+1 (646) 541-9897,PRIMARY_PHONE,phone,CUST_PREMIUM_001064
CUST_PREMIUM_001064,2788,ISSUED_CARD,card_last4,CUST_PREMIUM_001064
ito.nora@northstar.org,ck_c2257e8d45,SESSION_COOKIE,cookie,CUST_PREMIUM_001064
ito.nora@northstar.org,dev_3593b42c5c,AUTHENTICATED_DEVICE,device_id,CUST_PREMIUM_001064
ito.nora@northstar.org,dev_shared_29456b365,AUTHENTICATED_DEVICE,device_id,CUST_PREMIUM_001064
CUST_PREMIUM_001065,elias.miller@orchardmail.com,PRIMARY_EMAIL,email,CUST_PREMIUM_001065
CUST_PREMIUM_001065,+1 (415) 501-7816,PRIMARY_PHONE,phone,CUST_PREMIUM_001065
CUST_PREMIUM_001065,5665,ISSUED_CARD,card_last4,CUST_PREMIUM_001065
elias.miller@orchardmail.com,ck_7c8f3a870a,SESSION_COOKIE,cookie,CUST_PREMIUM_001065
elias.miller@orchardmail.com,dev_dd241fbdb2,AUTHENTICATED_DEVICE,device_id,CUST_PREMIUM_001065
CUST_PREMIUM_001066,samuel.kumar65@orchardmail.com,PRIMARY_EMAIL,email,CUST_PREMIUM_001066
CUST_PREMIUM_001066,+1 (310) 516-5735,PRIMARY_PHONE,phone,CUST_PREMIUM_001066
CUST_PREMIUM_001066,7385,ISSUED_CARD,card_last4,CUST_PREMIUM_001066
samuel.kumar65@orchardmail.com,ck_8d2028afff,SESSION_COOKIE,cookie,CUST_PREMIUM_001066
samuel.kumar65@orchardmail.com,ck_567d793fc3,SESSION_COOKIE,cookie,CUST_PREMIUM_001066
samuel.kumar65@orchardmail.com,dev_275f5633eb,AUTHENTICATED_DEVICE,device_id,CUST_PREMIUM_001066
CUST_PREMIUM_001067,rei.baker@bluepeak.co,PRIMARY_EMAIL,email,CUST_PREMIUM_001067
CUST_PREMIUM_001067,+1 (617) 619-3654,PRIMARY_PHONE,phone,CUST_PREMIUM_001067
CUST_PREMIUM_001067,3990,ISSUED_CARD,card_last4,CUST_PREMIUM_001067
rei.baker@bluepeak.co,ck_884a0c1f01,SESSION_COOKIE,cookie,CUST_PREMIUM_001067
rei.baker@bluepeak.co,ck_ea66d50754,SESSION_COOKIE,cookie,CUST_PREMIUM_001067
rei.baker@bluepeak.co,dev_a4589612dc,AUTHENTICATED_DEVICE,device_id,CUST_PREMIUM_001067
CUST_PREMIUM_001068,mia.reed@harbor.example,PRIMARY_EMAIL,email,CUST_PREMIUM_001068
CUST_PREMIUM_001068,+1 (312) 601-1573,PRIMARY_PHONE,phone,CUST_PREMIUM_001068
CUST_PREMIUM_001068,9440,ISSUED_CARD,card_last4,CUST_PREMIUM_001068
mia.reed@harbor.example,ck_30ae162527,SESSION_COOKIE,cookie,CUST_PREMIUM_001068
mia.reed@harbor.example,dev_71d44d5db8,AUTHENTICATED_DEVICE,device_id,CUST_PREMIUM_001068
CUST_PREMIUM_001069,sarashah@vectorlabs.co,PRIMARY_EMAIL,email,CUST_PREMIUM_001069
CUST_PREMIUM_001069,+1 (650) 748-9492,PRIMARY_PHONE,phone,CUST_PREMIUM_001069
CUST_PREMIUM_001069,1641,ISSUED_CARD,card_last4,CUST_PREMIUM_001069
sarashah@vectorlabs.co,ck_5a46ea43e1,SESSION_COOKIE,cookie,CUST_PREMIUM_001069
sarashah@vectorlabs.co,dev_fb1c928eac,AUTHENTICATED_DEVICE,device_id,CUST_PREMIUM_001069
sarashah@vectorlabs.co,dev_shared_6a7b1d417,AUTHENTICATED_DEVICE,device_id,CUST_PREMIUM_001069
CUST_PREMIUM_001070,s.sato@vectorlabs.co,PRIMARY_EMAIL,email,CUST_PREMIUM_001070
CUST_PREMIUM_001070,+1 (404) 741-7411,PRIMARY_PHONE,phone,CUST_PREMIUM_001070
CUST_PREMIUM_001070,5144,ISSUED_CARD,card_last4,CUST_PREMIUM_001070
s.sato@vectorlabs.co,ck_3c80130db8,SESSION_COOKIE,cookie,CUST_PREMIUM_001070
s.sato@vectorlabs.co,ck_f14bc7ac1f,SESSION_COOKIE,cookie,CUST_PREMIUM_001070
s.sato@vectorlabs.co,dev_510baf2b95,AUTHENTICATED_DEVICE,device_id,CUST_PREMIUM_001070
CUST_PREMIUM_001071,i.adams@atlasmail.net,PRIMARY_EMAIL,email,CUST_PREMIUM_001071
CUST_PREMIUM_001071,+1 (416) 811-5330,PRIMARY_PHONE,phone,CUST_PREMIUM_001071
CUST_PREMIUM_001071,2275,ISSUED_CARD,card_last4,CUST_PREMIUM_001071
i.adams@atlasmail.net,ck_a6beed4f35,SESSION_COOKIE,cookie,CUST_PREMIUM_001071
i.adams@atlasmail.net,ck_eda4f19d97,SESSION_COOKIE,cookie,CUST_PREMIUM_001071
i.adams@atlasmail.net,dev_dbd4fa0610,AUTHENTICATED_DEVICE,device_id,CUST_PREMIUM_001071
CUST_PREMIUM_001072,elenakapoor@atlasmail.net,PRIMARY_EMAIL,email,CUST_PREMIUM_001072
CUST_PREMIUM_001072,+1 (469) 892-3249,PRIMARY_PHONE,phone,CUST_PREMIUM_001072
CUST_PREMIUM_001072,5569,ISSUED_CARD,card_last4,CUST_PREMIUM_001072
elenakapoor@atlasmail.net,ck_0d6884da3a,SESSION_COOKIE,cookie,CUST_PREMIUM_001072
elenakapoor@atlasmail.net,ck_1f1905539b,SESSION_COOKIE,cookie,CUST_PREMIUM_001072
elenakapoor@atlasmail.net,dev_bd862d118a,AUTHENTICATED_DEVICE,device_id,CUST_PREMIUM_001072
CUST_PREMIUM_001073,avery.williams@vectorlabs.co,PRIMARY_EMAIL,email,CUST_PREMIUM_001073
CUST_PREMIUM_001073,+1 (214) 808-1168,PRIMARY_PHONE,phone,CUST_PREMIUM_001073
CUST_PREMIUM_001073,6150,ISSUED_CARD,card_last4,CUST_PREMIUM_001073
avery.williams@vectorlabs.co,ck_bcbbebbea2,SESSION_COOKIE,cookie,CUST_PREMIUM_001073
avery.williams@vectorlabs.co,dev_20c6f88a60,AUTHENTICATED_DEVICE,device_id,CUST_PREMIUM_001073
avery.williams@vectorlabs.co,dev_shared_f65ee373f,AUTHENTICATED_DEVICE,device_id,CUST_PREMIUM_001073
avery.williams@vectorlabs.co,dev_shared_21133448e,AUTHENTICATED_DEVICE,device_id,CUST_PREMIUM_001073
CUST_PREMIUM_001074,hazel.murphy@capital-demo.org,PRIMARY_EMAIL,email,CUST_PREMIUM_001074
CUST_PREMIUM_001074,+1 (206) 867-9087,PRIMARY_PHONE,phone,CUST_PREMIUM_001074
CUST_PREMIUM_001074,5315,ISSUED_CARD,card_last4,CUST_PREMIUM_001074
hazel.murphy@capital-demo.org,ck_89b75f8d97,SESSION_COOKIE,cookie,CUST_PREMIUM_001074
hazel.murphy@capital-demo.org,dev_cbc4a48704,AUTHENTICATED_DEVICE,device_id,CUST_PREMIUM_001074
CUST_PREMIUM_001075,zara.ahmed@vectorlabs.co,PRIMARY_EMAIL,email,CUST_PREMIUM_001075
CUST_PREMIUM_001075,+1 (917) 281-7006,PRIMARY_PHONE,phone,CUST_PREMIUM_001075
CUST_PREMIUM_001075,9107,ISSUED_CARD,card_last4,CUST_PREMIUM_001075
zara.ahmed@vectorlabs.co,ck_2c106595d3,SESSION_COOKIE,cookie,CUST_PREMIUM_001075
zara.ahmed@vectorlabs.co,ck_258c70628c,SESSION_COOKIE,cookie,CUST_PREMIUM_001075
zara.ahmed@vectorlabs.co,dev_139d9db29a,AUTHENTICATED_DEVICE,device_id,CUST_PREMIUM_001075
zara.ahmed@vectorlabs.co,dev_shared_2c36261da,AUTHENTICATED_DEVICE,device_id,CUST_PREMIUM_001075
CUST_PREMIUM_001076,baker.zoe@example.com,PRIMARY_EMAIL,email,CUST_PREMIUM_001076
CUST_PREMIUM_001076,+1 (404) 263-4925,PRIMARY_PHONE,phone,CUST_PREMIUM_001076
CUST_PREMIUM_001076,1237,ISSUED_CARD,card_last4,CUST_PREMIUM_001076
baker.zoe@example.com,ck_c857a93931,SESSION_COOKIE,cookie,CUST_PREMIUM_001076
baker.zoe@example.com,dev_7acfbeebf2,AUTHENTICATED_DEVICE,device_id,CUST_PREMIUM_001076
CUST_PREMIUM_001077,miguel.robinson@harbor.example,PRIMARY_EMAIL,email,CUST_PREMIUM_001077
CUST_PREMIUM_001077,+1 (312) 234-2844,PRIMARY_PHONE,phone,CUST_PREMIUM_001077
CUST_PREMIUM_001077,6299,ISSUED_CARD,card_last4,CUST_PREMIUM_001077
miguel.robinson@harbor.example,ck_b10630ce1d,SESSION_COOKIE,cookie,CUST_PREMIUM_001077
miguel.robinson@harbor.example,dev_e49be11b7a,AUTHENTICATED_DEVICE,device_id,CUST_PREMIUM_001077
CUST_PREMIUM_001078,rivera.rafael@harbor.example,PRIMARY_EMAIL,email,CUST_PREMIUM_001078
CUST_PREMIUM_001078,+1 (312) 271-0763,PRIMARY_PHONE,phone,CUST_PREMIUM_001078
CUST_PREMIUM_001078,9097,ISSUED_CARD,card_last4,CUST_PREMIUM_001078
rivera.rafael@harbor.example,ck_9af0859887,SESSION_COOKIE,cookie,CUST_PREMIUM_001078
rivera.rafael@harbor.example,dev_557b561b94,AUTHENTICATED_DEVICE,device_id,CUST_PREMIUM_001078
CUST_PREMIUM_001079,adriankim@northstar.org,PRIMARY_EMAIL,email,CUST_PREMIUM_001079
CUST_PREMIUM_001079,+1 (650) 418-8682,PRIMARY_PHONE,phone,CUST_PREMIUM_001079
CUST_PREMIUM_001079,3085,ISSUED_CARD,card_last4,CUST_PREMIUM_001079
adriankim@northstar.org,ck_9b30a6549f,SESSION_COOKIE,cookie,CUST_PREMIUM_001079
adriankim@northstar.org,dev_f340cf7138,AUTHENTICATED_DEVICE,device_id,CUST_PREMIUM_001079
CUST_PREMIUM_001080,jasminesterling@bluepeak.co,PRIMARY_EMAIL,email,CUST_PREMIUM_001080
CUST_PREMIUM_001080,+1 (310) 334-6601,PRIMARY_PHONE,phone,CUST_PREMIUM_001080
CUST_PREMIUM_001080,6943,ISSUED_CARD,card_last4,CUST_PREMIUM_001080
jasminesterling@bluepeak.co,ck_bbc9e2c1d6,SESSION_COOKIE,cookie,CUST_PREMIUM_001080
jasminesterling@bluepeak.co,dev_250e8040e2,AUTHENTICATED_DEVICE,device_id,CUST_PREMIUM_001080
CUST_PREMIUM_001081,ethan.kumar80@harbor.example,PRIMARY_EMAIL,email,CUST_PREMIUM_001081
CUST_PREMIUM_001081,+1 (310) 371-4520,PRIMARY_PHONE,phone,CUST_PREMIUM_001081
CUST_PREMIUM_001081,0512,ISSUED_CARD,card_last4,CUST_PREMIUM_001081
ethan.kumar80@harbor.example,ck_d0e19eedb9,SESSION_COOKIE,cookie,CUST_PREMIUM_001081
ethan.kumar80@harbor.example,ck_8244a92c90,SESSION_COOKIE,cookie,CUST_PREMIUM_001081
ethan.kumar80@harbor.example,ck_92300b404c,SESSION_COOKIE,cookie,CUST_PREMIUM_001081
ethan.kumar80@harbor.example,ck_2acc9bfa5e,SESSION_COOKIE,cookie,CUST_PREMIUM_001081
ethan.kumar80@harbor.example,dev_999d3cc819,AUTHENTICATED_DEVICE,device_id,CUST_PREMIUM_001081
CUST_PREMIUM_001082,ravimorris@orchardmail.com,PRIMARY_EMAIL,email,CUST_PREMIUM_001082
CUST_PREMIUM_001082,+1 (650) 529-2439,PRIMARY_PHONE,phone,CUST_PREMIUM_001082
CUST_PREMIUM_001082,6767,ISSUED_CARD,card_last4,CUST_PREMIUM_001082
ravimorris@orchardmail.com,ck_b5baec9568,SESSION_COOKIE,cookie,CUST_PREMIUM_001082
ravimorris@orchardmail.com,ck_6815621681,SESSION_COOKIE,cookie,CUST_PREMIUM_001082
ravimorris@orchardmail.com,dev_c6d157f744,AUTHENTICATED_DEVICE,device_id,CUST_PREMIUM_001082
CUST_PREMIUM_001083,l.brown@orchardmail.com,PRIMARY_EMAIL,email,CUST_PREMIUM_001083
CUST_PREMIUM_001083,+1 (646) 544-0358,PRIMARY_PHONE,phone,CUST_PREMIUM_001083
CUST_PREMIUM_001083,8464,ISSUED_CARD,card_last4,CUST_PREMIUM_001083
l.brown@orchardmail.com,ck_402a9fffc6,SESSION_COOKIE,cookie,CUST_PREMIUM_001083
l.brown@orchardmail.com,dev_6769ea261e,AUTHENTICATED_DEVICE,device_id,CUST_PREMIUM_001083
CUST_PREMIUM_001084,roy.elena@summitmail.net,PRIMARY_EMAIL,email,CUST_PREMIUM_001084
CUST_PREMIUM_001084,+1 (646) 581-8277,PRIMARY_PHONE,phone,CUST_PREMIUM_001084
CUST_PREMIUM_001084,4873,ISSUED_CARD,card_last4,CUST_PREMIUM_001084
roy.elena@summitmail.net,ck_116c4a58d7,SESSION_COOKIE,cookie,CUST_PREMIUM_001084
roy.elena@summitmail.net,dev_4922c4f05c,AUTHENTICATED_DEVICE,device_id,CUST_PREMIUM_001084
CUST_PREMIUM_001085,grace.harris@capital-demo.org,PRIMARY_EMAIL,email,CUST_PREMIUM_001085
CUST_PREMIUM_001085,+1 (202) 607-6196,PRIMARY_PHONE,phone,CUST_PREMIUM_001085
CUST_PREMIUM_001085,1245,ISSUED_CARD,card_last4,CUST_PREMIUM_001085
grace.harris@capital-demo.org,ck_291c69d986,SESSION_COOKIE,cookie,CUST_PREMIUM_001085
grace.harris@capital-demo.org,ck_d2c1f92a5c,SESSION_COOKIE,cookie,CUST_PREMIUM_001085
grace.harris@capital-demo.org,ck_38b1b1191d,SESSION_COOKIE,cookie,CUST_PREMIUM_001085
grace.harris@capital-demo.org,dev_26567c2aa4,AUTHENTICATED_DEVICE,device_id,CUST_PREMIUM_001085
CUST_PREMIUM_001086,reithompson@example.com,PRIMARY_EMAIL,email,CUST_PREMIUM_001086
CUST_PREMIUM_001086,+1 (214) 589-4115,PRIMARY_PHONE,phone,CUST_PREMIUM_001086
CUST_PREMIUM_001086,4617,ISSUED_CARD,card_last4,CUST_PREMIUM_001086
reithompson@example.com,ck_fa6fc48a8d,SESSION_COOKIE,cookie,CUST_PREMIUM_001086
reithompson@example.com,ck_e748c3ba26,SESSION_COOKIE,cookie,CUST_PREMIUM_001086
reithompson@example.com,dev_a39ca406d9,AUTHENTICATED_DEVICE,device_id,CUST_PREMIUM_001086
CUST_PREMIUM_001087,sara.reed@vectorlabs.co,PRIMARY_EMAIL,email,CUST_PREMIUM_001087
CUST_PREMIUM_001087,+1 (212) 582-2034,PRIMARY_PHONE,phone,CUST_PREMIUM_001087
CUST_PREMIUM_001087,4132,ISSUED_CARD,card_last4,CUST_PREMIUM_001087
sara.reed@vectorlabs.co,ck_b719c615a7,SESSION_COOKIE,cookie,CUST_PREMIUM_001087
sara.reed@vectorlabs.co,dev_5c8aa376e7,AUTHENTICATED_DEVICE,device_id,CUST_PREMIUM_001087
CUST_PREMIUM_001088,lopez.dev@example.com,PRIMARY_EMAIL,email,CUST_PREMIUM_001088
CUST_PREMIUM_001088,+1 (212) 619-9953,PRIMARY_PHONE,phone,CUST_PREMIUM_001088
CUST_PREMIUM_001088,0146,ISSUED_CARD,card_last4,CUST_PREMIUM_001088
lopez.dev@example.com,ck_2735846e7b,SESSION_COOKIE,cookie,CUST_PREMIUM_001088
lopez.dev@example.com,ck_f653167c86,SESSION_COOKIE,cookie,CUST_PREMIUM_001088
lopez.dev@example.com,dev_3b7b586af3,AUTHENTICATED_DEVICE,device_id,CUST_PREMIUM_001088
lopez.dev@example.com,dev_00830508e0,AUTHENTICATED_DEVICE,device_id,CUST_PREMIUM_001088
CUST_PREMIUM_001089,moore.elias@example.com,PRIMARY_EMAIL,email,CUST_PREMIUM_001089
CUST_PREMIUM_001089,+1 (617) 733-7872,PRIMARY_PHONE,phone,CUST_PREMIUM_001089
CUST_PREMIUM_001089,5961,ISSUED_CARD,card_last4,CUST_PREMIUM_001089
moore.elias@example.com,ck_f529bc0d2b,SESSION_COOKIE,cookie,CUST_PREMIUM_001089
moore.elias@example.com,dev_afc087f9ca,AUTHENTICATED_DEVICE,device_id,CUST_PREMIUM_001089
CUST_PREMIUM_001090,rodriguez.amelia@orchardmail.com,PRIMARY_EMAIL,email,CUST_PREMIUM_001090
CUST_PREMIUM_001090,+1 (310) 704-5791,PRIMARY_PHONE,phone,CUST_PREMIUM_001090
CUST_PREMIUM_001090,4082,ISSUED_CARD,card_last4,CUST_PREMIUM_001090
rodriguez.amelia@orchardmail.com,ck_ee5c05a2ce,SESSION_COOKIE,cookie,CUST_PREMIUM_001090
rodriguez.amelia@orchardmail.com,ck_0e6d9382bc,SESSION_COOKIE,cookie,CUST_PREMIUM_001090
rodriguez.amelia@orchardmail.com,dev_5bea6ef1bf,AUTHENTICATED_DEVICE,device_id,CUST_PREMIUM_001090
rodriguez.amelia@orchardmail.com,dev_8e5b9afce8,AUTHENTICATED_DEVICE,device_id,CUST_PREMIUM_001090
rodriguez.amelia@orchardmail.com,dev_shared_a09add667,AUTHENTICATED_DEVICE,device_id,CUST_PREMIUM_001090
CUST_PREMIUM_001091,andre.thomas90@vectorlabs.co,PRIMARY_EMAIL,email,CUST_PREMIUM_001091
CUST_PREMIUM_001091,+1 (202) 829-3710,PRIMARY_PHONE,phone,CUST_PREMIUM_001091
CUST_PREMIUM_001091,0940,ISSUED_CARD,card_last4,CUST_PREMIUM_001091
andre.thomas90@vectorlabs.co,ck_b0bb9036c7,SESSION_COOKIE,cookie,CUST_PREMIUM_001091
andre.thomas90@vectorlabs.co,ck_75cb47c4bb,SESSION_COOKIE,cookie,CUST_PREMIUM_001091
andre.thomas90@vectorlabs.co,ck_ec983888dc,SESSION_COOKIE,cookie,CUST_PREMIUM_001091
andre.thomas90@vectorlabs.co,ck_4042af03ce,SESSION_COOKIE,cookie,CUST_PREMIUM_001091
andre.thomas90@vectorlabs.co,dev_bce8d9727a,AUTHENTICATED_DEVICE,device_id,CUST_PREMIUM_001091
CUST_PREMIUM_001092,meera.thompson91@orchardmail.com,PRIMARY_EMAIL,email,CUST_PREMIUM_001092
CUST_PREMIUM_001092,+1 (415) 800-1629,PRIMARY_PHONE,phone,CUST_PREMIUM_001092
CUST_PREMIUM_001092,8720,ISSUED_CARD,card_last4,CUST_PREMIUM_001092
meera.thompson91@orchardmail.com,ck_ed9eadeedd,SESSION_COOKIE,cookie,CUST_PREMIUM_001092
meera.thompson91@orchardmail.com,ck_8e2da42737,SESSION_COOKIE,cookie,CUST_PREMIUM_001092
meera.thompson91@orchardmail.com,dev_157b4bf660,AUTHENTICATED_DEVICE,device_id,CUST_PREMIUM_001092
CUST_PREMIUM_001093,theosmith@harbor.example,PRIMARY_EMAIL,email,CUST_PREMIUM_001093
CUST_PREMIUM_001093,+1 (469) 269-9548,PRIMARY_PHONE,phone,CUST_PREMIUM_001093
CUST_PREMIUM_001093,9900,ISSUED_CARD,card_last4,CUST_PREMIUM_001093
theosmith@harbor.example,ck_466f7f58a2,SESSION_COOKIE,cookie,CUST_PREMIUM_001093
theosmith@harbor.example,dev_77f8f77331,AUTHENTICATED_DEVICE,device_id,CUST_PREMIUM_001093
theosmith@harbor.example,dev_3177093f89,AUTHENTICATED_DEVICE,device_id,CUST_PREMIUM_001093
CUST_PREMIUM_001094,c.young@bluepeak.co,PRIMARY_EMAIL,email,CUST_PREMIUM_001094
CUST_PREMIUM_001094,+1 (202) 240-7467,PRIMARY_PHONE,phone,CUST_PREMIUM_001094
CUST_PREMIUM_001094,0124,ISSUED_CARD,card_last4,CUST_PREMIUM_001094
c.young@bluepeak.co,ck_c6ebecf970,SESSION_COOKIE,cookie,CUST_PREMIUM_001094
c.young@bluepeak.co,dev_e82d72c90c,AUTHENTICATED_DEVICE,device_id,CUST_PREMIUM_001094
CUST_PREMIUM_001095,isabellawhite@orchardmail.com,PRIMARY_EMAIL,email,CUST_PREMIUM_001095
CUST_PREMIUM_001095,+1 (617) 255-5386,PRIMARY_PHONE,phone,CUST_PREMIUM_001095
CUST_PREMIUM_001095,2349,ISSUED_CARD,card_last4,CUST_PREMIUM_001095
isabellawhite@orchardmail.com,ck_ebdb2ff887,SESSION_COOKIE,cookie,CUST_PREMIUM_001095
isabellawhite@orchardmail.com,dev_a21e3be1ee,AUTHENTICATED_DEVICE,device_id,CUST_PREMIUM_001095
CUST_PREMIUM_001096,a.garcia@summitmail.net,PRIMARY_EMAIL,email,CUST_PREMIUM_001096
CUST_PREMIUM_001096,+1 (310) 226-3305,PRIMARY_PHONE,phone,CUST_PREMIUM_001096
CUST_PREMIUM_001096,2505,ISSUED_CARD,card_last4,CUST_PREMIUM_001096
a.garcia@summitmail.net,ck_a1f078dfa6,SESSION_COOKIE,cookie,CUST_PREMIUM_001096
a.garcia@summitmail.net,ck_fe68ded200,SESSION_COOKIE,cookie,CUST_PREMIUM_001096
a.garcia@summitmail.net,dev_3190b94f95,AUTHENTICATED_DEVICE,device_id,CUST_PREMIUM_001096
CUST_PREMIUM_001097,aishachen@example.com,PRIMARY_EMAIL,email,CUST_PREMIUM_001097
CUST_PREMIUM_001097,+1 (416) 373-1224,PRIMARY_PHONE,phone,CUST_PREMIUM_001097
CUST_PREMIUM_001097,5522,ISSUED_CARD,card_last4,CUST_PREMIUM_001097
aishachen@example.com,ck_c335387e32,SESSION_COOKIE,cookie,CUST_PREMIUM_001097
aishachen@example.com,ck_7824b49b9f,SESSION_COOKIE,cookie,CUST_PREMIUM_001097
aishachen@example.com,dev_6bc8a33108,AUTHENTICATED_DEVICE,device_id,CUST_PREMIUM_001097
aishachen@example.com,dev_shared_34335eed8,AUTHENTICATED_DEVICE,device_id,CUST_PREMIUM_001097
CUST_PREMIUM_001098,priyabrown@harbor.example,PRIMARY_EMAIL,email,CUST_PREMIUM_001098
CUST_PREMIUM_001098,+1 (212) 289-9143,PRIMARY_PHONE,phone,CUST_PREMIUM_001098
CUST_PREMIUM_001098,0904,ISSUED_CARD,card_last4,CUST_PREMIUM_001098
priyabrown@harbor.example,ck_032740dc4f,SESSION_COOKIE,cookie,CUST_PREMIUM_001098
priyabrown@harbor.example,dev_7b51908d14,AUTHENTICATED_DEVICE,device_id,CUST_PREMIUM_001098
CUST_PREMIUM_001099,charlotte.sterling@harbor.example,PRIMARY_EMAIL,email,CUST_PREMIUM_001099
CUST_PREMIUM_001099,+1 (310) 337-7062,PRIMARY_PHONE,phone,CUST_PREMIUM_001099
CUST_PREMIUM_001099,7237,ISSUED_CARD,card_last4,CUST_PREMIUM_001099
charlotte.sterling@harbor.example,ck_5c79ee7873,SESSION_COOKIE,cookie,CUST_PREMIUM_001099
charlotte.sterling@harbor.example,ck_d5bc32ee2f,SESSION_COOKIE,cookie,CUST_PREMIUM_001099
charlotte.sterling@harbor.example,ck_b414222c41,SESSION_COOKIE,cookie,CUST_PREMIUM_001099
charlotte.sterling@harbor.example,dev_8e1b916972,AUTHENTICATED_DEVICE,device_id,CUST_PREMIUM_001099
charlotte.sterling@harbor.example,dev_d8069d34c3,AUTHENTICATED_DEVICE,device_id,CUST_PREMIUM_001099
CUST_PREMIUM_001100,hannah.wright@atlasmail.net,PRIMARY_EMAIL,email,CUST_PREMIUM_001100
CUST_PREMIUM_001100,+1 (310) 374-4981,PRIMARY_PHONE,phone,CUST_PREMIUM_001100
CUST_PREMIUM_001100,1079,ISSUED_CARD,card_last4,CUST_PREMIUM_001100
hannah.wright@atlasmail.net,ck_64c51ab571,SESSION_COOKIE,cookie,CUST_PREMIUM_001100
hannah.wright@atlasmail.net,ck_85d39c1baf,SESSION_COOKIE,cookie,CUST_PREMIUM_001100
hannah.wright@atlasmail.net,ck_3b468785e1,SESSION_COOKIE,cookie,CUST_PREMIUM_001100
hannah.wright@atlasmail.net,dev_20086ed0f6,AUTHENTICATED_DEVICE,device_id,CUST_PREMIUM_001100
hannah.wright@atlasmail.net,dev_shared_efd69d758,AUTHENTICATED_DEVICE,device_id,CUST_PREMIUM_001100
CUST_PREMIUM_001101,yukiroy@capital-demo.org,PRIMARY_EMAIL,email,CUST_PREMIUM_001101
CUST_PREMIUM_001101,+1 (415) 433-2900,PRIMARY_PHONE,phone,CUST_PREMIUM_001101
CUST_PREMIUM_001101,6786,ISSUED_CARD,card_last4,CUST_PREMIUM_001101
yukiroy@capital-demo.org,ck_04018a7909,SESSION_COOKIE,cookie,CUST_PREMIUM_001101
yukiroy@capital-demo.org,dev_3f30c6b623,AUTHENTICATED_DEVICE,device_id,CUST_PREMIUM_001101
CUST_PREMIUM_001102,davidbaker@example.com,PRIMARY_EMAIL,email,CUST_PREMIUM_001102
CUST_PREMIUM_001102,+1 (650) 569-0819,PRIMARY_PHONE,phone,CUST_PREMIUM_001102
CUST_PREMIUM_001102,8677,ISSUED_CARD,card_last4,CUST_PREMIUM_001102
davidbaker@example.com,ck_2c86882871,SESSION_COOKIE,cookie,CUST_PREMIUM_001102
davidbaker@example.com,ck_1e91dac8f2,SESSION_COOKIE,cookie,CUST_PREMIUM_001102
davidbaker@example.com,ck_fc448e7c2c,SESSION_COOKIE,cookie,CUST_PREMIUM_001102
davidbaker@example.com,ck_6ef6e126df,SESSION_COOKIE,cookie,CUST_PREMIUM_001102
davidbaker@example.com,dev_3ad7a8d79f,AUTHENTICATED_DEVICE,device_id,CUST_PREMIUM_001102
CUST_PREMIUM_001103,chloe.vance5@capital-demo.org,PRIMARY_EMAIL,email,CUST_PREMIUM_001103
CUST_PREMIUM_001103,+1 (718) 628-8738,PRIMARY_PHONE,phone,CUST_PREMIUM_001103
CUST_PREMIUM_001103,9760,ISSUED_CARD,card_last4,CUST_PREMIUM_001103
chloe.vance5@capital-demo.org,ck_8c1fc9b26d,SESSION_COOKIE,cookie,CUST_PREMIUM_001103
chloe.vance5@capital-demo.org,dev_08a4989d91,AUTHENTICATED_DEVICE,device_id,CUST_PREMIUM_001103
CUST_PREMIUM_001104,rafaelbrown@atlasmail.net,PRIMARY_EMAIL,email,CUST_PREMIUM_001104
CUST_PREMIUM_001104,+1 (214) 555-6657,PRIMARY_PHONE,phone,CUST_PREMIUM_001104
CUST_PREMIUM_001104,9037,ISSUED_CARD,card_last4,CUST_PREMIUM_001104
rafaelbrown@atlasmail.net,ck_4e97b27839,SESSION_COOKIE,cookie,CUST_PREMIUM_001104
rafaelbrown@atlasmail.net,ck_a431ad4c7a,SESSION_COOKIE,cookie,CUST_PREMIUM_001104
rafaelbrown@atlasmail.net,ck_79604de7ba,SESSION_COOKIE,cookie,CUST_PREMIUM_001104
rafaelbrown@atlasmail.net,dev_c713158dac,AUTHENTICATED_DEVICE,device_id,CUST_PREMIUM_001104
CUST_PREMIUM_001105,charlotte.lee@atlasmail.net,PRIMARY_EMAIL,email,CUST_PREMIUM_001105
CUST_PREMIUM_001105,+1 (312) 570-4576,PRIMARY_PHONE,phone,CUST_PREMIUM_001105
CUST_PREMIUM_001105,8053,ISSUED_CARD,card_last4,CUST_PREMIUM_001105
charlotte.lee@atlasmail.net,ck_8efbf32fe8,SESSION_COOKIE,cookie,CUST_PREMIUM_001105
charlotte.lee@atlasmail.net,dev_21fa6d9bbe,AUTHENTICATED_DEVICE,device_id,CUST_PREMIUM_001105
CUST_PREMIUM_001106,hiro.thomas8@atlasmail.net,PRIMARY_EMAIL,email,CUST_PREMIUM_001106
CUST_PREMIUM_001106,+1 (212) 585-2495,PRIMARY_PHONE,phone,CUST_PREMIUM_001106
CUST_PREMIUM_001106,5771,ISSUED_CARD,card_last4,CUST_PREMIUM_001106
hiro.thomas8@atlasmail.net,ck_6c389d6a16,SESSION_COOKIE,cookie,CUST_PREMIUM_001106
hiro.thomas8@atlasmail.net,ck_c1e5ca0546,SESSION_COOKIE,cookie,CUST_PREMIUM_001106
hiro.thomas8@atlasmail.net,ck_cfb81cb567,SESSION_COOKIE,cookie,CUST_PREMIUM_001106
hiro.thomas8@atlasmail.net,dev_0c4cd2a8fa,AUTHENTICATED_DEVICE,device_id,CUST_PREMIUM_001106
hiro.thomas8@atlasmail.net,dev_b24e544e9a,AUTHENTICATED_DEVICE,device_id,CUST_PREMIUM_001106
hiro.thomas8@atlasmail.net,dev_shared_262547b98,AUTHENTICATED_DEVICE,device_id,CUST_PREMIUM_001106
CUST_PREMIUM_001107,olivia.garcia@vectorlabs.co,PRIMARY_EMAIL,email,CUST_PREMIUM_001107
CUST_PREMIUM_001107,+1 (202) 721-0414,PRIMARY_PHONE,phone,CUST_PREMIUM_001107
CUST_PREMIUM_001107,6190,ISSUED_CARD,card_last4,CUST_PREMIUM_001107
olivia.garcia@vectorlabs.co,ck_2a49665e30,SESSION_COOKIE,cookie,CUST_PREMIUM_001107
olivia.garcia@vectorlabs.co,dev_2c2e6aa90f,AUTHENTICATED_DEVICE,device_id,CUST_PREMIUM_001107
CUST_PREMIUM_001108,ito.aditi@vectorlabs.co,PRIMARY_EMAIL,email,CUST_PREMIUM_001108
CUST_PREMIUM_001108,+1 (617) 736-8333,PRIMARY_PHONE,phone,CUST_PREMIUM_001108
CUST_PREMIUM_001108,1553,ISSUED_CARD,card_last4,CUST_PREMIUM_001108
ito.aditi@vectorlabs.co,ck_8b6776bfea,SESSION_COOKIE,cookie,CUST_PREMIUM_001108
ito.aditi@vectorlabs.co,ck_f908c7c643,SESSION_COOKIE,cookie,CUST_PREMIUM_001108
ito.aditi@vectorlabs.co,dev_572a8236a5,AUTHENTICATED_DEVICE,device_id,CUST_PREMIUM_001108
CUST_PREMIUM_001109,hannah.patel11@bluepeak.co,PRIMARY_EMAIL,email,CUST_PREMIUM_001109
CUST_PREMIUM_001109,+1 (212) 696-6252,PRIMARY_PHONE,phone,CUST_PREMIUM_001109
CUST_PREMIUM_001109,6285,ISSUED_CARD,card_last4,CUST_PREMIUM_001109
hannah.patel11@bluepeak.co,ck_2be3241f2d,SESSION_COOKIE,cookie,CUST_PREMIUM_001109
hannah.patel11@bluepeak.co,ck_a63e886457,SESSION_COOKIE,cookie,CUST_PREMIUM_001109
hannah.patel11@bluepeak.co,ck_46424085fd,SESSION_COOKIE,cookie,CUST_PREMIUM_001109
hannah.patel11@bluepeak.co,dev_10e3defba2,AUTHENTICATED_DEVICE,device_id,CUST_PREMIUM_001109
CUST_PREMIUM_001110,ibrahimfernandez@harbor.example,PRIMARY_EMAIL,email,CUST_PREMIUM_001110
CUST_PREMIUM_001110,+1 (646) 843-4171,PRIMARY_PHONE,phone,CUST_PREMIUM_001110
CUST_PREMIUM_001110,2769,ISSUED_CARD,card_last4,CUST_PREMIUM_001110
ibrahimfernandez@harbor.example,ck_a499c1c47d,SESSION_COOKIE,cookie,CUST_PREMIUM_001110
ibrahimfernandez@harbor.example,ck_a6adfb783e,SESSION_COOKIE,cookie,CUST_PREMIUM_001110
ibrahimfernandez@harbor.example,dev_7b1ea40c12,AUTHENTICATED_DEVICE,device_id,CUST_PREMIUM_001110
ibrahimfernandez@harbor.example,dev_d8985b4c21,AUTHENTICATED_DEVICE,device_id,CUST_PREMIUM_001110
CUST_PREMIUM_001111,rafael.nakamura@harbor.example,PRIMARY_EMAIL,email,CUST_PREMIUM_001111
CUST_PREMIUM_001111,+1 (312) 792-2090,PRIMARY_PHONE,phone,CUST_PREMIUM_001111
CUST_PREMIUM_001111,3161,ISSUED_CARD,card_last4,CUST_PREMIUM_001111
rafael.nakamura@harbor.example,ck_9df45639bf,SESSION_COOKIE,cookie,CUST_PREMIUM_001111
rafael.nakamura@harbor.example,ck_4d66f8f3b1,SESSION_COOKIE,cookie,CUST_PREMIUM_001111
rafael.nakamura@harbor.example,dev_37fe43c1b0,AUTHENTICATED_DEVICE,device_id,CUST_PREMIUM_001111
CUST_PREMIUM_001112,meera.sato@summitmail.net,PRIMARY_EMAIL,email,CUST_PREMIUM_001112
CUST_PREMIUM_001112,+1 (310) 818-0009,PRIMARY_PHONE,phone,CUST_PREMIUM_001112
CUST_PREMIUM_001112,5291,ISSUED_CARD,card_last4,CUST_PREMIUM_001112
meera.sato@summitmail.net,ck_5149e935b7,SESSION_COOKIE,cookie,CUST_PREMIUM_001112
meera.sato@summitmail.net,dev_3d3b57598d,AUTHENTICATED_DEVICE,device_id,CUST_PREMIUM_001112
CUST_PREMIUM_001113,kai.martin15@harbor.example,PRIMARY_EMAIL,email,CUST_PREMIUM_001113
CUST_PREMIUM_001113,+1 (214) 888-7928,PRIMARY_PHONE,phone,CUST_PREMIUM_001113
CUST_PREMIUM_001113,5963,ISSUED_CARD,card_last4,CUST_PREMIUM_001113
kai.martin15@harbor.example,ck_cb6afd1322,SESSION_COOKIE,cookie,CUST_PREMIUM_001113
kai.martin15@harbor.example,ck_b744a7d06b,SESSION_COOKIE,cookie,CUST_PREMIUM_001113
kai.martin15@harbor.example,dev_2d3f0ba4a3,AUTHENTICATED_DEVICE,device_id,CUST_PREMIUM_001113
kai.martin15@harbor.example,dev_shared_6a7b1d417,AUTHENTICATED_DEVICE,device_id,CUST_PREMIUM_001113
CUST_PREMIUM_001114,m.kumar@example.com,PRIMARY_EMAIL,email,CUST_PREMIUM_001114
CUST_PREMIUM_001114,+1 (310) 892-5847,PRIMARY_PHONE,phone,CUST_PREMIUM_001114
CUST_PREMIUM_001114,8202,ISSUED_CARD,card_last4,CUST_PREMIUM_001114
m.kumar@example.com,ck_88fda19c4e,SESSION_COOKIE,cookie,CUST_PREMIUM_001114
m.kumar@example.com,ck_72d749a84c,SESSION_COOKIE,cookie,CUST_PREMIUM_001114
m.kumar@example.com,ck_2724dd71d2,SESSION_COOKIE,cookie,CUST_PREMIUM_001114
m.kumar@example.com,dev_80efeba361,AUTHENTICATED_DEVICE,device_id,CUST_PREMIUM_001114
CUST_PREMIUM_001115,adrian.patel17@bluepeak.co,PRIMARY_EMAIL,email,CUST_PREMIUM_001115
CUST_PREMIUM_001115,+1 (415) 251-3766,PRIMARY_PHONE,phone,CUST_PREMIUM_001115
CUST_PREMIUM_001115,9875,ISSUED_CARD,card_last4,CUST_PREMIUM_001115
adrian.patel17@bluepeak.co,ck_98e7b0d535,SESSION_COOKIE,cookie,CUST_PREMIUM_001115
adrian.patel17@bluepeak.co,ck_0a4e1ea98c,SESSION_COOKIE,cookie,CUST_PREMIUM_001115
adrian.patel17@bluepeak.co,dev_3bb33eb10f,AUTHENTICATED_DEVICE,device_id,CUST_PREMIUM_001115
CUST_PREMIUM_001116,naomicooper@summitmail.net,PRIMARY_EMAIL,email,CUST_PREMIUM_001116
CUST_PREMIUM_001116,+1 (305) 310-1685,PRIMARY_PHONE,phone,CUST_PREMIUM_001116
CUST_PREMIUM_001116,6438,ISSUED_CARD,card_last4,CUST_PREMIUM_001116
naomicooper@summitmail.net,ck_4af28e5e44,SESSION_COOKIE,cookie,CUST_PREMIUM_001116
naomicooper@summitmail.net,ck_72bb36d8cc,SESSION_COOKIE,cookie,CUST_PREMIUM_001116
naomicooper@summitmail.net,dev_6a2737d677,AUTHENTICATED_DEVICE,device_id,CUST_PREMIUM_001116
CUST_PREMIUM_001117,soraito@northstar.org,PRIMARY_EMAIL,email,CUST_PREMIUM_001117
CUST_PREMIUM_001117,+1 (310) 303-9604,PRIMARY_PHONE,phone,CUST_PREMIUM_001117
CUST_PREMIUM_001117,4509,ISSUED_CARD,card_last4,CUST_PREMIUM_001117
soraito@northstar.org,ck_d8ecba5896,SESSION_COOKIE,cookie,CUST_PREMIUM_001117
soraito@northstar.org,dev_d06601fe18,AUTHENTICATED_DEVICE,device_id,CUST_PREMIUM_001117
CUST_PREMIUM_001118,nathanlopez@summitmail.net,PRIMARY_EMAIL,email,CUST_PREMIUM_001118
CUST_PREMIUM_001118,+1 (212) 329-7523,PRIMARY_PHONE,phone,CUST_PREMIUM_001118
CUST_PREMIUM_001118,7951,ISSUED_CARD,card_last4,CUST_PREMIUM_001118
nathanlopez@summitmail.net,ck_48c62ae152,SESSION_COOKIE,cookie,CUST_PREMIUM_001118
nathanlopez@summitmail.net,dev_7ba33a828e,AUTHENTICATED_DEVICE,device_id,CUST_PREMIUM_001118
nathanlopez@summitmail.net,dev_shared_57bfd84f1,AUTHENTICATED_DEVICE,device_id,CUST_PREMIUM_001118
CUST_PREMIUM_001119,camila.lewis@atlasmail.net,PRIMARY_EMAIL,email,CUST_PREMIUM_001119
CUST_PREMIUM_001119,+1 (305) 421-5442,PRIMARY_PHONE,phone,CUST_PREMIUM_001119
CUST_PREMIUM_001119,4798,ISSUED_CARD,card_last4,CUST_PREMIUM_001119
camila.lewis@atlasmail.net,ck_6b6540e515,SESSION_COOKIE,cookie,CUST_PREMIUM_001119
camila.lewis@atlasmail.net,dev_132e2f9db1,AUTHENTICATED_DEVICE,device_id,CUST_PREMIUM_001119
CUST_PREMIUM_001120,jamesperez@capital-demo.org,PRIMARY_EMAIL,email,CUST_PREMIUM_001120
CUST_PREMIUM_001120,+1 (404) 491-3361,PRIMARY_PHONE,phone,CUST_PREMIUM_001120
CUST_PREMIUM_001120,9094,ISSUED_CARD,card_last4,CUST_PREMIUM_001120
jamesperez@capital-demo.org,ck_49b6e11568,SESSION_COOKIE,cookie,CUST_PREMIUM_001120
jamesperez@capital-demo.org,dev_67930d3301,AUTHENTICATED_DEVICE,device_id,CUST_PREMIUM_001120
CUST_PREMIUM_001121,kabir.evans@vectorlabs.co,PRIMARY_EMAIL,email,CUST_PREMIUM_001121
CUST_PREMIUM_001121,+1 (312) 462-1280,PRIMARY_PHONE,phone,CUST_PREMIUM_001121
CUST_PREMIUM_001121,1170,ISSUED_CARD,card_last4,CUST_PREMIUM_001121
kabir.evans@vectorlabs.co,ck_48b12977b9,SESSION_COOKIE,cookie,CUST_PREMIUM_001121
kabir.evans@vectorlabs.co,ck_47aaa419a1,SESSION_COOKIE,cookie,CUST_PREMIUM_001121
kabir.evans@vectorlabs.co,ck_b010072419,SESSION_COOKIE,cookie,CUST_PREMIUM_001121
kabir.evans@vectorlabs.co,ck_4eeda065e0,SESSION_COOKIE,cookie,CUST_PREMIUM_001121
kabir.evans@vectorlabs.co,dev_791fc4aaa9,AUTHENTICATED_DEVICE,device_id,CUST_PREMIUM_001121
kabir.evans@vectorlabs.co,dev_shared_e4580289f,AUTHENTICATED_DEVICE,device_id,CUST_PREMIUM_001121
CUST_PREMIUM_001122,jackson.aisha@vectorlabs.co,PRIMARY_EMAIL,email,CUST_PREMIUM_001122
CUST_PREMIUM_001122,+1 (202) 576-9199,PRIMARY_PHONE,phone,CUST_PREMIUM_001122
CUST_PREMIUM_001122,4797,ISSUED_CARD,card_last4,CUST_PREMIUM_001122
jackson.aisha@vectorlabs.co,ck_f652991686,SESSION_COOKIE,cookie,CUST_PREMIUM_001122
jackson.aisha@vectorlabs.co,dev_7d47d2743a,AUTHENTICATED_DEVICE,device_id,CUST_PREMIUM_001122
CUST_PREMIUM_001123,aditi.ahmed@northstar.org,PRIMARY_EMAIL,email,CUST_PREMIUM_001123
CUST_PREMIUM_001123,+1 (415) 547-7118,PRIMARY_PHONE,phone,CUST_PREMIUM_001123
CUST_PREMIUM_001123,9237,ISSUED_CARD,card_last4,CUST_PREMIUM_001123
aditi.ahmed@northstar.org,ck_e802dba3d7,SESSION_COOKIE,cookie,CUST_PREMIUM_001123
aditi.ahmed@northstar.org,ck_facefb3667,SESSION_COOKIE,cookie,CUST_PREMIUM_001123
aditi.ahmed@northstar.org,ck_c4152ba478,SESSION_COOKIE,cookie,CUST_PREMIUM_001123
aditi.ahmed@northstar.org,dev_47072634a3,AUTHENTICATED_DEVICE,device_id,CUST_PREMIUM_001123
aditi.ahmed@northstar.org,dev_shared_2421bb398,AUTHENTICATED_DEVICE,device_id,CUST_PREMIUM_001123
CUST_PREMIUM_001124,noah.shah26@vectorlabs.co,PRIMARY_EMAIL,email,CUST_PREMIUM_001124
CUST_PREMIUM_001124,+1 (214) 595-5037,PRIMARY_PHONE,phone,CUST_PREMIUM_001124
CUST_PREMIUM_001124,5154,ISSUED_CARD,card_last4,CUST_PREMIUM_001124
noah.shah26@vectorlabs.co,ck_7881f3cb44,SESSION_COOKIE,cookie,CUST_PREMIUM_001124
noah.shah26@vectorlabs.co,ck_27f13f7026,SESSION_COOKIE,cookie,CUST_PREMIUM_001124
noah.shah26@vectorlabs.co,ck_d985d77e81,SESSION_COOKIE,cookie,CUST_PREMIUM_001124
noah.shah26@vectorlabs.co,dev_8520b340c6,AUTHENTICATED_DEVICE,device_id,CUST_PREMIUM_001124
CUST_PREMIUM_001125,naomi.fernandez27@bluepeak.co,PRIMARY_EMAIL,email,CUST_PREMIUM_001125
CUST_PREMIUM_001125,+1 (206) 654-2956,PRIMARY_PHONE,phone,CUST_PREMIUM_001125
CUST_PREMIUM_001125,9972,ISSUED_CARD,card_last4,CUST_PREMIUM_001125
naomi.fernandez27@bluepeak.co,ck_4a9ad67e19,SESSION_COOKIE,cookie,CUST_PREMIUM_001125
naomi.fernandez27@bluepeak.co,dev_410431ed35,AUTHENTICATED_DEVICE,device_id,CUST_PREMIUM_001125
CUST_PREMIUM_001126,alejandro.harris@northstar.org,PRIMARY_EMAIL,email,CUST_PREMIUM_001126
CUST_PREMIUM_001126,+1 (650) 757-0875,PRIMARY_PHONE,phone,CUST_PREMIUM_001126
CUST_PREMIUM_001126,6219,ISSUED_CARD,card_last4,CUST_PREMIUM_001126
alejandro.harris@northstar.org,ck_2def508e01,SESSION_COOKIE,cookie,CUST_PREMIUM_001126
alejandro.harris@northstar.org,ck_02cf8167e8,SESSION_COOKIE,cookie,CUST_PREMIUM_001126
alejandro.harris@northstar.org,dev_7c91f1e916,AUTHENTICATED_DEVICE,device_id,CUST_PREMIUM_001126
CUST_PREMIUM_001127,a.kumar@orchardmail.com,PRIMARY_EMAIL,email,CUST_PREMIUM_001127
CUST_PREMIUM_001127,+1 (312) 684-8794,PRIMARY_PHONE,phone,CUST_PREMIUM_001127
CUST_PREMIUM_001127,3110,ISSUED_CARD,card_last4,CUST_PREMIUM_001127
a.kumar@orchardmail.com,ck_78f0894cff,SESSION_COOKIE,cookie,CUST_PREMIUM_001127
a.kumar@orchardmail.com,dev_88fac65153,AUTHENTICATED_DEVICE,device_id,CUST_PREMIUM_001127
CUST_PREMIUM_001128,ahmed.hiro@harbor.example,PRIMARY_EMAIL,email,CUST_PREMIUM_001128
CUST_PREMIUM_001128,+1 (310) 710-6713,PRIMARY_PHONE,phone,CUST_PREMIUM_001128
CUST_PREMIUM_001128,5746,ISSUED_CARD,card_last4,CUST_PREMIUM_001128
ahmed.hiro@harbor.example,ck_8e4951a3dc,SESSION_COOKIE,cookie,CUST_PREMIUM_001128
ahmed.hiro@harbor.example,ck_f525921821,SESSION_COOKIE,cookie,CUST_PREMIUM_001128
ahmed.hiro@harbor.example,ck_1599027964,SESSION_COOKIE,cookie,CUST_PREMIUM_001128
ahmed.hiro@harbor.example,dev_c0eeff7a07,AUTHENTICATED_DEVICE,device_id,CUST_PREMIUM_001128
CUST_PREMIUM_001129,kabirwalker@orchardmail.com,PRIMARY_EMAIL,email,CUST_PREMIUM_001129
CUST_PREMIUM_001129,+1 (415) 769-4632,PRIMARY_PHONE,phone,CUST_PREMIUM_001129
CUST_PREMIUM_001129,8950,ISSUED_CARD,card_last4,CUST_PREMIUM_001129
kabirwalker@orchardmail.com,ck_8ead118acf,SESSION_COOKIE,cookie,CUST_PREMIUM_001129
kabirwalker@orchardmail.com,ck_3661c8c5e4,SESSION_COOKIE,cookie,CUST_PREMIUM_001129
kabirwalker@orchardmail.com,ck_422f3f797a,SESSION_COOKIE,cookie,CUST_PREMIUM_001129
kabirwalker@orchardmail.com,dev_e3cf50f95a,AUTHENTICATED_DEVICE,device_id,CUST_PREMIUM_001129
kabirwalker@orchardmail.com,dev_b89d22ef09,AUTHENTICATED_DEVICE,device_id,CUST_PREMIUM_001129
CUST_PREMIUM_001130,meeraroy@orchardmail.com,PRIMARY_EMAIL,email,CUST_PREMIUM_001130
CUST_PREMIUM_001130,+1 (650) 205-2551,PRIMARY_PHONE,phone,CUST_PREMIUM_001130
CUST_PREMIUM_001130,0949,ISSUED_CARD,card_last4,CUST_PREMIUM_001130
meeraroy@orchardmail.com,ck_3e178e8c94,SESSION_COOKIE,cookie,CUST_PREMIUM_001130
meeraroy@orchardmail.com,dev_da6d6c7896,AUTHENTICATED_DEVICE,device_id,CUST_PREMIUM_001130
CUST_PREMIUM_001131,ameliafernandez@harbor.example,PRIMARY_EMAIL,email,CUST_PREMIUM_001131
CUST_PREMIUM_001131,+1 (212) 810-0470,PRIMARY_PHONE,phone,CUST_PREMIUM_001131
CUST_PREMIUM_001131,2891,ISSUED_CARD,card_last4,CUST_PREMIUM_001131
ameliafernandez@harbor.example,ck_41aa76248c,SESSION_COOKIE,cookie,CUST_PREMIUM_001131
ameliafernandez@harbor.example,ck_3792077644,SESSION_COOKIE,cookie,CUST_PREMIUM_001131
ameliafernandez@harbor.example,dev_51f1dceba1,AUTHENTICATED_DEVICE,device_id,CUST_PREMIUM_001131
CUST_PREMIUM_001132,kabirlopez@orchardmail.com,PRIMARY_EMAIL,email,CUST_PREMIUM_001132
CUST_PREMIUM_001132,+1 (305) 202-8389,PRIMARY_PHONE,phone,CUST_PREMIUM_001132
CUST_PREMIUM_001132,4666,ISSUED_CARD,card_last4,CUST_PREMIUM_001132
kabirlopez@orchardmail.com,ck_14be98361a,SESSION_COOKIE,cookie,CUST_PREMIUM_001132
kabirlopez@orchardmail.com,dev_a956911dfd,AUTHENTICATED_DEVICE,device_id,CUST_PREMIUM_001132
CUST_PREMIUM_001133,sterling.dev@example.com,PRIMARY_EMAIL,email,CUST_PREMIUM_001133
CUST_PREMIUM_001133,+1 (415) 217-6308,PRIMARY_PHONE,phone,CUST_PREMIUM_001133
CUST_PREMIUM_001133,7608,ISSUED_CARD,card_last4,CUST_PREMIUM_001133
sterling.dev@example.com,ck_8179a37b66,SESSION_COOKIE,cookie,CUST_PREMIUM_001133
sterling.dev@example.com,dev_ae5581a42e,AUTHENTICATED_DEVICE,device_id,CUST_PREMIUM_001133
sterling.dev@example.com,dev_shared_bcdb933db,AUTHENTICATED_DEVICE,device_id,CUST_PREMIUM_001133
CUST_PREMIUM_001134,amelia.perez36@example.com,PRIMARY_EMAIL,email,CUST_PREMIUM_001134
CUST_PREMIUM_001134,+1 (212) 221-4227,PRIMARY_PHONE,phone,CUST_PREMIUM_001134
CUST_PREMIUM_001134,5525,ISSUED_CARD,card_last4,CUST_PREMIUM_001134
amelia.perez36@example.com,ck_19968cb026,SESSION_COOKIE,cookie,CUST_PREMIUM_001134
amelia.perez36@example.com,ck_09eaaba9cd,SESSION_COOKIE,cookie,CUST_PREMIUM_001134
amelia.perez36@example.com,ck_b949466b7b,SESSION_COOKIE,cookie,CUST_PREMIUM_001134
amelia.perez36@example.com,dev_95363c31fa,AUTHENTICATED_DEVICE,device_id,CUST_PREMIUM_001134
amelia.perez36@example.com,dev_80c04fbf63,AUTHENTICATED_DEVICE,device_id,CUST_PREMIUM_001134
CUST_PREMIUM_001135,a.brown@vectorlabs.co,PRIMARY_EMAIL,email,CUST_PREMIUM_001135
CUST_PREMIUM_001135,+1 (310) 269-2146,PRIMARY_PHONE,phone,CUST_PREMIUM_001135
CUST_PREMIUM_001135,8101,ISSUED_CARD,card_last4,CUST_PREMIUM_001135
a.brown@vectorlabs.co,ck_5e3792b8ae,SESSION_COOKIE,cookie,CUST_PREMIUM_001135
a.brown@vectorlabs.co,dev_4d2915dd35,AUTHENTICATED_DEVICE,device_id,CUST_PREMIUM_001135
a.brown@vectorlabs.co,dev_f9c1372a47,AUTHENTICATED_DEVICE,device_id,CUST_PREMIUM_001135
CUST_PREMIUM_001136,riya.thompson@example.com,PRIMARY_EMAIL,email,CUST_PREMIUM_001136
CUST_PREMIUM_001136,+1 (415) 328-0065,PRIMARY_PHONE,phone,CUST_PREMIUM_001136
CUST_PREMIUM_001136,3472,ISSUED_CARD,card_last4,CUST_PREMIUM_001136
riya.thompson@example.com,ck_1fa2ee96c4,SESSION_COOKIE,cookie,CUST_PREMIUM_001136
riya.thompson@example.com,dev_3cf38b4684,AUTHENTICATED_DEVICE,device_id,CUST_PREMIUM_001136
CUST_PREMIUM_001137,gabrielgupta@northstar.org,PRIMARY_EMAIL,email,CUST_PREMIUM_001137
CUST_PREMIUM_001137,+1 (310) 343-7984,PRIMARY_PHONE,phone,CUST_PREMIUM_001137
CUST_PREMIUM_001137,0576,ISSUED_CARD,card_last4,CUST_PREMIUM_001137
gabrielgupta@northstar.org,ck_624981e628,SESSION_COOKIE,cookie,CUST_PREMIUM_001137
gabrielgupta@northstar.org,ck_b39e168463,SESSION_COOKIE,cookie,CUST_PREMIUM_001137
gabrielgupta@northstar.org,dev_34ed497f40,AUTHENTICATED_DEVICE,device_id,CUST_PREMIUM_001137
gabrielgupta@northstar.org,dev_shared_690a81339,AUTHENTICATED_DEVICE,device_id,CUST_PREMIUM_001137
CUST_PREMIUM_001138,andrehernandez@vectorlabs.co,PRIMARY_EMAIL,email,CUST_PREMIUM_001138
CUST_PREMIUM_001138,+1 (917) 512-5903,PRIMARY_PHONE,phone,CUST_PREMIUM_001138
CUST_PREMIUM_001138,8877,ISSUED_CARD,card_last4,CUST_PREMIUM_001138
andrehernandez@vectorlabs.co,ck_844afb5bc2,SESSION_COOKIE,cookie,CUST_PREMIUM_001138
andrehernandez@vectorlabs.co,dev_9b78e0aa8d,AUTHENTICATED_DEVICE,device_id,CUST_PREMIUM_001138
CUST_PREMIUM_001139,banerjee.leo@northstar.org,PRIMARY_EMAIL,email,CUST_PREMIUM_001139
CUST_PREMIUM_001139,+1 (415) 439-3822,PRIMARY_PHONE,phone,CUST_PREMIUM_001139
CUST_PREMIUM_001139,1834,ISSUED_CARD,card_last4,CUST_PREMIUM_001139
banerjee.leo@northstar.org,ck_57cbaf1252,SESSION_COOKIE,cookie,CUST_PREMIUM_001139
banerjee.leo@northstar.org,dev_2831657b65,AUTHENTICATED_DEVICE,device_id,CUST_PREMIUM_001139
CUST_PREMIUM_001140,singh.meera@orchardmail.com,PRIMARY_EMAIL,email,CUST_PREMIUM_001140
CUST_PREMIUM_001140,+1 (212) 443-1741,PRIMARY_PHONE,phone,CUST_PREMIUM_001140
CUST_PREMIUM_001140,0169,ISSUED_CARD,card_last4,CUST_PREMIUM_001140
singh.meera@orchardmail.com,ck_bbefeec93f,SESSION_COOKIE,cookie,CUST_PREMIUM_001140
singh.meera@orchardmail.com,dev_2f974c4178,AUTHENTICATED_DEVICE,device_id,CUST_PREMIUM_001140
CUST_PREMIUM_001141,elena.roy@capital-demo.org,PRIMARY_EMAIL,email,CUST_PREMIUM_001141
CUST_PREMIUM_001141,+1 (718) 634-9660,PRIMARY_PHONE,phone,CUST_PREMIUM_001141
CUST_PREMIUM_001141,8848,ISSUED_CARD,card_last4,CUST_PREMIUM_001141
elena.roy@capital-demo.org,ck_1957b0da3a,SESSION_COOKIE,cookie,CUST_PREMIUM_001141
elena.roy@capital-demo.org,ck_a2079eb403,SESSION_COOKIE,cookie,CUST_PREMIUM_001141
elena.roy@capital-demo.org,ck_2368b7d558,SESSION_COOKIE,cookie,CUST_PREMIUM_001141
elena.roy@capital-demo.org,dev_b5bf62855f,AUTHENTICATED_DEVICE,device_id,CUST_PREMIUM_001141
CUST_PREMIUM_001142,hiro.cooper44@atlasmail.net,PRIMARY_EMAIL,email,CUST_PREMIUM_001142
CUST_PREMIUM_001142,+1 (312) 539-7579,PRIMARY_PHONE,phone,CUST_PREMIUM_001142
CUST_PREMIUM_001142,8971,ISSUED_CARD,card_last4,CUST_PREMIUM_001142
hiro.cooper44@atlasmail.net,ck_ba4e80a88b,SESSION_COOKIE,cookie,CUST_PREMIUM_001142
hiro.cooper44@atlasmail.net,dev_e1f18e6115,AUTHENTICATED_DEVICE,device_id,CUST_PREMIUM_001142
hiro.cooper44@atlasmail.net,dev_81726468d5,AUTHENTICATED_DEVICE,device_id,CUST_PREMIUM_001142
CUST_PREMIUM_001143,meeraadams@atlasmail.net,PRIMARY_EMAIL,email,CUST_PREMIUM_001143
CUST_PREMIUM_001143,+1 (310) 565-5498,PRIMARY_PHONE,phone,CUST_PREMIUM_001143
CUST_PREMIUM_001143,6934,ISSUED_CARD,card_last4,CUST_PREMIUM_001143
meeraadams@atlasmail.net,ck_2d5a63e10d,SESSION_COOKIE,cookie,CUST_PREMIUM_001143
meeraadams@atlasmail.net,dev_48b13d481a,AUTHENTICATED_DEVICE,device_id,CUST_PREMIUM_001143
meeraadams@atlasmail.net,dev_shared_2383424be,AUTHENTICATED_DEVICE,device_id,CUST_PREMIUM_001143
CUST_PREMIUM_001144,miguel.rodriguez@vectorlabs.co,PRIMARY_EMAIL,email,CUST_PREMIUM_001144
CUST_PREMIUM_001144,+1 (214) 635-3417,PRIMARY_PHONE,phone,CUST_PREMIUM_001144
CUST_PREMIUM_001144,2745,ISSUED_CARD,card_last4,CUST_PREMIUM_001144
miguel.rodriguez@vectorlabs.co,ck_ec0bc66146,SESSION_COOKIE,cookie,CUST_PREMIUM_001144
miguel.rodriguez@vectorlabs.co,dev_30d9b72237,AUTHENTICATED_DEVICE,device_id,CUST_PREMIUM_001144
CUST_PREMIUM_001145,meerahall@example.com,PRIMARY_EMAIL,email,CUST_PREMIUM_001145
CUST_PREMIUM_001145,+1 (305) 683-1336,PRIMARY_PHONE,phone,CUST_PREMIUM_001145
CUST_PREMIUM_001145,3918,ISSUED_CARD,card_last4,CUST_PREMIUM_001145
meerahall@example.com,ck_c4c4c0c612,SESSION_COOKIE,cookie,CUST_PREMIUM_001145
meerahall@example.com,dev_04cdd10fa6,AUTHENTICATED_DEVICE,device_id,CUST_PREMIUM_001145
CUST_PREMIUM_001146,i.williams@capital-demo.org,PRIMARY_EMAIL,email,CUST_PREMIUM_001146
CUST_PREMIUM_001146,+1 (917) 808-9255,PRIMARY_PHONE,phone,CUST_PREMIUM_001146
CUST_PREMIUM_001146,5536,ISSUED_CARD,card_last4,CUST_PREMIUM_001146
i.williams@capital-demo.org,ck_3e18fd9c5d,SESSION_COOKIE,cookie,CUST_PREMIUM_001146
i.williams@capital-demo.org,dev_fb779d69ae,AUTHENTICATED_DEVICE,device_id,CUST_PREMIUM_001146
CUST_PREMIUM_001147,sophiacampbell@harbor.example,PRIMARY_EMAIL,email,CUST_PREMIUM_001147
CUST_PREMIUM_001147,+1 (917) 845-7174,PRIMARY_PHONE,phone,CUST_PREMIUM_001147
CUST_PREMIUM_001147,3198,ISSUED_CARD,card_last4,CUST_PREMIUM_001147
sophiacampbell@harbor.example,ck_09dedc664d,SESSION_COOKIE,cookie,CUST_PREMIUM_001147
sophiacampbell@harbor.example,dev_4554e3d030,AUTHENTICATED_DEVICE,device_id,CUST_PREMIUM_001147
CUST_PREMIUM_001148,avery.miller@harbor.example,PRIMARY_EMAIL,email,CUST_PREMIUM_001148
CUST_PREMIUM_001148,+1 (646) 849-5093,PRIMARY_PHONE,phone,CUST_PREMIUM_001148
CUST_PREMIUM_001148,2380,ISSUED_CARD,card_last4,CUST_PREMIUM_001148
avery.miller@harbor.example,ck_313ac635c3,SESSION_COOKIE,cookie,CUST_PREMIUM_001148
avery.miller@harbor.example,ck_df98123a4f,SESSION_COOKIE,cookie,CUST_PREMIUM_001148
avery.miller@harbor.example,dev_be55187d0a,AUTHENTICATED_DEVICE,device_id,CUST_PREMIUM_001148
CUST_PREMIUM_001149,benjamin.harris@harbor.example,PRIMARY_EMAIL,email,CUST_PREMIUM_001149
CUST_PREMIUM_001149,+1 (617) 853-3012,PRIMARY_PHONE,phone,CUST_PREMIUM_001149
CUST_PREMIUM_001149,8303,ISSUED_CARD,card_last4,CUST_PREMIUM_001149
benjamin.harris@harbor.example,ck_8adbed0581,SESSION_COOKIE,cookie,CUST_PREMIUM_001149
benjamin.harris@harbor.example,dev_8466862fd8,AUTHENTICATED_DEVICE,device_id,CUST_PREMIUM_001149
benjamin.harris@harbor.example,dev_9bf1d7fdeb,AUTHENTICATED_DEVICE,device_id,CUST_PREMIUM_001149
CUST_PREMIUM_001150,aisha.campbell52@atlasmail.net,PRIMARY_EMAIL,email,CUST_PREMIUM_001150
CUST_PREMIUM_001150,+1 (206) 879-0931,PRIMARY_PHONE,phone,CUST_PREMIUM_001150
CUST_PREMIUM_001150,6738,ISSUED_CARD,card_last4,CUST_PREMIUM_001150
aisha.campbell52@atlasmail.net,ck_dce0e9c15b,SESSION_COOKIE,cookie,CUST_PREMIUM_001150
aisha.campbell52@atlasmail.net,dev_925d8668aa,AUTHENTICATED_DEVICE,device_id,CUST_PREMIUM_001150
aisha.campbell52@atlasmail.net,dev_shared_05e0df469,AUTHENTICATED_DEVICE,device_id,CUST_PREMIUM_001150
CUST_PREMIUM_001151,a.rodriguez@harbor.example,PRIMARY_EMAIL,email,CUST_PREMIUM_001151
CUST_PREMIUM_001151,+1 (415) 883-8850,PRIMARY_PHONE,phone,CUST_PREMIUM_001151
CUST_PREMIUM_001151,5581,ISSUED_CARD,card_last4,CUST_PREMIUM_001151
a.rodriguez@harbor.example,ck_9471247fc3,SESSION_COOKIE,cookie,CUST_PREMIUM_001151
a.rodriguez@harbor.example,ck_60f2e49a17,SESSION_COOKIE,cookie,CUST_PREMIUM_001151
a.rodriguez@harbor.example,dev_7fde482cb4,AUTHENTICATED_DEVICE,device_id,CUST_PREMIUM_001151
a.rodriguez@harbor.example,dev_dac9546ffb,AUTHENTICATED_DEVICE,device_id,CUST_PREMIUM_001151
CUST_PREMIUM_001152,leo.bennett54@bluepeak.co,PRIMARY_EMAIL,email,CUST_PREMIUM_001152
CUST_PREMIUM_001152,+1 (305) 242-6769,PRIMARY_PHONE,phone,CUST_PREMIUM_001152
CUST_PREMIUM_001152,1381,ISSUED_CARD,card_last4,CUST_PREMIUM_001152
leo.bennett54@bluepeak.co,ck_dc5fdc9d59,SESSION_COOKIE,cookie,CUST_PREMIUM_001152
leo.bennett54@bluepeak.co,dev_bf6ce4ccab,AUTHENTICATED_DEVICE,device_id,CUST_PREMIUM_001152
CUST_PREMIUM_001153,yukiahmed@orchardmail.com,PRIMARY_EMAIL,email,CUST_PREMIUM_001153
CUST_PREMIUM_001153,+1 (212) 224-4688,PRIMARY_PHONE,phone,CUST_PREMIUM_001153
CUST_PREMIUM_001153,1712,ISSUED_CARD,card_last4,CUST_PREMIUM_001153
yukiahmed@orchardmail.com,ck_1476624409,SESSION_COOKIE,cookie,CUST_PREMIUM_001153
yukiahmed@orchardmail.com,dev_e5773f7bfa,AUTHENTICATED_DEVICE,device_id,CUST_PREMIUM_001153
yukiahmed@orchardmail.com,dev_shared_29456b365,AUTHENTICATED_DEVICE,device_id,CUST_PREMIUM_001153
CUST_PREMIUM_001154,graceperez@atlasmail.net,PRIMARY_EMAIL,email,CUST_PREMIUM_001154
CUST_PREMIUM_001154,+1 (416) 382-2607,PRIMARY_PHONE,phone,CUST_PREMIUM_001154
CUST_PREMIUM_001154,4751,ISSUED_CARD,card_last4,CUST_PREMIUM_001154
graceperez@atlasmail.net,ck_91eefa48dd,SESSION_COOKIE,cookie,CUST_PREMIUM_001154
graceperez@atlasmail.net,ck_882b63c31d,SESSION_COOKIE,cookie,CUST_PREMIUM_001154
graceperez@atlasmail.net,ck_1bdfb95ab3,SESSION_COOKIE,cookie,CUST_PREMIUM_001154
graceperez@atlasmail.net,dev_040caec65a,AUTHENTICATED_DEVICE,device_id,CUST_PREMIUM_001154
CUST_PREMIUM_001155,sato.aditi@orchardmail.com,PRIMARY_EMAIL,email,CUST_PREMIUM_001155
CUST_PREMIUM_001155,+1 (469) 463-0526,PRIMARY_PHONE,phone,CUST_PREMIUM_001155
CUST_PREMIUM_001155,9925,ISSUED_CARD,card_last4,CUST_PREMIUM_001155
sato.aditi@orchardmail.com,ck_fb6f971761,SESSION_COOKIE,cookie,CUST_PREMIUM_001155
sato.aditi@orchardmail.com,dev_16eb9526e0,AUTHENTICATED_DEVICE,device_id,CUST_PREMIUM_001155
CUST_PREMIUM_001156,meeraanderson@bluepeak.co,PRIMARY_EMAIL,email,CUST_PREMIUM_001156
CUST_PREMIUM_001156,+1 (310) 346-8445,PRIMARY_PHONE,phone,CUST_PREMIUM_001156
CUST_PREMIUM_001156,1250,ISSUED_CARD,card_last4,CUST_PREMIUM_001156
meeraanderson@bluepeak.co,ck_742a4b5c4a,SESSION_COOKIE,cookie,CUST_PREMIUM_001156
meeraanderson@bluepeak.co,ck_1abad2ecb4,SESSION_COOKIE,cookie,CUST_PREMIUM_001156
meeraanderson@bluepeak.co,dev_248795d185,AUTHENTICATED_DEVICE,device_id,CUST_PREMIUM_001156
meeraanderson@bluepeak.co,dev_e37c5c9605,AUTHENTICATED_DEVICE,device_id,CUST_PREMIUM_001156
CUST_PREMIUM_001157,samuelmartinez@atlasmail.net,PRIMARY_EMAIL,email,CUST_PREMIUM_001157
CUST_PREMIUM_001157,+1 (416) 493-6364,PRIMARY_PHONE,phone,CUST_PREMIUM_001157
CUST_PREMIUM_001157,6022,ISSUED_CARD,card_last4,CUST_PREMIUM_001157
samuelmartinez@atlasmail.net,ck_367720dfd6,SESSION_COOKIE,cookie,CUST_PREMIUM_001157
samuelmartinez@atlasmail.net,dev_d88cb8dc6d,AUTHENTICATED_DEVICE,device_id,CUST_PREMIUM_001157
CUST_PREMIUM_001158,dev.kapoor60@bluepeak.co,PRIMARY_EMAIL,email,CUST_PREMIUM_001158
CUST_PREMIUM_001158,+1 (415) 442-4283,PRIMARY_PHONE,phone,CUST_PREMIUM_001158
CUST_PREMIUM_001158,8870,ISSUED_CARD,card_last4,CUST_PREMIUM_001158
dev.kapoor60@bluepeak.co,ck_f7abcc8c13,SESSION_COOKIE,cookie,CUST_PREMIUM_001158
dev.kapoor60@bluepeak.co,ck_14d6f474f1,SESSION_COOKIE,cookie,CUST_PREMIUM_001158
dev.kapoor60@bluepeak.co,dev_ecd41f583f,AUTHENTICATED_DEVICE,device_id,CUST_PREMIUM_001158
CUST_PREMIUM_001159,alejandrobaker@bluepeak.co,PRIMARY_EMAIL,email,CUST_PREMIUM_001159
CUST_PREMIUM_001159,+1 (310) 457-2202,PRIMARY_PHONE,phone,CUST_PREMIUM_001159
CUST_PREMIUM_001159,1543,ISSUED_CARD,card_last4,CUST_PREMIUM_001159
alejandrobaker@bluepeak.co,ck_a0cb016f72,SESSION_COOKIE,cookie,CUST_PREMIUM_001159
alejandrobaker@bluepeak.co,dev_c2c8026447,AUTHENTICATED_DEVICE,device_id,CUST_PREMIUM_001159
CUST_PREMIUM_001160,walker.aisha@vectorlabs.co,PRIMARY_EMAIL,email,CUST_PREMIUM_001160
CUST_PREMIUM_001160,+1 (305) 538-0121,PRIMARY_PHONE,phone,CUST_PREMIUM_001160
CUST_PREMIUM_001160,6961,ISSUED_CARD,card_last4,CUST_PREMIUM_001160
walker.aisha@vectorlabs.co,ck_11044de7f9,SESSION_COOKIE,cookie,CUST_PREMIUM_001160
walker.aisha@vectorlabs.co,dev_1e7e1cc58d,AUTHENTICATED_DEVICE,device_id,CUST_PREMIUM_001160
CUST_PREMIUM_001161,arjun.jackson@atlasmail.net,PRIMARY_EMAIL,email,CUST_PREMIUM_001161
CUST_PREMIUM_001161,+1 (415) 553-8040,PRIMARY_PHONE,phone,CUST_PREMIUM_001161
CUST_PREMIUM_001161,7414,ISSUED_CARD,card_last4,CUST_PREMIUM_001161
arjun.jackson@atlasmail.net,ck_90d34fefea,SESSION_COOKIE,cookie,CUST_PREMIUM_001161
arjun.jackson@atlasmail.net,dev_9c613851f9,AUTHENTICATED_DEVICE,device_id,CUST_PREMIUM_001161
CUST_PREMIUM_001162,aisha.wright64@capital-demo.org,PRIMARY_EMAIL,email,CUST_PREMIUM_001162
CUST_PREMIUM_001162,+1 (212) 557-5959,PRIMARY_PHONE,phone,CUST_PREMIUM_001162
CUST_PREMIUM_001162,6300,ISSUED_CARD,card_last4,CUST_PREMIUM_001162
aisha.wright64@capital-demo.org,ck_34243a973e,SESSION_COOKIE,cookie,CUST_PREMIUM_001162
aisha.wright64@capital-demo.org,dev_580c6d3ae4,AUTHENTICATED_DEVICE,device_id,CUST_PREMIUM_001162
CUST_PREMIUM_001163,dev.fernandez65@harbor.example,PRIMARY_EMAIL,email,CUST_PREMIUM_001163
CUST_PREMIUM_001163,+1 (212) 594-3878,PRIMARY_PHONE,phone,CUST_PREMIUM_001163
CUST_PREMIUM_001163,3768,ISSUED_CARD,card_last4,CUST_PREMIUM_001163
dev.fernandez65@harbor.example,ck_570c21a1bb,SESSION_COOKIE,cookie,CUST_PREMIUM_001163
dev.fernandez65@harbor.example,dev_6519da0cfe,AUTHENTICATED_DEVICE,device_id,CUST_PREMIUM_001163
CUST_PREMIUM_001164,adrian.anderson@summitmail.net,PRIMARY_EMAIL,email,CUST_PREMIUM_001164
CUST_PREMIUM_001164,+1 (650) 763-1797,PRIMARY_PHONE,phone,CUST_PREMIUM_001164
CUST_PREMIUM_001164,3287,ISSUED_CARD,card_last4,CUST_PREMIUM_001164
adrian.anderson@summitmail.net,ck_941ec825cb,SESSION_COOKIE,cookie,CUST_PREMIUM_001164
adrian.anderson@summitmail.net,dev_7472ba0193,AUTHENTICATED_DEVICE,device_id,CUST_PREMIUM_001164
CUST_PREMIUM_001165,a.murphy@orchardmail.com,PRIMARY_EMAIL,email,CUST_PREMIUM_001165
CUST_PREMIUM_001165,+1 (310) 679-9716,PRIMARY_PHONE,phone,CUST_PREMIUM_001165
CUST_PREMIUM_001165,3232,ISSUED_CARD,card_last4,CUST_PREMIUM_001165
a.murphy@orchardmail.com,ck_1e4d065d4c,SESSION_COOKIE,cookie,CUST_PREMIUM_001165
a.murphy@orchardmail.com,dev_19e8163d24,AUTHENTICATED_DEVICE,device_id,CUST_PREMIUM_001165
CUST_PREMIUM_001166,jacksato@orchardmail.com,PRIMARY_EMAIL,email,CUST_PREMIUM_001166
CUST_PREMIUM_001166,+1 (206) 771-7635,PRIMARY_PHONE,phone,CUST_PREMIUM_001166
CUST_PREMIUM_001166,7526,ISSUED_CARD,card_last4,CUST_PREMIUM_001166
jacksato@orchardmail.com,ck_c2191619bf,SESSION_COOKIE,cookie,CUST_PREMIUM_001166
jacksato@orchardmail.com,ck_c1ce27e7ce,SESSION_COOKIE,cookie,CUST_PREMIUM_001166
jacksato@orchardmail.com,dev_67e352a38a,AUTHENTICATED_DEVICE,device_id,CUST_PREMIUM_001166
jacksato@orchardmail.com,dev_cf740eefc0,AUTHENTICATED_DEVICE,device_id,CUST_PREMIUM_001166
CUST_PREMIUM_001167,priya.miller69@atlasmail.net,PRIMARY_EMAIL,email,CUST_PREMIUM_001167
CUST_PREMIUM_001167,+1 (617) 819-5554,PRIMARY_PHONE,phone,CUST_PREMIUM_001167
CUST_PREMIUM_001167,8120,ISSUED_CARD,card_last4,CUST_PREMIUM_001167
priya.miller69@atlasmail.net,ck_065c851bea,SESSION_COOKIE,cookie,CUST_PREMIUM_001167
priya.miller69@atlasmail.net,dev_35b5991d3a,AUTHENTICATED_DEVICE,device_id,CUST_PREMIUM_001167
CUST_PREMIUM_001168,baker.amelia@vectorlabs.co,PRIMARY_EMAIL,email,CUST_PREMIUM_001168
CUST_PREMIUM_001168,+1 (416) 200-3473,PRIMARY_PHONE,phone,CUST_PREMIUM_001168
CUST_PREMIUM_001168,6740,ISSUED_CARD,card_last4,CUST_PREMIUM_001168
baker.amelia@vectorlabs.co,ck_001b1ca815,SESSION_COOKIE,cookie,CUST_PREMIUM_001168
baker.amelia@vectorlabs.co,dev_3f4b3ec011,AUTHENTICATED_DEVICE,device_id,CUST_PREMIUM_001168
CUST_PREMIUM_001169,noah.jackson71@harbor.example,PRIMARY_EMAIL,email,CUST_PREMIUM_001169
CUST_PREMIUM_001169,+1 (310) 827-1392,PRIMARY_PHONE,phone,CUST_PREMIUM_001169
CUST_PREMIUM_001169,9273,ISSUED_CARD,card_last4,CUST_PREMIUM_001169
noah.jackson71@harbor.example,ck_042239fd73,SESSION_COOKIE,cookie,CUST_PREMIUM_001169
noah.jackson71@harbor.example,ck_f58c8fc597,SESSION_COOKIE,cookie,CUST_PREMIUM_001169
noah.jackson71@harbor.example,dev_3c5a72b6b5,AUTHENTICATED_DEVICE,device_id,CUST_PREMIUM_001169
CUST_PREMIUM_001170,noah.hernandez@harbor.example,PRIMARY_EMAIL,email,CUST_PREMIUM_001170
CUST_PREMIUM_001170,+1 (312) 875-9311,PRIMARY_PHONE,phone,CUST_PREMIUM_001170
CUST_PREMIUM_001170,1065,ISSUED_CARD,card_last4,CUST_PREMIUM_001170
noah.hernandez@harbor.example,ck_743e603eb1,SESSION_COOKIE,cookie,CUST_PREMIUM_001170
noah.hernandez@harbor.example,ck_b4f66f39dc,SESSION_COOKIE,cookie,CUST_PREMIUM_001170
noah.hernandez@harbor.example,ck_fbe8c17190,SESSION_COOKIE,cookie,CUST_PREMIUM_001170
noah.hernandez@harbor.example,dev_5437463d65,AUTHENTICATED_DEVICE,device_id,CUST_PREMIUM_001170
CUST_PREMIUM_001171,harris.gabriel@orchardmail.com,PRIMARY_EMAIL,email,CUST_PREMIUM_001171
CUST_PREMIUM_001171,+1 (312) 212-7230,PRIMARY_PHONE,phone,CUST_PREMIUM_001171
CUST_PREMIUM_001171,3251,ISSUED_CARD,card_last4,CUST_PREMIUM_001171
harris.gabriel@orchardmail.com,ck_bf598cf741,SESSION_COOKIE,cookie,CUST_PREMIUM_001171
harris.gabriel@orchardmail.com,dev_0562515185,AUTHENTICATED_DEVICE,device_id,CUST_PREMIUM_001171
CUST_PREMIUM_001172,murphy.omar@vectorlabs.co,PRIMARY_EMAIL,email,CUST_PREMIUM_001172
CUST_PREMIUM_001172,+1 (305) 282-5149,PRIMARY_PHONE,phone,CUST_PREMIUM_001172
CUST_PREMIUM_001172,8799,ISSUED_CARD,card_last4,CUST_PREMIUM_001172
murphy.omar@vectorlabs.co,ck_4d7e21b0c8,SESSION_COOKIE,cookie,CUST_PREMIUM_001172
murphy.omar@vectorlabs.co,dev_f2d1cbfe75,AUTHENTICATED_DEVICE,device_id,CUST_PREMIUM_001172
murphy.omar@vectorlabs.co,dev_shared_867cb659c,AUTHENTICATED_DEVICE,device_id,CUST_PREMIUM_001172
CUST_PREMIUM_001173,o.sterling@summitmail.net,PRIMARY_EMAIL,email,CUST_PREMIUM_001173
CUST_PREMIUM_001173,+1 (415) 297-3068,PRIMARY_PHONE,phone,CUST_PREMIUM_001173
CUST_PREMIUM_001173,3193,ISSUED_CARD,card_last4,CUST_PREMIUM_001173
o.sterling@summitmail.net,ck_46d6e71008,SESSION_COOKIE,cookie,CUST_PREMIUM_001173
o.sterling@summitmail.net,dev_b904254714,AUTHENTICATED_DEVICE,device_id,CUST_PREMIUM_001173
CUST_PREMIUM_001174,ameliawilliams@capital-demo.org,PRIMARY_EMAIL,email,CUST_PREMIUM_001174
CUST_PREMIUM_001174,+1 (646) 411-0987,PRIMARY_PHONE,phone,CUST_PREMIUM_001174
CUST_PREMIUM_001174,9759,ISSUED_CARD,card_last4,CUST_PREMIUM_001174
ameliawilliams@capital-demo.org,ck_8684a4deb1,SESSION_COOKIE,cookie,CUST_PREMIUM_001174
ameliawilliams@capital-demo.org,ck_3cb73f4813,SESSION_COOKIE,cookie,CUST_PREMIUM_001174
ameliawilliams@capital-demo.org,dev_c36dc9b0c7,AUTHENTICATED_DEVICE,device_id,CUST_PREMIUM_001174
CUST_PREMIUM_001175,m.fernandez@example.com,PRIMARY_EMAIL,email,CUST_PREMIUM_001175
CUST_PREMIUM_001175,+1 (212) 338-8906,PRIMARY_PHONE,phone,CUST_PREMIUM_001175
CUST_PREMIUM_001175,6280,ISSUED_CARD,card_last4,CUST_PREMIUM_001175
m.fernandez@example.com,ck_4322eb088a,SESSION_COOKIE,cookie,CUST_PREMIUM_001175
m.fernandez@example.com,ck_9e250f08d7,SESSION_COOKIE,cookie,CUST_PREMIUM_001175
m.fernandez@example.com,dev_76c5ae60e4,AUTHENTICATED_DEVICE,device_id,CUST_PREMIUM_001175
CUST_PREMIUM_001176,l.perez@vectorlabs.co,PRIMARY_EMAIL,email,CUST_PREMIUM_001176
CUST_PREMIUM_001176,+1 (718) 529-6825,PRIMARY_PHONE,phone,CUST_PREMIUM_001176
CUST_PREMIUM_001176,4093,ISSUED_CARD,card_last4,CUST_PREMIUM_001176
l.perez@vectorlabs.co,ck_a2cb0e9e3e,SESSION_COOKIE,cookie,CUST_PREMIUM_001176
l.perez@vectorlabs.co,dev_c1ee53e1a2,AUTHENTICATED_DEVICE,device_id,CUST_PREMIUM_001176
CUST_PREMIUM_001177,aditi.morgan79@summitmail.net,PRIMARY_EMAIL,email,CUST_PREMIUM_001177
CUST_PREMIUM_001177,+1 (650) 544-4744,PRIMARY_PHONE,phone,CUST_PREMIUM_001177
CUST_PREMIUM_001177,8286,ISSUED_CARD,card_last4,CUST_PREMIUM_001177
aditi.morgan79@summitmail.net,ck_56fd9f9205,SESSION_COOKIE,cookie,CUST_PREMIUM_001177
aditi.morgan79@summitmail.net,ck_867f6d38b4,SESSION_COOKIE,cookie,CUST_PREMIUM_001177
aditi.morgan79@summitmail.net,dev_f0025d4024,AUTHENTICATED_DEVICE,device_id,CUST_PREMIUM_001177
CUST_PREMIUM_001178,noah.young80@bluepeak.co,PRIMARY_EMAIL,email,CUST_PREMIUM_001178
CUST_PREMIUM_001178,+1 (469) 614-2663,PRIMARY_PHONE,phone,CUST_PREMIUM_001178
CUST_PREMIUM_001178,7539,ISSUED_CARD,card_last4,CUST_PREMIUM_001178
noah.young80@bluepeak.co,ck_6d50003591,SESSION_COOKIE,cookie,CUST_PREMIUM_001178
noah.young80@bluepeak.co,dev_a648de904d,AUTHENTICATED_DEVICE,device_id,CUST_PREMIUM_001178
CUST_PREMIUM_001179,morgan.andre@northstar.org,PRIMARY_EMAIL,email,CUST_PREMIUM_001179
CUST_PREMIUM_001179,+1 (206) 552-0582,PRIMARY_PHONE,phone,CUST_PREMIUM_001179
CUST_PREMIUM_001179,3624,ISSUED_CARD,card_last4,CUST_PREMIUM_001179
morgan.andre@northstar.org,ck_ddcf655902,SESSION_COOKIE,cookie,CUST_PREMIUM_001179
morgan.andre@northstar.org,dev_e31cc179a1,AUTHENTICATED_DEVICE,device_id,CUST_PREMIUM_001179
CUST_PREMIUM_001180,d.sato@orchardmail.com,PRIMARY_EMAIL,email,CUST_PREMIUM_001180
CUST_PREMIUM_001180,+1 (312) 545-8501,PRIMARY_PHONE,phone,CUST_PREMIUM_001180
CUST_PREMIUM_001180,6224,ISSUED_CARD,card_last4,CUST_PREMIUM_001180
d.sato@orchardmail.com,ck_255026c9d9,SESSION_COOKIE,cookie,CUST_PREMIUM_001180
d.sato@orchardmail.com,dev_f4dc71aca8,AUTHENTICATED_DEVICE,device_id,CUST_PREMIUM_001180
d.sato@orchardmail.com,dev_shared_45c20f3e5,AUTHENTICATED_DEVICE,device_id,CUST_PREMIUM_001180
CUST_PREMIUM_001181,lopez.aisha@atlasmail.net,PRIMARY_EMAIL,email,CUST_PREMIUM_001181
CUST_PREMIUM_001181,+1 (415) 593-6420,PRIMARY_PHONE,phone,CUST_PREMIUM_001181
CUST_PREMIUM_001181,8622,ISSUED_CARD,card_last4,CUST_PREMIUM_001181
lopez.aisha@atlasmail.net,ck_0252ec7edd,SESSION_COOKIE,cookie,CUST_PREMIUM_001181
lopez.aisha@atlasmail.net,ck_70566930ca,SESSION_COOKIE,cookie,CUST_PREMIUM_001181
lopez.aisha@atlasmail.net,dev_29d0ba5999,AUTHENTICATED_DEVICE,device_id,CUST_PREMIUM_001181
CUST_PREMIUM_001182,isla.davis84@capital-demo.org,PRIMARY_EMAIL,email,CUST_PREMIUM_001182
CUST_PREMIUM_001182,+1 (305) 652-4339,PRIMARY_PHONE,phone,CUST_PREMIUM_001182
CUST_PREMIUM_001182,5283,ISSUED_CARD,card_last4,CUST_PREMIUM_001182
isla.davis84@capital-demo.org,ck_03c8ee64dd,SESSION_COOKIE,cookie,CUST_PREMIUM_001182
isla.davis84@capital-demo.org,dev_201d96902c,AUTHENTICATED_DEVICE,device_id,CUST_PREMIUM_001182
CUST_PREMIUM_001183,ethan.wilson@capital-demo.org,PRIMARY_EMAIL,email,CUST_PREMIUM_001183
CUST_PREMIUM_001183,+1 (416) 755-2258,PRIMARY_PHONE,phone,CUST_PREMIUM_001183
CUST_PREMIUM_001183,3588,ISSUED_CARD,card_last4,CUST_PREMIUM_001183
ethan.wilson@capital-demo.org,ck_792626360d,SESSION_COOKIE,cookie,CUST_PREMIUM_001183
ethan.wilson@capital-demo.org,dev_9c43e9e4b0,AUTHENTICATED_DEVICE,device_id,CUST_PREMIUM_001183
ethan.wilson@capital-demo.org,dev_shared_8a63caf7b,AUTHENTICATED_DEVICE,device_id,CUST_PREMIUM_001183
CUST_PREMIUM_001184,harris.naomi@vectorlabs.co,PRIMARY_EMAIL,email,CUST_PREMIUM_001184
CUST_PREMIUM_001184,+1 (214) 715-0177,PRIMARY_PHONE,phone,CUST_PREMIUM_001184
CUST_PREMIUM_001184,7536,ISSUED_CARD,card_last4,CUST_PREMIUM_001184
harris.naomi@vectorlabs.co,ck_761c731f86,SESSION_COOKIE,cookie,CUST_PREMIUM_001184
harris.naomi@vectorlabs.co,ck_1382ae3890,SESSION_COOKIE,cookie,CUST_PREMIUM_001184
harris.naomi@vectorlabs.co,dev_723dbb65ab,AUTHENTICATED_DEVICE,device_id,CUST_PREMIUM_001184
CUST_PREMIUM_001185,amara.garcia@vectorlabs.co,PRIMARY_EMAIL,email,CUST_PREMIUM_001185
CUST_PREMIUM_001185,+1 (312) 730-8096,PRIMARY_PHONE,phone,CUST_PREMIUM_001185
CUST_PREMIUM_001185,1316,ISSUED_CARD,card_last4,CUST_PREMIUM_001185
amara.garcia@vectorlabs.co,ck_5a4dcb13d8,SESSION_COOKIE,cookie,CUST_PREMIUM_001185
amara.garcia@vectorlabs.co,ck_4de3b73c71,SESSION_COOKIE,cookie,CUST_PREMIUM_001185
amara.garcia@vectorlabs.co,dev_1207c0a3e8,AUTHENTICATED_DEVICE,device_id,CUST_PREMIUM_001185
CUST_PREMIUM_001186,oliviawalker@atlasmail.net,PRIMARY_EMAIL,email,CUST_PREMIUM_001186
CUST_PREMIUM_001186,+1 (310) 756-6015,PRIMARY_PHONE,phone,CUST_PREMIUM_001186
CUST_PREMIUM_001186,6311,ISSUED_CARD,card_last4,CUST_PREMIUM_001186
oliviawalker@atlasmail.net,ck_b4f5393e05,SESSION_COOKIE,cookie,CUST_PREMIUM_001186
oliviawalker@atlasmail.net,dev_ea88880c7b,AUTHENTICATED_DEVICE,device_id,CUST_PREMIUM_001186
CUST_PREMIUM_001187,sorasmith@orchardmail.com,PRIMARY_EMAIL,email,CUST_PREMIUM_001187
CUST_PREMIUM_001187,+1 (617) 859-3934,PRIMARY_PHONE,phone,CUST_PREMIUM_001187
CUST_PREMIUM_001187,6606,ISSUED_CARD,card_last4,CUST_PREMIUM_001187
sorasmith@orchardmail.com,ck_8769acc161,SESSION_COOKIE,cookie,CUST_PREMIUM_001187
sorasmith@orchardmail.com,dev_244063a46b,AUTHENTICATED_DEVICE,device_id,CUST_PREMIUM_001187
CUST_PREMIUM_001188,akira.ahmed90@orchardmail.com,PRIMARY_EMAIL,email,CUST_PREMIUM_001188
CUST_PREMIUM_001188,+1 (718) 273-1853,PRIMARY_PHONE,phone,CUST_PREMIUM_001188
CUST_PREMIUM_001188,9384,ISSUED_CARD,card_last4,CUST_PREMIUM_001188
akira.ahmed90@orchardmail.com,ck_0225e5831d,SESSION_COOKIE,cookie,CUST_PREMIUM_001188
akira.ahmed90@orchardmail.com,dev_0b92626693,AUTHENTICATED_DEVICE,device_id,CUST_PREMIUM_001188
akira.ahmed90@orchardmail.com,dev_shared_bdff2e4c9,AUTHENTICATED_DEVICE,device_id,CUST_PREMIUM_001188
CUST_PREMIUM_001189,maya.moore@summitmail.net,PRIMARY_EMAIL,email,CUST_PREMIUM_001189
CUST_PREMIUM_001189,+1 (310) 867-9772,PRIMARY_PHONE,phone,CUST_PREMIUM_001189
CUST_PREMIUM_001189,7900,ISSUED_CARD,card_last4,CUST_PREMIUM_001189
maya.moore@summitmail.net,ck_84c67fa255,SESSION_COOKIE,cookie,CUST_PREMIUM_001189
maya.moore@summitmail.net,dev_d84ff12ab9,AUTHENTICATED_DEVICE,device_id,CUST_PREMIUM_001189
maya.moore@summitmail.net,dev_shared_caed0e8e0,AUTHENTICATED_DEVICE,device_id,CUST_PREMIUM_001189
maya.moore@summitmail.net,dev_shared_848c1f350,AUTHENTICATED_DEVICE,device_id,CUST_PREMIUM_001189
CUST_PREMIUM_001190,david.rossi92@capital-demo.org,PRIMARY_EMAIL,email,CUST_PREMIUM_001190
CUST_PREMIUM_001190,+1 (617) 270-7691,PRIMARY_PHONE,phone,CUST_PREMIUM_001190
CUST_PREMIUM_001190,9155,ISSUED_CARD,card_last4,CUST_PREMIUM_001190
david.rossi92@capital-demo.org,ck_83a1bdc7fa,SESSION_COOKIE,cookie,CUST_PREMIUM_001190
david.rossi92@capital-demo.org,ck_1a0e9f9da3,SESSION_COOKIE,cookie,CUST_PREMIUM_001190
david.rossi92@capital-demo.org,ck_b9b51cff77,SESSION_COOKIE,cookie,CUST_PREMIUM_001190
david.rossi92@capital-demo.org,dev_16ad529b58,AUTHENTICATED_DEVICE,device_id,CUST_PREMIUM_001190
CUST_PREMIUM_001191,yuki.brown@harbor.example,PRIMARY_EMAIL,email,CUST_PREMIUM_001191
CUST_PREMIUM_001191,+1 (617) 307-5610,PRIMARY_PHONE,phone,CUST_PREMIUM_001191
CUST_PREMIUM_001191,0559,ISSUED_CARD,card_last4,CUST_PREMIUM_001191
yuki.brown@harbor.example,ck_70311d166b,SESSION_COOKIE,cookie,CUST_PREMIUM_001191
yuki.brown@harbor.example,dev_0e3f2d26b2,AUTHENTICATED_DEVICE,device_id,CUST_PREMIUM_001191
yuki.brown@harbor.example,dev_shared_da0ab2800,AUTHENTICATED_DEVICE,device_id,CUST_PREMIUM_001191
CUST_PREMIUM_001192,layla.wilson@harbor.example,PRIMARY_EMAIL,email,CUST_PREMIUM_001192
CUST_PREMIUM_001192,+1 (212) 267-3529,PRIMARY_PHONE,phone,CUST_PREMIUM_001192
CUST_PREMIUM_001192,9639,ISSUED_CARD,card_last4,CUST_PREMIUM_001192
layla.wilson@harbor.example,ck_286254274e,SESSION_COOKIE,cookie,CUST_PREMIUM_001192
layla.wilson@harbor.example,dev_63a5740b1e,AUTHENTICATED_DEVICE,device_id,CUST_PREMIUM_001192
CUST_PREMIUM_001193,martinez.arjun@summitmail.net,PRIMARY_EMAIL,email,CUST_PREMIUM_001193
CUST_PREMIUM_001193,+1 (212) 304-1448,PRIMARY_PHONE,phone,CUST_PREMIUM_001193
CUST_PREMIUM_001193,9531,ISSUED_CARD,card_last4,CUST_PREMIUM_001193
martinez.arjun@summitmail.net,ck_640cc95c87,SESSION_COOKIE,cookie,CUST_PREMIUM_001193
martinez.arjun@summitmail.net,dev_79e2eb6725,AUTHENTICATED_DEVICE,device_id,CUST_PREMIUM_001193
CUST_PREMIUM_001194,jonah.thompson@vectorlabs.co,PRIMARY_EMAIL,email,CUST_PREMIUM_001194
CUST_PREMIUM_001194,+1 (312) 363-9367,PRIMARY_PHONE,phone,CUST_PREMIUM_001194
CUST_PREMIUM_001194,3497,ISSUED_CARD,card_last4,CUST_PREMIUM_001194
jonah.thompson@vectorlabs.co,ck_f97c251e0b,SESSION_COOKIE,cookie,CUST_PREMIUM_001194
jonah.thompson@vectorlabs.co,dev_f08f889f41,AUTHENTICATED_DEVICE,device_id,CUST_PREMIUM_001194
jonah.thompson@vectorlabs.co,dev_83d0a0e80a,AUTHENTICATED_DEVICE,device_id,CUST_PREMIUM_001194
jonah.thompson@vectorlabs.co,dev_717df77fc7,AUTHENTICATED_DEVICE,device_id,CUST_PREMIUM_001194
jonah.thompson@vectorlabs.co,dev_4d7219b391,AUTHENTICATED_DEVICE,device_id,CUST_PREMIUM_001194
CUST_PREMIUM_001195,l.robinson@summitmail.net,PRIMARY_EMAIL,email,CUST_PREMIUM_001195
CUST_PREMIUM_001195,+1 (212) 378-7286,PRIMARY_PHONE,phone,CUST_PREMIUM_001195
CUST_PREMIUM_001195,1976,ISSUED_CARD,card_last4,CUST_PREMIUM_001195
l.robinson@summitmail.net,ck_69465de5fa,SESSION_COOKIE,cookie,CUST_PREMIUM_001195
l.robinson@summitmail.net,dev_bfaa3df736,AUTHENTICATED_DEVICE,device_id,CUST_PREMIUM_001195
CUST_PREMIUM_001196,dev.johnson@atlasmail.net,PRIMARY_EMAIL,email,CUST_PREMIUM_001196
CUST_PREMIUM_001196,+1 (617) 492-5205,PRIMARY_PHONE,phone,CUST_PREMIUM_001196
CUST_PREMIUM_001196,2100,ISSUED_CARD,card_last4,CUST_PREMIUM_001196
dev.johnson@atlasmail.net,ck_ddd5b57b33,SESSION_COOKIE,cookie,CUST_PREMIUM_001196
dev.johnson@atlasmail.net,ck_f0f528375e,SESSION_COOKIE,cookie,CUST_PREMIUM_001196
dev.johnson@atlasmail.net,dev_9bfa4bc34e,AUTHENTICATED_DEVICE,device_id,CUST_PREMIUM_001196
CUST_PREMIUM_001197,grace.rodriguez@harbor.example,PRIMARY_EMAIL,email,CUST_PREMIUM_001197
CUST_PREMIUM_001197,+1 (415) 485-3124,PRIMARY_PHONE,phone,CUST_PREMIUM_001197
CUST_PREMIUM_001197,1461,ISSUED_CARD,card_last4,CUST_PREMIUM_001197
grace.rodriguez@harbor.example,ck_e204e1afcf,SESSION_COOKIE,cookie,CUST_PREMIUM_001197
grace.rodriguez@harbor.example,ck_5710b59197,SESSION_COOKIE,cookie,CUST_PREMIUM_001197
grace.rodriguez@harbor.example,dev_a581ed35f1,AUTHENTICATED_DEVICE,device_id,CUST_PREMIUM_001197
CUST_PREMIUM_001198,shah.sora@northstar.org,PRIMARY_EMAIL,email,CUST_PREMIUM_001198
CUST_PREMIUM_001198,+1 (310) 500-1043,PRIMARY_PHONE,phone,CUST_PREMIUM_001198
CUST_PREMIUM_001198,9008,ISSUED_CARD,card_last4,CUST_PREMIUM_001198
shah.sora@northstar.org,ck_02d20c160d,SESSION_COOKIE,cookie,CUST_PREMIUM_001198
shah.sora@northstar.org,dev_e6852880be,AUTHENTICATED_DEVICE,device_id,CUST_PREMIUM_001198
CUST_PREMIUM_001199,benjaminwalker@vectorlabs.co,PRIMARY_EMAIL,email,CUST_PREMIUM_001199
CUST_PREMIUM_001199,+1 (917) 669-8962,PRIMARY_PHONE,phone,CUST_PREMIUM_001199
CUST_PREMIUM_001199,9067,ISSUED_CARD,card_last4,CUST_PREMIUM_001199
benjaminwalker@vectorlabs.co,ck_72f5359ee1,SESSION_COOKIE,cookie,CUST_PREMIUM_001199
benjaminwalker@vectorlabs.co,dev_a3f316d10e,AUTHENTICATED_DEVICE,device_id,CUST_PREMIUM_001199
CUST_PREMIUM_001200,miguel.diaz@vectorlabs.co,PRIMARY_EMAIL,email,CUST_PREMIUM_001200
CUST_PREMIUM_001200,+1 (404) 651-6881,PRIMARY_PHONE,phone,CUST_PREMIUM_001200
CUST_PREMIUM_001200,7003,ISSUED_CARD,card_last4,CUST_PREMIUM_001200
miguel.diaz@vectorlabs.co,ck_d11a21d09e,SESSION_COOKIE,cookie,CUST_PREMIUM_001200
miguel.diaz@vectorlabs.co,ck_e341ec6386,SESSION_COOKIE,cookie,CUST_PREMIUM_001200
miguel.diaz@vectorlabs.co,ck_af879a0942,SESSION_COOKIE,cookie,CUST_PREMIUM_001200
miguel.diaz@vectorlabs.co,dev_be862e3cec,AUTHENTICATED_DEVICE,device_id,CUST_PREMIUM_001200
CUST_PREMIUM_001201,bennett.aisha@orchardmail.com,PRIMARY_EMAIL,email,CUST_PREMIUM_001201
CUST_PREMIUM_001201,+1 (206) 666-4800,PRIMARY_PHONE,phone,CUST_PREMIUM_001201
CUST_PREMIUM_001201,3037,ISSUED_CARD,card_last4,CUST_PREMIUM_001201
bennett.aisha@orchardmail.com,ck_dc9d3782b6,SESSION_COOKIE,cookie,CUST_PREMIUM_001201
bennett.aisha@orchardmail.com,dev_d603942514,AUTHENTICATED_DEVICE,device_id,CUST_PREMIUM_001201
CUST_PREMIUM_001202,harper.kumar7@bluepeak.co,PRIMARY_EMAIL,email,CUST_PREMIUM_001202
CUST_PREMIUM_001202,+1 (646) 747-2719,PRIMARY_PHONE,phone,CUST_PREMIUM_001202
CUST_PREMIUM_001202,8188,ISSUED_CARD,card_last4,CUST_PREMIUM_001202
harper.kumar7@bluepeak.co,ck_ac43fa2e34,SESSION_COOKIE,cookie,CUST_PREMIUM_001202
harper.kumar7@bluepeak.co,dev_2e28a48ef8,AUTHENTICATED_DEVICE,device_id,CUST_PREMIUM_001202
CUST_PREMIUM_001203,naomi.khan8@bluepeak.co,PRIMARY_EMAIL,email,CUST_PREMIUM_001203
CUST_PREMIUM_001203,+1 (310) 685-0638,PRIMARY_PHONE,phone,CUST_PREMIUM_001203
CUST_PREMIUM_001203,8728,ISSUED_CARD,card_last4,CUST_PREMIUM_001203
naomi.khan8@bluepeak.co,ck_1dfe1c26fa,SESSION_COOKIE,cookie,CUST_PREMIUM_001203
naomi.khan8@bluepeak.co,dev_aac8af498f,AUTHENTICATED_DEVICE,device_id,CUST_PREMIUM_001203
CUST_PREMIUM_001204,adriankhan@vectorlabs.co,PRIMARY_EMAIL,email,CUST_PREMIUM_001204
CUST_PREMIUM_001204,+1 (646) 821-8557,PRIMARY_PHONE,phone,CUST_PREMIUM_001204
CUST_PREMIUM_001204,5552,ISSUED_CARD,card_last4,CUST_PREMIUM_001204
adriankhan@vectorlabs.co,ck_388df22394,SESSION_COOKIE,cookie,CUST_PREMIUM_001204
adriankhan@vectorlabs.co,ck_bb05af127d,SESSION_COOKIE,cookie,CUST_PREMIUM_001204
adriankhan@vectorlabs.co,dev_8a2b9ca509,AUTHENTICATED_DEVICE,device_id,CUST_PREMIUM_001204
CUST_PREMIUM_001205,zoe.morris@bluepeak.co,PRIMARY_EMAIL,email,CUST_PREMIUM_001205
CUST_PREMIUM_001205,+1 (312) 770-6476,PRIMARY_PHONE,phone,CUST_PREMIUM_001205
CUST_PREMIUM_001205,8270,ISSUED_CARD,card_last4,CUST_PREMIUM_001205
zoe.morris@bluepeak.co,ck_d581f73ee8,SESSION_COOKIE,cookie,CUST_PREMIUM_001205
zoe.morris@bluepeak.co,ck_d11fffc0a6,SESSION_COOKIE,cookie,CUST_PREMIUM_001205
zoe.morris@bluepeak.co,dev_6c2d965025,AUTHENTICATED_DEVICE,device_id,CUST_PREMIUM_001205
zoe.morris@bluepeak.co,dev_264b6522ba,AUTHENTICATED_DEVICE,device_id,CUST_PREMIUM_001205
CUST_PREMIUM_001206,zara.evans11@summitmail.net,PRIMARY_EMAIL,email,CUST_PREMIUM_001206
CUST_PREMIUM_001206,+1 (646) 895-4395,PRIMARY_PHONE,phone,CUST_PREMIUM_001206
CUST_PREMIUM_001206,1051,ISSUED_CARD,card_last4,CUST_PREMIUM_001206
zara.evans11@summitmail.net,ck_ba84650e07,SESSION_COOKIE,cookie,CUST_PREMIUM_001206
zara.evans11@summitmail.net,ck_0a0b70261d,SESSION_COOKIE,cookie,CUST_PREMIUM_001206
zara.evans11@summitmail.net,ck_83979457a3,SESSION_COOKIE,cookie,CUST_PREMIUM_001206
zara.evans11@summitmail.net,dev_2bf03676a7,AUTHENTICATED_DEVICE,device_id,CUST_PREMIUM_001206
CUST_PREMIUM_001207,aditi.ramirez12@harbor.example,PRIMARY_EMAIL,email,CUST_PREMIUM_001207
CUST_PREMIUM_001207,+1 (617) 899-2314,PRIMARY_PHONE,phone,CUST_PREMIUM_001207
CUST_PREMIUM_001207,7134,ISSUED_CARD,card_last4,CUST_PREMIUM_001207
aditi.ramirez12@harbor.example,ck_95a3a9788a,SESSION_COOKIE,cookie,CUST_PREMIUM_001207
aditi.ramirez12@harbor.example,ck_52d330ffee,SESSION_COOKIE,cookie,CUST_PREMIUM_001207
aditi.ramirez12@harbor.example,dev_f67c15837f,AUTHENTICATED_DEVICE,device_id,CUST_PREMIUM_001207
aditi.ramirez12@harbor.example,dev_shared_916943307,AUTHENTICATED_DEVICE,device_id,CUST_PREMIUM_001207
CUST_PREMIUM_001208,zararobinson@example.com,PRIMARY_EMAIL,email,CUST_PREMIUM_001208
CUST_PREMIUM_001208,+1 (404) 247-0233,PRIMARY_PHONE,phone,CUST_PREMIUM_001208
CUST_PREMIUM_001208,4037,ISSUED_CARD,card_last4,CUST_PREMIUM_001208
zararobinson@example.com,ck_b6290e3668,SESSION_COOKIE,cookie,CUST_PREMIUM_001208
zararobinson@example.com,dev_d7775d70fe,AUTHENTICATED_DEVICE,device_id,CUST_PREMIUM_001208
CUST_PREMIUM_001209,diego.singh14@bluepeak.co,PRIMARY_EMAIL,email,CUST_PREMIUM_001209
CUST_PREMIUM_001209,+1 (416) 317-8152,PRIMARY_PHONE,phone,CUST_PREMIUM_001209
CUST_PREMIUM_001209,8291,ISSUED_CARD,card_last4,CUST_PREMIUM_001209
diego.singh14@bluepeak.co,ck_223fb16ae2,SESSION_COOKIE,cookie,CUST_PREMIUM_001209
diego.singh14@bluepeak.co,dev_7dcce4e1ee,AUTHENTICATED_DEVICE,device_id,CUST_PREMIUM_001209
CUST_PREMIUM_001210,kai.gupta15@summitmail.net,PRIMARY_EMAIL,email,CUST_PREMIUM_001210
CUST_PREMIUM_001210,+1 (312) 255-6071,PRIMARY_PHONE,phone,CUST_PREMIUM_001210
CUST_PREMIUM_001210,1762,ISSUED_CARD,card_last4,CUST_PREMIUM_001210
kai.gupta15@summitmail.net,ck_217e75cd12,SESSION_COOKIE,cookie,CUST_PREMIUM_001210
kai.gupta15@summitmail.net,ck_e6a5361e8e,SESSION_COOKIE,cookie,CUST_PREMIUM_001210
kai.gupta15@summitmail.net,dev_2466b5c714,AUTHENTICATED_DEVICE,device_id,CUST_PREMIUM_001210
CUST_PREMIUM_001211,jonah.nakamura@summitmail.net,PRIMARY_EMAIL,email,CUST_PREMIUM_001211
CUST_PREMIUM_001211,+1 (305) 325-3990,PRIMARY_PHONE,phone,CUST_PREMIUM_001211
CUST_PREMIUM_001211,4429,ISSUED_CARD,card_last4,CUST_PREMIUM_001211
jonah.nakamura@summitmail.net,ck_63d1391aa8,SESSION_COOKIE,cookie,CUST_PREMIUM_001211
jonah.nakamura@summitmail.net,ck_f79309c83b,SESSION_COOKIE,cookie,CUST_PREMIUM_001211
jonah.nakamura@summitmail.net,dev_156591e95f,AUTHENTICATED_DEVICE,device_id,CUST_PREMIUM_001211
jonah.nakamura@summitmail.net,dev_cb04f20630,AUTHENTICATED_DEVICE,device_id,CUST_PREMIUM_001211
CUST_PREMIUM_001212,shah.rafael@atlasmail.net,PRIMARY_EMAIL,email,CUST_PREMIUM_001212
CUST_PREMIUM_001212,+1 (312) 329-1909,PRIMARY_PHONE,phone,CUST_PREMIUM_001212
CUST_PREMIUM_001212,4429,ISSUED_CARD,card_last4,CUST_PREMIUM_001212
shah.rafael@atlasmail.net,ck_59dcad4f36,SESSION_COOKIE,cookie,CUST_PREMIUM_001212
shah.rafael@atlasmail.net,dev_e5a7a84791,AUTHENTICATED_DEVICE,device_id,CUST_PREMIUM_001212
shah.rafael@atlasmail.net,dev_shared_50cf8b2b8,AUTHENTICATED_DEVICE,device_id,CUST_PREMIUM_001212
CUST_PREMIUM_001213,kabir.white18@example.com,PRIMARY_EMAIL,email,CUST_PREMIUM_001213
CUST_PREMIUM_001213,+1 (469) 509-9828,PRIMARY_PHONE,phone,CUST_PREMIUM_001213
CUST_PREMIUM_001213,7770,ISSUED_CARD,card_last4,CUST_PREMIUM_001213
kabir.white18@example.com,ck_3fbacc954c,SESSION_COOKIE,cookie,CUST_PREMIUM_001213
kabir.white18@example.com,dev_c26f332c15,AUTHENTICATED_DEVICE,device_id,CUST_PREMIUM_001213
CUST_PREMIUM_001214,diaz.maya@capital-demo.org,PRIMARY_EMAIL,email,CUST_PREMIUM_001214
CUST_PREMIUM_001214,+1 (310) 392-7747,PRIMARY_PHONE,phone,CUST_PREMIUM_001214
CUST_PREMIUM_001214,9444,ISSUED_CARD,card_last4,CUST_PREMIUM_001214
diaz.maya@capital-demo.org,ck_53a2b27926,SESSION_COOKIE,cookie,CUST_PREMIUM_001214
diaz.maya@capital-demo.org,ck_d92b2aab11,SESSION_COOKIE,cookie,CUST_PREMIUM_001214
diaz.maya@capital-demo.org,ck_20bbb0a66f,SESSION_COOKIE,cookie,CUST_PREMIUM_001214
diaz.maya@capital-demo.org,dev_f8d6963ac0,AUTHENTICATED_DEVICE,device_id,CUST_PREMIUM_001214
CUST_PREMIUM_001215,omarwang@northstar.org,PRIMARY_EMAIL,email,CUST_PREMIUM_001215
CUST_PREMIUM_001215,+1 (312) 440-5666,PRIMARY_PHONE,phone,CUST_PREMIUM_001215
CUST_PREMIUM_001215,4497,ISSUED_CARD,card_last4,CUST_PREMIUM_001215
omarwang@northstar.org,ck_d9b8382c35,SESSION_COOKIE,cookie,CUST_PREMIUM_001215
omarwang@northstar.org,ck_69dac196f1,SESSION_COOKIE,cookie,CUST_PREMIUM_001215
omarwang@northstar.org,dev_0aab6de600,AUTHENTICATED_DEVICE,device_id,CUST_PREMIUM_001215
CUST_PREMIUM_001216,ibrahimnakamura@summitmail.net,PRIMARY_EMAIL,email,CUST_PREMIUM_001216
CUST_PREMIUM_001216,+1 (416) 576-3585,PRIMARY_PHONE,phone,CUST_PREMIUM_001216
CUST_PREMIUM_001216,9749,ISSUED_CARD,card_last4,CUST_PREMIUM_001216
ibrahimnakamura@summitmail.net,ck_f3d1bd35c1,SESSION_COOKIE,cookie,CUST_PREMIUM_001216
ibrahimnakamura@summitmail.net,ck_19617433dc,SESSION_COOKIE,cookie,CUST_PREMIUM_001216
ibrahimnakamura@summitmail.net,ck_dafa6b3414,SESSION_COOKIE,cookie,CUST_PREMIUM_001216
ibrahimnakamura@summitmail.net,ck_635ed3fb45,SESSION_COOKIE,cookie,CUST_PREMIUM_001216
ibrahimnakamura@summitmail.net,dev_8c0dc3691a,AUTHENTICATED_DEVICE,device_id,CUST_PREMIUM_001216
ibrahimnakamura@summitmail.net,dev_shared_ff8b83977,AUTHENTICATED_DEVICE,device_id,CUST_PREMIUM_001216
CUST_PREMIUM_001217,liam.evans@northstar.org,PRIMARY_EMAIL,email,CUST_PREMIUM_001217
CUST_PREMIUM_001217,+1 (718) 646-1504,PRIMARY_PHONE,phone,CUST_PREMIUM_001217
CUST_PREMIUM_001217,3542,ISSUED_CARD,card_last4,CUST_PREMIUM_001217
liam.evans@northstar.org,ck_2c08122119,SESSION_COOKIE,cookie,CUST_PREMIUM_001217
liam.evans@northstar.org,dev_d2984b88cb,AUTHENTICATED_DEVICE,device_id,CUST_PREMIUM_001217
CUST_PREMIUM_001218,dev.young@bluepeak.co,PRIMARY_EMAIL,email,CUST_PREMIUM_001218
CUST_PREMIUM_001218,+1 (212) 529-9423,PRIMARY_PHONE,phone,CUST_PREMIUM_001218
CUST_PREMIUM_001218,8650,ISSUED_CARD,card_last4,CUST_PREMIUM_001218
dev.young@bluepeak.co,ck_fde0b9e306,SESSION_COOKIE,cookie,CUST_PREMIUM_001218
dev.young@bluepeak.co,dev_e784a76c00,AUTHENTICATED_DEVICE,device_id,CUST_PREMIUM_001218
CUST_PREMIUM_001219,g.martin@summitmail.net,PRIMARY_EMAIL,email,CUST_PREMIUM_001219
CUST_PREMIUM_001219,+1 (469) 731-7342,PRIMARY_PHONE,phone,CUST_PREMIUM_001219
CUST_PREMIUM_001219,0124,ISSUED_CARD,card_last4,CUST_PREMIUM_001219
g.martin@summitmail.net,ck_ffe5c3aeff,SESSION_COOKIE,cookie,CUST_PREMIUM_001219
g.martin@summitmail.net,ck_e130588ec8,SESSION_COOKIE,cookie,CUST_PREMIUM_001219
g.martin@summitmail.net,ck_87dd6d6228,SESSION_COOKIE,cookie,CUST_PREMIUM_001219
g.martin@summitmail.net,ck_edea6af5a1,SESSION_COOKIE,cookie,CUST_PREMIUM_001219
g.martin@summitmail.net,dev_f22c2eb10b,AUTHENTICATED_DEVICE,device_id,CUST_PREMIUM_001219
CUST_PREMIUM_001220,elias.wilson25@harbor.example,PRIMARY_EMAIL,email,CUST_PREMIUM_001220
CUST_PREMIUM_001220,+1 (416) 724-5261,PRIMARY_PHONE,phone,CUST_PREMIUM_001220
CUST_PREMIUM_001220,7109,ISSUED_CARD,card_last4,CUST_PREMIUM_001220
elias.wilson25@harbor.example,ck_e8feae4dff,SESSION_COOKIE,cookie,CUST_PREMIUM_001220
elias.wilson25@harbor.example,dev_b7ca2ad7f5,AUTHENTICATED_DEVICE,device_id,CUST_PREMIUM_001220
elias.wilson25@harbor.example,dev_6c2bc9b4aa,AUTHENTICATED_DEVICE,device_id,CUST_PREMIUM_001220
CUST_PREMIUM_001221,andrewilliams@example.com,PRIMARY_EMAIL,email,CUST_PREMIUM_001221
CUST_PREMIUM_001221,+1 (617) 717-3180,PRIMARY_PHONE,phone,CUST_PREMIUM_001221
CUST_PREMIUM_001221,1697,ISSUED_CARD,card_last4,CUST_PREMIUM_001221
andrewilliams@example.com,ck_372f91c31c,SESSION_COOKIE,cookie,CUST_PREMIUM_001221
andrewilliams@example.com,dev_e9097fee86,AUTHENTICATED_DEVICE,device_id,CUST_PREMIUM_001221
CUST_PREMIUM_001222,z.martin@northstar.org,PRIMARY_EMAIL,email,CUST_PREMIUM_001222
CUST_PREMIUM_001222,+1 (202) 776-1099,PRIMARY_PHONE,phone,CUST_PREMIUM_001222
CUST_PREMIUM_001222,1949,ISSUED_CARD,card_last4,CUST_PREMIUM_001222
z.martin@northstar.org,ck_7f476f3d72,SESSION_COOKIE,cookie,CUST_PREMIUM_001222
z.martin@northstar.org,ck_daeeb91710,SESSION_COOKIE,cookie,CUST_PREMIUM_001222
z.martin@northstar.org,dev_a9f4efcdb6,AUTHENTICATED_DEVICE,device_id,CUST_PREMIUM_001222
CUST_PREMIUM_001223,zara.ito28@bluepeak.co,PRIMARY_EMAIL,email,CUST_PREMIUM_001223
CUST_PREMIUM_001223,+1 (212) 714-9018,PRIMARY_PHONE,phone,CUST_PREMIUM_001223
CUST_PREMIUM_001223,2193,ISSUED_CARD,card_last4,CUST_PREMIUM_001223
zara.ito28@bluepeak.co,ck_65439d1e46,SESSION_COOKIE,cookie,CUST_PREMIUM_001223
zara.ito28@bluepeak.co,dev_8254e4c871,AUTHENTICATED_DEVICE,device_id,CUST_PREMIUM_001223
CUST_PREMIUM_001224,kai.brown29@atlasmail.net,PRIMARY_EMAIL,email,CUST_PREMIUM_001224
CUST_PREMIUM_001224,+1 (212) 751-6937,PRIMARY_PHONE,phone,CUST_PREMIUM_001224
CUST_PREMIUM_001224,8935,ISSUED_CARD,card_last4,CUST_PREMIUM_001224
kai.brown29@atlasmail.net,ck_efafd8f8fb,SESSION_COOKIE,cookie,CUST_PREMIUM_001224
kai.brown29@atlasmail.net,ck_151978dc65,SESSION_COOKIE,cookie,CUST_PREMIUM_001224
kai.brown29@atlasmail.net,dev_465a2025a6,AUTHENTICATED_DEVICE,device_id,CUST_PREMIUM_001224
kai.brown29@atlasmail.net,dev_shared_ae8cf1038,AUTHENTICATED_DEVICE,device_id,CUST_PREMIUM_001224
CUST_PREMIUM_001225,turner.elias@example.com,PRIMARY_EMAIL,email,CUST_PREMIUM_001225
CUST_PREMIUM_001225,+1 (206) 854-4856,PRIMARY_PHONE,phone,CUST_PREMIUM_001225
CUST_PREMIUM_001225,0853,ISSUED_CARD,card_last4,CUST_PREMIUM_001225
turner.elias@example.com,ck_862427c8ff,SESSION_COOKIE,cookie,CUST_PREMIUM_001225
turner.elias@example.com,dev_e7ca4b64ac,AUTHENTICATED_DEVICE,device_id,CUST_PREMIUM_001225
turner.elias@example.com,dev_shared_caed0e8e0,AUTHENTICATED_DEVICE,device_id,CUST_PREMIUM_001225
CUST_PREMIUM_001226,hannah.lee31@bluepeak.co,PRIMARY_EMAIL,email,CUST_PREMIUM_001226
CUST_PREMIUM_001226,+1 (416) 246-2775,PRIMARY_PHONE,phone,CUST_PREMIUM_001226
CUST_PREMIUM_001226,7154,ISSUED_CARD,card_last4,CUST_PREMIUM_001226
hannah.lee31@bluepeak.co,ck_bde82c6907,SESSION_COOKIE,cookie,CUST_PREMIUM_001226
hannah.lee31@bluepeak.co,dev_5d0b7bc54e,AUTHENTICATED_DEVICE,device_id,CUST_PREMIUM_001226
CUST_PREMIUM_001227,eliasyoung@capital-demo.org,PRIMARY_EMAIL,email,CUST_PREMIUM_001227
CUST_PREMIUM_001227,+1 (212) 862-0694,PRIMARY_PHONE,phone,CUST_PREMIUM_001227
CUST_PREMIUM_001227,9646,ISSUED_CARD,card_last4,CUST_PREMIUM_001227
eliasyoung@capital-demo.org,ck_1992458180,SESSION_COOKIE,cookie,CUST_PREMIUM_001227
eliasyoung@capital-demo.org,dev_71d1d6f711,AUTHENTICATED_DEVICE,device_id,CUST_PREMIUM_001227
eliasyoung@capital-demo.org,dev_13b8c31fb0,AUTHENTICATED_DEVICE,device_id,CUST_PREMIUM_001227
CUST_PREMIUM_001228,f.young@northstar.org,PRIMARY_EMAIL,email,CUST_PREMIUM_001228
CUST_PREMIUM_001228,+1 (404) 287-8613,PRIMARY_PHONE,phone,CUST_PREMIUM_001228
CUST_PREMIUM_001228,4213,ISSUED_CARD,card_last4,CUST_PREMIUM_001228
f.young@northstar.org,ck_68667aa89a,SESSION_COOKIE,cookie,CUST_PREMIUM_001228
f.young@northstar.org,dev_9d89a8a603,AUTHENTICATED_DEVICE,device_id,CUST_PREMIUM_001228
CUST_PREMIUM_001229,e.ito@bluepeak.co,PRIMARY_EMAIL,email,CUST_PREMIUM_001229
CUST_PREMIUM_001229,+1 (202) 335-6532,PRIMARY_PHONE,phone,CUST_PREMIUM_001229
CUST_PREMIUM_001229,1731,ISSUED_CARD,card_last4,CUST_PREMIUM_001229
e.ito@bluepeak.co,ck_91a8217460,SESSION_COOKIE,cookie,CUST_PREMIUM_001229
e.ito@bluepeak.co,dev_692a82df44,AUTHENTICATED_DEVICE,device_id,CUST_PREMIUM_001229
CUST_PREMIUM_001230,meerawilliams@atlasmail.net,PRIMARY_EMAIL,email,CUST_PREMIUM_001230
CUST_PREMIUM_001230,+1 (212) 273-4451,PRIMARY_PHONE,phone,CUST_PREMIUM_001230
CUST_PREMIUM_001230,3710,ISSUED_CARD,card_last4,CUST_PREMIUM_001230
meerawilliams@atlasmail.net,ck_0107b93992,SESSION_COOKIE,cookie,CUST_PREMIUM_001230
meerawilliams@atlasmail.net,ck_59028a0242,SESSION_COOKIE,cookie,CUST_PREMIUM_001230
meerawilliams@atlasmail.net,dev_f78b2e09a1,AUTHENTICATED_DEVICE,device_id,CUST_PREMIUM_001230
meerawilliams@atlasmail.net,dev_87a8eaa8a4,AUTHENTICATED_DEVICE,device_id,CUST_PREMIUM_001230
CUST_PREMIUM_001231,a.carter@capital-demo.org,PRIMARY_EMAIL,email,CUST_PREMIUM_001231
CUST_PREMIUM_001231,+1 (212) 310-2370,PRIMARY_PHONE,phone,CUST_PREMIUM_001231
CUST_PREMIUM_001231,5654,ISSUED_CARD,card_last4,CUST_PREMIUM_001231
a.carter@capital-demo.org,ck_cba1bf78c4,SESSION_COOKIE,cookie,CUST_PREMIUM_001231
a.carter@capital-demo.org,dev_5b7bb3fc76,AUTHENTICATED_DEVICE,device_id,CUST_PREMIUM_001231
CUST_PREMIUM_001232,victoriaclark@example.com,PRIMARY_EMAIL,email,CUST_PREMIUM_001232
CUST_PREMIUM_001232,+1 (917) 490-0289,PRIMARY_PHONE,phone,CUST_PREMIUM_001232
CUST_PREMIUM_001232,9174,ISSUED_CARD,card_last4,CUST_PREMIUM_001232
victoriaclark@example.com,ck_41ac75de5a,SESSION_COOKIE,cookie,CUST_PREMIUM_001232
victoriaclark@example.com,dev_606e3514f9,AUTHENTICATED_DEVICE,device_id,CUST_PREMIUM_001232
CUST_PREMIUM_001233,akiraevans@atlasmail.net,PRIMARY_EMAIL,email,CUST_PREMIUM_001233
CUST_PREMIUM_001233,+1 (310) 395-8208,PRIMARY_PHONE,phone,CUST_PREMIUM_001233
CUST_PREMIUM_001233,4498,ISSUED_CARD,card_last4,CUST_PREMIUM_001233
akiraevans@atlasmail.net,ck_4e70d30d6b,SESSION_COOKIE,cookie,CUST_PREMIUM_001233
akiraevans@atlasmail.net,dev_ee22176a99,AUTHENTICATED_DEVICE,device_id,CUST_PREMIUM_001233
CUST_PREMIUM_001234,camila.davis39@capital-demo.org,PRIMARY_EMAIL,email,CUST_PREMIUM_001234
CUST_PREMIUM_001234,+1 (214) 465-6127,PRIMARY_PHONE,phone,CUST_PREMIUM_001234
CUST_PREMIUM_001234,5601,ISSUED_CARD,card_last4,CUST_PREMIUM_001234
camila.davis39@capital-demo.org,ck_c6ce13a855,SESSION_COOKIE,cookie,CUST_PREMIUM_001234
camila.davis39@capital-demo.org,ck_e06a5c4bd1,SESSION_COOKIE,cookie,CUST_PREMIUM_001234
camila.davis39@capital-demo.org,dev_796b2deb6c,AUTHENTICATED_DEVICE,device_id,CUST_PREMIUM_001234
CUST_PREMIUM_001235,maya.kumar40@vectorlabs.co,PRIMARY_EMAIL,email,CUST_PREMIUM_001235
CUST_PREMIUM_001235,+1 (650) 590-4046,PRIMARY_PHONE,phone,CUST_PREMIUM_001235
CUST_PREMIUM_001235,2158,ISSUED_CARD,card_last4,CUST_PREMIUM_001235
maya.kumar40@vectorlabs.co,ck_58648013c4,SESSION_COOKIE,cookie,CUST_PREMIUM_001235
maya.kumar40@vectorlabs.co,ck_61f40af438,SESSION_COOKIE,cookie,CUST_PREMIUM_001235
maya.kumar40@vectorlabs.co,dev_cec671f4f2,AUTHENTICATED_DEVICE,device_id,CUST_PREMIUM_001235
CUST_PREMIUM_001236,hannah.khan41@northstar.org,PRIMARY_EMAIL,email,CUST_PREMIUM_001236
CUST_PREMIUM_001236,+1 (404) 583-1965,PRIMARY_PHONE,phone,CUST_PREMIUM_001236
CUST_PREMIUM_001236,2065,ISSUED_CARD,card_last4,CUST_PREMIUM_001236
hannah.khan41@northstar.org,ck_502dec32e8,SESSION_COOKIE,cookie,CUST_PREMIUM_001236
hannah.khan41@northstar.org,dev_d8606254dc,AUTHENTICATED_DEVICE,device_id,CUST_PREMIUM_001236
CUST_PREMIUM_001237,noradiaz@example.com,PRIMARY_EMAIL,email,CUST_PREMIUM_001237
CUST_PREMIUM_001237,+1 (415) 565-9884,PRIMARY_PHONE,phone,CUST_PREMIUM_001237
CUST_PREMIUM_001237,5327,ISSUED_CARD,card_last4,CUST_PREMIUM_001237
noradiaz@example.com,ck_06f191b674,SESSION_COOKIE,cookie,CUST_PREMIUM_001237
noradiaz@example.com,dev_7b1ff996ae,AUTHENTICATED_DEVICE,device_id,CUST_PREMIUM_001237
CUST_PREMIUM_001238,adrian.robinson@vectorlabs.co,PRIMARY_EMAIL,email,CUST_PREMIUM_001238
CUST_PREMIUM_001238,+1 (917) 712-7803,PRIMARY_PHONE,phone,CUST_PREMIUM_001238
CUST_PREMIUM_001238,3452,ISSUED_CARD,card_last4,CUST_PREMIUM_001238
adrian.robinson@vectorlabs.co,ck_ba63c3b2b4,SESSION_COOKIE,cookie,CUST_PREMIUM_001238
adrian.robinson@vectorlabs.co,ck_fce978b162,SESSION_COOKIE,cookie,CUST_PREMIUM_001238
adrian.robinson@vectorlabs.co,dev_bfd416fee5,AUTHENTICATED_DEVICE,device_id,CUST_PREMIUM_001238
adrian.robinson@vectorlabs.co,dev_b2e3defcfb,AUTHENTICATED_DEVICE,device_id,CUST_PREMIUM_001238
CUST_PREMIUM_001239,hiro.smith@capital-demo.org,PRIMARY_EMAIL,email,CUST_PREMIUM_001239
CUST_PREMIUM_001239,+1 (202) 705-5722,PRIMARY_PHONE,phone,CUST_PREMIUM_001239
CUST_PREMIUM_001239,1324,ISSUED_CARD,card_last4,CUST_PREMIUM_001239
hiro.smith@capital-demo.org,ck_468e29121d,SESSION_COOKIE,cookie,CUST_PREMIUM_001239
hiro.smith@capital-demo.org,dev_a1f568e1e7,AUTHENTICATED_DEVICE,device_id,CUST_PREMIUM_001239
CUST_PREMIUM_001240,amelia.chen45@atlasmail.net,PRIMARY_EMAIL,email,CUST_PREMIUM_001240
CUST_PREMIUM_001240,+1 (415) 676-3641,PRIMARY_PHONE,phone,CUST_PREMIUM_001240
CUST_PREMIUM_001240,4307,ISSUED_CARD,card_last4,CUST_PREMIUM_001240
amelia.chen45@atlasmail.net,ck_6d29ae3c83,SESSION_COOKIE,cookie,CUST_PREMIUM_001240
amelia.chen45@atlasmail.net,dev_1a072f09d0,AUTHENTICATED_DEVICE,device_id,CUST_PREMIUM_001240
CUST_PREMIUM_001241,m.martinez@northstar.org,PRIMARY_EMAIL,email,CUST_PREMIUM_001241
CUST_PREMIUM_001241,+1 (469) 845-1560,PRIMARY_PHONE,phone,CUST_PREMIUM_001241
CUST_PREMIUM_001241,7588,ISSUED_CARD,card_last4,CUST_PREMIUM_001241
m.martinez@northstar.org,ck_0406b53616,SESSION_COOKIE,cookie,CUST_PREMIUM_001241
m.martinez@northstar.org,ck_b3833e1112,SESSION_COOKIE,cookie,CUST_PREMIUM_001241
m.martinez@northstar.org,dev_690b5478a8,AUTHENTICATED_DEVICE,device_id,CUST_PREMIUM_001241
m.martinez@northstar.org,dev_8300ac51f2,AUTHENTICATED_DEVICE,device_id,CUST_PREMIUM_001241
CUST_PREMIUM_001242,sarahall@harbor.example,PRIMARY_EMAIL,email,CUST_PREMIUM_001242
CUST_PREMIUM_001242,+1 (404) 805-9479,PRIMARY_PHONE,phone,CUST_PREMIUM_001242
CUST_PREMIUM_001242,9772,ISSUED_CARD,card_last4,CUST_PREMIUM_001242
sarahall@harbor.example,ck_db3a2fa0b8,SESSION_COOKIE,cookie,CUST_PREMIUM_001242
sarahall@harbor.example,dev_4a01655a74,AUTHENTICATED_DEVICE,device_id,CUST_PREMIUM_001242
CUST_PREMIUM_001243,clark.jonah@vectorlabs.co,PRIMARY_EMAIL,email,CUST_PREMIUM_001243
CUST_PREMIUM_001243,+1 (415) 787-7398,PRIMARY_PHONE,phone,CUST_PREMIUM_001243
CUST_PREMIUM_001243,9985,ISSUED_CARD,card_last4,CUST_PREMIUM_001243
clark.jonah@vectorlabs.co,ck_ebc23089d9,SESSION_COOKIE,cookie,CUST_PREMIUM_001243
clark.jonah@vectorlabs.co,dev_233a88353a,AUTHENTICATED_DEVICE,device_id,CUST_PREMIUM_001243
clark.jonah@vectorlabs.co,dev_shared_848c1f350,AUTHENTICATED_DEVICE,device_id,CUST_PREMIUM_001243
CUST_PREMIUM_001244,harper.smith49@vectorlabs.co,PRIMARY_EMAIL,email,CUST_PREMIUM_001244
CUST_PREMIUM_001244,+1 (917) 234-5317,PRIMARY_PHONE,phone,CUST_PREMIUM_001244
CUST_PREMIUM_001244,7704,ISSUED_CARD,card_last4,CUST_PREMIUM_001244
harper.smith49@vectorlabs.co,ck_e1027aa48a,SESSION_COOKIE,cookie,CUST_PREMIUM_001244
harper.smith49@vectorlabs.co,dev_ba58436fda,AUTHENTICATED_DEVICE,device_id,CUST_PREMIUM_001244
harper.smith49@vectorlabs.co,dev_shared_867cb659c,AUTHENTICATED_DEVICE,device_id,CUST_PREMIUM_001244
CUST_PREMIUM_001245,omar.taylor@summitmail.net,PRIMARY_EMAIL,email,CUST_PREMIUM_001245
CUST_PREMIUM_001245,+1 (312) 850-3236,PRIMARY_PHONE,phone,CUST_PREMIUM_001245
CUST_PREMIUM_001245,3724,ISSUED_CARD,card_last4,CUST_PREMIUM_001245
omar.taylor@summitmail.net,ck_516eac2113,SESSION_COOKIE,cookie,CUST_PREMIUM_001245
omar.taylor@summitmail.net,dev_cd29a423d4,AUTHENTICATED_DEVICE,device_id,CUST_PREMIUM_001245
CUST_PREMIUM_001246,jones.andre@vectorlabs.co,PRIMARY_EMAIL,email,CUST_PREMIUM_001246
CUST_PREMIUM_001246,+1 (312) 887-1155,PRIMARY_PHONE,phone,CUST_PREMIUM_001246
CUST_PREMIUM_001246,1426,ISSUED_CARD,card_last4,CUST_PREMIUM_001246
jones.andre@vectorlabs.co,ck_9b1cc24cd5,SESSION_COOKIE,cookie,CUST_PREMIUM_001246
jones.andre@vectorlabs.co,ck_89ce134598,SESSION_COOKIE,cookie,CUST_PREMIUM_001246
jones.andre@vectorlabs.co,dev_a77c7f67de,AUTHENTICATED_DEVICE,device_id,CUST_PREMIUM_001246
CUST_PREMIUM_001247,a.patel@example.com,PRIMARY_EMAIL,email,CUST_PREMIUM_001247
CUST_PREMIUM_001247,+1 (718) 356-9074,PRIMARY_PHONE,phone,CUST_PREMIUM_001247
CUST_PREMIUM_001247,5087,ISSUED_CARD,card_last4,CUST_PREMIUM_001247
a.patel@example.com,ck_163ce963ad,SESSION_COOKIE,cookie,CUST_PREMIUM_001247
a.patel@example.com,dev_dd470fd506,AUTHENTICATED_DEVICE,device_id,CUST_PREMIUM_001247
CUST_PREMIUM_001248,avery.wilson53@northstar.org,PRIMARY_EMAIL,email,CUST_PREMIUM_001248
CUST_PREMIUM_001248,+1 (917) 382-6993,PRIMARY_PHONE,phone,CUST_PREMIUM_001248
CUST_PREMIUM_001248,5834,ISSUED_CARD,card_last4,CUST_PREMIUM_001248
avery.wilson53@northstar.org,ck_0b9ec5ece7,SESSION_COOKIE,cookie,CUST_PREMIUM_001248
avery.wilson53@northstar.org,ck_8e9b432148,SESSION_COOKIE,cookie,CUST_PREMIUM_001248
avery.wilson53@northstar.org,dev_91fb00b37f,AUTHENTICATED_DEVICE,device_id,CUST_PREMIUM_001248
CUST_PREMIUM_001249,h.lopez@vectorlabs.co,PRIMARY_EMAIL,email,CUST_PREMIUM_001249
CUST_PREMIUM_001249,+1 (404) 364-4912,PRIMARY_PHONE,phone,CUST_PREMIUM_001249
CUST_PREMIUM_001249,1888,ISSUED_CARD,card_last4,CUST_PREMIUM_001249
h.lopez@vectorlabs.co,ck_0aee108a91,SESSION_COOKIE,cookie,CUST_PREMIUM_001249
h.lopez@vectorlabs.co,ck_133eefa87f,SESSION_COOKIE,cookie,CUST_PREMIUM_001249
h.lopez@vectorlabs.co,dev_48ef3a0737,AUTHENTICATED_DEVICE,device_id,CUST_PREMIUM_001249
CUST_PREMIUM_001250,maya.lee55@atlasmail.net,PRIMARY_EMAIL,email,CUST_PREMIUM_001250
CUST_PREMIUM_001250,+1 (415) 346-2831,PRIMARY_PHONE,phone,CUST_PREMIUM_001250
CUST_PREMIUM_001250,5686,ISSUED_CARD,card_last4,CUST_PREMIUM_001250
maya.lee55@atlasmail.net,ck_14a2eef1f7,SESSION_COOKIE,cookie,CUST_PREMIUM_001250
maya.lee55@atlasmail.net,dev_bdcf0fbc2d,AUTHENTICATED_DEVICE,device_id,CUST_PREMIUM_001250
CUST_PREMIUM_001251,theoanderson@summitmail.net,PRIMARY_EMAIL,email,CUST_PREMIUM_001251
CUST_PREMIUM_001251,+1 (214) 394-0750,PRIMARY_PHONE,phone,CUST_PREMIUM_001251
CUST_PREMIUM_001251,1735,ISSUED_CARD,card_last4,CUST_PREMIUM_001251
theoanderson@summitmail.net,ck_6bd2799f03,SESSION_COOKIE,cookie,CUST_PREMIUM_001251
theoanderson@summitmail.net,dev_74ee6c7910,AUTHENTICATED_DEVICE,device_id,CUST_PREMIUM_001251
CUST_PREMIUM_001252,akirawang@vectorlabs.co,PRIMARY_EMAIL,email,CUST_PREMIUM_001252
CUST_PREMIUM_001252,+1 (310) 398-8669,PRIMARY_PHONE,phone,CUST_PREMIUM_001252
CUST_PREMIUM_001252,7888,ISSUED_CARD,card_last4,CUST_PREMIUM_001252
akirawang@vectorlabs.co,ck_b749697364,SESSION_COOKIE,cookie,CUST_PREMIUM_001252
akirawang@vectorlabs.co,dev_fbf108fb2c,AUTHENTICATED_DEVICE,device_id,CUST_PREMIUM_001252
akirawang@vectorlabs.co,dev_5fd27095f2,AUTHENTICATED_DEVICE,device_id,CUST_PREMIUM_001252
CUST_PREMIUM_001253,rafael.wilson@orchardmail.com,PRIMARY_EMAIL,email,CUST_PREMIUM_001253
CUST_PREMIUM_001253,+1 (416) 545-6588,PRIMARY_PHONE,phone,CUST_PREMIUM_001253
CUST_PREMIUM_001253,7339,ISSUED_CARD,card_last4,CUST_PREMIUM_001253
rafael.wilson@orchardmail.com,ck_19d16353b6,SESSION_COOKIE,cookie,CUST_PREMIUM_001253
rafael.wilson@orchardmail.com,ck_906e7627a1,SESSION_COOKIE,cookie,CUST_PREMIUM_001253
rafael.wilson@orchardmail.com,dev_84bbeac47a,AUTHENTICATED_DEVICE,device_id,CUST_PREMIUM_001253
rafael.wilson@orchardmail.com,dev_f382b71262,AUTHENTICATED_DEVICE,device_id,CUST_PREMIUM_001253
CUST_PREMIUM_001254,a.morris@summitmail.net,PRIMARY_EMAIL,email,CUST_PREMIUM_001254
CUST_PREMIUM_001254,+1 (404) 549-4507,PRIMARY_PHONE,phone,CUST_PREMIUM_001254
CUST_PREMIUM_001254,7855,ISSUED_CARD,card_last4,CUST_PREMIUM_001254
a.morris@summitmail.net,ck_4f85090f04,SESSION_COOKIE,cookie,CUST_PREMIUM_001254
a.morris@summitmail.net,dev_9922557049,AUTHENTICATED_DEVICE,device_id,CUST_PREMIUM_001254
CUST_PREMIUM_001255,hiro.thompson@bluepeak.co,PRIMARY_EMAIL,email,CUST_PREMIUM_001255
CUST_PREMIUM_001255,+1 (305) 553-2426,PRIMARY_PHONE,phone,CUST_PREMIUM_001255
CUST_PREMIUM_001255,3892,ISSUED_CARD,card_last4,CUST_PREMIUM_001255
hiro.thompson@bluepeak.co,ck_d408da0d7a,SESSION_COOKIE,cookie,CUST_PREMIUM_001255
hiro.thompson@bluepeak.co,dev_d5beb57c33,AUTHENTICATED_DEVICE,device_id,CUST_PREMIUM_001255
CUST_PREMIUM_001256,t.williams@capital-demo.org,PRIMARY_EMAIL,email,CUST_PREMIUM_001256
CUST_PREMIUM_001256,+1 (214) 579-0345,PRIMARY_PHONE,phone,CUST_PREMIUM_001256
CUST_PREMIUM_001256,8176,ISSUED_CARD,card_last4,CUST_PREMIUM_001256
t.williams@capital-demo.org,ck_39a0fc9205,SESSION_COOKIE,cookie,CUST_PREMIUM_001256
t.williams@capital-demo.org,ck_50c5f27f38,SESSION_COOKIE,cookie,CUST_PREMIUM_001256
t.williams@capital-demo.org,dev_85b261799b,AUTHENTICATED_DEVICE,device_id,CUST_PREMIUM_001256
t.williams@capital-demo.org,dev_shared_34aecb8f1,AUTHENTICATED_DEVICE,device_id,CUST_PREMIUM_001256
CUST_PREMIUM_001257,jack.kumar62@example.com,PRIMARY_EMAIL,email,CUST_PREMIUM_001257
CUST_PREMIUM_001257,+1 (305) 627-8264,PRIMARY_PHONE,phone,CUST_PREMIUM_001257
CUST_PREMIUM_001257,9408,ISSUED_CARD,card_last4,CUST_PREMIUM_001257
jack.kumar62@example.com,ck_cd21586d7a,SESSION_COOKIE,cookie,CUST_PREMIUM_001257
jack.kumar62@example.com,ck_ec476f9a55,SESSION_COOKIE,cookie,CUST_PREMIUM_001257
jack.kumar62@example.com,dev_dda47cfe83,AUTHENTICATED_DEVICE,device_id,CUST_PREMIUM_001257
CUST_PREMIUM_001258,a.thomas@bluepeak.co,PRIMARY_EMAIL,email,CUST_PREMIUM_001258
CUST_PREMIUM_001258,+1 (646) 719-6183,PRIMARY_PHONE,phone,CUST_PREMIUM_001258
CUST_PREMIUM_001258,9809,ISSUED_CARD,card_last4,CUST_PREMIUM_001258
a.thomas@bluepeak.co,ck_a5020696dc,SESSION_COOKIE,cookie,CUST_PREMIUM_001258
a.thomas@bluepeak.co,ck_e277a63902,SESSION_COOKIE,cookie,CUST_PREMIUM_001258
a.thomas@bluepeak.co,ck_bd28cb796c,SESSION_COOKIE,cookie,CUST_PREMIUM_001258
a.thomas@bluepeak.co,ck_f1fd7fc1ad,SESSION_COOKIE,cookie,CUST_PREMIUM_001258
a.thomas@bluepeak.co,dev_6e2e05379f,AUTHENTICATED_DEVICE,device_id,CUST_PREMIUM_001258
CUST_PREMIUM_001259,g.roy@capital-demo.org,PRIMARY_EMAIL,email,CUST_PREMIUM_001259
CUST_PREMIUM_001259,+1 (469) 811-4102,PRIMARY_PHONE,phone,CUST_PREMIUM_001259
CUST_PREMIUM_001259,0831,ISSUED_CARD,card_last4,CUST_PREMIUM_001259
g.roy@capital-demo.org,ck_0f38e5583e,SESSION_COOKIE,cookie,CUST_PREMIUM_001259
g.roy@capital-demo.org,dev_1825ae37a1,AUTHENTICATED_DEVICE,device_id,CUST_PREMIUM_001259
g.roy@capital-demo.org,dev_384bacbfc3,AUTHENTICATED_DEVICE,device_id,CUST_PREMIUM_001259
g.roy@capital-demo.org,dev_837b6ad3d1,AUTHENTICATED_DEVICE,device_id,CUST_PREMIUM_001259
g.roy@capital-demo.org,dev_ed74594de7,AUTHENTICATED_DEVICE,device_id,CUST_PREMIUM_001259
g.roy@capital-demo.org,dev_shared_deb7dc5bc,AUTHENTICATED_DEVICE,device_id,CUST_PREMIUM_001259
CUST_PREMIUM_001260,ethansato@bluepeak.co,PRIMARY_EMAIL,email,CUST_PREMIUM_001260
CUST_PREMIUM_001260,+1 (214) 727-2021,PRIMARY_PHONE,phone,CUST_PREMIUM_001260
CUST_PREMIUM_001260,8876,ISSUED_CARD,card_last4,CUST_PREMIUM_001260
ethansato@bluepeak.co,ck_6d4376880b,SESSION_COOKIE,cookie,CUST_PREMIUM_001260
ethansato@bluepeak.co,ck_9aaea95749,SESSION_COOKIE,cookie,CUST_PREMIUM_001260
ethansato@bluepeak.co,dev_9dd4527f9e,AUTHENTICATED_DEVICE,device_id,CUST_PREMIUM_001260
CUST_PREMIUM_001261,t.patel@northstar.org,PRIMARY_EMAIL,email,CUST_PREMIUM_001261
CUST_PREMIUM_001261,+1 (416) 841-9940,PRIMARY_PHONE,phone,CUST_PREMIUM_001261
CUST_PREMIUM_001261,7023,ISSUED_CARD,card_last4,CUST_PREMIUM_001261
t.patel@northstar.org,ck_6a9d4c8ae3,SESSION_COOKIE,cookie,CUST_PREMIUM_001261
t.patel@northstar.org,dev_5c501510af,AUTHENTICATED_DEVICE,device_id,CUST_PREMIUM_001261
CUST_PREMIUM_001262,nora.bennett@summitmail.net,PRIMARY_EMAIL,email,CUST_PREMIUM_001262
CUST_PREMIUM_001262,+1 (310) 768-7859,PRIMARY_PHONE,phone,CUST_PREMIUM_001262
CUST_PREMIUM_001262,1209,ISSUED_CARD,card_last4,CUST_PREMIUM_001262
nora.bennett@summitmail.net,ck_ac586ac128,SESSION_COOKIE,cookie,CUST_PREMIUM_001262
nora.bennett@summitmail.net,ck_0d2513491e,SESSION_COOKIE,cookie,CUST_PREMIUM_001262
nora.bennett@summitmail.net,dev_106ff399d4,AUTHENTICATED_DEVICE,device_id,CUST_PREMIUM_001262
CUST_PREMIUM_001263,nathan.williams@summitmail.net,PRIMARY_EMAIL,email,CUST_PREMIUM_001263
CUST_PREMIUM_001263,+1 (312) 816-5778,PRIMARY_PHONE,phone,CUST_PREMIUM_001263
CUST_PREMIUM_001263,0363,ISSUED_CARD,card_last4,CUST_PREMIUM_001263
nathan.williams@summitmail.net,ck_ff7d93def7,SESSION_COOKIE,cookie,CUST_PREMIUM_001263
nathan.williams@summitmail.net,dev_d5a82ac259,AUTHENTICATED_DEVICE,device_id,CUST_PREMIUM_001263
CUST_PREMIUM_001264,diego.murphy@example.com,PRIMARY_EMAIL,email,CUST_PREMIUM_001264
CUST_PREMIUM_001264,+1 (214) 875-3697,PRIMARY_PHONE,phone,CUST_PREMIUM_001264
CUST_PREMIUM_001264,5708,ISSUED_CARD,card_last4,CUST_PREMIUM_001264
diego.murphy@example.com,ck_cff563c570,SESSION_COOKIE,cookie,CUST_PREMIUM_001264
diego.murphy@example.com,dev_8f8600081d,AUTHENTICATED_DEVICE,device_id,CUST_PREMIUM_001264
diego.murphy@example.com,dev_5520bb4cd9,AUTHENTICATED_DEVICE,device_id,CUST_PREMIUM_001264
CUST_PREMIUM_001265,walker.noah@atlasmail.net,PRIMARY_EMAIL,email,CUST_PREMIUM_001265
CUST_PREMIUM_001265,+1 (617) 245-1616,PRIMARY_PHONE,phone,CUST_PREMIUM_001265
CUST_PREMIUM_001265,6525,ISSUED_CARD,card_last4,CUST_PREMIUM_001265
walker.noah@atlasmail.net,ck_f2d32d6ba5,SESSION_COOKIE,cookie,CUST_PREMIUM_001265
walker.noah@atlasmail.net,dev_627b861e96,AUTHENTICATED_DEVICE,device_id,CUST_PREMIUM_001265
CUST_PREMIUM_001266,v.vance@northstar.org,PRIMARY_EMAIL,email,CUST_PREMIUM_001266
CUST_PREMIUM_001266,+1 (650) 337-9535,PRIMARY_PHONE,phone,CUST_PREMIUM_001266
CUST_PREMIUM_001266,7714,ISSUED_CARD,card_last4,CUST_PREMIUM_001266
v.vance@northstar.org,ck_42af5e77d0,SESSION_COOKIE,cookie,CUST_PREMIUM_001266
v.vance@northstar.org,ck_f0cbc67f19,SESSION_COOKIE,cookie,CUST_PREMIUM_001266
v.vance@northstar.org,dev_4f681c47d7,AUTHENTICATED_DEVICE,device_id,CUST_PREMIUM_001266
v.vance@northstar.org,dev_shared_9d52f6451,AUTHENTICATED_DEVICE,device_id,CUST_PREMIUM_001266
CUST_PREMIUM_001267,ravi.young72@summitmail.net,PRIMARY_EMAIL,email,CUST_PREMIUM_001267
CUST_PREMIUM_001267,+1 (212) 242-7454,PRIMARY_PHONE,phone,CUST_PREMIUM_001267
CUST_PREMIUM_001267,4607,ISSUED_CARD,card_last4,CUST_PREMIUM_001267
ravi.young72@summitmail.net,ck_b0fb8f4e3d,SESSION_COOKIE,cookie,CUST_PREMIUM_001267
ravi.young72@summitmail.net,dev_3e942d8aa9,AUTHENTICATED_DEVICE,device_id,CUST_PREMIUM_001267
CUST_PREMIUM_001268,jasmine.martinez73@atlasmail.net,PRIMARY_EMAIL,email,CUST_PREMIUM_001268
CUST_PREMIUM_001268,+1 (917) 422-5373,PRIMARY_PHONE,phone,CUST_PREMIUM_001268
CUST_PREMIUM_001268,9515,ISSUED_CARD,card_last4,CUST_PREMIUM_001268
jasmine.martinez73@atlasmail.net,ck_91e287337e,SESSION_COOKIE,cookie,CUST_PREMIUM_001268
jasmine.martinez73@atlasmail.net,dev_abb1e1a561,AUTHENTICATED_DEVICE,device_id,CUST_PREMIUM_001268
jasmine.martinez73@atlasmail.net,dev_03e5a1a370,AUTHENTICATED_DEVICE,device_id,CUST_PREMIUM_001268
CUST_PREMIUM_001269,gabrielsingh@atlasmail.net,PRIMARY_EMAIL,email,CUST_PREMIUM_001269
CUST_PREMIUM_001269,+1 (312) 338-3292,PRIMARY_PHONE,phone,CUST_PREMIUM_001269
CUST_PREMIUM_001269,7503,ISSUED_CARD,card_last4,CUST_PREMIUM_001269
gabrielsingh@atlasmail.net,ck_197e67d477,SESSION_COOKIE,cookie,CUST_PREMIUM_001269
gabrielsingh@atlasmail.net,dev_703a532aab,AUTHENTICATED_DEVICE,device_id,CUST_PREMIUM_001269
gabrielsingh@atlasmail.net,dev_7a381b39ea,AUTHENTICATED_DEVICE,device_id,CUST_PREMIUM_001269
CUST_PREMIUM_001270,daniel.gupta@harbor.example,PRIMARY_EMAIL,email,CUST_PREMIUM_001270
CUST_PREMIUM_001270,+1 (305) 408-1211,PRIMARY_PHONE,phone,CUST_PREMIUM_001270
CUST_PREMIUM_001270,5940,ISSUED_CARD,card_last4,CUST_PREMIUM_001270
daniel.gupta@harbor.example,ck_748626bea9,SESSION_COOKIE,cookie,CUST_PREMIUM_001270
daniel.gupta@harbor.example,ck_c3653e6991,SESSION_COOKIE,cookie,CUST_PREMIUM_001270
daniel.gupta@harbor.example,ck_7399ec4983,SESSION_COOKIE,cookie,CUST_PREMIUM_001270
daniel.gupta@harbor.example,dev_d9fbfa8663,AUTHENTICATED_DEVICE,device_id,CUST_PREMIUM_001270
daniel.gupta@harbor.example,dev_f009c8bf76,AUTHENTICATED_DEVICE,device_id,CUST_PREMIUM_001270
daniel.gupta@harbor.example,dev_6679ba6950,AUTHENTICATED_DEVICE,device_id,CUST_PREMIUM_001270
CUST_PREMIUM_001271,zara.nguyen76@bluepeak.co,PRIMARY_EMAIL,email,CUST_PREMIUM_001271
CUST_PREMIUM_001271,+1 (917) 533-9130,PRIMARY_PHONE,phone,CUST_PREMIUM_001271
CUST_PREMIUM_001271,0029,ISSUED_CARD,card_last4,CUST_PREMIUM_001271
zara.nguyen76@bluepeak.co,ck_5e8857f373,SESSION_COOKIE,cookie,CUST_PREMIUM_001271
zara.nguyen76@bluepeak.co,ck_59088a56bf,SESSION_COOKIE,cookie,CUST_PREMIUM_001271
zara.nguyen76@bluepeak.co,dev_5a73d59885,AUTHENTICATED_DEVICE,device_id,CUST_PREMIUM_001271
CUST_PREMIUM_001272,zoemiller@orchardmail.com,PRIMARY_EMAIL,email,CUST_PREMIUM_001272
CUST_PREMIUM_001272,+1 (718) 581-7049,PRIMARY_PHONE,phone,CUST_PREMIUM_001272
CUST_PREMIUM_001272,5550,ISSUED_CARD,card_last4,CUST_PREMIUM_001272
zoemiller@orchardmail.com,ck_0a6f17aea2,SESSION_COOKIE,cookie,CUST_PREMIUM_001272
zoemiller@orchardmail.com,ck_7538d1c65e,SESSION_COOKIE,cookie,CUST_PREMIUM_001272
zoemiller@orchardmail.com,ck_27660c9063,SESSION_COOKIE,cookie,CUST_PREMIUM_001272
zoemiller@orchardmail.com,ck_99abb353cd,SESSION_COOKIE,cookie,CUST_PREMIUM_001272
zoemiller@orchardmail.com,ck_4c1514afb8,SESSION_COOKIE,cookie,CUST_PREMIUM_001272
zoemiller@orchardmail.com,ck_17f5d179ae,SESSION_COOKIE,cookie,CUST_PREMIUM_001272
zoemiller@orchardmail.com,dev_0116c8869c,AUTHENTICATED_DEVICE,device_id,CUST_PREMIUM_001272
CUST_PREMIUM_001273,jackson.fatima@vectorlabs.co,PRIMARY_EMAIL,email,CUST_PREMIUM_001273
CUST_PREMIUM_001273,+1 (305) 519-4968,PRIMARY_PHONE,phone,CUST_PREMIUM_001273
CUST_PREMIUM_001273,1612,ISSUED_CARD,card_last4,CUST_PREMIUM_001273
jackson.fatima@vectorlabs.co,ck_3bee66fbfd,SESSION_COOKIE,cookie,CUST_PREMIUM_001273
jackson.fatima@vectorlabs.co,dev_7693ccf622,AUTHENTICATED_DEVICE,device_id,CUST_PREMIUM_001273
jackson.fatima@vectorlabs.co,dev_28973bdb05,AUTHENTICATED_DEVICE,device_id,CUST_PREMIUM_001273
CUST_PREMIUM_001274,rodriguez.kai@bluepeak.co,PRIMARY_EMAIL,email,CUST_PREMIUM_001274
CUST_PREMIUM_001274,+1 (312) 523-2887,PRIMARY_PHONE,phone,CUST_PREMIUM_001274
CUST_PREMIUM_001274,0319,ISSUED_CARD,card_last4,CUST_PREMIUM_001274
rodriguez.kai@bluepeak.co,ck_ec86432f9c,SESSION_COOKIE,cookie,CUST_PREMIUM_001274
rodriguez.kai@bluepeak.co,dev_25b877c68e,AUTHENTICATED_DEVICE,device_id,CUST_PREMIUM_001274
CUST_PREMIUM_001275,oliviathomas@atlasmail.net,PRIMARY_EMAIL,email,CUST_PREMIUM_001275
CUST_PREMIUM_001275,+1 (312) 560-0806,PRIMARY_PHONE,phone,CUST_PREMIUM_001275
CUST_PREMIUM_001275,9077,ISSUED_CARD,card_last4,CUST_PREMIUM_001275
oliviathomas@atlasmail.net,ck_e1a4495e3e,SESSION_COOKIE,cookie,CUST_PREMIUM_001275
oliviathomas@atlasmail.net,dev_e21e08d880,AUTHENTICATED_DEVICE,device_id,CUST_PREMIUM_001275
CUST_PREMIUM_001276,s.khan@example.com,PRIMARY_EMAIL,email,CUST_PREMIUM_001276
CUST_PREMIUM_001276,+1 (212) 575-8725,PRIMARY_PHONE,phone,CUST_PREMIUM_001276
CUST_PREMIUM_001276,9695,ISSUED_CARD,card_last4,CUST_PREMIUM_001276
s.khan@example.com,ck_e37d32db31,SESSION_COOKIE,cookie,CUST_PREMIUM_001276
s.khan@example.com,ck_ca44bc47ff,SESSION_COOKIE,cookie,CUST_PREMIUM_001276
s.khan@example.com,dev_13f3304f5d,AUTHENTICATED_DEVICE,device_id,CUST_PREMIUM_001276
CUST_PREMIUM_001277,elenashah@harbor.example,PRIMARY_EMAIL,email,CUST_PREMIUM_001277
CUST_PREMIUM_001277,+1 (646) 722-6644,PRIMARY_PHONE,phone,CUST_PREMIUM_001277
CUST_PREMIUM_001277,1299,ISSUED_CARD,card_last4,CUST_PREMIUM_001277
elenashah@harbor.example,ck_270d38f181,SESSION_COOKIE,cookie,CUST_PREMIUM_001277
elenashah@harbor.example,ck_a5a33e7706,SESSION_COOKIE,cookie,CUST_PREMIUM_001277
elenashah@harbor.example,dev_4987fbf37f,AUTHENTICATED_DEVICE,device_id,CUST_PREMIUM_001277
CUST_PREMIUM_001278,m.white@orchardmail.com,PRIMARY_EMAIL,email,CUST_PREMIUM_001278
CUST_PREMIUM_001278,+1 (646) 759-4563,PRIMARY_PHONE,phone,CUST_PREMIUM_001278
CUST_PREMIUM_001278,4712,ISSUED_CARD,card_last4,CUST_PREMIUM_001278
m.white@orchardmail.com,ck_8945e395ab,SESSION_COOKIE,cookie,CUST_PREMIUM_001278
m.white@orchardmail.com,ck_a3b71ee969,SESSION_COOKIE,cookie,CUST_PREMIUM_001278
m.white@orchardmail.com,ck_c956b1bb05,SESSION_COOKIE,cookie,CUST_PREMIUM_001278
m.white@orchardmail.com,dev_c76cd7a481,AUTHENTICATED_DEVICE,device_id,CUST_PREMIUM_001278
m.white@orchardmail.com,dev_shared_f59b53e17,AUTHENTICATED_DEVICE,device_id,CUST_PREMIUM_001278
CUST_PREMIUM_001279,camila.campbell@summitmail.net,PRIMARY_EMAIL,email,CUST_PREMIUM_001279
CUST_PREMIUM_001279,+1 (617) 763-2482,PRIMARY_PHONE,phone,CUST_PREMIUM_001279
CUST_PREMIUM_001279,6369,ISSUED_CARD,card_last4,CUST_PREMIUM_001279
camila.campbell@summitmail.net,ck_10783fa713,SESSION_COOKIE,cookie,CUST_PREMIUM_001279
camila.campbell@summitmail.net,dev_05bfd3a26f,AUTHENTICATED_DEVICE,device_id,CUST_PREMIUM_001279
CUST_PREMIUM_001280,kim.jasmine@vectorlabs.co,PRIMARY_EMAIL,email,CUST_PREMIUM_001280
CUST_PREMIUM_001280,+1 (214) 767-0401,PRIMARY_PHONE,phone,CUST_PREMIUM_001280
CUST_PREMIUM_001280,1869,ISSUED_CARD,card_last4,CUST_PREMIUM_001280
kim.jasmine@vectorlabs.co,ck_d6b93e47e3,SESSION_COOKIE,cookie,CUST_PREMIUM_001280
kim.jasmine@vectorlabs.co,dev_3bd326fc01,AUTHENTICATED_DEVICE,device_id,CUST_PREMIUM_001280
CUST_PREMIUM_001281,sterling.hazel@capital-demo.org,PRIMARY_EMAIL,email,CUST_PREMIUM_001281
CUST_PREMIUM_001281,+1 (312) 782-8320,PRIMARY_PHONE,phone,CUST_PREMIUM_001281
CUST_PREMIUM_001281,2017,ISSUED_CARD,card_last4,CUST_PREMIUM_001281
sterling.hazel@capital-demo.org,ck_762507eff5,SESSION_COOKIE,cookie,CUST_PREMIUM_001281
sterling.hazel@capital-demo.org,ck_084bbe3e8a,SESSION_COOKIE,cookie,CUST_PREMIUM_001281
sterling.hazel@capital-demo.org,ck_4934a3f02e,SESSION_COOKIE,cookie,CUST_PREMIUM_001281
sterling.hazel@capital-demo.org,ck_0ff1746e6c,SESSION_COOKIE,cookie,CUST_PREMIUM_001281
sterling.hazel@capital-demo.org,dev_c6158ac007,AUTHENTICATED_DEVICE,device_id,CUST_PREMIUM_001281
sterling.hazel@capital-demo.org,dev_49e492d958,AUTHENTICATED_DEVICE,device_id,CUST_PREMIUM_001281
CUST_PREMIUM_001282,ravi.evans87@example.com,PRIMARY_EMAIL,email,CUST_PREMIUM_001282
CUST_PREMIUM_001282,+1 (202) 896-6239,PRIMARY_PHONE,phone,CUST_PREMIUM_001282
CUST_PREMIUM_001282,9636,ISSUED_CARD,card_last4,CUST_PREMIUM_001282
ravi.evans87@example.com,ck_3477c2604e,SESSION_COOKIE,cookie,CUST_PREMIUM_001282
ravi.evans87@example.com,ck_949c5d16bc,SESSION_COOKIE,cookie,CUST_PREMIUM_001282
ravi.evans87@example.com,ck_6637d36cad,SESSION_COOKIE,cookie,CUST_PREMIUM_001282
ravi.evans87@example.com,dev_5d178ac4b7,AUTHENTICATED_DEVICE,device_id,CUST_PREMIUM_001282
CUST_PREMIUM_001283,lucas.ahmed@harbor.example,PRIMARY_EMAIL,email,CUST_PREMIUM_001283
CUST_PREMIUM_001283,+1 (312) 856-4158,PRIMARY_PHONE,phone,CUST_PREMIUM_001283
CUST_PREMIUM_001283,1194,ISSUED_CARD,card_last4,CUST_PREMIUM_001283
lucas.ahmed@harbor.example,ck_e1d1e1b3b6,SESSION_COOKIE,cookie,CUST_PREMIUM_001283
lucas.ahmed@harbor.example,dev_554e534786,AUTHENTICATED_DEVICE,device_id,CUST_PREMIUM_001283
CUST_PREMIUM_001284,riya.banerjee89@harbor.example,PRIMARY_EMAIL,email,CUST_PREMIUM_001284
CUST_PREMIUM_001284,+1 (650) 303-2077,PRIMARY_PHONE,phone,CUST_PREMIUM_001284
CUST_PREMIUM_001284,3397,ISSUED_CARD,card_last4,CUST_PREMIUM_001284
riya.banerjee89@harbor.example,ck_1807556411,SESSION_COOKIE,cookie,CUST_PREMIUM_001284
riya.banerjee89@harbor.example,dev_c0dd7dca43,AUTHENTICATED_DEVICE,device_id,CUST_PREMIUM_001284
CUST_PREMIUM_001285,z.nguyen@atlasmail.net,PRIMARY_EMAIL,email,CUST_PREMIUM_001285
CUST_PREMIUM_001285,+1 (212) 208-9996,PRIMARY_PHONE,phone,CUST_PREMIUM_001285
CUST_PREMIUM_001285,6098,ISSUED_CARD,card_last4,CUST_PREMIUM_001285
z.nguyen@atlasmail.net,ck_285422c8c1,SESSION_COOKIE,cookie,CUST_PREMIUM_001285
z.nguyen@atlasmail.net,dev_8645b5d8f6,AUTHENTICATED_DEVICE,device_id,CUST_PREMIUM_001285
CUST_PREMIUM_001286,l.perez@capital-demo.org,PRIMARY_EMAIL,email,CUST_PREMIUM_001286
CUST_PREMIUM_001286,+1 (416) 366-7915,PRIMARY_PHONE,phone,CUST_PREMIUM_001286
CUST_PREMIUM_001286,4950,ISSUED_CARD,card_last4,CUST_PREMIUM_001286
l.perez@capital-demo.org,ck_c2f999f137,SESSION_COOKIE,cookie,CUST_PREMIUM_001286
l.perez@capital-demo.org,dev_dbc1b61ecc,AUTHENTICATED_DEVICE,device_id,CUST_PREMIUM_001286
CUST_PREMIUM_001287,garcia.kai@vectorlabs.co,PRIMARY_EMAIL,email,CUST_PREMIUM_001287
CUST_PREMIUM_001287,+1 (202) 381-5834,PRIMARY_PHONE,phone,CUST_PREMIUM_001287
CUST_PREMIUM_001287,4777,ISSUED_CARD,card_last4,CUST_PREMIUM_001287
garcia.kai@vectorlabs.co,ck_01e36bbfe8,SESSION_COOKIE,cookie,CUST_PREMIUM_001287
garcia.kai@vectorlabs.co,dev_8e851b9f7e,AUTHENTICATED_DEVICE,device_id,CUST_PREMIUM_001287
CUST_PREMIUM_001288,alejandrokhan@northstar.org,PRIMARY_EMAIL,email,CUST_PREMIUM_001288
CUST_PREMIUM_001288,+1 (212) 319-3753,PRIMARY_PHONE,phone,CUST_PREMIUM_001288
CUST_PREMIUM_001288,4876,ISSUED_CARD,card_last4,CUST_PREMIUM_001288
alejandrokhan@northstar.org,ck_2e05b481d5,SESSION_COOKIE,cookie,CUST_PREMIUM_001288
alejandrokhan@northstar.org,ck_c7f403b05c,SESSION_COOKIE,cookie,CUST_PREMIUM_001288
alejandrokhan@northstar.org,dev_34111554fc,AUTHENTICATED_DEVICE,device_id,CUST_PREMIUM_001288
CUST_PREMIUM_001289,eleanor.kapoor@vectorlabs.co,PRIMARY_EMAIL,email,CUST_PREMIUM_001289
CUST_PREMIUM_001289,+1 (310) 367-1672,PRIMARY_PHONE,phone,CUST_PREMIUM_001289
CUST_PREMIUM_001289,6187,ISSUED_CARD,card_last4,CUST_PREMIUM_001289
eleanor.kapoor@vectorlabs.co,ck_173abc34c9,SESSION_COOKIE,cookie,CUST_PREMIUM_001289
eleanor.kapoor@vectorlabs.co,ck_8103d0d033,SESSION_COOKIE,cookie,CUST_PREMIUM_001289
eleanor.kapoor@vectorlabs.co,dev_e448870c8b,AUTHENTICATED_DEVICE,device_id,CUST_PREMIUM_001289
CUST_PREMIUM_001290,sophia.wang@northstar.org,PRIMARY_EMAIL,email,CUST_PREMIUM_001290
CUST_PREMIUM_001290,+1 (646) 503-9591,PRIMARY_PHONE,phone,CUST_PREMIUM_001290
CUST_PREMIUM_001290,6599,ISSUED_CARD,card_last4,CUST_PREMIUM_001290
sophia.wang@northstar.org,ck_ad81862ac6,SESSION_COOKIE,cookie,CUST_PREMIUM_001290
sophia.wang@northstar.org,dev_82b07ada88,AUTHENTICATED_DEVICE,device_id,CUST_PREMIUM_001290
sophia.wang@northstar.org,dev_2a5c9bf0d0,AUTHENTICATED_DEVICE,device_id,CUST_PREMIUM_001290
CUST_PREMIUM_001291,fernandez.olivia@atlasmail.net,PRIMARY_EMAIL,email,CUST_PREMIUM_001291
CUST_PREMIUM_001291,+1 (312) 452-7510,PRIMARY_PHONE,phone,CUST_PREMIUM_001291
CUST_PREMIUM_001291,7500,ISSUED_CARD,card_last4,CUST_PREMIUM_001291
fernandez.olivia@atlasmail.net,ck_bf29894497,SESSION_COOKIE,cookie,CUST_PREMIUM_001291
fernandez.olivia@atlasmail.net,dev_a928d84394,AUTHENTICATED_DEVICE,device_id,CUST_PREMIUM_001291
CUST_PREMIUM_001292,alejandrowright@vectorlabs.co,PRIMARY_EMAIL,email,CUST_PREMIUM_001292
CUST_PREMIUM_001292,+1 (310) 478-5429,PRIMARY_PHONE,phone,CUST_PREMIUM_001292
CUST_PREMIUM_001292,7593,ISSUED_CARD,card_last4,CUST_PREMIUM_001292
alejandrowright@vectorlabs.co,ck_e92ec0293d,SESSION_COOKIE,cookie,CUST_PREMIUM_001292
alejandrowright@vectorlabs.co,dev_f5cd6ea8be,AUTHENTICATED_DEVICE,device_id,CUST_PREMIUM_001292
CUST_PREMIUM_001293,arjun.fernandez@atlasmail.net,PRIMARY_EMAIL,email,CUST_PREMIUM_001293
CUST_PREMIUM_001293,+1 (305) 559-3348,PRIMARY_PHONE,phone,CUST_PREMIUM_001293
CUST_PREMIUM_001293,2552,ISSUED_CARD,card_last4,CUST_PREMIUM_001293
arjun.fernandez@atlasmail.net,ck_f4c1ae47d5,SESSION_COOKIE,cookie,CUST_PREMIUM_001293
arjun.fernandez@atlasmail.net,dev_488253285f,AUTHENTICATED_DEVICE,device_id,CUST_PREMIUM_001293
CUST_PREMIUM_001294,yuki.wilson@vectorlabs.co,PRIMARY_EMAIL,email,CUST_PREMIUM_001294
CUST_PREMIUM_001294,+1 (416) 662-1267,PRIMARY_PHONE,phone,CUST_PREMIUM_001294
CUST_PREMIUM_001294,0444,ISSUED_CARD,card_last4,CUST_PREMIUM_001294
yuki.wilson@vectorlabs.co,ck_7ad50fcb60,SESSION_COOKIE,cookie,CUST_PREMIUM_001294
yuki.wilson@vectorlabs.co,ck_e15bedf134,SESSION_COOKIE,cookie,CUST_PREMIUM_001294
yuki.wilson@vectorlabs.co,dev_3a3f19a2db,AUTHENTICATED_DEVICE,device_id,CUST_PREMIUM_001294
CUST_PREMIUM_001295,cooper.zara@capital-demo.org,PRIMARY_EMAIL,email,CUST_PREMIUM_001295
CUST_PREMIUM_001295,+1 (718) 732-9186,PRIMARY_PHONE,phone,CUST_PREMIUM_001295
CUST_PREMIUM_001295,5665,ISSUED_CARD,card_last4,CUST_PREMIUM_001295
cooper.zara@capital-demo.org,ck_981b38aa0f,SESSION_COOKIE,cookie,CUST_PREMIUM_001295
cooper.zara@capital-demo.org,dev_d1a45e6a06,AUTHENTICATED_DEVICE,device_id,CUST_PREMIUM_001295
CUST_PREMIUM_001296,camila.shah4@example.com,PRIMARY_EMAIL,email,CUST_PREMIUM_001296
CUST_PREMIUM_001296,+1 (415) 648-7105,PRIMARY_PHONE,phone,CUST_PREMIUM_001296
CUST_PREMIUM_001296,4188,ISSUED_CARD,card_last4,CUST_PREMIUM_001296
camila.shah4@example.com,ck_2c14f14200,SESSION_COOKIE,cookie,CUST_PREMIUM_001296
camila.shah4@example.com,dev_4315be8201,AUTHENTICATED_DEVICE,device_id,CUST_PREMIUM_001296
CUST_PREMIUM_001297,yuki.clark@example.com,PRIMARY_EMAIL,email,CUST_PREMIUM_001297
CUST_PREMIUM_001297,+1 (212) 652-5024,PRIMARY_PHONE,phone,CUST_PREMIUM_001297
CUST_PREMIUM_001297,2003,ISSUED_CARD,card_last4,CUST_PREMIUM_001297
yuki.clark@example.com,ck_adc871f0b2,SESSION_COOKIE,cookie,CUST_PREMIUM_001297
yuki.clark@example.com,ck_2ac3a5a168,SESSION_COOKIE,cookie,CUST_PREMIUM_001297
yuki.clark@example.com,ck_e3d3b2f9ff,SESSION_COOKIE,cookie,CUST_PREMIUM_001297
yuki.clark@example.com,dev_8f66258ca9,AUTHENTICATED_DEVICE,device_id,CUST_PREMIUM_001297
yuki.clark@example.com,dev_shared_0700824c1,AUTHENTICATED_DEVICE,device_id,CUST_PREMIUM_001297
CUST_PREMIUM_001298,dev.brown6@atlasmail.net,PRIMARY_EMAIL,email,CUST_PREMIUM_001298
CUST_PREMIUM_001298,+1 (469) 854-2943,PRIMARY_PHONE,phone,CUST_PREMIUM_001298
CUST_PREMIUM_001298,7843,ISSUED_CARD,card_last4,CUST_PREMIUM_001298
dev.brown6@atlasmail.net,ck_cd6cdbef80,SESSION_COOKIE,cookie,CUST_PREMIUM_001298
dev.brown6@atlasmail.net,ck_fa615f4ac5,SESSION_COOKIE,cookie,CUST_PREMIUM_001298
dev.brown6@atlasmail.net,ck_4291953dea,SESSION_COOKIE,cookie,CUST_PREMIUM_001298
dev.brown6@atlasmail.net,dev_a202f97ef3,AUTHENTICATED_DEVICE,device_id,CUST_PREMIUM_001298
dev.brown6@atlasmail.net,dev_6485b1bc4e,AUTHENTICATED_DEVICE,device_id,CUST_PREMIUM_001298
CUST_PREMIUM_001299,s.patel@orchardmail.com,PRIMARY_EMAIL,email,CUST_PREMIUM_001299
CUST_PREMIUM_001299,+1 (212) 726-0862,PRIMARY_PHONE,phone,CUST_PREMIUM_001299
CUST_PREMIUM_001299,9583,ISSUED_CARD,card_last4,CUST_PREMIUM_001299
s.patel@orchardmail.com,ck_7e7fbb7e31,SESSION_COOKIE,cookie,CUST_PREMIUM_001299
s.patel@orchardmail.com,dev_b846d85a7d,AUTHENTICATED_DEVICE,device_id,CUST_PREMIUM_001299
CUST_PREMIUM_001300,r.smith@atlasmail.net,PRIMARY_EMAIL,email,CUST_PREMIUM_001300
CUST_PREMIUM_001300,+1 (415) 796-8781,PRIMARY_PHONE,phone,CUST_PREMIUM_001300
CUST_PREMIUM_001300,4572,ISSUED_CARD,card_last4,CUST_PREMIUM_001300
r.smith@atlasmail.net,ck_980b7358bc,SESSION_COOKIE,cookie,CUST_PREMIUM_001300
r.smith@atlasmail.net,dev_cf68721e34,AUTHENTICATED_DEVICE,device_id,CUST_PREMIUM_001300
CUST_PREMIUM_001301,a.chen@example.com,PRIMARY_EMAIL,email,CUST_PREMIUM_001301
CUST_PREMIUM_001301,+1 (310) 811-6700,PRIMARY_PHONE,phone,CUST_PREMIUM_001301
CUST_PREMIUM_001301,4521,ISSUED_CARD,card_last4,CUST_PREMIUM_001301
a.chen@example.com,ck_d9b325dc28,SESSION_COOKIE,cookie,CUST_PREMIUM_001301
a.chen@example.com,dev_2c3784bba0,AUTHENTICATED_DEVICE,device_id,CUST_PREMIUM_001301
CUST_PREMIUM_001302,z.lopez@atlasmail.net,PRIMARY_EMAIL,email,CUST_PREMIUM_001302
CUST_PREMIUM_001302,+1 (310) 848-4619,PRIMARY_PHONE,phone,CUST_PREMIUM_001302
CUST_PREMIUM_001302,4964,ISSUED_CARD,card_last4,CUST_PREMIUM_001302
z.lopez@atlasmail.net,ck_6c6e0b2117,SESSION_COOKIE,cookie,CUST_PREMIUM_001302
z.lopez@atlasmail.net,ck_1a68556f8a,SESSION_COOKIE,cookie,CUST_PREMIUM_001302
z.lopez@atlasmail.net,dev_4d8b981dcb,AUTHENTICATED_DEVICE,device_id,CUST_PREMIUM_001302
CUST_PREMIUM_001303,lucas.roberts11@example.com,PRIMARY_EMAIL,email,CUST_PREMIUM_001303
CUST_PREMIUM_001303,+1 (312) 896-2538,PRIMARY_PHONE,phone,CUST_PREMIUM_001303
CUST_PREMIUM_001303,9755,ISSUED_CARD,card_last4,CUST_PREMIUM_001303
lucas.roberts11@example.com,ck_23a03101ac,SESSION_COOKIE,cookie,CUST_PREMIUM_001303
lucas.roberts11@example.com,ck_0edf3f678e,SESSION_COOKIE,cookie,CUST_PREMIUM_001303
lucas.roberts11@example.com,dev_5879303bb0,AUTHENTICATED_DEVICE,device_id,CUST_PREMIUM_001303
CUST_PREMIUM_001304,hannah.campbell12@vectorlabs.co,PRIMARY_EMAIL,email,CUST_PREMIUM_001304
CUST_PREMIUM_001304,+1 (617) 288-0457,PRIMARY_PHONE,phone,CUST_PREMIUM_001304
CUST_PREMIUM_001304,0297,ISSUED_CARD,card_last4,CUST_PREMIUM_001304
hannah.campbell12@vectorlabs.co,ck_f1875031fb,SESSION_COOKIE,cookie,CUST_PREMIUM_001304
hannah.campbell12@vectorlabs.co,dev_e10dd2cb5a,AUTHENTICATED_DEVICE,device_id,CUST_PREMIUM_001304
hannah.campbell12@vectorlabs.co,dev_shared_42fe0a61e,AUTHENTICATED_DEVICE,device_id,CUST_PREMIUM_001304
hannah.campbell12@vectorlabs.co,dev_shared_618800052,AUTHENTICATED_DEVICE,device_id,CUST_PREMIUM_001304
CUST_PREMIUM_001305,priyacooper@atlasmail.net,PRIMARY_EMAIL,email,CUST_PREMIUM_001305
CUST_PREMIUM_001305,+1 (617) 325-8376,PRIMARY_PHONE,phone,CUST_PREMIUM_001305
CUST_PREMIUM_001305,5367,ISSUED_CARD,card_last4,CUST_PREMIUM_001305
priyacooper@atlasmail.net,ck_851ed0d8ef,SESSION_COOKIE,cookie,CUST_PREMIUM_001305
priyacooper@atlasmail.net,dev_ad2f911737,AUTHENTICATED_DEVICE,device_id,CUST_PREMIUM_001305
CUST_PREMIUM_001306,harperhernandez@northstar.org,PRIMARY_EMAIL,email,CUST_PREMIUM_001306
CUST_PREMIUM_001306,+1 (469) 450-6295,PRIMARY_PHONE,phone,CUST_PREMIUM_001306
CUST_PREMIUM_001306,4264,ISSUED_CARD,card_last4,CUST_PREMIUM_001306
harperhernandez@northstar.org,ck_c97a33b3ae,SESSION_COOKIE,cookie,CUST_PREMIUM_001306
harperhernandez@northstar.org,ck_3c3ad6de73,SESSION_COOKIE,cookie,CUST_PREMIUM_001306
harperhernandez@northstar.org,ck_426d07fd3d,SESSION_COOKIE,cookie,CUST_PREMIUM_001306
harperhernandez@northstar.org,ck_3a1e5c3c6a,SESSION_COOKIE,cookie,CUST_PREMIUM_001306
harperhernandez@northstar.org,dev_2fb2662906,AUTHENTICATED_DEVICE,device_id,CUST_PREMIUM_001306
CUST_PREMIUM_001307,jasmine.rossi15@atlasmail.net,PRIMARY_EMAIL,email,CUST_PREMIUM_001307
CUST_PREMIUM_001307,+1 (202) 421-4214,PRIMARY_PHONE,phone,CUST_PREMIUM_001307
CUST_PREMIUM_001307,5995,ISSUED_CARD,card_last4,CUST_PREMIUM_001307
jasmine.rossi15@atlasmail.net,ck_04ad62e058,SESSION_COOKIE,cookie,CUST_PREMIUM_001307
jasmine.rossi15@atlasmail.net,ck_35c7711ef8,SESSION_COOKIE,cookie,CUST_PREMIUM_001307
jasmine.rossi15@atlasmail.net,dev_3ebbfc9a30,AUTHENTICATED_DEVICE,device_id,CUST_PREMIUM_001307
CUST_PREMIUM_001308,meera.shah16@harbor.example,PRIMARY_EMAIL,email,CUST_PREMIUM_001308
CUST_PREMIUM_001308,+1 (917) 502-2133,PRIMARY_PHONE,phone,CUST_PREMIUM_001308
CUST_PREMIUM_001308,3579,ISSUED_CARD,card_last4,CUST_PREMIUM_001308
meera.shah16@harbor.example,ck_33b29a732c,SESSION_COOKIE,cookie,CUST_PREMIUM_001308
meera.shah16@harbor.example,ck_75831c8dc0,SESSION_COOKIE,cookie,CUST_PREMIUM_001308
meera.shah16@harbor.example,ck_900c197366,SESSION_COOKIE,cookie,CUST_PREMIUM_001308
meera.shah16@harbor.example,dev_d8a2727ac9,AUTHENTICATED_DEVICE,device_id,CUST_PREMIUM_001308
CUST_PREMIUM_001309,victoria.ramirez17@orchardmail.com,PRIMARY_EMAIL,email,CUST_PREMIUM_001309
CUST_PREMIUM_001309,+1 (617) 473-0052,PRIMARY_PHONE,phone,CUST_PREMIUM_001309
CUST_PREMIUM_001309,1276,ISSUED_CARD,card_last4,CUST_PREMIUM_001309
victoria.ramirez17@orchardmail.com,ck_e7437c59de,SESSION_COOKIE,cookie,CUST_PREMIUM_001309
victoria.ramirez17@orchardmail.com,dev_a5485d4a33,AUTHENTICATED_DEVICE,device_id,CUST_PREMIUM_001309
victoria.ramirez17@orchardmail.com,dev_84afdf6e9c,AUTHENTICATED_DEVICE,device_id,CUST_PREMIUM_001309
CUST_PREMIUM_001310,aditi.martinez@atlasmail.net,PRIMARY_EMAIL,email,CUST_PREMIUM_001310
CUST_PREMIUM_001310,+1 (310) 444-7971,PRIMARY_PHONE,phone,CUST_PREMIUM_001310
CUST_PREMIUM_001310,7842,ISSUED_CARD,card_last4,CUST_PREMIUM_001310
aditi.martinez@atlasmail.net,ck_967ea5d11e,SESSION_COOKIE,cookie,CUST_PREMIUM_001310
aditi.martinez@atlasmail.net,ck_ea3574b288,SESSION_COOKIE,cookie,CUST_PREMIUM_001310
aditi.martinez@atlasmail.net,dev_8f0354cc22,AUTHENTICATED_DEVICE,device_id,CUST_PREMIUM_001310
CUST_PREMIUM_001311,nathan.banerjee19@summitmail.net,PRIMARY_EMAIL,email,CUST_PREMIUM_001311
CUST_PREMIUM_001311,+1 (917) 613-5890,PRIMARY_PHONE,phone,CUST_PREMIUM_001311
CUST_PREMIUM_001311,1993,ISSUED_CARD,card_last4,CUST_PREMIUM_001311
nathan.banerjee19@summitmail.net,ck_31d6243e9f,SESSION_COOKIE,cookie,CUST_PREMIUM_001311
nathan.banerjee19@summitmail.net,dev_ab30df8378,AUTHENTICATED_DEVICE,device_id,CUST_PREMIUM_001311
CUST_PREMIUM_001312,n.wright@atlasmail.net,PRIMARY_EMAIL,email,CUST_PREMIUM_001312
CUST_PREMIUM_001312,+1 (310) 518-3809,PRIMARY_PHONE,phone,CUST_PREMIUM_001312
CUST_PREMIUM_001312,2835,ISSUED_CARD,card_last4,CUST_PREMIUM_001312
n.wright@atlasmail.net,ck_f035decd09,SESSION_COOKIE,cookie,CUST_PREMIUM_001312
n.wright@atlasmail.net,dev_debf64c6df,AUTHENTICATED_DEVICE,device_id,CUST_PREMIUM_001312
CUST_PREMIUM_001313,vivian.fernandez21@northstar.org,PRIMARY_EMAIL,email,CUST_PREMIUM_001313
CUST_PREMIUM_001313,+1 (404) 632-1728,PRIMARY_PHONE,phone,CUST_PREMIUM_001313
CUST_PREMIUM_001313,6270,ISSUED_CARD,card_last4,CUST_PREMIUM_001313
vivian.fernandez21@northstar.org,ck_e822c40a92,SESSION_COOKIE,cookie,CUST_PREMIUM_001313
vivian.fernandez21@northstar.org,ck_4078a25d99,SESSION_COOKIE,cookie,CUST_PREMIUM_001313
vivian.fernandez21@northstar.org,ck_9f0c63d1f4,SESSION_COOKIE,cookie,CUST_PREMIUM_001313
vivian.fernandez21@northstar.org,dev_986381caa2,AUTHENTICATED_DEVICE,device_id,CUST_PREMIUM_001313
vivian.fernandez21@northstar.org,dev_101973582e,AUTHENTICATED_DEVICE,device_id,CUST_PREMIUM_001313
vivian.fernandez21@northstar.org,dev_b467bd85e5,AUTHENTICATED_DEVICE,device_id,CUST_PREMIUM_001313
CUST_PREMIUM_001314,a.wilson@orchardmail.com,PRIMARY_EMAIL,email,CUST_PREMIUM_001314
CUST_PREMIUM_001314,+1 (416) 702-9647,PRIMARY_PHONE,phone,CUST_PREMIUM_001314
CUST_PREMIUM_001314,4198,ISSUED_CARD,card_last4,CUST_PREMIUM_001314
a.wilson@orchardmail.com,ck_5408611dbd,SESSION_COOKIE,cookie,CUST_PREMIUM_001314
a.wilson@orchardmail.com,ck_b7ec26fae0,SESSION_COOKIE,cookie,CUST_PREMIUM_001314
a.wilson@orchardmail.com,dev_14a0fe692f,AUTHENTICATED_DEVICE,device_id,CUST_PREMIUM_001314
a.wilson@orchardmail.com,dev_54cfd59b3a,AUTHENTICATED_DEVICE,device_id,CUST_PREMIUM_001314
a.wilson@orchardmail.com,dev_d2e2f741da,AUTHENTICATED_DEVICE,device_id,CUST_PREMIUM_001314
CUST_PREMIUM_001315,morgan.ananya@bluepeak.co,PRIMARY_EMAIL,email,CUST_PREMIUM_001315
CUST_PREMIUM_001315,+1 (917) 761-7566,PRIMARY_PHONE,phone,CUST_PREMIUM_001315
CUST_PREMIUM_001315,4635,ISSUED_CARD,card_last4,CUST_PREMIUM_001315
morgan.ananya@bluepeak.co,ck_b3706b5118,SESSION_COOKIE,cookie,CUST_PREMIUM_001315
morgan.ananya@bluepeak.co,dev_dd6a5b60a3,AUTHENTICATED_DEVICE,device_id,CUST_PREMIUM_001315
CUST_PREMIUM_001316,elias.evans@harbor.example,PRIMARY_EMAIL,email,CUST_PREMIUM_001316
CUST_PREMIUM_001316,+1 (212) 655-5485,PRIMARY_PHONE,phone,CUST_PREMIUM_001316
CUST_PREMIUM_001316,0917,ISSUED_CARD,card_last4,CUST_PREMIUM_001316
elias.evans@harbor.example,ck_4e28b1ddc5,SESSION_COOKIE,cookie,CUST_PREMIUM_001316
elias.evans@harbor.example,ck_728f151209,SESSION_COOKIE,cookie,CUST_PREMIUM_001316
elias.evans@harbor.example,dev_9a95976fc4,AUTHENTICATED_DEVICE,device_id,CUST_PREMIUM_001316
CUST_PREMIUM_001317,hannahanderson@orchardmail.com,PRIMARY_EMAIL,email,CUST_PREMIUM_001317
CUST_PREMIUM_001317,+1 (212) 692-3404,PRIMARY_PHONE,phone,CUST_PREMIUM_001317
CUST_PREMIUM_001317,2018,ISSUED_CARD,card_last4,CUST_PREMIUM_001317
hannahanderson@orchardmail.com,ck_771858d1a6,SESSION_COOKIE,cookie,CUST_PREMIUM_001317
hannahanderson@orchardmail.com,dev_8be7e74657,AUTHENTICATED_DEVICE,device_id,CUST_PREMIUM_001317
CUST_PREMIUM_001318,gabriel.taylor@example.com,PRIMARY_EMAIL,email,CUST_PREMIUM_001318
CUST_PREMIUM_001318,+1 (416) 850-1323,PRIMARY_PHONE,phone,CUST_PREMIUM_001318
CUST_PREMIUM_001318,2187,ISSUED_CARD,card_last4,CUST_PREMIUM_001318
gabriel.taylor@example.com,ck_49f39bd500,SESSION_COOKIE,cookie,CUST_PREMIUM_001318
gabriel.taylor@example.com,ck_cb2c27aa50,SESSION_COOKIE,cookie,CUST_PREMIUM_001318
gabriel.taylor@example.com,dev_67a42ad727,AUTHENTICATED_DEVICE,device_id,CUST_PREMIUM_001318
CUST_PREMIUM_001319,c.nguyen@bluepeak.co,PRIMARY_EMAIL,email,CUST_PREMIUM_001319
CUST_PREMIUM_001319,+1 (415) 799-9242,PRIMARY_PHONE,phone,CUST_PREMIUM_001319
CUST_PREMIUM_001319,0724,ISSUED_CARD,card_last4,CUST_PREMIUM_001319
c.nguyen@bluepeak.co,ck_32836dff4d,SESSION_COOKIE,cookie,CUST_PREMIUM_001319
c.nguyen@bluepeak.co,dev_421357ba80,AUTHENTICATED_DEVICE,device_id,CUST_PREMIUM_001319
CUST_PREMIUM_001320,morgan.ravi@bluepeak.co,PRIMARY_EMAIL,email,CUST_PREMIUM_001320
CUST_PREMIUM_001320,+1 (202) 202-7161,PRIMARY_PHONE,phone,CUST_PREMIUM_001320
CUST_PREMIUM_001320,4973,ISSUED_CARD,card_last4,CUST_PREMIUM_001320
morgan.ravi@bluepeak.co,ck_fb79cb679e,SESSION_COOKIE,cookie,CUST_PREMIUM_001320
morgan.ravi@bluepeak.co,dev_64892cd4be,AUTHENTICATED_DEVICE,device_id,CUST_PREMIUM_001320
CUST_PREMIUM_001321,h.martin@bluepeak.co,PRIMARY_EMAIL,email,CUST_PREMIUM_001321
CUST_PREMIUM_001321,+1 (917) 283-5080,PRIMARY_PHONE,phone,CUST_PREMIUM_001321
CUST_PREMIUM_001321,6986,ISSUED_CARD,card_last4,CUST_PREMIUM_001321
h.martin@bluepeak.co,ck_6ffa4d2134,SESSION_COOKIE,cookie,CUST_PREMIUM_001321
h.martin@bluepeak.co,ck_ae0c975023,SESSION_COOKIE,cookie,CUST_PREMIUM_001321
h.martin@bluepeak.co,dev_d1682bb4d3,AUTHENTICATED_DEVICE,device_id,CUST_PREMIUM_001321
CUST_PREMIUM_001322,a.vance@northstar.org,PRIMARY_EMAIL,email,CUST_PREMIUM_001322
CUST_PREMIUM_001322,+1 (305) 232-2999,PRIMARY_PHONE,phone,CUST_PREMIUM_001322
CUST_PREMIUM_001322,1129,ISSUED_CARD,card_last4,CUST_PREMIUM_001322
a.vance@northstar.org,ck_948ba9cea7,SESSION_COOKIE,cookie,CUST_PREMIUM_001322
a.vance@northstar.org,dev_d159513c41,AUTHENTICATED_DEVICE,device_id,CUST_PREMIUM_001322
CUST_PREMIUM_001323,kabir.diaz@northstar.org,PRIMARY_EMAIL,email,CUST_PREMIUM_001323
CUST_PREMIUM_001323,+1 (404) 302-0918,PRIMARY_PHONE,phone,CUST_PREMIUM_001323
CUST_PREMIUM_001323,8668,ISSUED_CARD,card_last4,CUST_PREMIUM_001323
kabir.diaz@northstar.org,ck_1cfafd438b,SESSION_COOKIE,cookie,CUST_PREMIUM_001323
kabir.diaz@northstar.org,ck_38f99a809f,SESSION_COOKIE,cookie,CUST_PREMIUM_001323
kabir.diaz@northstar.org,dev_7e0372624a,AUTHENTICATED_DEVICE,device_id,CUST_PREMIUM_001323
kabir.diaz@northstar.org,dev_efeba1170e,AUTHENTICATED_DEVICE,device_id,CUST_PREMIUM_001323
CUST_PREMIUM_001324,bennett.rei@vectorlabs.co,PRIMARY_EMAIL,email,CUST_PREMIUM_001324
CUST_PREMIUM_001324,+1 (214) 295-8837,PRIMARY_PHONE,phone,CUST_PREMIUM_001324
CUST_PREMIUM_001324,4919,ISSUED_CARD,card_last4,CUST_PREMIUM_001324
bennett.rei@vectorlabs.co,ck_300cf46f0f,SESSION_COOKIE,cookie,CUST_PREMIUM_001324
bennett.rei@vectorlabs.co,dev_c881b328c4,AUTHENTICATED_DEVICE,device_id,CUST_PREMIUM_001324
CUST_PREMIUM_001325,khan.theo@summitmail.net,PRIMARY_EMAIL,email,CUST_PREMIUM_001325
CUST_PREMIUM_001325,+1 (214) 332-6756,PRIMARY_PHONE,phone,CUST_PREMIUM_001325
CUST_PREMIUM_001325,5354,ISSUED_CARD,card_last4,CUST_PREMIUM_001325
khan.theo@summitmail.net,ck_3ddbb7a606,SESSION_COOKIE,cookie,CUST_PREMIUM_001325
khan.theo@summitmail.net,dev_71d717598e,AUTHENTICATED_DEVICE,device_id,CUST_PREMIUM_001325
CUST_PREMIUM_001326,fatima.wright@harbor.example,PRIMARY_EMAIL,email,CUST_PREMIUM_001326
CUST_PREMIUM_001326,+1 (312) 347-4675,PRIMARY_PHONE,phone,CUST_PREMIUM_001326
CUST_PREMIUM_001326,1018,ISSUED_CARD,card_last4,CUST_PREMIUM_001326
fatima.wright@harbor.example,ck_adf3885346,SESSION_COOKIE,cookie,CUST_PREMIUM_001326
fatima.wright@harbor.example,dev_79bec146d3,AUTHENTICATED_DEVICE,device_id,CUST_PREMIUM_001326
CUST_PREMIUM_001327,a.campbell@capital-demo.org,PRIMARY_EMAIL,email,CUST_PREMIUM_001327
CUST_PREMIUM_001327,+1 (416) 483-2594,PRIMARY_PHONE,phone,CUST_PREMIUM_001327
CUST_PREMIUM_001327,9545,ISSUED_CARD,card_last4,CUST_PREMIUM_001327
a.campbell@capital-demo.org,ck_f7c5cfdae6,SESSION_COOKIE,cookie,CUST_PREMIUM_001327
a.campbell@capital-demo.org,dev_9b74a22521,AUTHENTICATED_DEVICE,device_id,CUST_PREMIUM_001327
CUST_PREMIUM_001328,v.sato@northstar.org,PRIMARY_EMAIL,email,CUST_PREMIUM_001328
CUST_PREMIUM_001328,+1 (404) 487-0513,PRIMARY_PHONE,phone,CUST_PREMIUM_001328
CUST_PREMIUM_001328,9100,ISSUED_CARD,card_last4,CUST_PREMIUM_001328
v.sato@northstar.org,ck_6d883efb86,SESSION_COOKIE,cookie,CUST_PREMIUM_001328
v.sato@northstar.org,dev_b59cb57263,AUTHENTICATED_DEVICE,device_id,CUST_PREMIUM_001328
CUST_PREMIUM_001329,dev.kapoor37@example.com,PRIMARY_EMAIL,email,CUST_PREMIUM_001329
CUST_PREMIUM_001329,+1 (212) 436-8432,PRIMARY_PHONE,phone,CUST_PREMIUM_001329
CUST_PREMIUM_001329,9975,ISSUED_CARD,card_last4,CUST_PREMIUM_001329
dev.kapoor37@example.com,ck_dfc3cd5e3b,SESSION_COOKIE,cookie,CUST_PREMIUM_001329
dev.kapoor37@example.com,ck_871e183885,SESSION_COOKIE,cookie,CUST_PREMIUM_001329
dev.kapoor37@example.com,dev_68d703c65c,AUTHENTICATED_DEVICE,device_id,CUST_PREMIUM_001329
CUST_PREMIUM_001330,priyawilliams@example.com,PRIMARY_EMAIL,email,CUST_PREMIUM_001330
CUST_PREMIUM_001330,+1 (214) 517-6351,PRIMARY_PHONE,phone,CUST_PREMIUM_001330
CUST_PREMIUM_001330,5821,ISSUED_CARD,card_last4,CUST_PREMIUM_001330
priyawilliams@example.com,ck_16ccdb2e84,SESSION_COOKIE,cookie,CUST_PREMIUM_001330
priyawilliams@example.com,ck_7d5fbced72,SESSION_COOKIE,cookie,CUST_PREMIUM_001330
priyawilliams@example.com,dev_b7d4093b03,AUTHENTICATED_DEVICE,device_id,CUST_PREMIUM_001330
CUST_PREMIUM_001331,hall.amara@harbor.example,PRIMARY_EMAIL,email,CUST_PREMIUM_001331
CUST_PREMIUM_001331,+1 (312) 532-4270,PRIMARY_PHONE,phone,CUST_PREMIUM_001331
CUST_PREMIUM_001331,2128,ISSUED_CARD,card_last4,CUST_PREMIUM_001331
hall.amara@harbor.example,ck_31ad5a4e77,SESSION_COOKIE,cookie,CUST_PREMIUM_001331
hall.amara@harbor.example,dev_27f851970a,AUTHENTICATED_DEVICE,device_id,CUST_PREMIUM_001331
CUST_PREMIUM_001332,hernandez.adrian@atlasmail.net,PRIMARY_EMAIL,email,CUST_PREMIUM_001332
CUST_PREMIUM_001332,+1 (415) 580-2189,PRIMARY_PHONE,phone,CUST_PREMIUM_001332
CUST_PREMIUM_001332,0736,ISSUED_CARD,card_last4,CUST_PREMIUM_001332
hernandez.adrian@atlasmail.net,ck_f18083af0f,SESSION_COOKIE,cookie,CUST_PREMIUM_001332
hernandez.adrian@atlasmail.net,dev_bcd729c880,AUTHENTICATED_DEVICE,device_id,CUST_PREMIUM_001332
CUST_PREMIUM_001333,diego.chen@example.com,PRIMARY_EMAIL,email,CUST_PREMIUM_001333
CUST_PREMIUM_001333,+1 (416) 705-0108,PRIMARY_PHONE,phone,CUST_PREMIUM_001333
CUST_PREMIUM_001333,1106,ISSUED_CARD,card_last4,CUST_PREMIUM_001333
diego.chen@example.com,ck_4e46b04994,SESSION_COOKIE,cookie,CUST_PREMIUM_001333
diego.chen@example.com,ck_136665c061,SESSION_COOKIE,cookie,CUST_PREMIUM_001333
diego.chen@example.com,dev_2d5623ed29,AUTHENTICATED_DEVICE,device_id,CUST_PREMIUM_001333
CUST_PREMIUM_001334,c.garcia@orchardmail.com,PRIMARY_EMAIL,email,CUST_PREMIUM_001334
CUST_PREMIUM_001334,+1 (206) 687-8027,PRIMARY_PHONE,phone,CUST_PREMIUM_001334
CUST_PREMIUM_001334,1474,ISSUED_CARD,card_last4,CUST_PREMIUM_001334
c.garcia@orchardmail.com,ck_7229d4b4e3,SESSION_COOKIE,cookie,CUST_PREMIUM_001334
c.garcia@orchardmail.com,dev_8b1ab7342d,AUTHENTICATED_DEVICE,device_id,CUST_PREMIUM_001334
c.garcia@orchardmail.com,dev_10d37a2e82,AUTHENTICATED_DEVICE,device_id,CUST_PREMIUM_001334
CUST_PREMIUM_001335,kai.morgan43@example.com,PRIMARY_EMAIL,email,CUST_PREMIUM_001335
CUST_PREMIUM_001335,+1 (415) 691-5946,PRIMARY_PHONE,phone,CUST_PREMIUM_001335
CUST_PREMIUM_001335,9140,ISSUED_CARD,card_last4,CUST_PREMIUM_001335
kai.morgan43@example.com,ck_af3d81826c,SESSION_COOKIE,cookie,CUST_PREMIUM_001335
kai.morgan43@example.com,dev_2d60e75c8f,AUTHENTICATED_DEVICE,device_id,CUST_PREMIUM_001335
kai.morgan43@example.com,dev_shared_618800052,AUTHENTICATED_DEVICE,device_id,CUST_PREMIUM_001335
CUST_PREMIUM_001336,chloe.turner@bluepeak.co,PRIMARY_EMAIL,email,CUST_PREMIUM_001336
CUST_PREMIUM_001336,+1 (206) 761-3865,PRIMARY_PHONE,phone,CUST_PREMIUM_001336
CUST_PREMIUM_001336,6990,ISSUED_CARD,card_last4,CUST_PREMIUM_001336
chloe.turner@bluepeak.co,ck_cd53d287cd,SESSION_COOKIE,cookie,CUST_PREMIUM_001336
chloe.turner@bluepeak.co,ck_04f878b0cd,SESSION_COOKIE,cookie,CUST_PREMIUM_001336
chloe.turner@bluepeak.co,ck_ce3b2e8493,SESSION_COOKIE,cookie,CUST_PREMIUM_001336
chloe.turner@bluepeak.co,dev_21c5c6e143,AUTHENTICATED_DEVICE,device_id,CUST_PREMIUM_001336
CUST_PREMIUM_001337,h.ito@example.com,PRIMARY_EMAIL,email,CUST_PREMIUM_001337
CUST_PREMIUM_001337,+1 (617) 809-1784,PRIMARY_PHONE,phone,CUST_PREMIUM_001337
CUST_PREMIUM_001337,5499,ISSUED_CARD,card_last4,CUST_PREMIUM_001337
h.ito@example.com,ck_f01ed65889,SESSION_COOKIE,cookie,CUST_PREMIUM_001337
h.ito@example.com,dev_e5a95ad735,AUTHENTICATED_DEVICE,device_id,CUST_PREMIUM_001337
CUST_PREMIUM_001338,aarav.gupta46@capital-demo.org,PRIMARY_EMAIL,email,CUST_PREMIUM_001338
CUST_PREMIUM_001338,+1 (617) 846-9703,PRIMARY_PHONE,phone,CUST_PREMIUM_001338
CUST_PREMIUM_001338,0163,ISSUED_CARD,card_last4,CUST_PREMIUM_001338
aarav.gupta46@capital-demo.org,ck_446ffcfa2d,SESSION_COOKIE,cookie,CUST_PREMIUM_001338
aarav.gupta46@capital-demo.org,dev_62a09ffa9a,AUTHENTICATED_DEVICE,device_id,CUST_PREMIUM_001338
aarav.gupta46@capital-demo.org,dev_7d0a87ca24,AUTHENTICATED_DEVICE,device_id,CUST_PREMIUM_001338
CUST_PREMIUM_001339,wang.daniel@summitmail.net,PRIMARY_EMAIL,email,CUST_PREMIUM_001339
CUST_PREMIUM_001339,+1 (310) 817-7622,PRIMARY_PHONE,phone,CUST_PREMIUM_001339
CUST_PREMIUM_001339,8669,ISSUED_CARD,card_last4,CUST_PREMIUM_001339
wang.daniel@summitmail.net,ck_3a619b098d,SESSION_COOKIE,cookie,CUST_PREMIUM_001339
wang.daniel@summitmail.net,dev_74d300ac2f,AUTHENTICATED_DEVICE,device_id,CUST_PREMIUM_001339
CUST_PREMIUM_001340,roberts.ibrahim@summitmail.net,PRIMARY_EMAIL,email,CUST_PREMIUM_001340
CUST_PREMIUM_001340,+1 (214) 887-5541,PRIMARY_PHONE,phone,CUST_PREMIUM_001340
CUST_PREMIUM_001340,3061,ISSUED_CARD,card_last4,CUST_PREMIUM_001340
roberts.ibrahim@summitmail.net,ck_e0d015e94c,SESSION_COOKIE,cookie,CUST_PREMIUM_001340
roberts.ibrahim@summitmail.net,dev_e56cef293f,AUTHENTICATED_DEVICE,device_id,CUST_PREMIUM_001340
CUST_PREMIUM_001341,roberts.kabir@example.com,PRIMARY_EMAIL,email,CUST_PREMIUM_001341
CUST_PREMIUM_001341,+1 (416) 301-3460,PRIMARY_PHONE,phone,CUST_PREMIUM_001341
CUST_PREMIUM_001341,6425,ISSUED_CARD,card_last4,CUST_PREMIUM_001341
roberts.kabir@example.com,ck_51f6eb5eb6,SESSION_COOKIE,cookie,CUST_PREMIUM_001341
roberts.kabir@example.com,ck_917886ee8f,SESSION_COOKIE,cookie,CUST_PREMIUM_001341
roberts.kabir@example.com,dev_9bb9031d1f,AUTHENTICATED_DEVICE,device_id,CUST_PREMIUM_001341
CUST_PREMIUM_001342,jamesevans@bluepeak.co,PRIMARY_EMAIL,email,CUST_PREMIUM_001342
CUST_PREMIUM_001342,+1 (305) 272-1379,PRIMARY_PHONE,phone,CUST_PREMIUM_001342
CUST_PREMIUM_001342,8216,ISSUED_CARD,card_last4,CUST_PREMIUM_001342
jamesevans@bluepeak.co,ck_01b8b521d6,SESSION_COOKIE,cookie,CUST_PREMIUM_001342
jamesevans@bluepeak.co,dev_0d065f61a9,AUTHENTICATED_DEVICE,device_id,CUST_PREMIUM_001342
CUST_PREMIUM_001343,e.baker@northstar.org,PRIMARY_EMAIL,email,CUST_PREMIUM_001343
CUST_PREMIUM_001343,+1 (212) 254-9298,PRIMARY_PHONE,phone,CUST_PREMIUM_001343
CUST_PREMIUM_001343,6850,ISSUED_CARD,card_last4,CUST_PREMIUM_001343
e.baker@northstar.org,ck_54da34a85d,SESSION_COOKIE,cookie,CUST_PREMIUM_001343
e.baker@northstar.org,ck_6e5b15d55e,SESSION_COOKIE,cookie,CUST_PREMIUM_001343
e.baker@northstar.org,ck_758fefba90,SESSION_COOKIE,cookie,CUST_PREMIUM_001343
e.baker@northstar.org,ck_74891cc7f2,SESSION_COOKIE,cookie,CUST_PREMIUM_001343
e.baker@northstar.org,ck_eee6d43759,SESSION_COOKIE,cookie,CUST_PREMIUM_001343
e.baker@northstar.org,dev_98d81086a7,AUTHENTICATED_DEVICE,device_id,CUST_PREMIUM_001343
CUST_PREMIUM_001344,jackson.miguel@capital-demo.org,PRIMARY_EMAIL,email,CUST_PREMIUM_001344
CUST_PREMIUM_001344,+1 (415) 324-7217,PRIMARY_PHONE,phone,CUST_PREMIUM_001344
CUST_PREMIUM_001344,5477,ISSUED_CARD,card_last4,CUST_PREMIUM_001344
jackson.miguel@capital-demo.org,ck_c3ad169e94,SESSION_COOKIE,cookie,CUST_PREMIUM_001344
jackson.miguel@capital-demo.org,ck_bf29a5c9da,SESSION_COOKIE,cookie,CUST_PREMIUM_001344
jackson.miguel@capital-demo.org,ck_4656ac468a,SESSION_COOKIE,cookie,CUST_PREMIUM_001344
jackson.miguel@capital-demo.org,dev_ef0190326f,AUTHENTICATED_DEVICE,device_id,CUST_PREMIUM_001344
CUST_PREMIUM_001345,taylor.leo@bluepeak.co,PRIMARY_EMAIL,email,CUST_PREMIUM_001345
CUST_PREMIUM_001345,+1 (646) 438-5136,PRIMARY_PHONE,phone,CUST_PREMIUM_001345
CUST_PREMIUM_001345,7633,ISSUED_CARD,card_last4,CUST_PREMIUM_001345
taylor.leo@bluepeak.co,ck_247932cd9f,SESSION_COOKIE,cookie,CUST_PREMIUM_001345
taylor.leo@bluepeak.co,dev_619ff62fd5,AUTHENTICATED_DEVICE,device_id,CUST_PREMIUM_001345
CUST_PREMIUM_001346,priyaroberts@northstar.org,PRIMARY_EMAIL,email,CUST_PREMIUM_001346
CUST_PREMIUM_001346,+1 (917) 508-3055,PRIMARY_PHONE,phone,CUST_PREMIUM_001346
CUST_PREMIUM_001346,2013,ISSUED_CARD,card_last4,CUST_PREMIUM_001346
priyaroberts@northstar.org,ck_99f581c92b,SESSION_COOKIE,cookie,CUST_PREMIUM_001346
priyaroberts@northstar.org,dev_12ba85f6c1,AUTHENTICATED_DEVICE,device_id,CUST_PREMIUM_001346
priyaroberts@northstar.org,dev_shared_bf219d814,AUTHENTICATED_DEVICE,device_id,CUST_PREMIUM_001346
CUST_PREMIUM_001347,s.sterling@example.com,PRIMARY_EMAIL,email,CUST_PREMIUM_001347
CUST_PREMIUM_001347,+1 (212) 402-0974,PRIMARY_PHONE,phone,CUST_PREMIUM_001347
CUST_PREMIUM_001347,7978,ISSUED_CARD,card_last4,CUST_PREMIUM_001347
s.sterling@example.com,ck_c3646529a1,SESSION_COOKIE,cookie,CUST_PREMIUM_001347
s.sterling@example.com,dev_4b56ffc4df,AUTHENTICATED_DEVICE,device_id,CUST_PREMIUM_001347
CUST_PREMIUM_001348,l.roy@orchardmail.com,PRIMARY_EMAIL,email,CUST_PREMIUM_001348
CUST_PREMIUM_001348,+1 (404) 527-8893,PRIMARY_PHONE,phone,CUST_PREMIUM_001348
CUST_PREMIUM_001348,5015,ISSUED_CARD,card_last4,CUST_PREMIUM_001348
l.roy@orchardmail.com,ck_1fcce30387,SESSION_COOKIE,cookie,CUST_PREMIUM_001348
l.roy@orchardmail.com,ck_dd8ed47c26,SESSION_COOKIE,cookie,CUST_PREMIUM_001348
l.roy@orchardmail.com,dev_e39deb5742,AUTHENTICATED_DEVICE,device_id,CUST_PREMIUM_001348
l.roy@orchardmail.com,dev_0c7dcd4688,AUTHENTICATED_DEVICE,device_id,CUST_PREMIUM_001348
l.roy@orchardmail.com,dev_shared_6b20681da,AUTHENTICATED_DEVICE,device_id,CUST_PREMIUM_001348
CUST_PREMIUM_001349,adams.james@northstar.org,PRIMARY_EMAIL,email,CUST_PREMIUM_001349
CUST_PREMIUM_001349,+1 (310) 487-6812,PRIMARY_PHONE,phone,CUST_PREMIUM_001349
CUST_PREMIUM_001349,5503,ISSUED_CARD,card_last4,CUST_PREMIUM_001349
adams.james@northstar.org,ck_082675494a,SESSION_COOKIE,cookie,CUST_PREMIUM_001349
adams.james@northstar.org,ck_a093a6e2ae,SESSION_COOKIE,cookie,CUST_PREMIUM_001349
adams.james@northstar.org,dev_eff3947096,AUTHENTICATED_DEVICE,device_id,CUST_PREMIUM_001349
CUST_PREMIUM_001350,eleanor.fernandez58@vectorlabs.co,PRIMARY_EMAIL,email,CUST_PREMIUM_001350
CUST_PREMIUM_001350,+1 (416) 634-4731,PRIMARY_PHONE,phone,CUST_PREMIUM_001350
CUST_PREMIUM_001350,3406,ISSUED_CARD,card_last4,CUST_PREMIUM_001350
eleanor.fernandez58@vectorlabs.co,ck_9c6011d9ea,SESSION_COOKIE,cookie,CUST_PREMIUM_001350
eleanor.fernandez58@vectorlabs.co,dev_efe763c2f4,AUTHENTICATED_DEVICE,device_id,CUST_PREMIUM_001350
CUST_PREMIUM_001351,sora.kumar@northstar.org,PRIMARY_EMAIL,email,CUST_PREMIUM_001351
CUST_PREMIUM_001351,+1 (212) 550-2650,PRIMARY_PHONE,phone,CUST_PREMIUM_001351
CUST_PREMIUM_001351,9919,ISSUED_CARD,card_last4,CUST_PREMIUM_001351
sora.kumar@northstar.org,ck_7a884f0d8d,SESSION_COOKIE,cookie,CUST_PREMIUM_001351
sora.kumar@northstar.org,ck_c73f423bce,SESSION_COOKIE,cookie,CUST_PREMIUM_001351
sora.kumar@northstar.org,dev_0e2e955aea,AUTHENTICATED_DEVICE,device_id,CUST_PREMIUM_001351
CUST_PREMIUM_001352,a.thomas@vectorlabs.co,PRIMARY_EMAIL,email,CUST_PREMIUM_001352
CUST_PREMIUM_001352,+1 (212) 587-0569,PRIMARY_PHONE,phone,CUST_PREMIUM_001352
CUST_PREMIUM_001352,5879,ISSUED_CARD,card_last4,CUST_PREMIUM_001352
a.thomas@vectorlabs.co,ck_3b5a2f6a97,SESSION_COOKIE,cookie,CUST_PREMIUM_001352
a.thomas@vectorlabs.co,dev_247e3595a9,AUTHENTICATED_DEVICE,device_id,CUST_PREMIUM_001352
CUST_PREMIUM_001353,garcia.lucas@summitmail.net,PRIMARY_EMAIL,email,CUST_PREMIUM_001353
CUST_PREMIUM_001353,+1 (617) 701-8488,PRIMARY_PHONE,phone,CUST_PREMIUM_001353
CUST_PREMIUM_001353,4126,ISSUED_CARD,card_last4,CUST_PREMIUM_001353
garcia.lucas@summitmail.net,ck_866cec76ba,SESSION_COOKIE,cookie,CUST_PREMIUM_001353
garcia.lucas@summitmail.net,dev_cc386a9217,AUTHENTICATED_DEVICE,device_id,CUST_PREMIUM_001353
CUST_PREMIUM_001354,eleanorwalker@orchardmail.com,PRIMARY_EMAIL,email,CUST_PREMIUM_001354
CUST_PREMIUM_001354,+1 (212) 661-6407,PRIMARY_PHONE,phone,CUST_PREMIUM_001354
CUST_PREMIUM_001354,9572,ISSUED_CARD,card_last4,CUST_PREMIUM_001354
eleanorwalker@orchardmail.com,ck_f2aa40bee7,SESSION_COOKIE,cookie,CUST_PREMIUM_001354
eleanorwalker@orchardmail.com,dev_7cb791004e,AUTHENTICATED_DEVICE,device_id,CUST_PREMIUM_001354
CUST_PREMIUM_001355,t.roy@northstar.org,PRIMARY_EMAIL,email,CUST_PREMIUM_001355
CUST_PREMIUM_001355,+1 (646) 808-4326,PRIMARY_PHONE,phone,CUST_PREMIUM_001355
CUST_PREMIUM_001355,7294,ISSUED_CARD,card_last4,CUST_PREMIUM_001355
t.roy@northstar.org,ck_361f898c1c,SESSION_COOKIE,cookie,CUST_PREMIUM_001355
t.roy@northstar.org,dev_fef33c1ba9,AUTHENTICATED_DEVICE,device_id,CUST_PREMIUM_001355
t.roy@northstar.org,dev_shared_6762d3ae9,AUTHENTICATED_DEVICE,device_id,CUST_PREMIUM_001355
CUST_PREMIUM_001356,meeralee@capital-demo.org,PRIMARY_EMAIL,email,CUST_PREMIUM_001356
CUST_PREMIUM_001356,+1 (202) 834-2245,PRIMARY_PHONE,phone,CUST_PREMIUM_001356
CUST_PREMIUM_001356,3849,ISSUED_CARD,card_last4,CUST_PREMIUM_001356
meeralee@capital-demo.org,ck_133108fa19,SESSION_COOKIE,cookie,CUST_PREMIUM_001356
meeralee@capital-demo.org,dev_222b316506,AUTHENTICATED_DEVICE,device_id,CUST_PREMIUM_001356
CUST_PREMIUM_001357,riya.roy@capital-demo.org,PRIMARY_EMAIL,email,CUST_PREMIUM_001357
CUST_PREMIUM_001357,+1 (646) 882-0164,PRIMARY_PHONE,phone,CUST_PREMIUM_001357
CUST_PREMIUM_001357,8630,ISSUED_CARD,card_last4,CUST_PREMIUM_001357
riya.roy@capital-demo.org,ck_48a348f44e,SESSION_COOKIE,cookie,CUST_PREMIUM_001357
riya.roy@capital-demo.org,ck_702e567fb2,SESSION_COOKIE,cookie,CUST_PREMIUM_001357
riya.roy@capital-demo.org,dev_5051ffd7df,AUTHENTICATED_DEVICE,device_id,CUST_PREMIUM_001357
CUST_PREMIUM_001358,avery.patel@example.com,PRIMARY_EMAIL,email,CUST_PREMIUM_001358
CUST_PREMIUM_001358,+1 (718) 263-8083,PRIMARY_PHONE,phone,CUST_PREMIUM_001358
CUST_PREMIUM_001358,4906,ISSUED_CARD,card_last4,CUST_PREMIUM_001358
avery.patel@example.com,ck_65fe2aeda1,SESSION_COOKIE,cookie,CUST_PREMIUM_001358
avery.patel@example.com,dev_b9678cfa21,AUTHENTICATED_DEVICE,device_id,CUST_PREMIUM_001358
avery.patel@example.com,dev_44897491af,AUTHENTICATED_DEVICE,device_id,CUST_PREMIUM_001358
CUST_PREMIUM_001359,rivera.amelia@harbor.example,PRIMARY_EMAIL,email,CUST_PREMIUM_001359
CUST_PREMIUM_001359,+1 (310) 857-6002,PRIMARY_PHONE,phone,CUST_PREMIUM_001359
CUST_PREMIUM_001359,7613,ISSUED_CARD,card_last4,CUST_PREMIUM_001359
rivera.amelia@harbor.example,ck_c3bbdfd1ed,SESSION_COOKIE,cookie,CUST_PREMIUM_001359
rivera.amelia@harbor.example,dev_ac393f3af4,AUTHENTICATED_DEVICE,device_id,CUST_PREMIUM_001359
rivera.amelia@harbor.example,dev_93df981773,AUTHENTICATED_DEVICE,device_id,CUST_PREMIUM_001359
CUST_PREMIUM_001360,ananya.williams@orchardmail.com,PRIMARY_EMAIL,email,CUST_PREMIUM_001360
CUST_PREMIUM_001360,+1 (617) 260-3921,PRIMARY_PHONE,phone,CUST_PREMIUM_001360
CUST_PREMIUM_001360,9843,ISSUED_CARD,card_last4,CUST_PREMIUM_001360
ananya.williams@orchardmail.com,ck_bfc4857980,SESSION_COOKIE,cookie,CUST_PREMIUM_001360
ananya.williams@orchardmail.com,dev_e9515f325e,AUTHENTICATED_DEVICE,device_id,CUST_PREMIUM_001360
CUST_PREMIUM_001361,c.clark@capital-demo.org,PRIMARY_EMAIL,email,CUST_PREMIUM_001361
CUST_PREMIUM_001361,+1 (310) 231-1840,PRIMARY_PHONE,phone,CUST_PREMIUM_001361
CUST_PREMIUM_001361,7919,ISSUED_CARD,card_last4,CUST_PREMIUM_001361
c.clark@capital-demo.org,ck_4c8adf9cb0,SESSION_COOKIE,cookie,CUST_PREMIUM_001361
c.clark@capital-demo.org,ck_c22d24665e,SESSION_COOKIE,cookie,CUST_PREMIUM_001361
c.clark@capital-demo.org,ck_236ccf5bd6,SESSION_COOKIE,cookie,CUST_PREMIUM_001361
c.clark@capital-demo.org,ck_d00dcbfc46,SESSION_COOKIE,cookie,CUST_PREMIUM_001361
c.clark@capital-demo.org,dev_67e1ec3081,AUTHENTICATED_DEVICE,device_id,CUST_PREMIUM_001361
CUST_PREMIUM_001362,hazel.reed70@example.com,PRIMARY_EMAIL,email,CUST_PREMIUM_001362
CUST_PREMIUM_001362,+1 (310) 268-9759,PRIMARY_PHONE,phone,CUST_PREMIUM_001362
CUST_PREMIUM_001362,4310,ISSUED_CARD,card_last4,CUST_PREMIUM_001362
hazel.reed70@example.com,ck_a099ea6707,SESSION_COOKIE,cookie,CUST_PREMIUM_001362
hazel.reed70@example.com,dev_f16db3eaba,AUTHENTICATED_DEVICE,device_id,CUST_PREMIUM_001362
CUST_PREMIUM_001363,eleanor.roy71@orchardmail.com,PRIMARY_EMAIL,email,CUST_PREMIUM_001363
CUST_PREMIUM_001363,+1 (415) 327-7678,PRIMARY_PHONE,phone,CUST_PREMIUM_001363
CUST_PREMIUM_001363,4383,ISSUED_CARD,card_last4,CUST_PREMIUM_001363
eleanor.roy71@orchardmail.com,ck_b1e4ad1967,SESSION_COOKIE,cookie,CUST_PREMIUM_001363
eleanor.roy71@orchardmail.com,dev_9b652368be,AUTHENTICATED_DEVICE,device_id,CUST_PREMIUM_001363
CUST_PREMIUM_001364,hannah.wright72@vectorlabs.co,PRIMARY_EMAIL,email,CUST_PREMIUM_001364
CUST_PREMIUM_001364,+1 (917) 474-5597,PRIMARY_PHONE,phone,CUST_PREMIUM_001364
CUST_PREMIUM_001364,8135,ISSUED_CARD,card_last4,CUST_PREMIUM_001364
hannah.wright72@vectorlabs.co,ck_077c429dc3,SESSION_COOKIE,cookie,CUST_PREMIUM_001364
hannah.wright72@vectorlabs.co,dev_1bb724a195,AUTHENTICATED_DEVICE,device_id,CUST_PREMIUM_001364
CUST_PREMIUM_001365,nguyen.layla@capital-demo.org,PRIMARY_EMAIL,email,CUST_PREMIUM_001365
CUST_PREMIUM_001365,+1 (212) 368-3516,PRIMARY_PHONE,phone,CUST_PREMIUM_001365
CUST_PREMIUM_001365,1680,ISSUED_CARD,card_last4,CUST_PREMIUM_001365
nguyen.layla@capital-demo.org,ck_6eb71da7cd,SESSION_COOKIE,cookie,CUST_PREMIUM_001365
nguyen.layla@capital-demo.org,dev_be0281928f,AUTHENTICATED_DEVICE,device_id,CUST_PREMIUM_001365
CUST_PREMIUM_001366,aarav.nakamura74@bluepeak.co,PRIMARY_EMAIL,email,CUST_PREMIUM_001366
CUST_PREMIUM_001366,+1 (312) 427-1435,PRIMARY_PHONE,phone,CUST_PREMIUM_001366
CUST_PREMIUM_001366,7181,ISSUED_CARD,card_last4,CUST_PREMIUM_001366
aarav.nakamura74@bluepeak.co,ck_40c27da5e5,SESSION_COOKIE,cookie,CUST_PREMIUM_001366
aarav.nakamura74@bluepeak.co,ck_9d705e17d4,SESSION_COOKIE,cookie,CUST_PREMIUM_001366
aarav.nakamura74@bluepeak.co,dev_26c30a6c63,AUTHENTICATED_DEVICE,device_id,CUST_PREMIUM_001366
CUST_PREMIUM_001367,martin.kabir@bluepeak.co,PRIMARY_EMAIL,email,CUST_PREMIUM_001367
CUST_PREMIUM_001367,+1 (206) 508-9354,PRIMARY_PHONE,phone,CUST_PREMIUM_001367
CUST_PREMIUM_001367,7600,ISSUED_CARD,card_last4,CUST_PREMIUM_001367
martin.kabir@bluepeak.co,ck_b0c93ae243,SESSION_COOKIE,cookie,CUST_PREMIUM_001367
martin.kabir@bluepeak.co,ck_659dd65896,SESSION_COOKIE,cookie,CUST_PREMIUM_001367
martin.kabir@bluepeak.co,dev_2865233838,AUTHENTICATED_DEVICE,device_id,CUST_PREMIUM_001367
CUST_PREMIUM_001368,avery.morgan@atlasmail.net,PRIMARY_EMAIL,email,CUST_PREMIUM_001368
CUST_PREMIUM_001368,+1 (214) 523-7273,PRIMARY_PHONE,phone,CUST_PREMIUM_001368
CUST_PREMIUM_001368,5862,ISSUED_CARD,card_last4,CUST_PREMIUM_001368
avery.morgan@atlasmail.net,ck_d78fe18000,SESSION_COOKIE,cookie,CUST_PREMIUM_001368
avery.morgan@atlasmail.net,ck_014b3278e7,SESSION_COOKIE,cookie,CUST_PREMIUM_001368
avery.morgan@atlasmail.net,ck_6e72df64e6,SESSION_COOKIE,cookie,CUST_PREMIUM_001368
avery.morgan@atlasmail.net,dev_26b3ed9862,AUTHENTICATED_DEVICE,device_id,CUST_PREMIUM_001368
avery.morgan@atlasmail.net,dev_shared_bcdb933db,AUTHENTICATED_DEVICE,device_id,CUST_PREMIUM_001368
CUST_PREMIUM_001369,r.brown@orchardmail.com,PRIMARY_EMAIL,email,CUST_PREMIUM_001369
CUST_PREMIUM_001369,+1 (305) 571-5192,PRIMARY_PHONE,phone,CUST_PREMIUM_001369
CUST_PREMIUM_001369,8814,ISSUED_CARD,card_last4,CUST_PREMIUM_001369
r.brown@orchardmail.com,ck_2ab0b6f0b8,SESSION_COOKIE,cookie,CUST_PREMIUM_001369
r.brown@orchardmail.com,dev_1cad29120b,AUTHENTICATED_DEVICE,device_id,CUST_PREMIUM_001369
CUST_PREMIUM_001370,miguel.rivera@orchardmail.com,PRIMARY_EMAIL,email,CUST_PREMIUM_001370
CUST_PREMIUM_001370,+1 (305) 608-3111,PRIMARY_PHONE,phone,CUST_PREMIUM_001370
CUST_PREMIUM_001370,4553,ISSUED_CARD,card_last4,CUST_PREMIUM_001370
miguel.rivera@orchardmail.com,ck_4e7f3dd176,SESSION_COOKIE,cookie,CUST_PREMIUM_001370
miguel.rivera@orchardmail.com,dev_5eba4601ea,AUTHENTICATED_DEVICE,device_id,CUST_PREMIUM_001370
miguel.rivera@orchardmail.com,dev_9d4e9967de,AUTHENTICATED_DEVICE,device_id,CUST_PREMIUM_001370
CUST_PREMIUM_001371,dev.roberts79@example.com,PRIMARY_EMAIL,email,CUST_PREMIUM_001371
CUST_PREMIUM_001371,+1 (917) 733-1030,PRIMARY_PHONE,phone,CUST_PREMIUM_001371
CUST_PREMIUM_001371,9825,ISSUED_CARD,card_last4,CUST_PREMIUM_001371
dev.roberts79@example.com,ck_b27d240616,SESSION_COOKIE,cookie,CUST_PREMIUM_001371
dev.roberts79@example.com,dev_0c4f97cbfa,AUTHENTICATED_DEVICE,device_id,CUST_PREMIUM_001371
CUST_PREMIUM_001372,chen.miguel@example.com,PRIMARY_EMAIL,email,CUST_PREMIUM_001372
CUST_PREMIUM_001372,+1 (469) 792-8949,PRIMARY_PHONE,phone,CUST_PREMIUM_001372
CUST_PREMIUM_001372,5172,ISSUED_CARD,card_last4,CUST_PREMIUM_001372
chen.miguel@example.com,ck_7e82e9c989,SESSION_COOKIE,cookie,CUST_PREMIUM_001372
chen.miguel@example.com,dev_e9a9eadad3,AUTHENTICATED_DEVICE,device_id,CUST_PREMIUM_001372
CUST_PREMIUM_001373,davis.riya@vectorlabs.co,PRIMARY_EMAIL,email,CUST_PREMIUM_001373
CUST_PREMIUM_001373,+1 (617) 741-6868,PRIMARY_PHONE,phone,CUST_PREMIUM_001373
CUST_PREMIUM_001373,3671,ISSUED_CARD,card_last4,CUST_PREMIUM_001373
davis.riya@vectorlabs.co,ck_a6197b564a,SESSION_COOKIE,cookie,CUST_PREMIUM_001373
davis.riya@vectorlabs.co,dev_3a90a5680c,AUTHENTICATED_DEVICE,device_id,CUST_PREMIUM_001373
CUST_PREMIUM_001374,lee.kai@vectorlabs.co,PRIMARY_EMAIL,email,CUST_PREMIUM_001374
CUST_PREMIUM_001374,+1 (650) 833-4787,PRIMARY_PHONE,phone,CUST_PREMIUM_001374
CUST_PREMIUM_001374,8590,ISSUED_CARD,card_last4,CUST_PREMIUM_001374
lee.kai@vectorlabs.co,ck_6c835be6aa,SESSION_COOKIE,cookie,CUST_PREMIUM_001374
lee.kai@vectorlabs.co,ck_da3966b8a9,SESSION_COOKIE,cookie,CUST_PREMIUM_001374
lee.kai@vectorlabs.co,ck_99a55ef99b,SESSION_COOKIE,cookie,CUST_PREMIUM_001374
lee.kai@vectorlabs.co,ck_53da26d86b,SESSION_COOKIE,cookie,CUST_PREMIUM_001374
lee.kai@vectorlabs.co,dev_119a0d3fa9,AUTHENTICATED_DEVICE,device_id,CUST_PREMIUM_001374
lee.kai@vectorlabs.co,dev_7c1928200f,AUTHENTICATED_DEVICE,device_id,CUST_PREMIUM_001374
CUST_PREMIUM_001375,moore.aisha@orchardmail.com,PRIMARY_EMAIL,email,CUST_PREMIUM_001375
CUST_PREMIUM_001375,+1 (212) 738-2706,PRIMARY_PHONE,phone,CUST_PREMIUM_001375
CUST_PREMIUM_001375,2706,ISSUED_CARD,card_last4,CUST_PREMIUM_001375
moore.aisha@orchardmail.com,ck_8121520af4,SESSION_COOKIE,cookie,CUST_PREMIUM_001375
moore.aisha@orchardmail.com,ck_2d4d32ecfb,SESSION_COOKIE,cookie,CUST_PREMIUM_001375
moore.aisha@orchardmail.com,ck_fb0c724c07,SESSION_COOKIE,cookie,CUST_PREMIUM_001375
moore.aisha@orchardmail.com,dev_5b1b96696f,AUTHENTICATED_DEVICE,device_id,CUST_PREMIUM_001375
CUST_PREMIUM_001376,layla.roy@example.com,PRIMARY_EMAIL,email,CUST_PREMIUM_001376
CUST_PREMIUM_001376,+1 (404) 863-0625,PRIMARY_PHONE,phone,CUST_PREMIUM_001376
CUST_PREMIUM_001376,5911,ISSUED_CARD,card_last4,CUST_PREMIUM_001376
layla.roy@example.com,ck_05b299abcc,SESSION_COOKIE,cookie,CUST_PREMIUM_001376
layla.roy@example.com,dev_9444f61d2d,AUTHENTICATED_DEVICE,device_id,CUST_PREMIUM_001376
layla.roy@example.com,dev_shared_ecceb2681,AUTHENTICATED_DEVICE,device_id,CUST_PREMIUM_001376
CUST_PREMIUM_001377,ethan.banerjee@harbor.example,PRIMARY_EMAIL,email,CUST_PREMIUM_001377
CUST_PREMIUM_001377,+1 (646) 222-8544,PRIMARY_PHONE,phone,CUST_PREMIUM_001377
CUST_PREMIUM_001377,9788,ISSUED_CARD,card_last4,CUST_PREMIUM_001377
ethan.banerjee@harbor.example,ck_41f09cdeab,SESSION_COOKIE,cookie,CUST_PREMIUM_001377
ethan.banerjee@harbor.example,ck_d4f8b86481,SESSION_COOKIE,cookie,CUST_PREMIUM_001377
ethan.banerjee@harbor.example,ck_c39c58ae61,SESSION_COOKIE,cookie,CUST_PREMIUM_001377
ethan.banerjee@harbor.example,ck_2bdb9128d9,SESSION_COOKIE,cookie,CUST_PREMIUM_001377
ethan.banerjee@harbor.example,dev_b36435b6af,AUTHENTICATED_DEVICE,device_id,CUST_PREMIUM_001377
CUST_PREMIUM_001378,gabrieltaylor@northstar.org,PRIMARY_EMAIL,email,CUST_PREMIUM_001378
CUST_PREMIUM_001378,+1 (202) 248-6463,PRIMARY_PHONE,phone,CUST_PREMIUM_001378
CUST_PREMIUM_001378,3027,ISSUED_CARD,card_last4,CUST_PREMIUM_001378
gabrieltaylor@northstar.org,ck_afc2028bd7,SESSION_COOKIE,cookie,CUST_PREMIUM_001378
gabrieltaylor@northstar.org,dev_3c08d848ed,AUTHENTICATED_DEVICE,device_id,CUST_PREMIUM_001378
CUST_PREMIUM_001379,david.diaz@example.com,PRIMARY_EMAIL,email,CUST_PREMIUM_001379
CUST_PREMIUM_001379,+1 (310) 897-4382,PRIMARY_PHONE,phone,CUST_PREMIUM_001379
CUST_PREMIUM_001379,3884,ISSUED_CARD,card_last4,CUST_PREMIUM_001379
david.diaz@example.com,ck_1cd8472a4b,SESSION_COOKIE,cookie,CUST_PREMIUM_001379
david.diaz@example.com,dev_14c2c5e0d1,AUTHENTICATED_DEVICE,device_id,CUST_PREMIUM_001379
david.diaz@example.com,dev_9bf1230652,AUTHENTICATED_DEVICE,device_id,CUST_PREMIUM_001379
CUST_PREMIUM_001380,hirothompson@harbor.example,PRIMARY_EMAIL,email,CUST_PREMIUM_001380
CUST_PREMIUM_001380,+1 (404) 311-2301,PRIMARY_PHONE,phone,CUST_PREMIUM_001380
CUST_PREMIUM_001380,7368,ISSUED_CARD,card_last4,CUST_PREMIUM_001380
hirothompson@harbor.example,ck_fad008a09c,SESSION_COOKIE,cookie,CUST_PREMIUM_001380
hirothompson@harbor.example,ck_bfa5c932a7,SESSION_COOKIE,cookie,CUST_PREMIUM_001380
hirothompson@harbor.example,dev_884e5b3ebf,AUTHENTICATED_DEVICE,device_id,CUST_PREMIUM_001380
CUST_PREMIUM_001381,morris.dev@atlasmail.net,PRIMARY_EMAIL,email,CUST_PREMIUM_001381
CUST_PREMIUM_001381,+1 (416) 381-0220,PRIMARY_PHONE,phone,CUST_PREMIUM_001381
CUST_PREMIUM_001381,9272,ISSUED_CARD,card_last4,CUST_PREMIUM_001381
morris.dev@atlasmail.net,ck_2c6176b0da,SESSION_COOKIE,cookie,CUST_PREMIUM_001381
morris.dev@atlasmail.net,dev_1024901ee3,AUTHENTICATED_DEVICE,device_id,CUST_PREMIUM_001381
CUST_PREMIUM_001382,l.harris@example.com,PRIMARY_EMAIL,email,CUST_PREMIUM_001382
CUST_PREMIUM_001382,+1 (404) 385-8139,PRIMARY_PHONE,phone,CUST_PREMIUM_001382
CUST_PREMIUM_001382,6834,ISSUED_CARD,card_last4,CUST_PREMIUM_001382
l.harris@example.com,ck_b4825ac00c,SESSION_COOKIE,cookie,CUST_PREMIUM_001382
l.harris@example.com,ck_87bd013b0a,SESSION_COOKIE,cookie,CUST_PREMIUM_001382
l.harris@example.com,dev_211198c0d4,AUTHENTICATED_DEVICE,device_id,CUST_PREMIUM_001382
l.harris@example.com,dev_shared_ae8cf1038,AUTHENTICATED_DEVICE,device_id,CUST_PREMIUM_001382
CUST_PREMIUM_001383,a.roberts@harbor.example,PRIMARY_EMAIL,email,CUST_PREMIUM_001383
CUST_PREMIUM_001383,+1 (305) 389-6058,PRIMARY_PHONE,phone,CUST_PREMIUM_001383
CUST_PREMIUM_001383,8026,ISSUED_CARD,card_last4,CUST_PREMIUM_001383
a.roberts@harbor.example,ck_c69e2190e1,SESSION_COOKIE,cookie,CUST_PREMIUM_001383
a.roberts@harbor.example,ck_6484f93300,SESSION_COOKIE,cookie,CUST_PREMIUM_001383
a.roberts@harbor.example,ck_f750e74517,SESSION_COOKIE,cookie,CUST_PREMIUM_001383
a.roberts@harbor.example,dev_718ecbcd8d,AUTHENTICATED_DEVICE,device_id,CUST_PREMIUM_001383
a.roberts@harbor.example,dev_shared_fa527b5e0,AUTHENTICATED_DEVICE,device_id,CUST_PREMIUM_001383
CUST_PREMIUM_001384,gabriel.carter@example.com,PRIMARY_EMAIL,email,CUST_PREMIUM_001384
CUST_PREMIUM_001384,+1 (212) 371-3977,PRIMARY_PHONE,phone,CUST_PREMIUM_001384
CUST_PREMIUM_001384,8052,ISSUED_CARD,card_last4,CUST_PREMIUM_001384
gabriel.carter@example.com,ck_3eb1799ad2,SESSION_COOKIE,cookie,CUST_PREMIUM_001384
gabriel.carter@example.com,ck_e5ec36ddb6,SESSION_COOKIE,cookie,CUST_PREMIUM_001384
gabriel.carter@example.com,dev_30e9808a73,AUTHENTICATED_DEVICE,device_id,CUST_PREMIUM_001384
CUST_PREMIUM_001385,z.thompson@orchardmail.com,PRIMARY_EMAIL,email,CUST_PREMIUM_001385
CUST_PREMIUM_001385,+1 (214) 452-1896,PRIMARY_PHONE,phone,CUST_PREMIUM_001385
CUST_PREMIUM_001385,8515,ISSUED_CARD,card_last4,CUST_PREMIUM_001385
z.thompson@orchardmail.com,ck_6a46849d89,SESSION_COOKIE,cookie,CUST_PREMIUM_001385
z.thompson@orchardmail.com,ck_bf6d952c7f,SESSION_COOKIE,cookie,CUST_PREMIUM_001385
z.thompson@orchardmail.com,dev_c97a3e0454,AUTHENTICATED_DEVICE,device_id,CUST_PREMIUM_001385
z.thompson@orchardmail.com,dev_d85909ec07,AUTHENTICATED_DEVICE,device_id,CUST_PREMIUM_001385
z.thompson@orchardmail.com,dev_bca0f3fbb6,AUTHENTICATED_DEVICE,device_id,CUST_PREMIUM_001385
z.thompson@orchardmail.com,dev_d4a1c37e46,AUTHENTICATED_DEVICE,device_id,CUST_PREMIUM_001385
CUST_PREMIUM_001386,eleanor.young94@bluepeak.co,PRIMARY_EMAIL,email,CUST_PREMIUM_001386
CUST_PREMIUM_001386,+1 (305) 500-9815,PRIMARY_PHONE,phone,CUST_PREMIUM_001386
CUST_PREMIUM_001386,1338,ISSUED_CARD,card_last4,CUST_PREMIUM_001386
eleanor.young94@bluepeak.co,ck_986ff8fae3,SESSION_COOKIE,cookie,CUST_PREMIUM_001386
eleanor.young94@bluepeak.co,dev_761a6b34f5,AUTHENTICATED_DEVICE,device_id,CUST_PREMIUM_001386
eleanor.young94@bluepeak.co,dev_38b8a178fd,AUTHENTICATED_DEVICE,device_id,CUST_PREMIUM_001386
eleanor.young94@bluepeak.co,dev_7ec8500147,AUTHENTICATED_DEVICE,device_id,CUST_PREMIUM_001386
CUST_PREMIUM_001387,akira.walker95@summitmail.net,PRIMARY_EMAIL,email,CUST_PREMIUM_001387
CUST_PREMIUM_001387,+1 (212) 482-7734,PRIMARY_PHONE,phone,CUST_PREMIUM_001387
CUST_PREMIUM_001387,1886,ISSUED_CARD,card_last4,CUST_PREMIUM_001387
akira.walker95@summitmail.net,ck_dd68d41fc2,SESSION_COOKIE,cookie,CUST_PREMIUM_001387
akira.walker95@summitmail.net,ck_4d18393024,SESSION_COOKIE,cookie,CUST_PREMIUM_001387
akira.walker95@summitmail.net,ck_ca1af6a734,SESSION_COOKIE,cookie,CUST_PREMIUM_001387
akira.walker95@summitmail.net,dev_4d5253f263,AUTHENTICATED_DEVICE,device_id,CUST_PREMIUM_001387
CUST_PREMIUM_001388,elias.martin@atlasmail.net,PRIMARY_EMAIL,email,CUST_PREMIUM_001388
CUST_PREMIUM_001388,+1 (212) 519-5653,PRIMARY_PHONE,phone,CUST_PREMIUM_001388
CUST_PREMIUM_001388,9318,ISSUED_CARD,card_last4,CUST_PREMIUM_001388
elias.martin@atlasmail.net,ck_b907f0e3fb,SESSION_COOKIE,cookie,CUST_PREMIUM_001388
elias.martin@atlasmail.net,dev_3346dbd912,AUTHENTICATED_DEVICE,device_id,CUST_PREMIUM_001388
elias.martin@atlasmail.net,dev_40d254ff2d,AUTHENTICATED_DEVICE,device_id,CUST_PREMIUM_001388
CUST_PREMIUM_001389,liam.hall0@northstar.org,PRIMARY_EMAIL,email,CUST_PREMIUM_001389
CUST_PREMIUM_001389,+1 (415) 589-3572,PRIMARY_PHONE,phone,CUST_PREMIUM_001389
CUST_PREMIUM_001389,3862,ISSUED_CARD,card_last4,CUST_PREMIUM_001389
liam.hall0@northstar.org,ck_2a136924b7,SESSION_COOKIE,cookie,CUST_PREMIUM_001389
liam.hall0@northstar.org,dev_adceb72b29,AUTHENTICATED_DEVICE,device_id,CUST_PREMIUM_001389
CUST_PREMIUM_001390,reianderson@summitmail.net,PRIMARY_EMAIL,email,CUST_PREMIUM_001390
CUST_PREMIUM_001390,+1 (646) 703-1491,PRIMARY_PHONE,phone,CUST_PREMIUM_001390
CUST_PREMIUM_001390,6201,ISSUED_CARD,card_last4,CUST_PREMIUM_001390
reianderson@summitmail.net,ck_76487ac7b7,SESSION_COOKIE,cookie,CUST_PREMIUM_001390
reianderson@summitmail.net,dev_4782c20333,AUTHENTICATED_DEVICE,device_id,CUST_PREMIUM_001390
reianderson@summitmail.net,dev_35a5b5a7fb,AUTHENTICATED_DEVICE,device_id,CUST_PREMIUM_001390
reianderson@summitmail.net,dev_shared_91e42d586,AUTHENTICATED_DEVICE,device_id,CUST_PREMIUM_001390
CUST_PREMIUM_001391,nora.sato2@summitmail.net,PRIMARY_EMAIL,email,CUST_PREMIUM_001391
CUST_PREMIUM_001391,+1 (650) 762-9410,PRIMARY_PHONE,phone,CUST_PREMIUM_001391
CUST_PREMIUM_001391,2527,ISSUED_CARD,card_last4,CUST_PREMIUM_001391
nora.sato2@summitmail.net,ck_1e55197ed3,SESSION_COOKIE,cookie,CUST_PREMIUM_001391
nora.sato2@summitmail.net,ck_5adf76f4fc,SESSION_COOKIE,cookie,CUST_PREMIUM_001391
nora.sato2@summitmail.net,ck_34c39f02c2,SESSION_COOKIE,cookie,CUST_PREMIUM_001391
nora.sato2@summitmail.net,dev_b89a8cfb55,AUTHENTICATED_DEVICE,device_id,CUST_PREMIUM_001391
nora.sato2@summitmail.net,dev_69d7de5da5,AUTHENTICATED_DEVICE,device_id,CUST_PREMIUM_001391
CUST_PREMIUM_001392,jonah.young3@bluepeak.co,PRIMARY_EMAIL,email,CUST_PREMIUM_001392
CUST_PREMIUM_001392,+1 (312) 689-7329,PRIMARY_PHONE,phone,CUST_PREMIUM_001392
CUST_PREMIUM_001392,5760,ISSUED_CARD,card_last4,CUST_PREMIUM_001392
jonah.young3@bluepeak.co,ck_c78bccb002,SESSION_COOKIE,cookie,CUST_PREMIUM_001392
jonah.young3@bluepeak.co,dev_35fd92de53,AUTHENTICATED_DEVICE,device_id,CUST_PREMIUM_001392
CUST_PREMIUM_001393,alejandroreed@example.com,PRIMARY_EMAIL,email,CUST_PREMIUM_001393
CUST_PREMIUM_001393,+1 (312) 726-5248,PRIMARY_PHONE,phone,CUST_PREMIUM_001393
CUST_PREMIUM_001393,2720,ISSUED_CARD,card_last4,CUST_PREMIUM_001393
alejandroreed@example.com,ck_b805579963,SESSION_COOKIE,cookie,CUST_PREMIUM_001393
alejandroreed@example.com,ck_cf337de158,SESSION_COOKIE,cookie,CUST_PREMIUM_001393
alejandroreed@example.com,ck_8f7958b1af,SESSION_COOKIE,cookie,CUST_PREMIUM_001393
alejandroreed@example.com,dev_7d6db43268,AUTHENTICATED_DEVICE,device_id,CUST_PREMIUM_001393
CUST_PREMIUM_001394,wilson.aditi@example.com,PRIMARY_EMAIL,email,CUST_PREMIUM_001394
CUST_PREMIUM_001394,+1 (212) 741-3167,PRIMARY_PHONE,phone,CUST_PREMIUM_001394
CUST_PREMIUM_001394,7742,ISSUED_CARD,card_last4,CUST_PREMIUM_001394
wilson.aditi@example.com,ck_fff2ae0d8d,SESSION_COOKIE,cookie,CUST_PREMIUM_001394
wilson.aditi@example.com,dev_cd84e67025,AUTHENTICATED_DEVICE,device_id,CUST_PREMIUM_001394
CUST_PREMIUM_001395,carter.diego@harbor.example,PRIMARY_EMAIL,email,CUST_PREMIUM_001395
CUST_PREMIUM_001395,+1 (469) 243-1086,PRIMARY_PHONE,phone,CUST_PREMIUM_001395
CUST_PREMIUM_001395,1759,ISSUED_CARD,card_last4,CUST_PREMIUM_001395
carter.diego@harbor.example,ck_c7370698df,SESSION_COOKIE,cookie,CUST_PREMIUM_001395
carter.diego@harbor.example,ck_1e7f592834,SESSION_COOKIE,cookie,CUST_PREMIUM_001395
carter.diego@harbor.example,ck_b28d6de9a1,SESSION_COOKIE,cookie,CUST_PREMIUM_001395
carter.diego@harbor.example,ck_cb3c99b1d3,SESSION_COOKIE,cookie,CUST_PREMIUM_001395
carter.diego@harbor.example,dev_f27e4c542f,AUTHENTICATED_DEVICE,device_id,CUST_PREMIUM_001395
CUST_PREMIUM_001396,nikhil.moore@vectorlabs.co,PRIMARY_EMAIL,email,CUST_PREMIUM_001396
CUST_PREMIUM_001396,+1 (305) 870-9005,PRIMARY_PHONE,phone,CUST_PREMIUM_001396
CUST_PREMIUM_001396,7696,ISSUED_CARD,card_last4,CUST_PREMIUM_001396
nikhil.moore@vectorlabs.co,ck_abfec3a9e3,SESSION_COOKIE,cookie,CUST_PREMIUM_001396
nikhil.moore@vectorlabs.co,ck_4863e0fe8c,SESSION_COOKIE,cookie,CUST_PREMIUM_001396
nikhil.moore@vectorlabs.co,dev_6f762e98be,AUTHENTICATED_DEVICE,device_id,CUST_PREMIUM_001396
CUST_PREMIUM_001397,grace.carter@orchardmail.com,PRIMARY_EMAIL,email,CUST_PREMIUM_001397
CUST_PREMIUM_001397,+1 (212) 852-6924,PRIMARY_PHONE,phone,CUST_PREMIUM_001397
CUST_PREMIUM_001397,0317,ISSUED_CARD,card_last4,CUST_PREMIUM_001397
grace.carter@orchardmail.com,ck_d84729d2e6,SESSION_COOKIE,cookie,CUST_PREMIUM_001397
grace.carter@orchardmail.com,ck_23fbdde412,SESSION_COOKIE,cookie,CUST_PREMIUM_001397
grace.carter@orchardmail.com,ck_fd33a19ab6,SESSION_COOKIE,cookie,CUST_PREMIUM_001397
grace.carter@orchardmail.com,dev_39722c4cf6,AUTHENTICATED_DEVICE,device_id,CUST_PREMIUM_001397
grace.carter@orchardmail.com,dev_4c7a24a3ec,AUTHENTICATED_DEVICE,device_id,CUST_PREMIUM_001397
grace.carter@orchardmail.com,dev_shared_1b646cb95,AUTHENTICATED_DEVICE,device_id,CUST_PREMIUM_001397
CUST_PREMIUM_001398,j.khan@capital-demo.org,PRIMARY_EMAIL,email,CUST_PREMIUM_001398
CUST_PREMIUM_001398,+1 (415) 222-4843,PRIMARY_PHONE,phone,CUST_PREMIUM_001398
CUST_PREMIUM_001398,9829,ISSUED_CARD,card_last4,CUST_PREMIUM_001398
j.khan@capital-demo.org,ck_f307964e96,SESSION_COOKIE,cookie,CUST_PREMIUM_001398
j.khan@capital-demo.org,dev_a9fe52fca5,AUTHENTICATED_DEVICE,device_id,CUST_PREMIUM_001398
CUST_PREMIUM_001399,patel.elena@example.com,PRIMARY_EMAIL,email,CUST_PREMIUM_001399
CUST_PREMIUM_001399,+1 (312) 248-2762,PRIMARY_PHONE,phone,CUST_PREMIUM_001399
CUST_PREMIUM_001399,2563,ISSUED_CARD,card_last4,CUST_PREMIUM_001399
patel.elena@example.com,ck_519883c6c3,SESSION_COOKIE,cookie,CUST_PREMIUM_001399
patel.elena@example.com,ck_a5b9d256c6,SESSION_COOKIE,cookie,CUST_PREMIUM_001399
patel.elena@example.com,ck_d4feb5ddb3,SESSION_COOKIE,cookie,CUST_PREMIUM_001399
patel.elena@example.com,ck_d6e608e2cd,SESSION_COOKIE,cookie,CUST_PREMIUM_001399
patel.elena@example.com,dev_7fb6088866,AUTHENTICATED_DEVICE,device_id,CUST_PREMIUM_001399
CUST_PREMIUM_001400,vivian.smith@capital-demo.org,PRIMARY_EMAIL,email,CUST_PREMIUM_001400
CUST_PREMIUM_001400,+1 (415) 296-0681,PRIMARY_PHONE,phone,CUST_PREMIUM_001400
CUST_PREMIUM_001400,7086,ISSUED_CARD,card_last4,CUST_PREMIUM_001400
vivian.smith@capital-demo.org,ck_13657107de,SESSION_COOKIE,cookie,CUST_PREMIUM_001400
vivian.smith@capital-demo.org,dev_a0f73dd169,AUTHENTICATED_DEVICE,device_id,CUST_PREMIUM_001400
CUST_PREMIUM_001401,sterling.hazel@harbor.example,PRIMARY_EMAIL,email,CUST_PREMIUM_001401
CUST_PREMIUM_001401,+1 (212) 300-8600,PRIMARY_PHONE,phone,CUST_PREMIUM_001401
CUST_PREMIUM_001401,1577,ISSUED_CARD,card_last4,CUST_PREMIUM_001401
sterling.hazel@harbor.example,ck_f0d0c3cd7c,SESSION_COOKIE,cookie,CUST_PREMIUM_001401
sterling.hazel@harbor.example,dev_c0f001fa49,AUTHENTICATED_DEVICE,device_id,CUST_PREMIUM_001401
CUST_PREMIUM_001402,a.banerjee@capital-demo.org,PRIMARY_EMAIL,email,CUST_PREMIUM_001402
CUST_PREMIUM_001402,+1 (416) 458-6519,PRIMARY_PHONE,phone,CUST_PREMIUM_001402
CUST_PREMIUM_001402,7463,ISSUED_CARD,card_last4,CUST_PREMIUM_001402
a.banerjee@capital-demo.org,ck_5b6d133d46,SESSION_COOKIE,cookie,CUST_PREMIUM_001402
a.banerjee@capital-demo.org,dev_5b162c65c8,AUTHENTICATED_DEVICE,device_id,CUST_PREMIUM_001402
CUST_PREMIUM_001403,sophia.kumar14@vectorlabs.co,PRIMARY_EMAIL,email,CUST_PREMIUM_001403
CUST_PREMIUM_001403,+1 (212) 374-4438,PRIMARY_PHONE,phone,CUST_PREMIUM_001403
CUST_PREMIUM_001403,8978,ISSUED_CARD,card_last4,CUST_PREMIUM_001403
sophia.kumar14@vectorlabs.co,ck_135d5721db,SESSION_COOKIE,cookie,CUST_PREMIUM_001403
sophia.kumar14@vectorlabs.co,dev_438227fac9,AUTHENTICATED_DEVICE,device_id,CUST_PREMIUM_001403
CUST_PREMIUM_001404,y.roy@atlasmail.net,PRIMARY_EMAIL,email,CUST_PREMIUM_001404
CUST_PREMIUM_001404,+1 (415) 444-2357,PRIMARY_PHONE,phone,CUST_PREMIUM_001404
CUST_PREMIUM_001404,9110,ISSUED_CARD,card_last4,CUST_PREMIUM_001404
y.roy@atlasmail.net,ck_3227ef48cc,SESSION_COOKIE,cookie,CUST_PREMIUM_001404
y.roy@atlasmail.net,dev_c7e6eb1201,AUTHENTICATED_DEVICE,device_id,CUST_PREMIUM_001404
CUST_PREMIUM_001405,williams.avery@atlasmail.net,PRIMARY_EMAIL,email,CUST_PREMIUM_001405
CUST_PREMIUM_001405,+1 (206) 514-0276,PRIMARY_PHONE,phone,CUST_PREMIUM_001405
CUST_PREMIUM_001405,7450,ISSUED_CARD,card_last4,CUST_PREMIUM_001405
williams.avery@atlasmail.net,ck_2c1bcd2c18,SESSION_COOKIE,cookie,CUST_PREMIUM_001405
williams.avery@atlasmail.net,ck_560acea97b,SESSION_COOKIE,cookie,CUST_PREMIUM_001405
williams.avery@atlasmail.net,dev_6d7dc2dff2,AUTHENTICATED_DEVICE,device_id,CUST_PREMIUM_001405
CUST_PREMIUM_001406,r.wright@bluepeak.co,PRIMARY_EMAIL,email,CUST_PREMIUM_001406
CUST_PREMIUM_001406,+1 (305) 540-8195,PRIMARY_PHONE,phone,CUST_PREMIUM_001406
CUST_PREMIUM_001406,2933,ISSUED_CARD,card_last4,CUST_PREMIUM_001406
r.wright@bluepeak.co,ck_74af3f4c8f,SESSION_COOKIE,cookie,CUST_PREMIUM_001406
r.wright@bluepeak.co,dev_bfe7d9cfe1,AUTHENTICATED_DEVICE,device_id,CUST_PREMIUM_001406
CUST_PREMIUM_001407,n.rivera@harbor.example,PRIMARY_EMAIL,email,CUST_PREMIUM_001407
CUST_PREMIUM_001407,+1 (206) 588-6114,PRIMARY_PHONE,phone,CUST_PREMIUM_001407
CUST_PREMIUM_001407,8299,ISSUED_CARD,card_last4,CUST_PREMIUM_001407
n.rivera@harbor.example,ck_06dc886416,SESSION_COOKIE,cookie,CUST_PREMIUM_001407
n.rivera@harbor.example,ck_160e40b1af,SESSION_COOKIE,cookie,CUST_PREMIUM_001407
n.rivera@harbor.example,dev_33fb01ee50,AUTHENTICATED_DEVICE,device_id,CUST_PREMIUM_001407
CUST_PREMIUM_001408,arjundavis@orchardmail.com,PRIMARY_EMAIL,email,CUST_PREMIUM_001408
CUST_PREMIUM_001408,+1 (310) 570-4033,PRIMARY_PHONE,phone,CUST_PREMIUM_001408
CUST_PREMIUM_001408,0136,ISSUED_CARD,card_last4,CUST_PREMIUM_001408
arjundavis@orchardmail.com,ck_59437920a3,SESSION_COOKIE,cookie,CUST_PREMIUM_001408
arjundavis@orchardmail.com,dev_9ba8742c2c,AUTHENTICATED_DEVICE,device_id,CUST_PREMIUM_001408
CUST_PREMIUM_001409,lucas.chen@northstar.org,PRIMARY_EMAIL,email,CUST_PREMIUM_001409
CUST_PREMIUM_001409,+1 (404) 684-1952,PRIMARY_PHONE,phone,CUST_PREMIUM_001409
CUST_PREMIUM_001409,0200,ISSUED_CARD,card_last4,CUST_PREMIUM_001409
lucas.chen@northstar.org,ck_bfb6d2fceb,SESSION_COOKIE,cookie,CUST_PREMIUM_001409
lucas.chen@northstar.org,dev_cd0be45096,AUTHENTICATED_DEVICE,device_id,CUST_PREMIUM_001409
CUST_PREMIUM_001410,kumar.mia@capital-demo.org,PRIMARY_EMAIL,email,CUST_PREMIUM_001410
CUST_PREMIUM_001410,+1 (617) 710-9871,PRIMARY_PHONE,phone,CUST_PREMIUM_001410
CUST_PREMIUM_001410,2353,ISSUED_CARD,card_last4,CUST_PREMIUM_001410
kumar.mia@capital-demo.org,ck_0e214f3856,SESSION_COOKIE,cookie,CUST_PREMIUM_001410
kumar.mia@capital-demo.org,dev_b6ecda2c6b,AUTHENTICATED_DEVICE,device_id,CUST_PREMIUM_001410
CUST_PREMIUM_001411,aarav.campbell22@orchardmail.com,PRIMARY_EMAIL,email,CUST_PREMIUM_001411
CUST_PREMIUM_001411,+1 (212) 670-7790,PRIMARY_PHONE,phone,CUST_PREMIUM_001411
CUST_PREMIUM_001411,7203,ISSUED_CARD,card_last4,CUST_PREMIUM_001411
aarav.campbell22@orchardmail.com,ck_28f1187662,SESSION_COOKIE,cookie,CUST_PREMIUM_001411
aarav.campbell22@orchardmail.com,dev_3a64d3f8a1,AUTHENTICATED_DEVICE,device_id,CUST_PREMIUM_001411
CUST_PREMIUM_001412,reed.amelia@bluepeak.co,PRIMARY_EMAIL,email,CUST_PREMIUM_001412
CUST_PREMIUM_001412,+1 (415) 740-5709,PRIMARY_PHONE,phone,CUST_PREMIUM_001412
CUST_PREMIUM_001412,4369,ISSUED_CARD,card_last4,CUST_PREMIUM_001412
reed.amelia@bluepeak.co,ck_7aa3939b0e,SESSION_COOKIE,cookie,CUST_PREMIUM_001412
reed.amelia@bluepeak.co,dev_ea1a73ccaf,AUTHENTICATED_DEVICE,device_id,CUST_PREMIUM_001412
CUST_PREMIUM_001413,emmadiaz@northstar.org,PRIMARY_EMAIL,email,CUST_PREMIUM_001413
CUST_PREMIUM_001413,+1 (305) 799-3628,PRIMARY_PHONE,phone,CUST_PREMIUM_001413
CUST_PREMIUM_001413,3117,ISSUED_CARD,card_last4,CUST_PREMIUM_001413
emmadiaz@northstar.org,ck_2d51b563b6,SESSION_COOKIE,cookie,CUST_PREMIUM_001413
emmadiaz@northstar.org,dev_fb5f3cd67a,AUTHENTICATED_DEVICE,device_id,CUST_PREMIUM_001413
emmadiaz@northstar.org,dev_afa4ae820a,AUTHENTICATED_DEVICE,device_id,CUST_PREMIUM_001413
CUST_PREMIUM_001414,o.perez@atlasmail.net,PRIMARY_EMAIL,email,CUST_PREMIUM_001414
CUST_PREMIUM_001414,+1 (214) 825-1547,PRIMARY_PHONE,phone,CUST_PREMIUM_001414
CUST_PREMIUM_001414,6291,ISSUED_CARD,card_last4,CUST_PREMIUM_001414
o.perez@atlasmail.net,ck_c5ab6fe015,SESSION_COOKIE,cookie,CUST_PREMIUM_001414
o.perez@atlasmail.net,ck_fc3e38f0b6,SESSION_COOKIE,cookie,CUST_PREMIUM_001414
o.perez@atlasmail.net,ck_e376b85369,SESSION_COOKIE,cookie,CUST_PREMIUM_001414
o.perez@atlasmail.net,dev_a0d6f67e0c,AUTHENTICATED_DEVICE,device_id,CUST_PREMIUM_001414
CUST_PREMIUM_001415,jasmine.hernandez@vectorlabs.co,PRIMARY_EMAIL,email,CUST_PREMIUM_001415
CUST_PREMIUM_001415,+1 (214) 862-9466,PRIMARY_PHONE,phone,CUST_PREMIUM_001415
CUST_PREMIUM_001415,9912,ISSUED_CARD,card_last4,CUST_PREMIUM_001415
jasmine.hernandez@vectorlabs.co,ck_8f31c89226,SESSION_COOKIE,cookie,CUST_PREMIUM_001415
jasmine.hernandez@vectorlabs.co,dev_c3d1b345aa,AUTHENTICATED_DEVICE,device_id,CUST_PREMIUM_001415
jasmine.hernandez@vectorlabs.co,dev_9129e282f8,AUTHENTICATED_DEVICE,device_id,CUST_PREMIUM_001415
CUST_PREMIUM_001416,riya.chen@northstar.org,PRIMARY_EMAIL,email,CUST_PREMIUM_001416
CUST_PREMIUM_001416,+1 (415) 888-7385,PRIMARY_PHONE,phone,CUST_PREMIUM_001416
CUST_PREMIUM_001416,5362,ISSUED_CARD,card_last4,CUST_PREMIUM_001416
riya.chen@northstar.org,ck_3946fa2f86,SESSION_COOKIE,cookie,CUST_PREMIUM_001416
riya.chen@northstar.org,dev_77b903220a,AUTHENTICATED_DEVICE,device_id,CUST_PREMIUM_001416
CUST_PREMIUM_001417,nikhilwalker@atlasmail.net,PRIMARY_EMAIL,email,CUST_PREMIUM_001417
CUST_PREMIUM_001417,+1 (212) 892-5304,PRIMARY_PHONE,phone,CUST_PREMIUM_001417
CUST_PREMIUM_001417,7630,ISSUED_CARD,card_last4,CUST_PREMIUM_001417
nikhilwalker@atlasmail.net,ck_a9cdbaf539,SESSION_COOKIE,cookie,CUST_PREMIUM_001417
nikhilwalker@atlasmail.net,dev_642d2231bd,AUTHENTICATED_DEVICE,device_id,CUST_PREMIUM_001417
CUST_PREMIUM_001418,priya.evans@orchardmail.com,PRIMARY_EMAIL,email,CUST_PREMIUM_001418
CUST_PREMIUM_001418,+1 (214) 273-3223,PRIMARY_PHONE,phone,CUST_PREMIUM_001418
CUST_PREMIUM_001418,4655,ISSUED_CARD,card_last4,CUST_PREMIUM_001418
priya.evans@orchardmail.com,ck_16ca37154c,SESSION_COOKIE,cookie,CUST_PREMIUM_001418
priya.evans@orchardmail.com,dev_b7d87959d7,AUTHENTICATED_DEVICE,device_id,CUST_PREMIUM_001418
CUST_PREMIUM_001419,jack.carter30@vectorlabs.co,PRIMARY_EMAIL,email,CUST_PREMIUM_001419
CUST_PREMIUM_001419,+1 (312) 288-1142,PRIMARY_PHONE,phone,CUST_PREMIUM_001419
CUST_PREMIUM_001419,2561,ISSUED_CARD,card_last4,CUST_PREMIUM_001419
jack.carter30@vectorlabs.co,ck_c8559eec76,SESSION_COOKIE,cookie,CUST_PREMIUM_001419
jack.carter30@vectorlabs.co,dev_aa7fe28d79,AUTHENTICATED_DEVICE,device_id,CUST_PREMIUM_001419
jack.carter30@vectorlabs.co,dev_shared_38588bdb8,AUTHENTICATED_DEVICE,device_id,CUST_PREMIUM_001419
jack.carter30@vectorlabs.co,dev_shared_0700824c1,AUTHENTICATED_DEVICE,device_id,CUST_PREMIUM_001419
CUST_PREMIUM_001420,harper.williams@bluepeak.co,PRIMARY_EMAIL,email,CUST_PREMIUM_001420
CUST_PREMIUM_001420,+1 (214) 347-9061,PRIMARY_PHONE,phone,CUST_PREMIUM_001420
CUST_PREMIUM_001420,8992,ISSUED_CARD,card_last4,CUST_PREMIUM_001420
harper.williams@bluepeak.co,ck_665941dcac,SESSION_COOKIE,cookie,CUST_PREMIUM_001420
harper.williams@bluepeak.co,dev_14a2e336bd,AUTHENTICATED_DEVICE,device_id,CUST_PREMIUM_001420
CUST_PREMIUM_001421,jasmine.carter32@orchardmail.com,PRIMARY_EMAIL,email,CUST_PREMIUM_001421
CUST_PREMIUM_001421,+1 (312) 362-6980,PRIMARY_PHONE,phone,CUST_PREMIUM_001421
CUST_PREMIUM_001421,8502,ISSUED_CARD,card_last4,CUST_PREMIUM_001421
jasmine.carter32@orchardmail.com,ck_5872e51e97,SESSION_COOKIE,cookie,CUST_PREMIUM_001421
jasmine.carter32@orchardmail.com,ck_d1d3d8ba81,SESSION_COOKIE,cookie,CUST_PREMIUM_001421
jasmine.carter32@orchardmail.com,dev_f955c76c64,AUTHENTICATED_DEVICE,device_id,CUST_PREMIUM_001421
CUST_PREMIUM_001422,sara.adams33@bluepeak.co,PRIMARY_EMAIL,email,CUST_PREMIUM_001422
CUST_PREMIUM_001422,+1 (206) 443-4899,PRIMARY_PHONE,phone,CUST_PREMIUM_001422
CUST_PREMIUM_001422,0468,ISSUED_CARD,card_last4,CUST_PREMIUM_001422
sara.adams33@bluepeak.co,ck_7b327d6946,SESSION_COOKIE,cookie,CUST_PREMIUM_001422
sara.adams33@bluepeak.co,dev_2f3aeeae36,AUTHENTICATED_DEVICE,device_id,CUST_PREMIUM_001422
CUST_PREMIUM_001423,hall.fatima@example.com,PRIMARY_EMAIL,email,CUST_PREMIUM_001423
CUST_PREMIUM_001423,+1 (718) 568-2818,PRIMARY_PHONE,phone,CUST_PREMIUM_001423
CUST_PREMIUM_001423,9797,ISSUED_CARD,card_last4,CUST_PREMIUM_001423
hall.fatima@example.com,ck_e75e71913c,SESSION_COOKIE,cookie,CUST_PREMIUM_001423
hall.fatima@example.com,dev_083df2a4d6,AUTHENTICATED_DEVICE,device_id,CUST_PREMIUM_001423
CUST_PREMIUM_001424,a.hernandez@atlasmail.net,PRIMARY_EMAIL,email,CUST_PREMIUM_001424
CUST_PREMIUM_001424,+1 (206) 517-0737,PRIMARY_PHONE,phone,CUST_PREMIUM_001424
CUST_PREMIUM_001424,3669,ISSUED_CARD,card_last4,CUST_PREMIUM_001424
a.hernandez@atlasmail.net,ck_1f0e47fd32,SESSION_COOKIE,cookie,CUST_PREMIUM_001424
a.hernandez@atlasmail.net,dev_29fa899e1d,AUTHENTICATED_DEVICE,device_id,CUST_PREMIUM_001424
CUST_PREMIUM_001425,aishawright@vectorlabs.co,PRIMARY_EMAIL,email,CUST_PREMIUM_001425
CUST_PREMIUM_001425,+1 (415) 521-8656,PRIMARY_PHONE,phone,CUST_PREMIUM_001425
CUST_PREMIUM_001425,7923,ISSUED_CARD,card_last4,CUST_PREMIUM_001425
aishawright@vectorlabs.co,ck_7ef2d169d2,SESSION_COOKIE,cookie,CUST_PREMIUM_001425
aishawright@vectorlabs.co,ck_4d204fb1be,SESSION_COOKIE,cookie,CUST_PREMIUM_001425
aishawright@vectorlabs.co,dev_d64529668a,AUTHENTICATED_DEVICE,device_id,CUST_PREMIUM_001425
aishawright@vectorlabs.co,dev_9d36799545,AUTHENTICATED_DEVICE,device_id,CUST_PREMIUM_001425
CUST_PREMIUM_001426,a.morgan@orchardmail.com,PRIMARY_EMAIL,email,CUST_PREMIUM_001426
CUST_PREMIUM_001426,+1 (416) 646-6575,PRIMARY_PHONE,phone,CUST_PREMIUM_001426
CUST_PREMIUM_001426,9011,ISSUED_CARD,card_last4,CUST_PREMIUM_001426
a.morgan@orchardmail.com,ck_af9fbe90d3,SESSION_COOKIE,cookie,CUST_PREMIUM_001426
a.morgan@orchardmail.com,ck_63796b0b82,SESSION_COOKIE,cookie,CUST_PREMIUM_001426
a.morgan@orchardmail.com,dev_a1310469a8,AUTHENTICATED_DEVICE,device_id,CUST_PREMIUM_001426
CUST_PREMIUM_001427,daniel.kumar38@summitmail.net,PRIMARY_EMAIL,email,CUST_PREMIUM_001427
CUST_PREMIUM_001427,+1 (310) 573-4494,PRIMARY_PHONE,phone,CUST_PREMIUM_001427
CUST_PREMIUM_001427,6443,ISSUED_CARD,card_last4,CUST_PREMIUM_001427
daniel.kumar38@summitmail.net,ck_e8b04a19df,SESSION_COOKIE,cookie,CUST_PREMIUM_001427
daniel.kumar38@summitmail.net,ck_f9ebdb12c6,SESSION_COOKIE,cookie,CUST_PREMIUM_001427
daniel.kumar38@summitmail.net,dev_65a1f689d1,AUTHENTICATED_DEVICE,device_id,CUST_PREMIUM_001427
daniel.kumar38@summitmail.net,dev_shared_92009db18,AUTHENTICATED_DEVICE,device_id,CUST_PREMIUM_001427
CUST_PREMIUM_001428,olivia.williams@vectorlabs.co,PRIMARY_EMAIL,email,CUST_PREMIUM_001428
CUST_PREMIUM_001428,+1 (469) 764-2413,PRIMARY_PHONE,phone,CUST_PREMIUM_001428
CUST_PREMIUM_001428,5644,ISSUED_CARD,card_last4,CUST_PREMIUM_001428
olivia.williams@vectorlabs.co,ck_8e473a1cdd,SESSION_COOKIE,cookie,CUST_PREMIUM_001428
olivia.williams@vectorlabs.co,dev_13b3b0f52e,AUTHENTICATED_DEVICE,device_id,CUST_PREMIUM_001428
CUST_PREMIUM_001429,hernandez.samuel@example.com,PRIMARY_EMAIL,email,CUST_PREMIUM_001429
CUST_PREMIUM_001429,+1 (312) 658-0332,PRIMARY_PHONE,phone,CUST_PREMIUM_001429
CUST_PREMIUM_001429,8308,ISSUED_CARD,card_last4,CUST_PREMIUM_001429
hernandez.samuel@example.com,ck_fc04fbf802,SESSION_COOKIE,cookie,CUST_PREMIUM_001429
hernandez.samuel@example.com,dev_3a418cc19d,AUTHENTICATED_DEVICE,device_id,CUST_PREMIUM_001429
CUST_PREMIUM_001430,s.roy@example.com,PRIMARY_EMAIL,email,CUST_PREMIUM_001430
CUST_PREMIUM_001430,+1 (305) 728-8251,PRIMARY_PHONE,phone,CUST_PREMIUM_001430
CUST_PREMIUM_001430,9655,ISSUED_CARD,card_last4,CUST_PREMIUM_001430
s.roy@example.com,ck_bb84063ab2,SESSION_COOKIE,cookie,CUST_PREMIUM_001430
s.roy@example.com,dev_a14da6a91e,AUTHENTICATED_DEVICE,device_id,CUST_PREMIUM_001430
s.roy@example.com,dev_shared_4d40524e5,AUTHENTICATED_DEVICE,device_id,CUST_PREMIUM_001430
CUST_PREMIUM_001431,saraanderson@vectorlabs.co,PRIMARY_EMAIL,email,CUST_PREMIUM_001431
CUST_PREMIUM_001431,+1 (646) 820-6170,PRIMARY_PHONE,phone,CUST_PREMIUM_001431
CUST_PREMIUM_001431,5467,ISSUED_CARD,card_last4,CUST_PREMIUM_001431
saraanderson@vectorlabs.co,ck_bd0d494619,SESSION_COOKIE,cookie,CUST_PREMIUM_001431
saraanderson@vectorlabs.co,dev_6f88387fe0,AUTHENTICATED_DEVICE,device_id,CUST_PREMIUM_001431
CUST_PREMIUM_001432,rafaeldiaz@bluepeak.co,PRIMARY_EMAIL,email,CUST_PREMIUM_001432
CUST_PREMIUM_001432,+1 (404) 835-4089,PRIMARY_PHONE,phone,CUST_PREMIUM_001432
CUST_PREMIUM_001432,8670,ISSUED_CARD,card_last4,CUST_PREMIUM_001432
rafaeldiaz@bluepeak.co,ck_2e1bc418d3,SESSION_COOKIE,cookie,CUST_PREMIUM_001432
rafaeldiaz@bluepeak.co,ck_2600d03133,SESSION_COOKIE,cookie,CUST_PREMIUM_001432
rafaeldiaz@bluepeak.co,dev_1873d8beba,AUTHENTICATED_DEVICE,device_id,CUST_PREMIUM_001432
rafaeldiaz@bluepeak.co,dev_cda4997c52,AUTHENTICATED_DEVICE,device_id,CUST_PREMIUM_001432
rafaeldiaz@bluepeak.co,dev_shared_9d7adc054,AUTHENTICATED_DEVICE,device_id,CUST_PREMIUM_001432
CUST_PREMIUM_001433,eleanor.anderson44@harbor.example,PRIMARY_EMAIL,email,CUST_PREMIUM_001433
CUST_PREMIUM_001433,+1 (646) 894-2008,PRIMARY_PHONE,phone,CUST_PREMIUM_001433
CUST_PREMIUM_001433,2852,ISSUED_CARD,card_last4,CUST_PREMIUM_001433
eleanor.anderson44@harbor.example,ck_a265644d24,SESSION_COOKIE,cookie,CUST_PREMIUM_001433
eleanor.anderson44@harbor.example,ck_2d20d2076f,SESSION_COOKIE,cookie,CUST_PREMIUM_001433
eleanor.anderson44@harbor.example,dev_c1ba50ccec,AUTHENTICATED_DEVICE,device_id,CUST_PREMIUM_001433
CUST_PREMIUM_001434,grace.carter45@capital-demo.org,PRIMARY_EMAIL,email,CUST_PREMIUM_001434
CUST_PREMIUM_001434,+1 (416) 242-9927,PRIMARY_PHONE,phone,CUST_PREMIUM_001434
CUST_PREMIUM_001434,0115,ISSUED_CARD,card_last4,CUST_PREMIUM_001434
grace.carter45@capital-demo.org,ck_e5f8bfbbb6,SESSION_COOKIE,cookie,CUST_PREMIUM_001434
grace.carter45@capital-demo.org,ck_ab183cda57,SESSION_COOKIE,cookie,CUST_PREMIUM_001434
grace.carter45@capital-demo.org,ck_c0766553fe,SESSION_COOKIE,cookie,CUST_PREMIUM_001434
grace.carter45@capital-demo.org,ck_9670f561d2,SESSION_COOKIE,cookie,CUST_PREMIUM_001434
grace.carter45@capital-demo.org,dev_eccbefa68d,AUTHENTICATED_DEVICE,device_id,CUST_PREMIUM_001434
grace.carter45@capital-demo.org,dev_85d2ee7506,AUTHENTICATED_DEVICE,device_id,CUST_PREMIUM_001434
grace.carter45@capital-demo.org,dev_bdaf4a896d,AUTHENTICATED_DEVICE,device_id,CUST_PREMIUM_001434
CUST_PREMIUM_001435,hannah.banerjee@atlasmail.net,PRIMARY_EMAIL,email,CUST_PREMIUM_001435
CUST_PREMIUM_001435,+1 (650) 290-7846,PRIMARY_PHONE,phone,CUST_PREMIUM_001435
CUST_PREMIUM_001435,9630,ISSUED_CARD,card_last4,CUST_PREMIUM_001435
hannah.banerjee@atlasmail.net,ck_3690c7d806,SESSION_COOKIE,cookie,CUST_PREMIUM_001435
hannah.banerjee@atlasmail.net,dev_2961a295ac,AUTHENTICATED_DEVICE,device_id,CUST_PREMIUM_001435
hannah.banerjee@atlasmail.net,dev_826ee53374,AUTHENTICATED_DEVICE,device_id,CUST_PREMIUM_001435
CUST_PREMIUM_001436,andre.vance@orchardmail.com,PRIMARY_EMAIL,email,CUST_PREMIUM_001436
CUST_PREMIUM_001436,+1 (305) 250-5765,PRIMARY_PHONE,phone,CUST_PREMIUM_001436
CUST_PREMIUM_001436,4183,ISSUED_CARD,card_last4,CUST_PREMIUM_001436
andre.vance@orchardmail.com,ck_668b8967b7,SESSION_COOKIE,cookie,CUST_PREMIUM_001436
andre.vance@orchardmail.com,dev_e42c43f289,AUTHENTICATED_DEVICE,device_id,CUST_PREMIUM_001436
CUST_PREMIUM_001437,l.smith@capital-demo.org,PRIMARY_EMAIL,email,CUST_PREMIUM_001437
CUST_PREMIUM_001437,+1 (310) 243-3684,PRIMARY_PHONE,phone,CUST_PREMIUM_001437
CUST_PREMIUM_001437,2922,ISSUED_CARD,card_last4,CUST_PREMIUM_001437
l.smith@capital-demo.org,ck_c6a075c180,SESSION_COOKIE,cookie,CUST_PREMIUM_001437
l.smith@capital-demo.org,dev_b36b5411f3,AUTHENTICATED_DEVICE,device_id,CUST_PREMIUM_001437
CUST_PREMIUM_001438,ibrahimsato@atlasmail.net,PRIMARY_EMAIL,email,CUST_PREMIUM_001438
CUST_PREMIUM_001438,+1 (212) 269-1603,PRIMARY_PHONE,phone,CUST_PREMIUM_001438
CUST_PREMIUM_001438,0991,ISSUED_CARD,card_last4,CUST_PREMIUM_001438
ibrahimsato@atlasmail.net,ck_29686e66a7,SESSION_COOKIE,cookie,CUST_PREMIUM_001438
ibrahimsato@atlasmail.net,dev_cb6569b4d4,AUTHENTICATED_DEVICE,device_id,CUST_PREMIUM_001438
CUST_PREMIUM_001439,aisha.perez50@example.com,PRIMARY_EMAIL,email,CUST_PREMIUM_001439
CUST_PREMIUM_001439,+1 (312) 328-9522,PRIMARY_PHONE,phone,CUST_PREMIUM_001439
CUST_PREMIUM_001439,9479,ISSUED_CARD,card_last4,CUST_PREMIUM_001439
aisha.perez50@example.com,ck_90ba1bc2e8,SESSION_COOKIE,cookie,CUST_PREMIUM_001439
aisha.perez50@example.com,dev_67ea5a97a5,AUTHENTICATED_DEVICE,device_id,CUST_PREMIUM_001439
CUST_PREMIUM_001440,lee.layla@vectorlabs.co,PRIMARY_EMAIL,email,CUST_PREMIUM_001440
CUST_PREMIUM_001440,+1 (310) 354-7441,PRIMARY_PHONE,phone,CUST_PREMIUM_001440
CUST_PREMIUM_001440,0877,ISSUED_CARD,card_last4,CUST_PREMIUM_001440
lee.layla@vectorlabs.co,ck_b82615b381,SESSION_COOKIE,cookie,CUST_PREMIUM_001440
lee.layla@vectorlabs.co,ck_09900aa8b8,SESSION_COOKIE,cookie,CUST_PREMIUM_001440
lee.layla@vectorlabs.co,ck_bfebfcc458,SESSION_COOKIE,cookie,CUST_PREMIUM_001440
lee.layla@vectorlabs.co,ck_86997c8b9a,SESSION_COOKIE,cookie,CUST_PREMIUM_001440
lee.layla@vectorlabs.co,dev_5866a5779b,AUTHENTICATED_DEVICE,device_id,CUST_PREMIUM_001440
lee.layla@vectorlabs.co,dev_6edf1ec26d,AUTHENTICATED_DEVICE,device_id,CUST_PREMIUM_001440
CUST_PREMIUM_001441,harperyoung@bluepeak.co,PRIMARY_EMAIL,email,CUST_PREMIUM_001441
CUST_PREMIUM_001441,+1 (206) 446-5360,PRIMARY_PHONE,phone,CUST_PREMIUM_001441
CUST_PREMIUM_001441,0544,ISSUED_CARD,card_last4,CUST_PREMIUM_001441
harperyoung@bluepeak.co,ck_371876eba9,SESSION_COOKIE,cookie,CUST_PREMIUM_001441
harperyoung@bluepeak.co,dev_ea4d026de0,AUTHENTICATED_DEVICE,device_id,CUST_PREMIUM_001441
harperyoung@bluepeak.co,dev_f4d02cfea7,AUTHENTICATED_DEVICE,device_id,CUST_PREMIUM_001441
CUST_PREMIUM_001442,i.anderson@capital-demo.org,PRIMARY_EMAIL,email,CUST_PREMIUM_001442
CUST_PREMIUM_001442,+1 (212) 417-3279,PRIMARY_PHONE,phone,CUST_PREMIUM_001442
CUST_PREMIUM_001442,7226,ISSUED_CARD,card_last4,CUST_PREMIUM_001442
i.anderson@capital-demo.org,ck_9bb12433b9,SESSION_COOKIE,cookie,CUST_PREMIUM_001442
i.anderson@capital-demo.org,dev_9ec830f491,AUTHENTICATED_DEVICE,device_id,CUST_PREMIUM_001442
CUST_PREMIUM_001443,kabir.moore@capital-demo.org,PRIMARY_EMAIL,email,CUST_PREMIUM_001443
CUST_PREMIUM_001443,+1 (212) 454-1198,PRIMARY_PHONE,phone,CUST_PREMIUM_001443
CUST_PREMIUM_001443,9620,ISSUED_CARD,card_last4,CUST_PREMIUM_001443
kabir.moore@capital-demo.org,ck_1113c0fd6e,SESSION_COOKIE,cookie,CUST_PREMIUM_001443
kabir.moore@capital-demo.org,dev_feaa31e13d,AUTHENTICATED_DEVICE,device_id,CUST_PREMIUM_001443
CUST_PREMIUM_001444,carter.sophia@orchardmail.com,PRIMARY_EMAIL,email,CUST_PREMIUM_001444
CUST_PREMIUM_001444,+1 (214) 535-9117,PRIMARY_PHONE,phone,CUST_PREMIUM_001444
CUST_PREMIUM_001444,3738,ISSUED_CARD,card_last4,CUST_PREMIUM_001444
carter.sophia@orchardmail.com,ck_fbd452444d,SESSION_COOKIE,cookie,CUST_PREMIUM_001444
carter.sophia@orchardmail.com,dev_c81cb125a0,AUTHENTICATED_DEVICE,device_id,CUST_PREMIUM_001444
CUST_PREMIUM_001445,chloe.evans@atlasmail.net,PRIMARY_EMAIL,email,CUST_PREMIUM_001445
CUST_PREMIUM_001445,+1 (212) 528-7036,PRIMARY_PHONE,phone,CUST_PREMIUM_001445
CUST_PREMIUM_001445,9801,ISSUED_CARD,card_last4,CUST_PREMIUM_001445
chloe.evans@atlasmail.net,ck_7ec045d1c9,SESSION_COOKIE,cookie,CUST_PREMIUM_001445
chloe.evans@atlasmail.net,ck_78838be4b9,SESSION_COOKIE,cookie,CUST_PREMIUM_001445
chloe.evans@atlasmail.net,dev_d125dfac21,AUTHENTICATED_DEVICE,device_id,CUST_PREMIUM_001445
CUST_PREMIUM_001446,miguelroberts@summitmail.net,PRIMARY_EMAIL,email,CUST_PREMIUM_001446
CUST_PREMIUM_001446,+1 (312) 587-4955,PRIMARY_PHONE,phone,CUST_PREMIUM_001446
CUST_PREMIUM_001446,9763,ISSUED_CARD,card_last4,CUST_PREMIUM_001446
miguelroberts@summitmail.net,ck_ae80c30552,SESSION_COOKIE,cookie,CUST_PREMIUM_001446
miguelroberts@summitmail.net,dev_615f9f3fcb,AUTHENTICATED_DEVICE,device_id,CUST_PREMIUM_001446
CUST_PREMIUM_001447,n.martinez@example.com,PRIMARY_EMAIL,email,CUST_PREMIUM_001447
CUST_PREMIUM_001447,+1 (312) 624-2874,PRIMARY_PHONE,phone,CUST_PREMIUM_001447
CUST_PREMIUM_001447,9595,ISSUED_CARD,card_last4,CUST_PREMIUM_001447
n.martinez@example.com,ck_62b7ccd68b,SESSION_COOKIE,cookie,CUST_PREMIUM_001447
n.martinez@example.com,dev_8e7aa384c7,AUTHENTICATED_DEVICE,device_id,CUST_PREMIUM_001447
CUST_PREMIUM_001448,l.kim@vectorlabs.co,PRIMARY_EMAIL,email,CUST_PREMIUM_001448
CUST_PREMIUM_001448,+1 (310) 650-0793,PRIMARY_PHONE,phone,CUST_PREMIUM_001448
CUST_PREMIUM_001448,3061,ISSUED_CARD,card_last4,CUST_PREMIUM_001448
l.kim@vectorlabs.co,ck_8de1f1f2f2,SESSION_COOKIE,cookie,CUST_PREMIUM_001448
l.kim@vectorlabs.co,dev_20a247eb0a,AUTHENTICATED_DEVICE,device_id,CUST_PREMIUM_001448
CUST_PREMIUM_001449,chloe.campbell@capital-demo.org,PRIMARY_EMAIL,email,CUST_PREMIUM_001449
CUST_PREMIUM_001449,+1 (310) 687-8712,PRIMARY_PHONE,phone,CUST_PREMIUM_001449
CUST_PREMIUM_001449,0028,ISSUED_CARD,card_last4,CUST_PREMIUM_001449
chloe.campbell@capital-demo.org,ck_54992781b4,SESSION_COOKIE,cookie,CUST_PREMIUM_001449
chloe.campbell@capital-demo.org,dev_1eb22c9881,AUTHENTICATED_DEVICE,device_id,CUST_PREMIUM_001449
CUST_PREMIUM_001450,james.ahmed61@capital-demo.org,PRIMARY_EMAIL,email,CUST_PREMIUM_001450
CUST_PREMIUM_001450,+1 (212) 713-6631,PRIMARY_PHONE,phone,CUST_PREMIUM_001450
CUST_PREMIUM_001450,5006,ISSUED_CARD,card_last4,CUST_PREMIUM_001450
james.ahmed61@capital-demo.org,ck_9de9dd9e94,SESSION_COOKIE,cookie,CUST_PREMIUM_001450
james.ahmed61@capital-demo.org,dev_1ed4ceb910,AUTHENTICATED_DEVICE,device_id,CUST_PREMIUM_001450
james.ahmed61@capital-demo.org,dev_e89161654b,AUTHENTICATED_DEVICE,device_id,CUST_PREMIUM_001450
CUST_PREMIUM_001451,ananya.hernandez@bluepeak.co,PRIMARY_EMAIL,email,CUST_PREMIUM_001451
CUST_PREMIUM_001451,+1 (310) 761-4550,PRIMARY_PHONE,phone,CUST_PREMIUM_001451
CUST_PREMIUM_001451,9434,ISSUED_CARD,card_last4,CUST_PREMIUM_001451
ananya.hernandez@bluepeak.co,ck_c6e30cf6a6,SESSION_COOKIE,cookie,CUST_PREMIUM_001451
ananya.hernandez@bluepeak.co,dev_720f6531ec,AUTHENTICATED_DEVICE,device_id,CUST_PREMIUM_001451
CUST_PREMIUM_001452,s.carter@summitmail.net,PRIMARY_EMAIL,email,CUST_PREMIUM_001452
CUST_PREMIUM_001452,+1 (718) 241-2469,PRIMARY_PHONE,phone,CUST_PREMIUM_001452
CUST_PREMIUM_001452,4344,ISSUED_CARD,card_last4,CUST_PREMIUM_001452
s.carter@summitmail.net,ck_ccd0da10a0,SESSION_COOKIE,cookie,CUST_PREMIUM_001452
s.carter@summitmail.net,ck_b470bb0372,SESSION_COOKIE,cookie,CUST_PREMIUM_001452
s.carter@summitmail.net,dev_f44615232a,AUTHENTICATED_DEVICE,device_id,CUST_PREMIUM_001452
CUST_PREMIUM_001453,n.johnson@harbor.example,PRIMARY_EMAIL,email,CUST_PREMIUM_001453
CUST_PREMIUM_001453,+1 (312) 846-0388,PRIMARY_PHONE,phone,CUST_PREMIUM_001453
CUST_PREMIUM_001453,7603,ISSUED_CARD,card_last4,CUST_PREMIUM_001453
n.johnson@harbor.example,ck_2cc5fdea4b,SESSION_COOKIE,cookie,CUST_PREMIUM_001453
n.johnson@harbor.example,ck_0f91f947e7,SESSION_COOKIE,cookie,CUST_PREMIUM_001453
n.johnson@harbor.example,dev_31ed7be798,AUTHENTICATED_DEVICE,device_id,CUST_PREMIUM_001453
CUST_PREMIUM_001454,e.williams@summitmail.net,PRIMARY_EMAIL,email,CUST_PREMIUM_001454
CUST_PREMIUM_001454,+1 (415) 894-8307,PRIMARY_PHONE,phone,CUST_PREMIUM_001454
CUST_PREMIUM_001454,8756,ISSUED_CARD,card_last4,CUST_PREMIUM_001454
e.williams@summitmail.net,ck_38174d9ecf,SESSION_COOKIE,cookie,CUST_PREMIUM_001454
e.williams@summitmail.net,dev_bc4c9f45cf,AUTHENTICATED_DEVICE,device_id,CUST_PREMIUM_001454
CUST_PREMIUM_001455,dev.johnson@northstar.org,PRIMARY_EMAIL,email,CUST_PREMIUM_001455
CUST_PREMIUM_001455,+1 (312) 220-6226,PRIMARY_PHONE,phone,CUST_PREMIUM_001455
CUST_PREMIUM_001455,0705,ISSUED_CARD,card_last4,CUST_PREMIUM_001455
dev.johnson@northstar.org,ck_74615143d6,SESSION_COOKIE,cookie,CUST_PREMIUM_001455
dev.johnson@northstar.org,dev_7685c49be3,AUTHENTICATED_DEVICE,device_id,CUST_PREMIUM_001455
CUST_PREMIUM_001456,wang.samuel@orchardmail.com,PRIMARY_EMAIL,email,CUST_PREMIUM_001456
CUST_PREMIUM_001456,+1 (415) 268-4145,PRIMARY_PHONE,phone,CUST_PREMIUM_001456
CUST_PREMIUM_001456,0109,ISSUED_CARD,card_last4,CUST_PREMIUM_001456
wang.samuel@orchardmail.com,ck_933311c898,SESSION_COOKIE,cookie,CUST_PREMIUM_001456
wang.samuel@orchardmail.com,dev_65665c0ecd,AUTHENTICATED_DEVICE,device_id,CUST_PREMIUM_001456
wang.samuel@orchardmail.com,dev_shared_480857b24,AUTHENTICATED_DEVICE,device_id,CUST_PREMIUM_001456
CUST_PREMIUM_001457,a.khan@vectorlabs.co,PRIMARY_EMAIL,email,CUST_PREMIUM_001457
CUST_PREMIUM_001457,+1 (305) 327-2064,PRIMARY_PHONE,phone,CUST_PREMIUM_001457
CUST_PREMIUM_001457,9427,ISSUED_CARD,card_last4,CUST_PREMIUM_001457
a.khan@vectorlabs.co,ck_f99dd7033e,SESSION_COOKIE,cookie,CUST_PREMIUM_001457
a.khan@vectorlabs.co,dev_63d57edbb8,AUTHENTICATED_DEVICE,device_id,CUST_PREMIUM_001457
a.khan@vectorlabs.co,dev_52e9be3817,AUTHENTICATED_DEVICE,device_id,CUST_PREMIUM_001457
CUST_PREMIUM_001458,omar.ito69@northstar.org,PRIMARY_EMAIL,email,CUST_PREMIUM_001458
CUST_PREMIUM_001458,+1 (617) 386-9983,PRIMARY_PHONE,phone,CUST_PREMIUM_001458
CUST_PREMIUM_001458,2493,ISSUED_CARD,card_last4,CUST_PREMIUM_001458
omar.ito69@northstar.org,ck_bf46635918,SESSION_COOKIE,cookie,CUST_PREMIUM_001458
omar.ito69@northstar.org,dev_cdb179b89c,AUTHENTICATED_DEVICE,device_id,CUST_PREMIUM_001458
CUST_PREMIUM_001459,nakamura.harper@orchardmail.com,PRIMARY_EMAIL,email,CUST_PREMIUM_001459
CUST_PREMIUM_001459,+1 (312) 368-7902,PRIMARY_PHONE,phone,CUST_PREMIUM_001459
CUST_PREMIUM_001459,4917,ISSUED_CARD,card_last4,CUST_PREMIUM_001459
nakamura.harper@orchardmail.com,ck_d25e4268d3,SESSION_COOKIE,cookie,CUST_PREMIUM_001459
nakamura.harper@orchardmail.com,ck_1df9251019,SESSION_COOKIE,cookie,CUST_PREMIUM_001459
nakamura.harper@orchardmail.com,dev_898ac81734,AUTHENTICATED_DEVICE,device_id,CUST_PREMIUM_001459
CUST_PREMIUM_001460,gabriel.martinez71@atlasmail.net,PRIMARY_EMAIL,email,CUST_PREMIUM_001460
CUST_PREMIUM_001460,+1 (212) 383-5821,PRIMARY_PHONE,phone,CUST_PREMIUM_001460
CUST_PREMIUM_001460,0159,ISSUED_CARD,card_last4,CUST_PREMIUM_001460
gabriel.martinez71@atlasmail.net,ck_d1e377df49,SESSION_COOKIE,cookie,CUST_PREMIUM_001460
gabriel.martinez71@atlasmail.net,ck_7c5ec65d91,SESSION_COOKIE,cookie,CUST_PREMIUM_001460
gabriel.martinez71@atlasmail.net,dev_fd3602ffae,AUTHENTICATED_DEVICE,device_id,CUST_PREMIUM_001460
CUST_PREMIUM_001461,noah.harris72@summitmail.net,PRIMARY_EMAIL,email,CUST_PREMIUM_001461
CUST_PREMIUM_001461,+1 (310) 431-3740,PRIMARY_PHONE,phone,CUST_PREMIUM_001461
CUST_PREMIUM_001461,7936,ISSUED_CARD,card_last4,CUST_PREMIUM_001461
noah.harris72@summitmail.net,ck_76ad21ed7b,SESSION_COOKIE,cookie,CUST_PREMIUM_001461
noah.harris72@summitmail.net,dev_c62d33560a,AUTHENTICATED_DEVICE,device_id,CUST_PREMIUM_001461
noah.harris72@summitmail.net,dev_shared_2c36261da,AUTHENTICATED_DEVICE,device_id,CUST_PREMIUM_001461
CUST_PREMIUM_001462,devrobinson@northstar.org,PRIMARY_EMAIL,email,CUST_PREMIUM_001462
CUST_PREMIUM_001462,+1 (214) 501-1659,PRIMARY_PHONE,phone,CUST_PREMIUM_001462
CUST_PREMIUM_001462,1129,ISSUED_CARD,card_last4,CUST_PREMIUM_001462
devrobinson@northstar.org,ck_63e6fac5f2,SESSION_COOKIE,cookie,CUST_PREMIUM_001462
devrobinson@northstar.org,dev_b09eb1a53b,AUTHENTICATED_DEVICE,device_id,CUST_PREMIUM_001462
CUST_PREMIUM_001463,amaraanderson@example.com,PRIMARY_EMAIL,email,CUST_PREMIUM_001463
CUST_PREMIUM_001463,+1 (202) 593-9578,PRIMARY_PHONE,phone,CUST_PREMIUM_001463
CUST_PREMIUM_001463,1215,ISSUED_CARD,card_last4,CUST_PREMIUM_001463
amaraanderson@example.com,ck_09461957b2,SESSION_COOKIE,cookie,CUST_PREMIUM_001463
amaraanderson@example.com,ck_63ece0e36a,SESSION_COOKIE,cookie,CUST_PREMIUM_001463
amaraanderson@example.com,dev_b794f8046b,AUTHENTICATED_DEVICE,device_id,CUST_PREMIUM_001463
CUST_PREMIUM_001464,noahsterling@northstar.org,PRIMARY_EMAIL,email,CUST_PREMIUM_001464
CUST_PREMIUM_001464,+1 (646) 641-7497,PRIMARY_PHONE,phone,CUST_PREMIUM_001464
CUST_PREMIUM_001464,4930,ISSUED_CARD,card_last4,CUST_PREMIUM_001464
noahsterling@northstar.org,ck_b1d2191125,SESSION_COOKIE,cookie,CUST_PREMIUM_001464
noahsterling@northstar.org,ck_cbeefb02f8,SESSION_COOKIE,cookie,CUST_PREMIUM_001464
noahsterling@northstar.org,dev_3cf9598340,AUTHENTICATED_DEVICE,device_id,CUST_PREMIUM_001464
noahsterling@northstar.org,dev_842d6b5bea,AUTHENTICATED_DEVICE,device_id,CUST_PREMIUM_001464
noahsterling@northstar.org,dev_shared_9394d86c4,AUTHENTICATED_DEVICE,device_id,CUST_PREMIUM_001464
CUST_PREMIUM_001465,ibrahim.nguyen76@orchardmail.com,PRIMARY_EMAIL,email,CUST_PREMIUM_001465
CUST_PREMIUM_001465,+1 (312) 590-5416,PRIMARY_PHONE,phone,CUST_PREMIUM_001465
CUST_PREMIUM_001465,3449,ISSUED_CARD,card_last4,CUST_PREMIUM_001465
ibrahim.nguyen76@orchardmail.com,ck_4f42fd3891,SESSION_COOKIE,cookie,CUST_PREMIUM_001465
ibrahim.nguyen76@orchardmail.com,ck_34c53cf1ea,SESSION_COOKIE,cookie,CUST_PREMIUM_001465
ibrahim.nguyen76@orchardmail.com,dev_ae9c17236d,AUTHENTICATED_DEVICE,device_id,CUST_PREMIUM_001465
ibrahim.nguyen76@orchardmail.com,dev_shared_583800138,AUTHENTICATED_DEVICE,device_id,CUST_PREMIUM_001465
CUST_PREMIUM_001466,elena.sterling77@capital-demo.org,PRIMARY_EMAIL,email,CUST_PREMIUM_001466
CUST_PREMIUM_001466,+1 (404) 693-3335,PRIMARY_PHONE,phone,CUST_PREMIUM_001466
CUST_PREMIUM_001466,1338,ISSUED_CARD,card_last4,CUST_PREMIUM_001466
elena.sterling77@capital-demo.org,ck_3dcedcdace,SESSION_COOKIE,cookie,CUST_PREMIUM_001466
elena.sterling77@capital-demo.org,ck_8995666a9e,SESSION_COOKIE,cookie,CUST_PREMIUM_001466
elena.sterling77@capital-demo.org,dev_39c5b1d638,AUTHENTICATED_DEVICE,device_id,CUST_PREMIUM_001466
CUST_PREMIUM_001467,n.jackson@vectorlabs.co,PRIMARY_EMAIL,email,CUST_PREMIUM_001467
CUST_PREMIUM_001467,+1 (469) 807-1254,PRIMARY_PHONE,phone,CUST_PREMIUM_001467
CUST_PREMIUM_001467,5708,ISSUED_CARD,card_last4,CUST_PREMIUM_001467
n.jackson@vectorlabs.co,ck_69756f24b4,SESSION_COOKIE,cookie,CUST_PREMIUM_001467
n.jackson@vectorlabs.co,dev_d86d2076ec,AUTHENTICATED_DEVICE,device_id,CUST_PREMIUM_001467
CUST_PREMIUM_001468,jonah.sterling79@atlasmail.net,PRIMARY_EMAIL,email,CUST_PREMIUM_001468
CUST_PREMIUM_001468,+1 (415) 712-9173,PRIMARY_PHONE,phone,CUST_PREMIUM_001468
CUST_PREMIUM_001468,9016,ISSUED_CARD,card_last4,CUST_PREMIUM_001468
jonah.sterling79@atlasmail.net,ck_677d9c82b3,SESSION_COOKIE,cookie,CUST_PREMIUM_001468
jonah.sterling79@atlasmail.net,dev_d0fa3ff5a2,AUTHENTICATED_DEVICE,device_id,CUST_PREMIUM_001468
CUST_PREMIUM_001469,hazel.wright80@capital-demo.org,PRIMARY_EMAIL,email,CUST_PREMIUM_001469
CUST_PREMIUM_001469,+1 (718) 870-7092,PRIMARY_PHONE,phone,CUST_PREMIUM_001469
CUST_PREMIUM_001469,1982,ISSUED_CARD,card_last4,CUST_PREMIUM_001469
hazel.wright80@capital-demo.org,ck_e587689ea5,SESSION_COOKIE,cookie,CUST_PREMIUM_001469
hazel.wright80@capital-demo.org,dev_c0ebbb19ef,AUTHENTICATED_DEVICE,device_id,CUST_PREMIUM_001469
CUST_PREMIUM_001470,akira.vance@northstar.org,PRIMARY_EMAIL,email,CUST_PREMIUM_001470
CUST_PREMIUM_001470,+1 (718) 207-5011,PRIMARY_PHONE,phone,CUST_PREMIUM_001470
CUST_PREMIUM_001470,9309,ISSUED_CARD,card_last4,CUST_PREMIUM_001470
akira.vance@northstar.org,ck_5cb4a97f03,SESSION_COOKIE,cookie,CUST_PREMIUM_001470
akira.vance@northstar.org,dev_66c479391a,AUTHENTICATED_DEVICE,device_id,CUST_PREMIUM_001470
CUST_PREMIUM_001471,nora.wang82@orchardmail.com,PRIMARY_EMAIL,email,CUST_PREMIUM_001471
CUST_PREMIUM_001471,+1 (310) 801-2930,PRIMARY_PHONE,phone,CUST_PREMIUM_001471
CUST_PREMIUM_001471,3840,ISSUED_CARD,card_last4,CUST_PREMIUM_001471
nora.wang82@orchardmail.com,ck_d218c72359,SESSION_COOKIE,cookie,CUST_PREMIUM_001471
nora.wang82@orchardmail.com,dev_550c2de7ec,AUTHENTICATED_DEVICE,device_id,CUST_PREMIUM_001471
CUST_PREMIUM_001472,lucas.walker@bluepeak.co,PRIMARY_EMAIL,email,CUST_PREMIUM_001472
CUST_PREMIUM_001472,+1 (312) 849-0849,PRIMARY_PHONE,phone,CUST_PREMIUM_001472
CUST_PREMIUM_001472,9891,ISSUED_CARD,card_last4,CUST_PREMIUM_001472
lucas.walker@bluepeak.co,ck_ab8601c825,SESSION_COOKIE,cookie,CUST_PREMIUM_001472
lucas.walker@bluepeak.co,ck_c2181433d5,SESSION_COOKIE,cookie,CUST_PREMIUM_001472
lucas.walker@bluepeak.co,dev_f3fc6c54bd,AUTHENTICATED_DEVICE,device_id,CUST_PREMIUM_001472
CUST_PREMIUM_001473,d.thomas@capital-demo.org,PRIMARY_EMAIL,email,CUST_PREMIUM_001473
CUST_PREMIUM_001473,+1 (310) 875-8768,PRIMARY_PHONE,phone,CUST_PREMIUM_001473
CUST_PREMIUM_001473,3194,ISSUED_CARD,card_last4,CUST_PREMIUM_001473
d.thomas@capital-demo.org,ck_06d5f80362,SESSION_COOKIE,cookie,CUST_PREMIUM_001473
d.thomas@capital-demo.org,dev_0615bccf49,AUTHENTICATED_DEVICE,device_id,CUST_PREMIUM_001473
CUST_PREMIUM_001474,fatimamiller@summitmail.net,PRIMARY_EMAIL,email,CUST_PREMIUM_001474
CUST_PREMIUM_001474,+1 (917) 344-6687,PRIMARY_PHONE,phone,CUST_PREMIUM_001474
CUST_PREMIUM_001474,3230,ISSUED_CARD,card_last4,CUST_PREMIUM_001474
fatimamiller@summitmail.net,ck_85e0947dc7,SESSION_COOKIE,cookie,CUST_PREMIUM_001474
fatimamiller@summitmail.net,dev_04b2df40d1,AUTHENTICATED_DEVICE,device_id,CUST_PREMIUM_001474
CUST_PREMIUM_001475,campbell.elena@northstar.org,PRIMARY_EMAIL,email,CUST_PREMIUM_001475
CUST_PREMIUM_001475,+1 (415) 271-4606,PRIMARY_PHONE,phone,CUST_PREMIUM_001475
CUST_PREMIUM_001475,2060,ISSUED_CARD,card_last4,CUST_PREMIUM_001475
campbell.elena@northstar.org,ck_df7910eeda,SESSION_COOKIE,cookie,CUST_PREMIUM_001475
campbell.elena@northstar.org,ck_b4fa4b1c56,SESSION_COOKIE,cookie,CUST_PREMIUM_001475
campbell.elena@northstar.org,ck_bc00f0f415,SESSION_COOKIE,cookie,CUST_PREMIUM_001475
campbell.elena@northstar.org,dev_3268b8c94d,AUTHENTICATED_DEVICE,device_id,CUST_PREMIUM_001475
CUST_PREMIUM_001476,hazelwilliams@northstar.org,PRIMARY_EMAIL,email,CUST_PREMIUM_001476
CUST_PREMIUM_001476,+1 (404) 363-2525,PRIMARY_PHONE,phone,CUST_PREMIUM_001476
CUST_PREMIUM_001476,5144,ISSUED_CARD,card_last4,CUST_PREMIUM_001476
hazelwilliams@northstar.org,ck_72ca85711b,SESSION_COOKIE,cookie,CUST_PREMIUM_001476
hazelwilliams@northstar.org,dev_25e9772624,AUTHENTICATED_DEVICE,device_id,CUST_PREMIUM_001476
hazelwilliams@northstar.org,dev_a99bd88669,AUTHENTICATED_DEVICE,device_id,CUST_PREMIUM_001476
hazelwilliams@northstar.org,dev_96f6aa662a,AUTHENTICATED_DEVICE,device_id,CUST_PREMIUM_001476
CUST_PREMIUM_001477,robinson.nikhil@summitmail.net,PRIMARY_EMAIL,email,CUST_PREMIUM_001477
CUST_PREMIUM_001477,+1 (404) 400-0444,PRIMARY_PHONE,phone,CUST_PREMIUM_001477
CUST_PREMIUM_001477,9118,ISSUED_CARD,card_last4,CUST_PREMIUM_001477
robinson.nikhil@summitmail.net,ck_3e56981898,SESSION_COOKIE,cookie,CUST_PREMIUM_001477
robinson.nikhil@summitmail.net,dev_1ddef6ea4c,AUTHENTICATED_DEVICE,device_id,CUST_PREMIUM_001477
CUST_PREMIUM_001478,mayacampbell@bluepeak.co,PRIMARY_EMAIL,email,CUST_PREMIUM_001478
CUST_PREMIUM_001478,+1 (312) 371-8363,PRIMARY_PHONE,phone,CUST_PREMIUM_001478
CUST_PREMIUM_001478,5226,ISSUED_CARD,card_last4,CUST_PREMIUM_001478
mayacampbell@bluepeak.co,ck_cf456a7d23,SESSION_COOKIE,cookie,CUST_PREMIUM_001478
mayacampbell@bluepeak.co,ck_fd83b8e80f,SESSION_COOKIE,cookie,CUST_PREMIUM_001478
mayacampbell@bluepeak.co,dev_07723f27e6,AUTHENTICATED_DEVICE,device_id,CUST_PREMIUM_001478
CUST_PREMIUM_001479,rodriguez.ibrahim@capital-demo.org,PRIMARY_EMAIL,email,CUST_PREMIUM_001479
CUST_PREMIUM_001479,+1 (415) 419-6282,PRIMARY_PHONE,phone,CUST_PREMIUM_001479
CUST_PREMIUM_001479,9892,ISSUED_CARD,card_last4,CUST_PREMIUM_001479
rodriguez.ibrahim@capital-demo.org,ck_8d6e5c161b,SESSION_COOKIE,cookie,CUST_PREMIUM_001479
rodriguez.ibrahim@capital-demo.org,ck_a9e7ad8338,SESSION_COOKIE,cookie,CUST_PREMIUM_001479
rodriguez.ibrahim@capital-demo.org,ck_c30a109a58,SESSION_COOKIE,cookie,CUST_PREMIUM_001479
rodriguez.ibrahim@capital-demo.org,ck_ae69b57802,SESSION_COOKIE,cookie,CUST_PREMIUM_001479
rodriguez.ibrahim@capital-demo.org,ck_bb83d0bf58,SESSION_COOKIE,cookie,CUST_PREMIUM_001479
rodriguez.ibrahim@capital-demo.org,dev_955d3a5d75,AUTHENTICATED_DEVICE,device_id,CUST_PREMIUM_001479
CUST_PREMIUM_001480,k.campbell@orchardmail.com,PRIMARY_EMAIL,email,CUST_PREMIUM_001480
CUST_PREMIUM_001480,+1 (310) 434-4201,PRIMARY_PHONE,phone,CUST_PREMIUM_001480
CUST_PREMIUM_001480,2462,ISSUED_CARD,card_last4,CUST_PREMIUM_001480
k.campbell@orchardmail.com,ck_ad5643f092,SESSION_COOKIE,cookie,CUST_PREMIUM_001480
k.campbell@orchardmail.com,ck_a5a158ee81,SESSION_COOKIE,cookie,CUST_PREMIUM_001480
k.campbell@orchardmail.com,ck_a1ee02228f,SESSION_COOKIE,cookie,CUST_PREMIUM_001480
k.campbell@orchardmail.com,ck_42e345f741,SESSION_COOKIE,cookie,CUST_PREMIUM_001480
k.campbell@orchardmail.com,dev_fccac75b1e,AUTHENTICATED_DEVICE,device_id,CUST_PREMIUM_001480
k.campbell@orchardmail.com,dev_d599f10a05,AUTHENTICATED_DEVICE,device_id,CUST_PREMIUM_001480
CUST_PREMIUM_001481,harper.walker92@orchardmail.com,PRIMARY_EMAIL,email,CUST_PREMIUM_001481
CUST_PREMIUM_001481,+1 (416) 581-2120,PRIMARY_PHONE,phone,CUST_PREMIUM_001481
CUST_PREMIUM_001481,6109,ISSUED_CARD,card_last4,CUST_PREMIUM_001481
harper.walker92@orchardmail.com,ck_05324e269b,SESSION_COOKIE,cookie,CUST_PREMIUM_001481
harper.walker92@orchardmail.com,ck_c2e9e8feb0,SESSION_COOKIE,cookie,CUST_PREMIUM_001481
harper.walker92@orchardmail.com,dev_97e6902e04,AUTHENTICATED_DEVICE,device_id,CUST_PREMIUM_001481
CUST_PREMIUM_001482,jack.taylor93@summitmail.net,PRIMARY_EMAIL,email,CUST_PREMIUM_001482
CUST_PREMIUM_001482,+1 (415) 530-0039,PRIMARY_PHONE,phone,CUST_PREMIUM_001482
CUST_PREMIUM_001482,2821,ISSUED_CARD,card_last4,CUST_PREMIUM_001482
jack.taylor93@summitmail.net,ck_ecfb4f5bde,SESSION_COOKIE,cookie,CUST_PREMIUM_001482
jack.taylor93@summitmail.net,ck_c5154e399e,SESSION_COOKIE,cookie,CUST_PREMIUM_001482
jack.taylor93@summitmail.net,dev_f5b03b1a3f,AUTHENTICATED_DEVICE,device_id,CUST_PREMIUM_001482
CUST_PREMIUM_001483,omar.thomas94@summitmail.net,PRIMARY_EMAIL,email,CUST_PREMIUM_001483
CUST_PREMIUM_001483,+1 (650) 666-7958,PRIMARY_PHONE,phone,CUST_PREMIUM_001483
CUST_PREMIUM_001483,5810,ISSUED_CARD,card_last4,CUST_PREMIUM_001483
omar.thomas94@summitmail.net,ck_6f4b2e5605,SESSION_COOKIE,cookie,CUST_PREMIUM_001483
omar.thomas94@summitmail.net,dev_01fad9fe9a,AUTHENTICATED_DEVICE,device_id,CUST_PREMIUM_001483
CUST_PREMIUM_001484,dev.harris95@atlasmail.net,PRIMARY_EMAIL,email,CUST_PREMIUM_001484
CUST_PREMIUM_001484,+1 (404) 659-5877,PRIMARY_PHONE,phone,CUST_PREMIUM_001484
CUST_PREMIUM_001484,4792,ISSUED_CARD,card_last4,CUST_PREMIUM_001484
dev.harris95@atlasmail.net,ck_52fcb2d01c,SESSION_COOKIE,cookie,CUST_PREMIUM_001484
dev.harris95@atlasmail.net,ck_3cbe0e35a3,SESSION_COOKIE,cookie,CUST_PREMIUM_001484
dev.harris95@atlasmail.net,ck_29ff17d41d,SESSION_COOKIE,cookie,CUST_PREMIUM_001484
dev.harris95@atlasmail.net,ck_b6635b7095,SESSION_COOKIE,cookie,CUST_PREMIUM_001484
dev.harris95@atlasmail.net,ck_efcbab1298,SESSION_COOKIE,cookie,CUST_PREMIUM_001484
dev.harris95@atlasmail.net,dev_cf3d343bca,AUTHENTICATED_DEVICE,device_id,CUST_PREMIUM_001484
CUST_PREMIUM_001485,priya.smith@bluepeak.co,PRIMARY_EMAIL,email,CUST_PREMIUM_001485
CUST_PREMIUM_001485,+1 (404) 696-3796,PRIMARY_PHONE,phone,CUST_PREMIUM_001485
CUST_PREMIUM_001485,0828,ISSUED_CARD,card_last4,CUST_PREMIUM_001485
priya.smith@bluepeak.co,ck_f1c216dab1,SESSION_COOKIE,cookie,CUST_PREMIUM_001485
priya.smith@bluepeak.co,ck_dc87b8dfc9,SESSION_COOKIE,cookie,CUST_PREMIUM_001485
priya.smith@bluepeak.co,dev_00d5cbb4c2,AUTHENTICATED_DEVICE,device_id,CUST_PREMIUM_001485
priya.smith@bluepeak.co,dev_f7996f418e,AUTHENTICATED_DEVICE,device_id,CUST_PREMIUM_001485
CUST_PREMIUM_001486,diego.white@bluepeak.co,PRIMARY_EMAIL,email,CUST_PREMIUM_001486
CUST_PREMIUM_001486,+1 (650) 777-1715,PRIMARY_PHONE,phone,CUST_PREMIUM_001486
CUST_PREMIUM_001486,8488,ISSUED_CARD,card_last4,CUST_PREMIUM_001486
diego.white@bluepeak.co,ck_1925c0939f,SESSION_COOKIE,cookie,CUST_PREMIUM_001486
diego.white@bluepeak.co,ck_66d06f88ac,SESSION_COOKIE,cookie,CUST_PREMIUM_001486
diego.white@bluepeak.co,dev_0befdb1f31,AUTHENTICATED_DEVICE,device_id,CUST_PREMIUM_001486
CUST_PREMIUM_001487,riya.hall@bluepeak.co,PRIMARY_EMAIL,email,CUST_PREMIUM_001487
CUST_PREMIUM_001487,+1 (214) 726-9634,PRIMARY_PHONE,phone,CUST_PREMIUM_001487
CUST_PREMIUM_001487,7248,ISSUED_CARD,card_last4,CUST_PREMIUM_001487
riya.hall@bluepeak.co,ck_6d333bf76b,SESSION_COOKIE,cookie,CUST_PREMIUM_001487
riya.hall@bluepeak.co,ck_69b34fb1cd,SESSION_COOKIE,cookie,CUST_PREMIUM_001487
riya.hall@bluepeak.co,dev_4f52044835,AUTHENTICATED_DEVICE,device_id,CUST_PREMIUM_001487
CUST_PREMIUM_001488,riya.nguyen@capital-demo.org,PRIMARY_EMAIL,email,CUST_PREMIUM_001488
CUST_PREMIUM_001488,+1 (415) 752-7553,PRIMARY_PHONE,phone,CUST_PREMIUM_001488
CUST_PREMIUM_001488,7915,ISSUED_CARD,card_last4,CUST_PREMIUM_001488
riya.nguyen@capital-demo.org,ck_4ea5f5085c,SESSION_COOKIE,cookie,CUST_PREMIUM_001488
riya.nguyen@capital-demo.org,dev_d0270f8651,AUTHENTICATED_DEVICE,device_id,CUST_PREMIUM_001488
CUST_PREMIUM_001489,hazelbaker@harbor.example,PRIMARY_EMAIL,email,CUST_PREMIUM_001489
CUST_PREMIUM_001489,+1 (917) 899-5472,PRIMARY_PHONE,phone,CUST_PREMIUM_001489
CUST_PREMIUM_001489,3251,ISSUED_CARD,card_last4,CUST_PREMIUM_001489
hazelbaker@harbor.example,ck_97e508a231,SESSION_COOKIE,cookie,CUST_PREMIUM_001489
hazelbaker@harbor.example,dev_9562d6c35b,AUTHENTICATED_DEVICE,device_id,CUST_PREMIUM_001489
hazelbaker@harbor.example,dev_10e0216d8c,AUTHENTICATED_DEVICE,device_id,CUST_PREMIUM_001489
CUST_PREMIUM_001490,vivianjones@example.com,PRIMARY_EMAIL,email,CUST_PREMIUM_001490
CUST_PREMIUM_001490,+1 (415) 826-3391,PRIMARY_PHONE,phone,CUST_PREMIUM_001490
CUST_PREMIUM_001490,0457,ISSUED_CARD,card_last4,CUST_PREMIUM_001490
vivianjones@example.com,ck_49ac29e275,SESSION_COOKIE,cookie,CUST_PREMIUM_001490
vivianjones@example.com,dev_c111ba2d88,AUTHENTICATED_DEVICE,device_id,CUST_PREMIUM_001490
CUST_PREMIUM_001491,nakamura.camila@summitmail.net,PRIMARY_EMAIL,email,CUST_PREMIUM_001491
CUST_PREMIUM_001491,+1 (214) 874-1310,PRIMARY_PHONE,phone,CUST_PREMIUM_001491
CUST_PREMIUM_001491,8132,ISSUED_CARD,card_last4,CUST_PREMIUM_001491
nakamura.camila@summitmail.net,ck_1928023ca2,SESSION_COOKIE,cookie,CUST_PREMIUM_001491
nakamura.camila@summitmail.net,ck_a08ecf71ee,SESSION_COOKIE,cookie,CUST_PREMIUM_001491
nakamura.camila@summitmail.net,ck_33b595c939,SESSION_COOKIE,cookie,CUST_PREMIUM_001491
nakamura.camila@summitmail.net,dev_703e06eeda,AUTHENTICATED_DEVICE,device_id,CUST_PREMIUM_001491
CUST_PREMIUM_001492,leo.brown@example.com,PRIMARY_EMAIL,email,CUST_PREMIUM_001492
CUST_PREMIUM_001492,+1 (212) 867-9229,PRIMARY_PHONE,phone,CUST_PREMIUM_001492
CUST_PREMIUM_001492,5931,ISSUED_CARD,card_last4,CUST_PREMIUM_001492
leo.brown@example.com,ck_5cb778064e,SESSION_COOKIE,cookie,CUST_PREMIUM_001492
leo.brown@example.com,ck_b284a67945,SESSION_COOKIE,cookie,CUST_PREMIUM_001492
leo.brown@example.com,ck_40197a8ef1,SESSION_COOKIE,cookie,CUST_PREMIUM_001492
leo.brown@example.com,dev_12c5bc5ac7,AUTHENTICATED_DEVICE,device_id,CUST_PREMIUM_001492
leo.brown@example.com,dev_52b9d634ff,AUTHENTICATED_DEVICE,device_id,CUST_PREMIUM_001492
CUST_PREMIUM_001493,aarav.lewis@harbor.example,PRIMARY_EMAIL,email,CUST_PREMIUM_001493
CUST_PREMIUM_001493,+1 (212) 204-7148,PRIMARY_PHONE,phone,CUST_PREMIUM_001493
CUST_PREMIUM_001493,5588,ISSUED_CARD,card_last4,CUST_PREMIUM_001493
aarav.lewis@harbor.example,ck_755bcb67ba,SESSION_COOKIE,cookie,CUST_PREMIUM_001493
aarav.lewis@harbor.example,dev_da16a54e1b,AUTHENTICATED_DEVICE,device_id,CUST_PREMIUM_001493
aarav.lewis@harbor.example,dev_63c58e5d85,AUTHENTICATED_DEVICE,device_id,CUST_PREMIUM_001493
CUST_PREMIUM_001494,theo.garcia8@harbor.example,PRIMARY_EMAIL,email,CUST_PREMIUM_001494
CUST_PREMIUM_001494,+1 (305) 296-5067,PRIMARY_PHONE,phone,CUST_PREMIUM_001494
CUST_PREMIUM_001494,8633,ISSUED_CARD,card_last4,CUST_PREMIUM_001494
theo.garcia8@harbor.example,ck_f72a28cc98,SESSION_COOKIE,cookie,CUST_PREMIUM_001494
theo.garcia8@harbor.example,ck_c3bec0cbb9,SESSION_COOKIE,cookie,CUST_PREMIUM_001494
theo.garcia8@harbor.example,ck_58aebec6b3,SESSION_COOKIE,cookie,CUST_PREMIUM_001494
theo.garcia8@harbor.example,dev_564e0b8234,AUTHENTICATED_DEVICE,device_id,CUST_PREMIUM_001494
CUST_PREMIUM_001495,thompson.fatima@orchardmail.com,PRIMARY_EMAIL,email,CUST_PREMIUM_001495
CUST_PREMIUM_001495,+1 (617) 355-2986,PRIMARY_PHONE,phone,CUST_PREMIUM_001495
CUST_PREMIUM_001495,7435,ISSUED_CARD,card_last4,CUST_PREMIUM_001495
thompson.fatima@orchardmail.com,ck_321f628e74,SESSION_COOKIE,cookie,CUST_PREMIUM_001495
thompson.fatima@orchardmail.com,ck_f1d9d30e32,SESSION_COOKIE,cookie,CUST_PREMIUM_001495
thompson.fatima@orchardmail.com,dev_c2ad7e30dc,AUTHENTICATED_DEVICE,device_id,CUST_PREMIUM_001495
CUST_PREMIUM_001496,isabella.wang@capital-demo.org,PRIMARY_EMAIL,email,CUST_PREMIUM_001496
CUST_PREMIUM_001496,+1 (212) 315-0905,PRIMARY_PHONE,phone,CUST_PREMIUM_001496
CUST_PREMIUM_001496,2031,ISSUED_CARD,card_last4,CUST_PREMIUM_001496
isabella.wang@capital-demo.org,ck_41e2d0a95e,SESSION_COOKIE,cookie,CUST_PREMIUM_001496
isabella.wang@capital-demo.org,ck_87680175d0,SESSION_COOKIE,cookie,CUST_PREMIUM_001496
isabella.wang@capital-demo.org,ck_13f8adc20a,SESSION_COOKIE,cookie,CUST_PREMIUM_001496
isabella.wang@capital-demo.org,dev_091610f129,AUTHENTICATED_DEVICE,device_id,CUST_PREMIUM_001496
isabella.wang@capital-demo.org,dev_87c314b19e,AUTHENTICATED_DEVICE,device_id,CUST_PREMIUM_001496
CUST_PREMIUM_001497,williams.isabella@bluepeak.co,PRIMARY_EMAIL,email,CUST_PREMIUM_001497
CUST_PREMIUM_001497,+1 (305) 407-8824,PRIMARY_PHONE,phone,CUST_PREMIUM_001497
CUST_PREMIUM_001497,2644,ISSUED_CARD,card_last4,CUST_PREMIUM_001497
williams.isabella@bluepeak.co,ck_165c6ce723,SESSION_COOKIE,cookie,CUST_PREMIUM_001497
williams.isabella@bluepeak.co,ck_d0129ca402,SESSION_COOKIE,cookie,CUST_PREMIUM_001497
williams.isabella@bluepeak.co,dev_318e35036d,AUTHENTICATED_DEVICE,device_id,CUST_PREMIUM_001497
CUST_PREMIUM_001498,yuki.khan12@northstar.org,PRIMARY_EMAIL,email,CUST_PREMIUM_001498
CUST_PREMIUM_001498,+1 (416) 510-6743,PRIMARY_PHONE,phone,CUST_PREMIUM_001498
CUST_PREMIUM_001498,3006,ISSUED_CARD,card_last4,CUST_PREMIUM_001498
yuki.khan12@northstar.org,ck_9cfe6c1fe7,SESSION_COOKIE,cookie,CUST_PREMIUM_001498
yuki.khan12@northstar.org,dev_09b9359574,AUTHENTICATED_DEVICE,device_id,CUST_PREMIUM_001498
CUST_PREMIUM_001499,leo.smith13@atlasmail.net,PRIMARY_EMAIL,email,CUST_PREMIUM_001499
CUST_PREMIUM_001499,+1 (212) 426-4662,PRIMARY_PHONE,phone,CUST_PREMIUM_001499
CUST_PREMIUM_001499,5533,ISSUED_CARD,card_last4,CUST_PREMIUM_001499
leo.smith13@atlasmail.net,ck_5a01b7a121,SESSION_COOKIE,cookie,CUST_PREMIUM_001499
leo.smith13@atlasmail.net,dev_85ecf794c4,AUTHENTICATED_DEVICE,device_id,CUST_PREMIUM_001499
CUST_PREMIUM_001500,d.moore@example.com,PRIMARY_EMAIL,email,CUST_PREMIUM_001500
CUST_PREMIUM_001500,+1 (646) 573-2581,PRIMARY_PHONE,phone,CUST_PREMIUM_001500
CUST_PREMIUM_001500,1693,ISSUED_CARD,card_last4,CUST_PREMIUM_001500
d.moore@example.com,ck_3da2e0d9fd,SESSION_COOKIE,cookie,CUST_PREMIUM_001500
d.moore@example.com,dev_7f19365a14,AUTHENTICATED_DEVICE,device_id,CUST_PREMIUM_001500
CUST_PREMIUM_001501,mialee@summitmail.net,PRIMARY_EMAIL,email,CUST_PREMIUM_001501
CUST_PREMIUM_001501,+1 (404) 588-0500,PRIMARY_PHONE,phone,CUST_PREMIUM_001501
CUST_PREMIUM_001501,0824,ISSUED_CARD,card_last4,CUST_PREMIUM_001501
mialee@summitmail.net,ck_2d0e75c70e,SESSION_COOKIE,cookie,CUST_PREMIUM_001501
mialee@summitmail.net,dev_5c0a6d2df7,AUTHENTICATED_DEVICE,device_id,CUST_PREMIUM_001501
mialee@summitmail.net,dev_c5bf7513da,AUTHENTICATED_DEVICE,device_id,CUST_PREMIUM_001501
mialee@summitmail.net,dev_shared_6762d3ae9,AUTHENTICATED_DEVICE,device_id,CUST_PREMIUM_001501
CUST_PREMIUM_001502,akirarobinson@harbor.example,PRIMARY_EMAIL,email,CUST_PREMIUM_001502
CUST_PREMIUM_001502,+1 (312) 559-8419,PRIMARY_PHONE,phone,CUST_PREMIUM_001502
CUST_PREMIUM_001502,4565,ISSUED_CARD,card_last4,CUST_PREMIUM_001502
akirarobinson@harbor.example,ck_c65cdf0f6d,SESSION_COOKIE,cookie,CUST_PREMIUM_001502
akirarobinson@harbor.example,dev_43f38d5a7a,AUTHENTICATED_DEVICE,device_id,CUST_PREMIUM_001502
akirarobinson@harbor.example,dev_shared_916943307,AUTHENTICATED_DEVICE,device_id,CUST_PREMIUM_001502
CUST_PREMIUM_001503,garcia.eleanor@bluepeak.co,PRIMARY_EMAIL,email,CUST_PREMIUM_001503
CUST_PREMIUM_001503,+1 (415) 607-6338,PRIMARY_PHONE,phone,CUST_PREMIUM_001503
CUST_PREMIUM_001503,7663,ISSUED_CARD,card_last4,CUST_PREMIUM_001503
garcia.eleanor@bluepeak.co,ck_73740b3fcb,SESSION_COOKIE,cookie,CUST_PREMIUM_001503
garcia.eleanor@bluepeak.co,dev_ae058547c1,AUTHENTICATED_DEVICE,device_id,CUST_PREMIUM_001503
CUST_PREMIUM_001504,harpersingh@harbor.example,PRIMARY_EMAIL,email,CUST_PREMIUM_001504
CUST_PREMIUM_001504,+1 (310) 622-4257,PRIMARY_PHONE,phone,CUST_PREMIUM_001504
CUST_PREMIUM_001504,0098,ISSUED_CARD,card_last4,CUST_PREMIUM_001504
harpersingh@harbor.example,ck_620d9ca5e5,SESSION_COOKIE,cookie,CUST_PREMIUM_001504
harpersingh@harbor.example,ck_0821dbfd73,SESSION_COOKIE,cookie,CUST_PREMIUM_001504
harpersingh@harbor.example,dev_4619ffe8c2,AUTHENTICATED_DEVICE,device_id,CUST_PREMIUM_001504
CUST_PREMIUM_001505,young.camila@atlasmail.net,PRIMARY_EMAIL,email,CUST_PREMIUM_001505
CUST_PREMIUM_001505,+1 (312) 670-2176,PRIMARY_PHONE,phone,CUST_PREMIUM_001505
CUST_PREMIUM_001505,0711,ISSUED_CARD,card_last4,CUST_PREMIUM_001505
young.camila@atlasmail.net,ck_fafcc20f6b,SESSION_COOKIE,cookie,CUST_PREMIUM_001505
young.camila@atlasmail.net,dev_1ba446d369,AUTHENTICATED_DEVICE,device_id,CUST_PREMIUM_001505
young.camila@atlasmail.net,dev_shared_9d52f6451,AUTHENTICATED_DEVICE,device_id,CUST_PREMIUM_001505
CUST_PREMIUM_001506,kabir.martinez20@harbor.example,PRIMARY_EMAIL,email,CUST_PREMIUM_001506
CUST_PREMIUM_001506,+1 (469) 850-0095,PRIMARY_PHONE,phone,CUST_PREMIUM_001506
CUST_PREMIUM_001506,3462,ISSUED_CARD,card_last4,CUST_PREMIUM_001506
kabir.martinez20@harbor.example,ck_e851f6276d,SESSION_COOKIE,cookie,CUST_PREMIUM_001506
kabir.martinez20@harbor.example,ck_7367d86eb6,SESSION_COOKIE,cookie,CUST_PREMIUM_001506
kabir.martinez20@harbor.example,dev_c1733d55a9,AUTHENTICATED_DEVICE,device_id,CUST_PREMIUM_001506
CUST_PREMIUM_001507,hannah.wilson21@orchardmail.com,PRIMARY_EMAIL,email,CUST_PREMIUM_001507
CUST_PREMIUM_001507,+1 (415) 755-8014,PRIMARY_PHONE,phone,CUST_PREMIUM_001507
CUST_PREMIUM_001507,1673,ISSUED_CARD,card_last4,CUST_PREMIUM_001507
hannah.wilson21@orchardmail.com,ck_fa72f3155a,SESSION_COOKIE,cookie,CUST_PREMIUM_001507
hannah.wilson21@orchardmail.com,ck_264f24fff8,SESSION_COOKIE,cookie,CUST_PREMIUM_001507
hannah.wilson21@orchardmail.com,dev_036c16b801,AUTHENTICATED_DEVICE,device_id,CUST_PREMIUM_001507
CUST_PREMIUM_001508,jasmine.ito@orchardmail.com,PRIMARY_EMAIL,email,CUST_PREMIUM_001508
CUST_PREMIUM_001508,+1 (404) 847-5933,PRIMARY_PHONE,phone,CUST_PREMIUM_001508
CUST_PREMIUM_001508,8243,ISSUED_CARD,card_last4,CUST_PREMIUM_001508
jasmine.ito@orchardmail.com,ck_7f9de2bf4d,SESSION_COOKIE,cookie,CUST_PREMIUM_001508
jasmine.ito@orchardmail.com,ck_4287bdc7fe,SESSION_COOKIE,cookie,CUST_PREMIUM_001508
jasmine.ito@orchardmail.com,dev_084956a886,AUTHENTICATED_DEVICE,device_id,CUST_PREMIUM_001508
jasmine.ito@orchardmail.com,dev_shared_111f6ae93,AUTHENTICATED_DEVICE,device_id,CUST_PREMIUM_001508
CUST_PREMIUM_001509,nora.anderson@orchardmail.com,PRIMARY_EMAIL,email,CUST_PREMIUM_001509
CUST_PREMIUM_001509,+1 (718) 250-3852,PRIMARY_PHONE,phone,CUST_PREMIUM_001509
CUST_PREMIUM_001509,8518,ISSUED_CARD,card_last4,CUST_PREMIUM_001509
nora.anderson@orchardmail.com,ck_bf77f8c74e,SESSION_COOKIE,cookie,CUST_PREMIUM_001509
nora.anderson@orchardmail.com,dev_4f256b3bf1,AUTHENTICATED_DEVICE,device_id,CUST_PREMIUM_001509
nora.anderson@orchardmail.com,dev_shared_764df30e1,AUTHENTICATED_DEVICE,device_id,CUST_PREMIUM_001509
CUST_PREMIUM_001510,hazel.vance24@example.com,PRIMARY_EMAIL,email,CUST_PREMIUM_001510
CUST_PREMIUM_001510,+1 (212) 833-1771,PRIMARY_PHONE,phone,CUST_PREMIUM_001510
CUST_PREMIUM_001510,2110,ISSUED_CARD,card_last4,CUST_PREMIUM_001510
hazel.vance24@example.com,ck_e80b35b749,SESSION_COOKIE,cookie,CUST_PREMIUM_001510
hazel.vance24@example.com,ck_6233c12b7c,SESSION_COOKIE,cookie,CUST_PREMIUM_001510
hazel.vance24@example.com,dev_ec03b19cc3,AUTHENTICATED_DEVICE,device_id,CUST_PREMIUM_001510
hazel.vance24@example.com,dev_shared_bf219d814,AUTHENTICATED_DEVICE,device_id,CUST_PREMIUM_001510
CUST_PREMIUM_001511,noahroberts@orchardmail.com,PRIMARY_EMAIL,email,CUST_PREMIUM_001511
CUST_PREMIUM_001511,+1 (415) 203-9690,PRIMARY_PHONE,phone,CUST_PREMIUM_001511
CUST_PREMIUM_001511,2658,ISSUED_CARD,card_last4,CUST_PREMIUM_001511
noahroberts@orchardmail.com,ck_cb52f365ed,SESSION_COOKIE,cookie,CUST_PREMIUM_001511
noahroberts@orchardmail.com,dev_96aa056496,AUTHENTICATED_DEVICE,device_id,CUST_PREMIUM_001511
noahroberts@orchardmail.com,dev_198d4d4241,AUTHENTICATED_DEVICE,device_id,CUST_PREMIUM_001511
noahroberts@orchardmail.com,dev_ae170f2012,AUTHENTICATED_DEVICE,device_id,CUST_PREMIUM_001511
CUST_PREMIUM_001512,r.taylor@vectorlabs.co,PRIMARY_EMAIL,email,CUST_PREMIUM_001512
CUST_PREMIUM_001512,+1 (212) 207-7609,PRIMARY_PHONE,phone,CUST_PREMIUM_001512
CUST_PREMIUM_001512,9478,ISSUED_CARD,card_last4,CUST_PREMIUM_001512
r.taylor@vectorlabs.co,ck_38883121a0,SESSION_COOKIE,cookie,CUST_PREMIUM_001512
r.taylor@vectorlabs.co,ck_f41b7f4151,SESSION_COOKIE,cookie,CUST_PREMIUM_001512
r.taylor@vectorlabs.co,dev_331e2ff4cd,AUTHENTICATED_DEVICE,device_id,CUST_PREMIUM_001512
r.taylor@vectorlabs.co,dev_shared_eb57f62c1,AUTHENTICATED_DEVICE,device_id,CUST_PREMIUM_001512
CUST_PREMIUM_001513,rei.lopez27@orchardmail.com,PRIMARY_EMAIL,email,CUST_PREMIUM_001513
CUST_PREMIUM_001513,+1 (305) 299-5528,PRIMARY_PHONE,phone,CUST_PREMIUM_001513
CUST_PREMIUM_001513,1403,ISSUED_CARD,card_last4,CUST_PREMIUM_001513
rei.lopez27@orchardmail.com,ck_daf78458e6,SESSION_COOKIE,cookie,CUST_PREMIUM_001513
rei.lopez27@orchardmail.com,ck_1d2878c45f,SESSION_COOKIE,cookie,CUST_PREMIUM_001513
rei.lopez27@orchardmail.com,ck_9f484d24d6,SESSION_COOKIE,cookie,CUST_PREMIUM_001513
rei.lopez27@orchardmail.com,ck_5eeabd30cc,SESSION_COOKIE,cookie,CUST_PREMIUM_001513
rei.lopez27@orchardmail.com,dev_770b8c683e,AUTHENTICATED_DEVICE,device_id,CUST_PREMIUM_001513
CUST_PREMIUM_001514,daniel.rodriguez28@summitmail.net,PRIMARY_EMAIL,email,CUST_PREMIUM_001514
CUST_PREMIUM_001514,+1 (202) 380-3447,PRIMARY_PHONE,phone,CUST_PREMIUM_001514
CUST_PREMIUM_001514,3356,ISSUED_CARD,card_last4,CUST_PREMIUM_001514
daniel.rodriguez28@summitmail.net,ck_33896df622,SESSION_COOKIE,cookie,CUST_PREMIUM_001514
daniel.rodriguez28@summitmail.net,dev_4c0ed8883f,AUTHENTICATED_DEVICE,device_id,CUST_PREMIUM_001514
CUST_PREMIUM_001515,elias.rivera@northstar.org,PRIMARY_EMAIL,email,CUST_PREMIUM_001515
CUST_PREMIUM_001515,+1 (312) 340-1366,PRIMARY_PHONE,phone,CUST_PREMIUM_001515
CUST_PREMIUM_001515,7580,ISSUED_CARD,card_last4,CUST_PREMIUM_001515
elias.rivera@northstar.org,ck_800c0c0a13,SESSION_COOKIE,cookie,CUST_PREMIUM_001515
elias.rivera@northstar.org,dev_a764780d07,AUTHENTICATED_DEVICE,device_id,CUST_PREMIUM_001515
CUST_PREMIUM_001516,white.emma@example.com,PRIMARY_EMAIL,email,CUST_PREMIUM_001516
CUST_PREMIUM_001516,+1 (650) 487-9285,PRIMARY_PHONE,phone,CUST_PREMIUM_001516
CUST_PREMIUM_001516,5145,ISSUED_CARD,card_last4,CUST_PREMIUM_001516
white.emma@example.com,ck_c7eeb5a0bf,SESSION_COOKIE,cookie,CUST_PREMIUM_001516
white.emma@example.com,dev_7a945db928,AUTHENTICATED_DEVICE,device_id,CUST_PREMIUM_001516
CUST_PREMIUM_001517,m.reed@vectorlabs.co,PRIMARY_EMAIL,email,CUST_PREMIUM_001517
CUST_PREMIUM_001517,+1 (305) 447-7204,PRIMARY_PHONE,phone,CUST_PREMIUM_001517
CUST_PREMIUM_001517,4371,ISSUED_CARD,card_last4,CUST_PREMIUM_001517
m.reed@vectorlabs.co,ck_0114b80f29,SESSION_COOKIE,cookie,CUST_PREMIUM_001517
m.reed@vectorlabs.co,ck_145667d5d5,SESSION_COOKIE,cookie,CUST_PREMIUM_001517
m.reed@vectorlabs.co,dev_1e37b53c2c,AUTHENTICATED_DEVICE,device_id,CUST_PREMIUM_001517
CUST_PREMIUM_001518,e.roberts@harbor.example,PRIMARY_EMAIL,email,CUST_PREMIUM_001518
CUST_PREMIUM_001518,+1 (650) 561-5123,PRIMARY_PHONE,phone,CUST_PREMIUM_001518
CUST_PREMIUM_001518,8380,ISSUED_CARD,card_last4,CUST_PREMIUM_001518
e.roberts@harbor.example,ck_1f3b5e8991,SESSION_COOKIE,cookie,CUST_PREMIUM_001518
e.roberts@harbor.example,dev_4416e8965c,AUTHENTICATED_DEVICE,device_id,CUST_PREMIUM_001518
e.roberts@harbor.example,dev_shared_30c9d1199,AUTHENTICATED_DEVICE,device_id,CUST_PREMIUM_001518
CUST_PREMIUM_001519,lucas.kumar33@summitmail.net,PRIMARY_EMAIL,email,CUST_PREMIUM_001519
CUST_PREMIUM_001519,+1 (310) 477-3042,PRIMARY_PHONE,phone,CUST_PREMIUM_001519
CUST_PREMIUM_001519,2890,ISSUED_CARD,card_last4,CUST_PREMIUM_001519
lucas.kumar33@summitmail.net,ck_17e5a70621,SESSION_COOKIE,cookie,CUST_PREMIUM_001519
lucas.kumar33@summitmail.net,ck_72424efd82,SESSION_COOKIE,cookie,CUST_PREMIUM_001519
lucas.kumar33@summitmail.net,dev_430553463a,AUTHENTICATED_DEVICE,device_id,CUST_PREMIUM_001519
lucas.kumar33@summitmail.net,dev_00b5df6b9d,AUTHENTICATED_DEVICE,device_id,CUST_PREMIUM_001519
CUST_PREMIUM_001520,arjun.rivera@summitmail.net,PRIMARY_EMAIL,email,CUST_PREMIUM_001520
CUST_PREMIUM_001520,+1 (617) 580-0961,PRIMARY_PHONE,phone,CUST_PREMIUM_001520
CUST_PREMIUM_001520,2311,ISSUED_CARD,card_last4,CUST_PREMIUM_001520
arjun.rivera@summitmail.net,ck_4ad3e16f04,SESSION_COOKIE,cookie,CUST_PREMIUM_001520
arjun.rivera@summitmail.net,dev_783f16c0d8,AUTHENTICATED_DEVICE,device_id,CUST_PREMIUM_001520
arjun.rivera@summitmail.net,dev_shared_727803db9,AUTHENTICATED_DEVICE,device_id,CUST_PREMIUM_001520
CUST_PREMIUM_001521,harper.wang35@summitmail.net,PRIMARY_EMAIL,email,CUST_PREMIUM_001521
CUST_PREMIUM_001521,+1 (212) 540-8880,PRIMARY_PHONE,phone,CUST_PREMIUM_001521
CUST_PREMIUM_001521,3818,ISSUED_CARD,card_last4,CUST_PREMIUM_001521
harper.wang35@summitmail.net,ck_373630c27e,SESSION_COOKIE,cookie,CUST_PREMIUM_001521
harper.wang35@summitmail.net,dev_78c813abb6,AUTHENTICATED_DEVICE,device_id,CUST_PREMIUM_001521
harper.wang35@summitmail.net,dev_shared_92009db18,AUTHENTICATED_DEVICE,device_id,CUST_PREMIUM_001521
CUST_PREMIUM_001522,zarawright@bluepeak.co,PRIMARY_EMAIL,email,CUST_PREMIUM_001522
CUST_PREMIUM_001522,+1 (718) 731-6799,PRIMARY_PHONE,phone,CUST_PREMIUM_001522
CUST_PREMIUM_001522,1672,ISSUED_CARD,card_last4,CUST_PREMIUM_001522
zarawright@bluepeak.co,ck_2596245981,SESSION_COOKIE,cookie,CUST_PREMIUM_001522
zarawright@bluepeak.co,dev_231d5ac4a4,AUTHENTICATED_DEVICE,device_id,CUST_PREMIUM_001522
CUST_PREMIUM_001523,amarawang@harbor.example,PRIMARY_EMAIL,email,CUST_PREMIUM_001523
CUST_PREMIUM_001523,+1 (312) 636-4718,PRIMARY_PHONE,phone,CUST_PREMIUM_001523
CUST_PREMIUM_001523,4291,ISSUED_CARD,card_last4,CUST_PREMIUM_001523
amarawang@harbor.example,ck_4b27131410,SESSION_COOKIE,cookie,CUST_PREMIUM_001523
amarawang@harbor.example,ck_9bfb6ae29c,SESSION_COOKIE,cookie,CUST_PREMIUM_001523
amarawang@harbor.example,ck_534824bdf3,SESSION_COOKIE,cookie,CUST_PREMIUM_001523
amarawang@harbor.example,ck_eb4e62ecea,SESSION_COOKIE,cookie,CUST_PREMIUM_001523
amarawang@harbor.example,ck_f3988f6451,SESSION_COOKIE,cookie,CUST_PREMIUM_001523
amarawang@harbor.example,ck_c83eb8c404,SESSION_COOKIE,cookie,CUST_PREMIUM_001523
amarawang@harbor.example,ck_a3e0c60ec2,SESSION_COOKIE,cookie,CUST_PREMIUM_001523
amarawang@harbor.example,dev_6b4b09ecdc,AUTHENTICATED_DEVICE,device_id,CUST_PREMIUM_001523
CUST_PREMIUM_001524,elena.perez38@example.com,PRIMARY_EMAIL,email,CUST_PREMIUM_001524
CUST_PREMIUM_001524,+1 (212) 651-2637,PRIMARY_PHONE,phone,CUST_PREMIUM_001524
CUST_PREMIUM_001524,8756,ISSUED_CARD,card_last4,CUST_PREMIUM_001524
elena.perez38@example.com,ck_9ed4d946ff,SESSION_COOKIE,cookie,CUST_PREMIUM_001524
elena.perez38@example.com,dev_42055ccd3b,AUTHENTICATED_DEVICE,device_id,CUST_PREMIUM_001524
CUST_PREMIUM_001525,victoria.jones39@bluepeak.co,PRIMARY_EMAIL,email,CUST_PREMIUM_001525
CUST_PREMIUM_001525,+1 (312) 710-0556,PRIMARY_PHONE,phone,CUST_PREMIUM_001525
CUST_PREMIUM_001525,3628,ISSUED_CARD,card_last4,CUST_PREMIUM_001525
victoria.jones39@bluepeak.co,ck_1089f15daa,SESSION_COOKIE,cookie,CUST_PREMIUM_001525
victoria.jones39@bluepeak.co,ck_84c7276777,SESSION_COOKIE,cookie,CUST_PREMIUM_001525
victoria.jones39@bluepeak.co,dev_c2bd47dab2,AUTHENTICATED_DEVICE,device_id,CUST_PREMIUM_001525
CUST_PREMIUM_001526,reed.harper@northstar.org,PRIMARY_EMAIL,email,CUST_PREMIUM_001526
CUST_PREMIUM_001526,+1 (718) 879-8475,PRIMARY_PHONE,phone,CUST_PREMIUM_001526
CUST_PREMIUM_001526,5621,ISSUED_CARD,card_last4,CUST_PREMIUM_001526
reed.harper@northstar.org,ck_244d442d1f,SESSION_COOKIE,cookie,CUST_PREMIUM_001526
reed.harper@northstar.org,dev_20eebede93,AUTHENTICATED_DEVICE,device_id,CUST_PREMIUM_001526
CUST_PREMIUM_001527,e.gupta@capital-demo.org,PRIMARY_EMAIL,email,CUST_PREMIUM_001527
CUST_PREMIUM_001527,+1 (469) 227-6394,PRIMARY_PHONE,phone,CUST_PREMIUM_001527
CUST_PREMIUM_001527,2008,ISSUED_CARD,card_last4,CUST_PREMIUM_001527
e.gupta@capital-demo.org,ck_207f468bfa,SESSION_COOKIE,cookie,CUST_PREMIUM_001527
e.gupta@capital-demo.org,dev_70dcecd73a,AUTHENTICATED_DEVICE,device_id,CUST_PREMIUM_001527
e.gupta@capital-demo.org,dev_d47ca5041d,AUTHENTICATED_DEVICE,device_id,CUST_PREMIUM_001527
e.gupta@capital-demo.org,dev_shared_fd5ab620f,AUTHENTICATED_DEVICE,device_id,CUST_PREMIUM_001527
CUST_PREMIUM_001528,zoe.bennett42@orchardmail.com,PRIMARY_EMAIL,email,CUST_PREMIUM_001528
CUST_PREMIUM_001528,+1 (310) 810-4313,PRIMARY_PHONE,phone,CUST_PREMIUM_001528
CUST_PREMIUM_001528,9565,ISSUED_CARD,card_last4,CUST_PREMIUM_001528
zoe.bennett42@orchardmail.com,ck_c0f9906eca,SESSION_COOKIE,cookie,CUST_PREMIUM_001528
zoe.bennett42@orchardmail.com,dev_b331d901b4,AUTHENTICATED_DEVICE,device_id,CUST_PREMIUM_001528
CUST_PREMIUM_001529,evans.ravi@bluepeak.co,PRIMARY_EMAIL,email,CUST_PREMIUM_001529
CUST_PREMIUM_001529,+1 (310) 847-2232,PRIMARY_PHONE,phone,CUST_PREMIUM_001529
CUST_PREMIUM_001529,8239,ISSUED_CARD,card_last4,CUST_PREMIUM_001529
evans.ravi@bluepeak.co,ck_ce15a9ec09,SESSION_COOKIE,cookie,CUST_PREMIUM_001529
evans.ravi@bluepeak.co,ck_4c0ff3ce83,SESSION_COOKIE,cookie,CUST_PREMIUM_001529
evans.ravi@bluepeak.co,dev_3962b79115,AUTHENTICATED_DEVICE,device_id,CUST_PREMIUM_001529
CUST_PREMIUM_001530,ito.sara@vectorlabs.co,PRIMARY_EMAIL,email,CUST_PREMIUM_001530
CUST_PREMIUM_001530,+1 (212) 873-0151,PRIMARY_PHONE,phone,CUST_PREMIUM_001530
CUST_PREMIUM_001530,2888,ISSUED_CARD,card_last4,CUST_PREMIUM_001530
ito.sara@vectorlabs.co,ck_32040611a0,SESSION_COOKIE,cookie,CUST_PREMIUM_001530
ito.sara@vectorlabs.co,ck_a029ad0b40,SESSION_COOKIE,cookie,CUST_PREMIUM_001530
ito.sara@vectorlabs.co,ck_a661da0783,SESSION_COOKIE,cookie,CUST_PREMIUM_001530
ito.sara@vectorlabs.co,ck_92313483fe,SESSION_COOKIE,cookie,CUST_PREMIUM_001530
ito.sara@vectorlabs.co,dev_4fbc001466,AUTHENTICATED_DEVICE,device_id,CUST_PREMIUM_001530
CUST_PREMIUM_001531,zaramartinez@atlasmail.net,PRIMARY_EMAIL,email,CUST_PREMIUM_001531
CUST_PREMIUM_001531,+1 (202) 309-8070,PRIMARY_PHONE,phone,CUST_PREMIUM_001531
CUST_PREMIUM_001531,2580,ISSUED_CARD,card_last4,CUST_PREMIUM_001531
zaramartinez@atlasmail.net,ck_ea43217830,SESSION_COOKIE,cookie,CUST_PREMIUM_001531
zaramartinez@atlasmail.net,dev_60b6269c4d,AUTHENTICATED_DEVICE,device_id,CUST_PREMIUM_001531
zaramartinez@atlasmail.net,dev_7560fa6ed8,AUTHENTICATED_DEVICE,device_id,CUST_PREMIUM_001531
CUST_PREMIUM_001532,morgan.jasmine@orchardmail.com,PRIMARY_EMAIL,email,CUST_PREMIUM_001532
CUST_PREMIUM_001532,+1 (206) 313-5989,PRIMARY_PHONE,phone,CUST_PREMIUM_001532
CUST_PREMIUM_001532,9449,ISSUED_CARD,card_last4,CUST_PREMIUM_001532
morgan.jasmine@orchardmail.com,ck_47f8d4c512,SESSION_COOKIE,cookie,CUST_PREMIUM_001532
morgan.jasmine@orchardmail.com,dev_b3a2d2c5f8,AUTHENTICATED_DEVICE,device_id,CUST_PREMIUM_001532
CUST_PREMIUM_001533,noraadams@atlasmail.net,PRIMARY_EMAIL,email,CUST_PREMIUM_001533
CUST_PREMIUM_001533,+1 (310) 295-3908,PRIMARY_PHONE,phone,CUST_PREMIUM_001533
CUST_PREMIUM_001533,5726,ISSUED_CARD,card_last4,CUST_PREMIUM_001533
noraadams@atlasmail.net,ck_032271ae14,SESSION_COOKIE,cookie,CUST_PREMIUM_001533
noraadams@atlasmail.net,dev_0a38f77302,AUTHENTICATED_DEVICE,device_id,CUST_PREMIUM_001533
CUST_PREMIUM_001534,naomi.brown@northstar.org,PRIMARY_EMAIL,email,CUST_PREMIUM_001534
CUST_PREMIUM_001534,+1 (212) 321-1827,PRIMARY_PHONE,phone,CUST_PREMIUM_001534
CUST_PREMIUM_001534,1220,ISSUED_CARD,card_last4,CUST_PREMIUM_001534
naomi.brown@northstar.org,ck_9433858be9,SESSION_COOKIE,cookie,CUST_PREMIUM_001534
naomi.brown@northstar.org,dev_b9da3a611d,AUTHENTICATED_DEVICE,device_id,CUST_PREMIUM_001534
naomi.brown@northstar.org,dev_shared_ff8b83977,AUTHENTICATED_DEVICE,device_id,CUST_PREMIUM_001534
CUST_PREMIUM_001535,kaimiller@harbor.example,PRIMARY_EMAIL,email,CUST_PREMIUM_001535
CUST_PREMIUM_001535,+1 (416) 479-9746,PRIMARY_PHONE,phone,CUST_PREMIUM_001535
CUST_PREMIUM_001535,3382,ISSUED_CARD,card_last4,CUST_PREMIUM_001535
kaimiller@harbor.example,ck_939bd342aa,SESSION_COOKIE,cookie,CUST_PREMIUM_001535
kaimiller@harbor.example,ck_4db6ca1d65,SESSION_COOKIE,cookie,CUST_PREMIUM_001535
kaimiller@harbor.example,ck_8a704322e8,SESSION_COOKIE,cookie,CUST_PREMIUM_001535
kaimiller@harbor.example,dev_d8fb9d0aff,AUTHENTICATED_DEVICE,device_id,CUST_PREMIUM_001535
kaimiller@harbor.example,dev_810a91b6b1,AUTHENTICATED_DEVICE,device_id,CUST_PREMIUM_001535
CUST_PREMIUM_001536,arjun.taylor50@atlasmail.net,PRIMARY_EMAIL,email,CUST_PREMIUM_001536
CUST_PREMIUM_001536,+1 (310) 406-7665,PRIMARY_PHONE,phone,CUST_PREMIUM_001536
CUST_PREMIUM_001536,6215,ISSUED_CARD,card_last4,CUST_PREMIUM_001536
arjun.taylor50@atlasmail.net,ck_dda2c39ada,SESSION_COOKIE,cookie,CUST_PREMIUM_001536
arjun.taylor50@atlasmail.net,ck_0474d62799,SESSION_COOKIE,cookie,CUST_PREMIUM_001536
arjun.taylor50@atlasmail.net,dev_f6be688e93,AUTHENTICATED_DEVICE,device_id,CUST_PREMIUM_001536
CUST_PREMIUM_001537,kaireed@capital-demo.org,PRIMARY_EMAIL,email,CUST_PREMIUM_001537
CUST_PREMIUM_001537,+1 (404) 520-5584,PRIMARY_PHONE,phone,CUST_PREMIUM_001537
CUST_PREMIUM_001537,0397,ISSUED_CARD,card_last4,CUST_PREMIUM_001537
kaireed@capital-demo.org,ck_4b43d2a651,SESSION_COOKIE,cookie,CUST_PREMIUM_001537
kaireed@capital-demo.org,ck_b86a8d4456,SESSION_COOKIE,cookie,CUST_PREMIUM_001537
kaireed@capital-demo.org,dev_a6d9df484c,AUTHENTICATED_DEVICE,device_id,CUST_PREMIUM_001537
CUST_PREMIUM_001538,amara.smith@summitmail.net,PRIMARY_EMAIL,email,CUST_PREMIUM_001538
CUST_PREMIUM_001538,+1 (312) 491-3503,PRIMARY_PHONE,phone,CUST_PREMIUM_001538
CUST_PREMIUM_001538,0284,ISSUED_CARD,card_last4,CUST_PREMIUM_001538
amara.smith@summitmail.net,ck_819309feb7,SESSION_COOKIE,cookie,CUST_PREMIUM_001538
amara.smith@summitmail.net,ck_138f7f4957,SESSION_COOKIE,cookie,CUST_PREMIUM_001538
amara.smith@summitmail.net,ck_8dcfcd3c6a,SESSION_COOKIE,cookie,CUST_PREMIUM_001538
amara.smith@summitmail.net,dev_e79f7051ad,AUTHENTICATED_DEVICE,device_id,CUST_PREMIUM_001538
amara.smith@summitmail.net,dev_shared_ecceb2681,AUTHENTICATED_DEVICE,device_id,CUST_PREMIUM_001538
CUST_PREMIUM_001539,sara.white@bluepeak.co,PRIMARY_EMAIL,email,CUST_PREMIUM_001539
CUST_PREMIUM_001539,+1 (718) 660-1422,PRIMARY_PHONE,phone,CUST_PREMIUM_001539
CUST_PREMIUM_001539,7549,ISSUED_CARD,card_last4,CUST_PREMIUM_001539
sara.white@bluepeak.co,ck_ee1dfa6f2e,SESSION_COOKIE,cookie,CUST_PREMIUM_001539
sara.white@bluepeak.co,dev_bf1e6ab0ee,AUTHENTICATED_DEVICE,device_id,CUST_PREMIUM_001539
CUST_PREMIUM_001540,ethan.wang54@atlasmail.net,PRIMARY_EMAIL,email,CUST_PREMIUM_001540
CUST_PREMIUM_001540,+1 (305) 598-9341,PRIMARY_PHONE,phone,CUST_PREMIUM_001540
CUST_PREMIUM_001540,2659,ISSUED_CARD,card_last4,CUST_PREMIUM_001540
ethan.wang54@atlasmail.net,ck_25fb0f5f0f,SESSION_COOKIE,cookie,CUST_PREMIUM_001540
ethan.wang54@atlasmail.net,dev_cfa46f9480,AUTHENTICATED_DEVICE,device_id,CUST_PREMIUM_001540
CUST_PREMIUM_001541,sara.young55@orchardmail.com,PRIMARY_EMAIL,email,CUST_PREMIUM_001541
CUST_PREMIUM_001541,+1 (650) 712-7260,PRIMARY_PHONE,phone,CUST_PREMIUM_001541
CUST_PREMIUM_001541,1162,ISSUED_CARD,card_last4,CUST_PREMIUM_001541
sara.young55@orchardmail.com,ck_7ba03349f7,SESSION_COOKIE,cookie,CUST_PREMIUM_001541
sara.young55@orchardmail.com,dev_17c5e95971,AUTHENTICATED_DEVICE,device_id,CUST_PREMIUM_001541
CUST_PREMIUM_001542,liam.kim56@harbor.example,PRIMARY_EMAIL,email,CUST_PREMIUM_001542
CUST_PREMIUM_001542,+1 (404) 705-5179,PRIMARY_PHONE,phone,CUST_PREMIUM_001542
CUST_PREMIUM_001542,0886,ISSUED_CARD,card_last4,CUST_PREMIUM_001542
liam.kim56@harbor.example,ck_b07094203f,SESSION_COOKIE,cookie,CUST_PREMIUM_001542
liam.kim56@harbor.example,ck_c87571e57c,SESSION_COOKIE,cookie,CUST_PREMIUM_001542
liam.kim56@harbor.example,ck_46e1a77af2,SESSION_COOKIE,cookie,CUST_PREMIUM_001542
liam.kim56@harbor.example,dev_b060e6c3a8,AUTHENTICATED_DEVICE,device_id,CUST_PREMIUM_001542
liam.kim56@harbor.example,dev_shared_21133448e,AUTHENTICATED_DEVICE,device_id,CUST_PREMIUM_001542
CUST_PREMIUM_001543,jack.shah57@northstar.org,PRIMARY_EMAIL,email,CUST_PREMIUM_001543
CUST_PREMIUM_001543,+1 (214) 698-3098,PRIMARY_PHONE,phone,CUST_PREMIUM_001543
CUST_PREMIUM_001543,9348,ISSUED_CARD,card_last4,CUST_PREMIUM_001543
jack.shah57@northstar.org,ck_c21294474d,SESSION_COOKIE,cookie,CUST_PREMIUM_001543
jack.shah57@northstar.org,ck_a25880c329,SESSION_COOKIE,cookie,CUST_PREMIUM_001543
jack.shah57@northstar.org,ck_e73714a98a,SESSION_COOKIE,cookie,CUST_PREMIUM_001543
jack.shah57@northstar.org,dev_bebead77f6,AUTHENTICATED_DEVICE,device_id,CUST_PREMIUM_001543
jack.shah57@northstar.org,dev_4587b76aa4,AUTHENTICATED_DEVICE,device_id,CUST_PREMIUM_001543
CUST_PREMIUM_001544,adrian.rossi@bluepeak.co,PRIMARY_EMAIL,email,CUST_PREMIUM_001544
CUST_PREMIUM_001544,+1 (212) 691-1017,PRIMARY_PHONE,phone,CUST_PREMIUM_001544
CUST_PREMIUM_001544,8681,ISSUED_CARD,card_last4,CUST_PREMIUM_001544
adrian.rossi@bluepeak.co,ck_9529fd3a0a,SESSION_COOKIE,cookie,CUST_PREMIUM_001544
adrian.rossi@bluepeak.co,dev_ab96240f24,AUTHENTICATED_DEVICE,device_id,CUST_PREMIUM_001544
CUST_PREMIUM_001545,noahrobinson@northstar.org,PRIMARY_EMAIL,email,CUST_PREMIUM_001545
CUST_PREMIUM_001545,+1 (202) 827-8936,PRIMARY_PHONE,phone,CUST_PREMIUM_001545
CUST_PREMIUM_001545,1343,ISSUED_CARD,card_last4,CUST_PREMIUM_001545
noahrobinson@northstar.org,ck_4d7effdd8f,SESSION_COOKIE,cookie,CUST_PREMIUM_001545
noahrobinson@northstar.org,ck_a16080d117,SESSION_COOKIE,cookie,CUST_PREMIUM_001545
noahrobinson@northstar.org,ck_02064b3334,SESSION_COOKIE,cookie,CUST_PREMIUM_001545
noahrobinson@northstar.org,dev_1a34af45db,AUTHENTICATED_DEVICE,device_id,CUST_PREMIUM_001545
noahrobinson@northstar.org,dev_713e299ec5,AUTHENTICATED_DEVICE,device_id,CUST_PREMIUM_001545
CUST_PREMIUM_001546,d.ramirez@capital-demo.org,PRIMARY_EMAIL,email,CUST_PREMIUM_001546
CUST_PREMIUM_001546,+1 (212) 765-6855,PRIMARY_PHONE,phone,CUST_PREMIUM_001546
CUST_PREMIUM_001546,2704,ISSUED_CARD,card_last4,CUST_PREMIUM_001546
d.ramirez@capital-demo.org,ck_b2d2c78c1d,SESSION_COOKIE,cookie,CUST_PREMIUM_001546
d.ramirez@capital-demo.org,dev_2f0ff21bf3,AUTHENTICATED_DEVICE,device_id,CUST_PREMIUM_001546
CUST_PREMIUM_001547,a.nguyen@bluepeak.co,PRIMARY_EMAIL,email,CUST_PREMIUM_001547
CUST_PREMIUM_001547,+1 (404) 890-4774,PRIMARY_PHONE,phone,CUST_PREMIUM_001547
CUST_PREMIUM_001547,0070,ISSUED_CARD,card_last4,CUST_PREMIUM_001547
a.nguyen@bluepeak.co,ck_ccfa8f7068,SESSION_COOKIE,cookie,CUST_PREMIUM_001547
a.nguyen@bluepeak.co,ck_a04c24d8a6,SESSION_COOKIE,cookie,CUST_PREMIUM_001547
a.nguyen@bluepeak.co,ck_765b273978,SESSION_COOKIE,cookie,CUST_PREMIUM_001547
a.nguyen@bluepeak.co,dev_ed06ac2a52,AUTHENTICATED_DEVICE,device_id,CUST_PREMIUM_001547
CUST_PREMIUM_001548,kumar.dev@summitmail.net,PRIMARY_EMAIL,email,CUST_PREMIUM_001548
CUST_PREMIUM_001548,+1 (310) 850-2693,PRIMARY_PHONE,phone,CUST_PREMIUM_001548
CUST_PREMIUM_001548,4563,ISSUED_CARD,card_last4,CUST_PREMIUM_001548
kumar.dev@summitmail.net,ck_0c91e6c04e,SESSION_COOKIE,cookie,CUST_PREMIUM_001548
kumar.dev@summitmail.net,dev_8f37da6631,AUTHENTICATED_DEVICE,device_id,CUST_PREMIUM_001548
CUST_PREMIUM_001549,r.davis@summitmail.net,PRIMARY_EMAIL,email,CUST_PREMIUM_001549
CUST_PREMIUM_001549,+1 (305) 231-0612,PRIMARY_PHONE,phone,CUST_PREMIUM_001549
CUST_PREMIUM_001549,2696,ISSUED_CARD,card_last4,CUST_PREMIUM_001549
r.davis@summitmail.net,ck_bd03801217,SESSION_COOKIE,cookie,CUST_PREMIUM_001549
r.davis@summitmail.net,ck_79746c0172,SESSION_COOKIE,cookie,CUST_PREMIUM_001549
r.davis@summitmail.net,ck_2d38219782,SESSION_COOKIE,cookie,CUST_PREMIUM_001549
r.davis@summitmail.net,ck_ef624de6f3,SESSION_COOKIE,cookie,CUST_PREMIUM_001549
r.davis@summitmail.net,dev_e5ce62bbaf,AUTHENTICATED_DEVICE,device_id,CUST_PREMIUM_001549
CUST_PREMIUM_001550,charlotte.martin@example.com,PRIMARY_EMAIL,email,CUST_PREMIUM_001550
CUST_PREMIUM_001550,+1 (310) 224-8531,PRIMARY_PHONE,phone,CUST_PREMIUM_001550
CUST_PREMIUM_001550,0706,ISSUED_CARD,card_last4,CUST_PREMIUM_001550
charlotte.martin@example.com,ck_5ad2b7ba30,SESSION_COOKIE,cookie,CUST_PREMIUM_001550
charlotte.martin@example.com,ck_df666ba74a,SESSION_COOKIE,cookie,CUST_PREMIUM_001550
charlotte.martin@example.com,ck_062945fd10,SESSION_COOKIE,cookie,CUST_PREMIUM_001550
charlotte.martin@example.com,dev_18ccfe630a,AUTHENTICATED_DEVICE,device_id,CUST_PREMIUM_001550
CUST_PREMIUM_001551,akirakhan@harbor.example,PRIMARY_EMAIL,email,CUST_PREMIUM_001551
CUST_PREMIUM_001551,+1 (212) 250-6450,PRIMARY_PHONE,phone,CUST_PREMIUM_001551
CUST_PREMIUM_001551,9857,ISSUED_CARD,card_last4,CUST_PREMIUM_001551
akirakhan@harbor.example,ck_eb2f6e1685,SESSION_COOKIE,cookie,CUST_PREMIUM_001551
akirakhan@harbor.example,ck_5249e46885,SESSION_COOKIE,cookie,CUST_PREMIUM_001551
akirakhan@harbor.example,ck_658c8c2a7b,SESSION_COOKIE,cookie,CUST_PREMIUM_001551
akirakhan@harbor.example,ck_d0f9c6dd85,SESSION_COOKIE,cookie,CUST_PREMIUM_001551
akirakhan@harbor.example,ck_8442082851,SESSION_COOKIE,cookie,CUST_PREMIUM_001551
akirakhan@harbor.example,ck_01c5d9ceae,SESSION_COOKIE,cookie,CUST_PREMIUM_001551
akirakhan@harbor.example,dev_3c6aa2a815,AUTHENTICATED_DEVICE,device_id,CUST_PREMIUM_001551
akirakhan@harbor.example,dev_1eaa2359fa,AUTHENTICATED_DEVICE,device_id,CUST_PREMIUM_001551
CUST_PREMIUM_001552,turner.zoe@example.com,PRIMARY_EMAIL,email,CUST_PREMIUM_001552
CUST_PREMIUM_001552,+1 (305) 342-4369,PRIMARY_PHONE,phone,CUST_PREMIUM_001552
CUST_PREMIUM_001552,1525,ISSUED_CARD,card_last4,CUST_PREMIUM_001552
turner.zoe@example.com,ck_b276ebd6f5,SESSION_COOKIE,cookie,CUST_PREMIUM_001552
turner.zoe@example.com,dev_3c8d8c1b62,AUTHENTICATED_DEVICE,device_id,CUST_PREMIUM_001552
CUST_PREMIUM_001553,kabir.fernandez67@atlasmail.net,PRIMARY_EMAIL,email,CUST_PREMIUM_001553
CUST_PREMIUM_001553,+1 (206) 390-2288,PRIMARY_PHONE,phone,CUST_PREMIUM_001553
CUST_PREMIUM_001553,7150,ISSUED_CARD,card_last4,CUST_PREMIUM_001553
kabir.fernandez67@atlasmail.net,ck_30f6416fc1,SESSION_COOKIE,cookie,CUST_PREMIUM_001553
kabir.fernandez67@atlasmail.net,dev_94b8f56dd2,AUTHENTICATED_DEVICE,device_id,CUST_PREMIUM_001553
kabir.fernandez67@atlasmail.net,dev_shared_2967dfed7,AUTHENTICATED_DEVICE,device_id,CUST_PREMIUM_001553
CUST_PREMIUM_001554,m.hernandez@example.com,PRIMARY_EMAIL,email,CUST_PREMIUM_001554
CUST_PREMIUM_001554,+1 (214) 405-0207,PRIMARY_PHONE,phone,CUST_PREMIUM_001554
CUST_PREMIUM_001554,8431,ISSUED_CARD,card_last4,CUST_PREMIUM_001554
m.hernandez@example.com,ck_ebe4041725,SESSION_COOKIE,cookie,CUST_PREMIUM_001554
m.hernandez@example.com,ck_d6b92bd520,SESSION_COOKIE,cookie,CUST_PREMIUM_001554
m.hernandez@example.com,dev_317a1ffdf6,AUTHENTICATED_DEVICE,device_id,CUST_PREMIUM_001554
m.hernandez@example.com,dev_6c05924d71,AUTHENTICATED_DEVICE,device_id,CUST_PREMIUM_001554
CUST_PREMIUM_001555,d.rossi@atlasmail.net,PRIMARY_EMAIL,email,CUST_PREMIUM_001555
CUST_PREMIUM_001555,+1 (214) 442-8126,PRIMARY_PHONE,phone,CUST_PREMIUM_001555
CUST_PREMIUM_001555,3348,ISSUED_CARD,card_last4,CUST_PREMIUM_001555
d.rossi@atlasmail.net,ck_dac932eb85,SESSION_COOKIE,cookie,CUST_PREMIUM_001555
d.rossi@atlasmail.net,dev_4b5f687132,AUTHENTICATED_DEVICE,device_id,CUST_PREMIUM_001555
CUST_PREMIUM_001556,samuel.hernandez70@example.com,PRIMARY_EMAIL,email,CUST_PREMIUM_001556
CUST_PREMIUM_001556,+1 (718) 589-6045,PRIMARY_PHONE,phone,CUST_PREMIUM_001556
CUST_PREMIUM_001556,9239,ISSUED_CARD,card_last4,CUST_PREMIUM_001556
samuel.hernandez70@example.com,ck_f47953d4da,SESSION_COOKIE,cookie,CUST_PREMIUM_001556
samuel.hernandez70@example.com,ck_99d169f91e,SESSION_COOKIE,cookie,CUST_PREMIUM_001556
samuel.hernandez70@example.com,dev_b85e7a6773,AUTHENTICATED_DEVICE,device_id,CUST_PREMIUM_001556
CUST_PREMIUM_001557,ananyagarcia@harbor.example,PRIMARY_EMAIL,email,CUST_PREMIUM_001557
CUST_PREMIUM_001557,+1 (212) 472-3964,PRIMARY_PHONE,phone,CUST_PREMIUM_001557
CUST_PREMIUM_001557,0096,ISSUED_CARD,card_last4,CUST_PREMIUM_001557
ananyagarcia@harbor.example,ck_f8229d1398,SESSION_COOKIE,cookie,CUST_PREMIUM_001557
ananyagarcia@harbor.example,ck_9b0b72ddb8,SESSION_COOKIE,cookie,CUST_PREMIUM_001557
ananyagarcia@harbor.example,dev_26ed445184,AUTHENTICATED_DEVICE,device_id,CUST_PREMIUM_001557
CUST_PREMIUM_001558,m.ahmed@example.com,PRIMARY_EMAIL,email,CUST_PREMIUM_001558
CUST_PREMIUM_001558,+1 (415) 542-1883,PRIMARY_PHONE,phone,CUST_PREMIUM_001558
CUST_PREMIUM_001558,0140,ISSUED_CARD,card_last4,CUST_PREMIUM_001558
m.ahmed@example.com,ck_7dddca5b55,SESSION_COOKIE,cookie,CUST_PREMIUM_001558
m.ahmed@example.com,ck_755003b60f,SESSION_COOKIE,cookie,CUST_PREMIUM_001558
m.ahmed@example.com,dev_67d9b54aa1,AUTHENTICATED_DEVICE,device_id,CUST_PREMIUM_001558
CUST_PREMIUM_001559,aditi.morris73@example.com,PRIMARY_EMAIL,email,CUST_PREMIUM_001559
CUST_PREMIUM_001559,+1 (415) 579-9802,PRIMARY_PHONE,phone,CUST_PREMIUM_001559
CUST_PREMIUM_001559,0894,ISSUED_CARD,card_last4,CUST_PREMIUM_001559
aditi.morris73@example.com,ck_657841e460,SESSION_COOKIE,cookie,CUST_PREMIUM_001559
aditi.morris73@example.com,ck_9b7d9345a1,SESSION_COOKIE,cookie,CUST_PREMIUM_001559
aditi.morris73@example.com,ck_3275cfdd7d,SESSION_COOKIE,cookie,CUST_PREMIUM_001559
aditi.morris73@example.com,dev_d2d43617c3,AUTHENTICATED_DEVICE,device_id,CUST_PREMIUM_001559
CUST_PREMIUM_001560,islagupta@orchardmail.com,PRIMARY_EMAIL,email,CUST_PREMIUM_001560
CUST_PREMIUM_001560,+1 (416) 704-7721,PRIMARY_PHONE,phone,CUST_PREMIUM_001560
CUST_PREMIUM_001560,7747,ISSUED_CARD,card_last4,CUST_PREMIUM_001560
islagupta@orchardmail.com,ck_052ab02c38,SESSION_COOKIE,cookie,CUST_PREMIUM_001560
islagupta@orchardmail.com,dev_863b5b454b,AUTHENTICATED_DEVICE,device_id,CUST_PREMIUM_001560
CUST_PREMIUM_001561,naomi.roy75@bluepeak.co,PRIMARY_EMAIL,email,CUST_PREMIUM_001561
CUST_PREMIUM_001561,+1 (202) 719-5640,PRIMARY_PHONE,phone,CUST_PREMIUM_001561
CUST_PREMIUM_001561,0326,ISSUED_CARD,card_last4,CUST_PREMIUM_001561
naomi.roy75@bluepeak.co,ck_573d4440b0,SESSION_COOKIE,cookie,CUST_PREMIUM_001561
naomi.roy75@bluepeak.co,ck_2fa74a762f,SESSION_COOKIE,cookie,CUST_PREMIUM_001561
naomi.roy75@bluepeak.co,ck_8ef6aaca73,SESSION_COOKIE,cookie,CUST_PREMIUM_001561
naomi.roy75@bluepeak.co,ck_fbe7d3e726,SESSION_COOKIE,cookie,CUST_PREMIUM_001561
naomi.roy75@bluepeak.co,dev_53d9d0a4d2,AUTHENTICATED_DEVICE,device_id,CUST_PREMIUM_001561
CUST_PREMIUM_001562,yuki.campbell76@example.com,PRIMARY_EMAIL,email,CUST_PREMIUM_001562
CUST_PREMIUM_001562,+1 (646) 767-3559,PRIMARY_PHONE,phone,CUST_PREMIUM_001562
CUST_PREMIUM_001562,1262,ISSUED_CARD,card_last4,CUST_PREMIUM_001562
yuki.campbell76@example.com,ck_0d6760228d,SESSION_COOKIE,cookie,CUST_PREMIUM_001562
yuki.campbell76@example.com,dev_62e3c5377e,AUTHENTICATED_DEVICE,device_id,CUST_PREMIUM_001562
CUST_PREMIUM_001563,nora.vance77@capital-demo.org,PRIMARY_EMAIL,email,CUST_PREMIUM_001563
CUST_PREMIUM_001563,+1 (404) 782-1478,PRIMARY_PHONE,phone,CUST_PREMIUM_001563
CUST_PREMIUM_001563,4965,ISSUED_CARD,card_last4,CUST_PREMIUM_001563
nora.vance77@capital-demo.org,ck_82edfb54a3,SESSION_COOKIE,cookie,CUST_PREMIUM_001563
nora.vance77@capital-demo.org,ck_94eedc3e9b,SESSION_COOKIE,cookie,CUST_PREMIUM_001563
nora.vance77@capital-demo.org,ck_590005e5a2,SESSION_COOKIE,cookie,CUST_PREMIUM_001563
nora.vance77@capital-demo.org,dev_4ad732fd74,AUTHENTICATED_DEVICE,device_id,CUST_PREMIUM_001563
CUST_PREMIUM_001564,nora.cooper78@capital-demo.org,PRIMARY_EMAIL,email,CUST_PREMIUM_001564
CUST_PREMIUM_001564,+1 (212) 731-9397,PRIMARY_PHONE,phone,CUST_PREMIUM_001564
CUST_PREMIUM_001564,2361,ISSUED_CARD,card_last4,CUST_PREMIUM_001564
nora.cooper78@capital-demo.org,ck_88d0332671,SESSION_COOKIE,cookie,CUST_PREMIUM_001564
nora.cooper78@capital-demo.org,dev_3dfe74c777,AUTHENTICATED_DEVICE,device_id,CUST_PREMIUM_001564
nora.cooper78@capital-demo.org,dev_shared_42fe0a61e,AUTHENTICATED_DEVICE,device_id,CUST_PREMIUM_001564
CUST_PREMIUM_001565,p.baker@summitmail.net,PRIMARY_EMAIL,email,CUST_PREMIUM_001565
CUST_PREMIUM_001565,+1 (617) 845-7316,PRIMARY_PHONE,phone,CUST_PREMIUM_001565
CUST_PREMIUM_001565,7433,ISSUED_CARD,card_last4,CUST_PREMIUM_001565
p.baker@summitmail.net,ck_786010964c,SESSION_COOKIE,cookie,CUST_PREMIUM_001565
p.baker@summitmail.net,dev_6b2d2caf5d,AUTHENTICATED_DEVICE,device_id,CUST_PREMIUM_001565
CUST_PREMIUM_001566,diego.fernandez@orchardmail.com,PRIMARY_EMAIL,email,CUST_PREMIUM_001566
CUST_PREMIUM_001566,+1 (310) 816-5235,PRIMARY_PHONE,phone,CUST_PREMIUM_001566
CUST_PREMIUM_001566,3941,ISSUED_CARD,card_last4,CUST_PREMIUM_001566
diego.fernandez@orchardmail.com,ck_2c6a69f582,SESSION_COOKIE,cookie,CUST_PREMIUM_001566
diego.fernandez@orchardmail.com,dev_a27c9163b3,AUTHENTICATED_DEVICE,device_id,CUST_PREMIUM_001566
CUST_PREMIUM_001567,o.garcia@orchardmail.com,PRIMARY_EMAIL,email,CUST_PREMIUM_001567
CUST_PREMIUM_001567,+1 (416) 263-3154,PRIMARY_PHONE,phone,CUST_PREMIUM_001567
CUST_PREMIUM_001567,7539,ISSUED_CARD,card_last4,CUST_PREMIUM_001567
o.garcia@orchardmail.com,ck_659f3d1e7b,SESSION_COOKIE,cookie,CUST_PREMIUM_001567
o.garcia@orchardmail.com,ck_40e1c5d16c,SESSION_COOKIE,cookie,CUST_PREMIUM_001567
o.garcia@orchardmail.com,dev_9a8bb2e799,AUTHENTICATED_DEVICE,device_id,CUST_PREMIUM_001567
CUST_PREMIUM_001568,a.diaz@atlasmail.net,PRIMARY_EMAIL,email,CUST_PREMIUM_001568
CUST_PREMIUM_001568,+1 (212) 879-1073,PRIMARY_PHONE,phone,CUST_PREMIUM_001568
CUST_PREMIUM_001568,1454,ISSUED_CARD,card_last4,CUST_PREMIUM_001568
a.diaz@atlasmail.net,ck_a829f0ff00,SESSION_COOKIE,cookie,CUST_PREMIUM_001568
a.diaz@atlasmail.net,ck_1053e6e915,SESSION_COOKIE,cookie,CUST_PREMIUM_001568
a.diaz@atlasmail.net,dev_08b3f569cd,AUTHENTICATED_DEVICE,device_id,CUST_PREMIUM_001568
CUST_PREMIUM_001569,murphy.sora@example.com,PRIMARY_EMAIL,email,CUST_PREMIUM_001569
CUST_PREMIUM_001569,+1 (312) 238-8992,PRIMARY_PHONE,phone,CUST_PREMIUM_001569
CUST_PREMIUM_001569,7158,ISSUED_CARD,card_last4,CUST_PREMIUM_001569
murphy.sora@example.com,ck_ce5734e078,SESSION_COOKIE,cookie,CUST_PREMIUM_001569
murphy.sora@example.com,dev_01a5905af7,AUTHENTICATED_DEVICE,device_id,CUST_PREMIUM_001569
CUST_PREMIUM_001570,dev.hernandez@vectorlabs.co,PRIMARY_EMAIL,email,CUST_PREMIUM_001570
CUST_PREMIUM_001570,+1 (310) 264-6911,PRIMARY_PHONE,phone,CUST_PREMIUM_001570
CUST_PREMIUM_001570,4659,ISSUED_CARD,card_last4,CUST_PREMIUM_001570
dev.hernandez@vectorlabs.co,ck_5b64b760da,SESSION_COOKIE,cookie,CUST_PREMIUM_001570
dev.hernandez@vectorlabs.co,dev_4b8a912625,AUTHENTICATED_DEVICE,device_id,CUST_PREMIUM_001570
CUST_PREMIUM_001571,andre.ito85@northstar.org,PRIMARY_EMAIL,email,CUST_PREMIUM_001571
CUST_PREMIUM_001571,+1 (202) 389-4830,PRIMARY_PHONE,phone,CUST_PREMIUM_001571
CUST_PREMIUM_001571,3648,ISSUED_CARD,card_last4,CUST_PREMIUM_001571
andre.ito85@northstar.org,ck_e1ea066216,SESSION_COOKIE,cookie,CUST_PREMIUM_001571
andre.ito85@northstar.org,ck_3ef1b1f63b,SESSION_COOKIE,cookie,CUST_PREMIUM_001571
andre.ito85@northstar.org,dev_6cadf62715,AUTHENTICATED_DEVICE,device_id,CUST_PREMIUM_001571
CUST_PREMIUM_001572,banerjee.dev@northstar.org,PRIMARY_EMAIL,email,CUST_PREMIUM_001572
CUST_PREMIUM_001572,+1 (718) 481-2749,PRIMARY_PHONE,phone,CUST_PREMIUM_001572
CUST_PREMIUM_001572,8720,ISSUED_CARD,card_last4,CUST_PREMIUM_001572
banerjee.dev@northstar.org,ck_f28576d483,SESSION_COOKIE,cookie,CUST_PREMIUM_001572
banerjee.dev@northstar.org,dev_7fba1f7e22,AUTHENTICATED_DEVICE,device_id,CUST_PREMIUM_001572
CUST_PREMIUM_001573,gupta.zoe@vectorlabs.co,PRIMARY_EMAIL,email,CUST_PREMIUM_001573
CUST_PREMIUM_001573,+1 (312) 386-0668,PRIMARY_PHONE,phone,CUST_PREMIUM_001573
CUST_PREMIUM_001573,0052,ISSUED_CARD,card_last4,CUST_PREMIUM_001573
gupta.zoe@vectorlabs.co,ck_850ac0e119,SESSION_COOKIE,cookie,CUST_PREMIUM_001573
gupta.zoe@vectorlabs.co,dev_14ff30889b,AUTHENTICATED_DEVICE,device_id,CUST_PREMIUM_001573
CUST_PREMIUM_001574,taylor.nora@harbor.example,PRIMARY_EMAIL,email,CUST_PREMIUM_001574
CUST_PREMIUM_001574,+1 (312) 423-8587,PRIMARY_PHONE,phone,CUST_PREMIUM_001574
CUST_PREMIUM_001574,3508,ISSUED_CARD,card_last4,CUST_PREMIUM_001574
taylor.nora@harbor.example,ck_53eaa45a01,SESSION_COOKIE,cookie,CUST_PREMIUM_001574
taylor.nora@harbor.example,ck_541d199966,SESSION_COOKIE,cookie,CUST_PREMIUM_001574
taylor.nora@harbor.example,ck_85a9246fc7,SESSION_COOKIE,cookie,CUST_PREMIUM_001574
taylor.nora@harbor.example,ck_c1aabea910,SESSION_COOKIE,cookie,CUST_PREMIUM_001574
taylor.nora@harbor.example,dev_d7d10353ec,AUTHENTICATED_DEVICE,device_id,CUST_PREMIUM_001574
CUST_PREMIUM_001575,david.kim@harbor.example,PRIMARY_EMAIL,email,CUST_PREMIUM_001575
CUST_PREMIUM_001575,+1 (415) 471-6506,PRIMARY_PHONE,phone,CUST_PREMIUM_001575
CUST_PREMIUM_001575,2217,ISSUED_CARD,card_last4,CUST_PREMIUM_001575
david.kim@harbor.example,ck_b3e06d1dca,SESSION_COOKIE,cookie,CUST_PREMIUM_001575
david.kim@harbor.example,dev_4189ecacbc,AUTHENTICATED_DEVICE,device_id,CUST_PREMIUM_001575
CUST_PREMIUM_001576,victoria.evans90@example.com,PRIMARY_EMAIL,email,CUST_PREMIUM_001576
CUST_PREMIUM_001576,+1 (214) 519-4425,PRIMARY_PHONE,phone,CUST_PREMIUM_001576
CUST_PREMIUM_001576,3461,ISSUED_CARD,card_last4,CUST_PREMIUM_001576
victoria.evans90@example.com,ck_ae0d7d859c,SESSION_COOKIE,cookie,CUST_PREMIUM_001576
victoria.evans90@example.com,dev_8d7eceed2d,AUTHENTICATED_DEVICE,device_id,CUST_PREMIUM_001576
CUST_PREMIUM_001577,soramiller@bluepeak.co,PRIMARY_EMAIL,email,CUST_PREMIUM_001577
CUST_PREMIUM_001577,+1 (646) 622-2344,PRIMARY_PHONE,phone,CUST_PREMIUM_001577
CUST_PREMIUM_001577,3220,ISSUED_CARD,card_last4,CUST_PREMIUM_001577
soramiller@bluepeak.co,ck_8167d91e6a,SESSION_COOKIE,cookie,CUST_PREMIUM_001577
soramiller@bluepeak.co,dev_d5578e1062,AUTHENTICATED_DEVICE,device_id,CUST_PREMIUM_001577
CUST_PREMIUM_001578,hall.eleanor@atlasmail.net,PRIMARY_EMAIL,email,CUST_PREMIUM_001578
CUST_PREMIUM_001578,+1 (310) 560-0263,PRIMARY_PHONE,phone,CUST_PREMIUM_001578
CUST_PREMIUM_001578,9506,ISSUED_CARD,card_last4,CUST_PREMIUM_001578
hall.eleanor@atlasmail.net,ck_553587d1ae,SESSION_COOKIE,cookie,CUST_PREMIUM_001578
hall.eleanor@atlasmail.net,dev_f155a94f15,AUTHENTICATED_DEVICE,device_id,CUST_PREMIUM_001578
CUST_PREMIUM_001579,t.williams@example.com,PRIMARY_EMAIL,email,CUST_PREMIUM_001579
CUST_PREMIUM_001579,+1 (312) 608-8182,PRIMARY_PHONE,phone,CUST_PREMIUM_001579
CUST_PREMIUM_001579,7803,ISSUED_CARD,card_last4,CUST_PREMIUM_001579
t.williams@example.com,ck_dad83f449e,SESSION_COOKIE,cookie,CUST_PREMIUM_001579
t.williams@example.com,ck_b6572cfcc9,SESSION_COOKIE,cookie,CUST_PREMIUM_001579
t.williams@example.com,ck_89952c0a86,SESSION_COOKIE,cookie,CUST_PREMIUM_001579
t.williams@example.com,ck_3d8d1cf01f,SESSION_COOKIE,cookie,CUST_PREMIUM_001579
t.williams@example.com,dev_a9d467d9b7,AUTHENTICATED_DEVICE,device_id,CUST_PREMIUM_001579
CUST_PREMIUM_001580,priyakumar@atlasmail.net,PRIMARY_EMAIL,email,CUST_PREMIUM_001580
CUST_PREMIUM_001580,+1 (917) 766-6101,PRIMARY_PHONE,phone,CUST_PREMIUM_001580
CUST_PREMIUM_001580,6752,ISSUED_CARD,card_last4,CUST_PREMIUM_001580
priyakumar@atlasmail.net,ck_46fdfaa992,SESSION_COOKIE,cookie,CUST_PREMIUM_001580
priyakumar@atlasmail.net,dev_c60f7ad3a3,AUTHENTICATED_DEVICE,device_id,CUST_PREMIUM_001580
CUST_PREMIUM_001581,ananya.baker95@bluepeak.co,PRIMARY_EMAIL,email,CUST_PREMIUM_001581
CUST_PREMIUM_001581,+1 (646) 770-4020,PRIMARY_PHONE,phone,CUST_PREMIUM_001581
CUST_PREMIUM_001581,7780,ISSUED_CARD,card_last4,CUST_PREMIUM_001581
ananya.baker95@bluepeak.co,ck_ed14368b70,SESSION_COOKIE,cookie,CUST_PREMIUM_001581
ananya.baker95@bluepeak.co,ck_29778bc5b5,SESSION_COOKIE,cookie,CUST_PREMIUM_001581
ananya.baker95@bluepeak.co,dev_ee1a67c716,AUTHENTICATED_DEVICE,device_id,CUST_PREMIUM_001581
ananya.baker95@bluepeak.co,dev_8b686802f1,AUTHENTICATED_DEVICE,device_id,CUST_PREMIUM_001581
CUST_PREMIUM_001582,walker.naomi@example.com,PRIMARY_EMAIL,email,CUST_PREMIUM_001582
CUST_PREMIUM_001582,+1 (212) 697-1939,PRIMARY_PHONE,phone,CUST_PREMIUM_001582
CUST_PREMIUM_001582,7940,ISSUED_CARD,card_last4,CUST_PREMIUM_001582
walker.naomi@example.com,ck_276907b914,SESSION_COOKIE,cookie,CUST_PREMIUM_001582
walker.naomi@example.com,ck_15fe5e7011,SESSION_COOKIE,cookie,CUST_PREMIUM_001582
walker.naomi@example.com,ck_0d2b53f098,SESSION_COOKIE,cookie,CUST_PREMIUM_001582
walker.naomi@example.com,dev_1a7383f39a,AUTHENTICATED_DEVICE,device_id,CUST_PREMIUM_001582
walker.naomi@example.com,dev_63bd0ecf95,AUTHENTICATED_DEVICE,device_id,CUST_PREMIUM_001582
walker.naomi@example.com,dev_289966a0de,AUTHENTICATED_DEVICE,device_id,CUST_PREMIUM_001582
CUST_PREMIUM_001583,priya.rossi0@orchardmail.com,PRIMARY_EMAIL,email,CUST_PREMIUM_001583
CUST_PREMIUM_001583,+1 (718) 888-9858,PRIMARY_PHONE,phone,CUST_PREMIUM_001583
CUST_PREMIUM_001583,1924,ISSUED_CARD,card_last4,CUST_PREMIUM_001583
priya.rossi0@orchardmail.com,ck_5d8d2c0be1,SESSION_COOKIE,cookie,CUST_PREMIUM_001583
priya.rossi0@orchardmail.com,ck_f06dff5675,SESSION_COOKIE,cookie,CUST_PREMIUM_001583
priya.rossi0@orchardmail.com,ck_acd306fcf8,SESSION_COOKIE,cookie,CUST_PREMIUM_001583
priya.rossi0@orchardmail.com,dev_3e01f9cd61,AUTHENTICATED_DEVICE,device_id,CUST_PREMIUM_001583
CUST_PREMIUM_001584,s.khan@bluepeak.co,PRIMARY_EMAIL,email,CUST_PREMIUM_001584
CUST_PREMIUM_001584,+1 (650) 203-7777,PRIMARY_PHONE,phone,CUST_PREMIUM_001584
CUST_PREMIUM_001584,5319,ISSUED_CARD,card_last4,CUST_PREMIUM_001584
s.khan@bluepeak.co,ck_d3db7730e3,SESSION_COOKIE,cookie,CUST_PREMIUM_001584
s.khan@bluepeak.co,ck_d4aabfedea,SESSION_COOKIE,cookie,CUST_PREMIUM_001584
s.khan@bluepeak.co,dev_6b32877b72,AUTHENTICATED_DEVICE,device_id,CUST_PREMIUM_001584
s.khan@bluepeak.co,dev_8f603e5333,AUTHENTICATED_DEVICE,device_id,CUST_PREMIUM_001584
CUST_PREMIUM_001585,lucas.nguyen@capital-demo.org,PRIMARY_EMAIL,email,CUST_PREMIUM_001585
CUST_PREMIUM_001585,+1 (206) 874-5696,PRIMARY_PHONE,phone,CUST_PREMIUM_001585
CUST_PREMIUM_001585,6064,ISSUED_CARD,card_last4,CUST_PREMIUM_001585
lucas.nguyen@capital-demo.org,ck_10d8a86ebc,SESSION_COOKIE,cookie,CUST_PREMIUM_001585
lucas.nguyen@capital-demo.org,ck_6e08d0a87e,SESSION_COOKIE,cookie,CUST_PREMIUM_001585
lucas.nguyen@capital-demo.org,dev_52fab5b5ee,AUTHENTICATED_DEVICE,device_id,CUST_PREMIUM_001585
CUST_PREMIUM_001586,ravi.patel@example.com,PRIMARY_EMAIL,email,CUST_PREMIUM_001586
CUST_PREMIUM_001586,+1 (310) 856-3615,PRIMARY_PHONE,phone,CUST_PREMIUM_001586
CUST_PREMIUM_001586,7935,ISSUED_CARD,card_last4,CUST_PREMIUM_001586
ravi.patel@example.com,ck_ac551a5d0e,SESSION_COOKIE,cookie,CUST_PREMIUM_001586
ravi.patel@example.com,ck_ac45e286d5,SESSION_COOKIE,cookie,CUST_PREMIUM_001586
ravi.patel@example.com,dev_21f1bb5efa,AUTHENTICATED_DEVICE,device_id,CUST_PREMIUM_001586
CUST_PREMIUM_001587,kapoor.isabella@summitmail.net,PRIMARY_EMAIL,email,CUST_PREMIUM_001587
CUST_PREMIUM_001587,+1 (416) 303-1534,PRIMARY_PHONE,phone,CUST_PREMIUM_001587
CUST_PREMIUM_001587,8826,ISSUED_CARD,card_last4,CUST_PREMIUM_001587
kapoor.isabella@summitmail.net,ck_bc0b31659a,SESSION_COOKIE,cookie,CUST_PREMIUM_001587
kapoor.isabella@summitmail.net,ck_1540c09e2b,SESSION_COOKIE,cookie,CUST_PREMIUM_001587
kapoor.isabella@summitmail.net,ck_8906c71b39,SESSION_COOKIE,cookie,CUST_PREMIUM_001587
kapoor.isabella@summitmail.net,dev_6647ac7f81,AUTHENTICATED_DEVICE,device_id,CUST_PREMIUM_001587
CUST_PREMIUM_001588,s.miller@northstar.org,PRIMARY_EMAIL,email,CUST_PREMIUM_001588
CUST_PREMIUM_001588,+1 (214) 263-9453,PRIMARY_PHONE,phone,CUST_PREMIUM_001588
CUST_PREMIUM_001588,1535,ISSUED_CARD,card_last4,CUST_PREMIUM_001588
s.miller@northstar.org,ck_84c2495937,SESSION_COOKIE,cookie,CUST_PREMIUM_001588
s.miller@northstar.org,dev_950329b96b,AUTHENTICATED_DEVICE,device_id,CUST_PREMIUM_001588
CUST_PREMIUM_001589,anderson.rei@northstar.org,PRIMARY_EMAIL,email,CUST_PREMIUM_001589
CUST_PREMIUM_001589,+1 (469) 421-7372,PRIMARY_PHONE,phone,CUST_PREMIUM_001589
CUST_PREMIUM_001589,8818,ISSUED_CARD,card_last4,CUST_PREMIUM_001589
anderson.rei@northstar.org,ck_95c60d72b5,SESSION_COOKIE,cookie,CUST_PREMIUM_001589
anderson.rei@northstar.org,ck_7f521ec84c,SESSION_COOKIE,cookie,CUST_PREMIUM_001589
anderson.rei@northstar.org,dev_bc8eedfb45,AUTHENTICATED_DEVICE,device_id,CUST_PREMIUM_001589
anderson.rei@northstar.org,dev_0d8c426e0f,AUTHENTICATED_DEVICE,device_id,CUST_PREMIUM_001589
CUST_PREMIUM_001590,avery.wilson@harbor.example,PRIMARY_EMAIL,email,CUST_PREMIUM_001590
CUST_PREMIUM_001590,+1 (202) 392-5291,PRIMARY_PHONE,phone,CUST_PREMIUM_001590
CUST_PREMIUM_001590,9834,ISSUED_CARD,card_last4,CUST_PREMIUM_001590
avery.wilson@harbor.example,ck_3e87e8fe19,SESSION_COOKIE,cookie,CUST_PREMIUM_001590
avery.wilson@harbor.example,ck_bfc121f852,SESSION_COOKIE,cookie,CUST_PREMIUM_001590
avery.wilson@harbor.example,dev_caa60e363e,AUTHENTICATED_DEVICE,device_id,CUST_PREMIUM_001590
CUST_PREMIUM_001591,rivera.noah@vectorlabs.co,PRIMARY_EMAIL,email,CUST_PREMIUM_001591
CUST_PREMIUM_001591,+1 (305) 385-3210,PRIMARY_PHONE,phone,CUST_PREMIUM_001591
CUST_PREMIUM_001591,8637,ISSUED_CARD,card_last4,CUST_PREMIUM_001591
rivera.noah@vectorlabs.co,ck_a895abe0de,SESSION_COOKIE,cookie,CUST_PREMIUM_001591
rivera.noah@vectorlabs.co,ck_96c11ba640,SESSION_COOKIE,cookie,CUST_PREMIUM_001591
rivera.noah@vectorlabs.co,dev_5b8a972555,AUTHENTICATED_DEVICE,device_id,CUST_PREMIUM_001591
CUST_PREMIUM_001592,lucaskhan@bluepeak.co,PRIMARY_EMAIL,email,CUST_PREMIUM_001592
CUST_PREMIUM_001592,+1 (404) 455-1129,PRIMARY_PHONE,phone,CUST_PREMIUM_001592
CUST_PREMIUM_001592,3020,ISSUED_CARD,card_last4,CUST_PREMIUM_001592
lucaskhan@bluepeak.co,ck_7f1e0d7430,SESSION_COOKIE,cookie,CUST_PREMIUM_001592
lucaskhan@bluepeak.co,ck_baee8bc6d5,SESSION_COOKIE,cookie,CUST_PREMIUM_001592
lucaskhan@bluepeak.co,ck_720fb26953,SESSION_COOKIE,cookie,CUST_PREMIUM_001592
lucaskhan@bluepeak.co,ck_be43163ffe,SESSION_COOKIE,cookie,CUST_PREMIUM_001592
lucaskhan@bluepeak.co,dev_20e23426a2,AUTHENTICATED_DEVICE,device_id,CUST_PREMIUM_001592
CUST_PREMIUM_001593,alejandroreed@capital-demo.org,PRIMARY_EMAIL,email,CUST_PREMIUM_001593
CUST_PREMIUM_001593,+1 (404) 492-9048,PRIMARY_PHONE,phone,CUST_PREMIUM_001593
CUST_PREMIUM_001593,3286,ISSUED_CARD,card_last4,CUST_PREMIUM_001593
alejandroreed@capital-demo.org,ck_83942dc68e,SESSION_COOKIE,cookie,CUST_PREMIUM_001593
alejandroreed@capital-demo.org,ck_d7a8b61803,SESSION_COOKIE,cookie,CUST_PREMIUM_001593
alejandroreed@capital-demo.org,ck_d2b6742e1e,SESSION_COOKIE,cookie,CUST_PREMIUM_001593
alejandroreed@capital-demo.org,ck_6f50ce33a4,SESSION_COOKIE,cookie,CUST_PREMIUM_001593
alejandroreed@capital-demo.org,dev_00a2459e31,AUTHENTICATED_DEVICE,device_id,CUST_PREMIUM_001593
CUST_PREMIUM_001594,meeragupta@orchardmail.com,PRIMARY_EMAIL,email,CUST_PREMIUM_001594
CUST_PREMIUM_001594,+1 (415) 474-6967,PRIMARY_PHONE,phone,CUST_PREMIUM_001594
CUST_PREMIUM_001594,4127,ISSUED_CARD,card_last4,CUST_PREMIUM_001594
meeragupta@orchardmail.com,ck_0a807ef53d,SESSION_COOKIE,cookie,CUST_PREMIUM_001594
meeragupta@orchardmail.com,ck_2c2cf3200f,SESSION_COOKIE,cookie,CUST_PREMIUM_001594
meeragupta@orchardmail.com,ck_f4771107ff,SESSION_COOKIE,cookie,CUST_PREMIUM_001594
meeragupta@orchardmail.com,dev_33a41e95a6,AUTHENTICATED_DEVICE,device_id,CUST_PREMIUM_001594
CUST_PREMIUM_001595,aditi.gupta12@northstar.org,PRIMARY_EMAIL,email,CUST_PREMIUM_001595
CUST_PREMIUM_001595,+1 (310) 489-4886,PRIMARY_PHONE,phone,CUST_PREMIUM_001595
CUST_PREMIUM_001595,1071,ISSUED_CARD,card_last4,CUST_PREMIUM_001595
aditi.gupta12@northstar.org,ck_a624fd1116,SESSION_COOKIE,cookie,CUST_PREMIUM_001595
aditi.gupta12@northstar.org,dev_df562c3b24,AUTHENTICATED_DEVICE,device_id,CUST_PREMIUM_001595
aditi.gupta12@northstar.org,dev_shared_fd5ab620f,AUTHENTICATED_DEVICE,device_id,CUST_PREMIUM_001595
CUST_PREMIUM_001596,sora.wright13@atlasmail.net,PRIMARY_EMAIL,email,CUST_PREMIUM_001596
CUST_PREMIUM_001596,+1 (202) 614-2805,PRIMARY_PHONE,phone,CUST_PREMIUM_001596
CUST_PREMIUM_001596,9139,ISSUED_CARD,card_last4,CUST_PREMIUM_001596
sora.wright13@atlasmail.net,ck_354d681686,SESSION_COOKIE,cookie,CUST_PREMIUM_001596
sora.wright13@atlasmail.net,ck_6bcbf532be,SESSION_COOKIE,cookie,CUST_PREMIUM_001596
sora.wright13@atlasmail.net,dev_543292b865,AUTHENTICATED_DEVICE,device_id,CUST_PREMIUM_001596
CUST_PREMIUM_001597,h.rossi@northstar.org,PRIMARY_EMAIL,email,CUST_PREMIUM_001597
CUST_PREMIUM_001597,+1 (646) 662-0724,PRIMARY_PHONE,phone,CUST_PREMIUM_001597
CUST_PREMIUM_001597,9680,ISSUED_CARD,card_last4,CUST_PREMIUM_001597
h.rossi@northstar.org,ck_6f64483d35,SESSION_COOKIE,cookie,CUST_PREMIUM_001597
h.rossi@northstar.org,ck_cfb04cefdd,SESSION_COOKIE,cookie,CUST_PREMIUM_001597
h.rossi@northstar.org,dev_a1e472e923,AUTHENTICATED_DEVICE,device_id,CUST_PREMIUM_001597
h.rossi@northstar.org,dev_0bc3178083,AUTHENTICATED_DEVICE,device_id,CUST_PREMIUM_001597
CUST_PREMIUM_001598,roberts.jack@example.com,PRIMARY_EMAIL,email,CUST_PREMIUM_001598
CUST_PREMIUM_001598,+1 (212) 589-8643,PRIMARY_PHONE,phone,CUST_PREMIUM_001598
CUST_PREMIUM_001598,5171,ISSUED_CARD,card_last4,CUST_PREMIUM_001598
roberts.jack@example.com,ck_e238f1a530,SESSION_COOKIE,cookie,CUST_PREMIUM_001598
roberts.jack@example.com,dev_d79ceeced6,AUTHENTICATED_DEVICE,device_id,CUST_PREMIUM_001598
CUST_PREMIUM_001599,diegogupta@atlasmail.net,PRIMARY_EMAIL,email,CUST_PREMIUM_001599
CUST_PREMIUM_001599,+1 (415) 659-6562,PRIMARY_PHONE,phone,CUST_PREMIUM_001599
CUST_PREMIUM_001599,2595,ISSUED_CARD,card_last4,CUST_PREMIUM_001599
diegogupta@atlasmail.net,ck_4504238880,SESSION_COOKIE,cookie,CUST_PREMIUM_001599
diegogupta@atlasmail.net,dev_200c8d12de,AUTHENTICATED_DEVICE,device_id,CUST_PREMIUM_001599
diegogupta@atlasmail.net,dev_shared_484848eb1,AUTHENTICATED_DEVICE,device_id,CUST_PREMIUM_001599
CUST_PREMIUM_001600,ameliaanderson@capital-demo.org,PRIMARY_EMAIL,email,CUST_PREMIUM_001600
CUST_PREMIUM_001600,+1 (312) 685-4481,PRIMARY_PHONE,phone,CUST_PREMIUM_001600
CUST_PREMIUM_001600,7178,ISSUED_CARD,card_last4,CUST_PREMIUM_001600
ameliaanderson@capital-demo.org,ck_5b4c49e03e,SESSION_COOKIE,cookie,CUST_PREMIUM_001600
ameliaanderson@capital-demo.org,ck_03d20b1342,SESSION_COOKIE,cookie,CUST_PREMIUM_001600
ameliaanderson@capital-demo.org,ck_12674a9c0d,SESSION_COOKIE,cookie,CUST_PREMIUM_001600
ameliaanderson@capital-demo.org,dev_cad9df15fa,AUTHENTICATED_DEVICE,device_id,CUST_PREMIUM_001600
ameliaanderson@capital-demo.org,dev_9427267882,AUTHENTICATED_DEVICE,device_id,CUST_PREMIUM_001600
CUST_PREMIUM_001601,priya.taylor@bluepeak.co,PRIMARY_EMAIL,email,CUST_PREMIUM_001601
CUST_PREMIUM_001601,+1 (469) 865-2400,PRIMARY_PHONE,phone,CUST_PREMIUM_001601
CUST_PREMIUM_001601,0502,ISSUED_CARD,card_last4,CUST_PREMIUM_001601
priya.taylor@bluepeak.co,ck_f055fe3453,SESSION_COOKIE,cookie,CUST_PREMIUM_001601
priya.taylor@bluepeak.co,ck_8e3e668891,SESSION_COOKIE,cookie,CUST_PREMIUM_001601
priya.taylor@bluepeak.co,dev_a710f097f0,AUTHENTICATED_DEVICE,device_id,CUST_PREMIUM_001601
CUST_PREMIUM_001602,nikhil.baker19@summitmail.net,PRIMARY_EMAIL,email,CUST_PREMIUM_001602
CUST_PREMIUM_001602,+1 (206) 803-0319,PRIMARY_PHONE,phone,CUST_PREMIUM_001602
CUST_PREMIUM_001602,8633,ISSUED_CARD,card_last4,CUST_PREMIUM_001602
nikhil.baker19@summitmail.net,ck_a7d6b8b995,SESSION_COOKIE,cookie,CUST_PREMIUM_001602
nikhil.baker19@summitmail.net,dev_600c5c13d2,AUTHENTICATED_DEVICE,device_id,CUST_PREMIUM_001602
nikhil.baker19@summitmail.net,dev_590060a555,AUTHENTICATED_DEVICE,device_id,CUST_PREMIUM_001602
CUST_PREMIUM_001603,murphy.harper@example.com,PRIMARY_EMAIL,email,CUST_PREMIUM_001603
CUST_PREMIUM_001603,+1 (310) 785-8238,PRIMARY_PHONE,phone,CUST_PREMIUM_001603
CUST_PREMIUM_001603,8657,ISSUED_CARD,card_last4,CUST_PREMIUM_001603
murphy.harper@example.com,ck_fd5d08577f,SESSION_COOKIE,cookie,CUST_PREMIUM_001603
murphy.harper@example.com,ck_39d5a4b91f,SESSION_COOKIE,cookie,CUST_PREMIUM_001603
murphy.harper@example.com,dev_f95e445c57,AUTHENTICATED_DEVICE,device_id,CUST_PREMIUM_001603
CUST_PREMIUM_001604,gabriel.patel21@orchardmail.com,PRIMARY_EMAIL,email,CUST_PREMIUM_001604
CUST_PREMIUM_001604,+1 (650) 243-6157,PRIMARY_PHONE,phone,CUST_PREMIUM_001604
CUST_PREMIUM_001604,0484,ISSUED_CARD,card_last4,CUST_PREMIUM_001604
gabriel.patel21@orchardmail.com,ck_c5fbc8e79d,SESSION_COOKIE,cookie,CUST_PREMIUM_001604
gabriel.patel21@orchardmail.com,dev_270c8d4fdd,AUTHENTICATED_DEVICE,device_id,CUST_PREMIUM_001604
CUST_PREMIUM_001605,evans.liam@summitmail.net,PRIMARY_EMAIL,email,CUST_PREMIUM_001605
CUST_PREMIUM_001605,+1 (310) 859-4076,PRIMARY_PHONE,phone,CUST_PREMIUM_001605
CUST_PREMIUM_001605,1703,ISSUED_CARD,card_last4,CUST_PREMIUM_001605
evans.liam@summitmail.net,ck_6299a59f46,SESSION_COOKIE,cookie,CUST_PREMIUM_001605
evans.liam@summitmail.net,dev_f8a33a79b8,AUTHENTICATED_DEVICE,device_id,CUST_PREMIUM_001605
evans.liam@summitmail.net,dev_765086efee,AUTHENTICATED_DEVICE,device_id,CUST_PREMIUM_001605
CUST_PREMIUM_001606,diaz.rafael@atlasmail.net,PRIMARY_EMAIL,email,CUST_PREMIUM_001606
CUST_PREMIUM_001606,+1 (404) 273-1995,PRIMARY_PHONE,phone,CUST_PREMIUM_001606
CUST_PREMIUM_001606,4828,ISSUED_CARD,card_last4,CUST_PREMIUM_001606
diaz.rafael@atlasmail.net,ck_bfb45199ca,SESSION_COOKIE,cookie,CUST_PREMIUM_001606
diaz.rafael@atlasmail.net,ck_bdc33116a9,SESSION_COOKIE,cookie,CUST_PREMIUM_001606
diaz.rafael@atlasmail.net,ck_6031ddefea,SESSION_COOKIE,cookie,CUST_PREMIUM_001606
diaz.rafael@atlasmail.net,ck_4da90e6e08,SESSION_COOKIE,cookie,CUST_PREMIUM_001606
diaz.rafael@atlasmail.net,dev_a455df163c,AUTHENTICATED_DEVICE,device_id,CUST_PREMIUM_001606
CUST_PREMIUM_001607,cooper.chloe@example.com,PRIMARY_EMAIL,email,CUST_PREMIUM_001607
CUST_PREMIUM_001607,+1 (214) 266-9914,PRIMARY_PHONE,phone,CUST_PREMIUM_001607
CUST_PREMIUM_001607,0691,ISSUED_CARD,card_last4,CUST_PREMIUM_001607
cooper.chloe@example.com,ck_438bece1b4,SESSION_COOKIE,cookie,CUST_PREMIUM_001607
cooper.chloe@example.com,ck_8bf9e16e1f,SESSION_COOKIE,cookie,CUST_PREMIUM_001607
cooper.chloe@example.com,ck_eb0caf5928,SESSION_COOKIE,cookie,CUST_PREMIUM_001607
cooper.chloe@example.com,dev_41b9112d59,AUTHENTICATED_DEVICE,device_id,CUST_PREMIUM_001607
cooper.chloe@example.com,dev_222c99fd80,AUTHENTICATED_DEVICE,device_id,CUST_PREMIUM_001607
cooper.chloe@example.com,dev_d0ce7df4d6,AUTHENTICATED_DEVICE,device_id,CUST_PREMIUM_001607
CUST_PREMIUM_001608,ravi.vance@vectorlabs.co,PRIMARY_EMAIL,email,CUST_PREMIUM_001608
CUST_PREMIUM_001608,+1 (415) 292-7833,PRIMARY_PHONE,phone,CUST_PREMIUM_001608
CUST_PREMIUM_001608,4112,ISSUED_CARD,card_last4,CUST_PREMIUM_001608
ravi.vance@vectorlabs.co,ck_fd662c8162,SESSION_COOKIE,cookie,CUST_PREMIUM_001608
ravi.vance@vectorlabs.co,dev_2e3881a03f,AUTHENTICATED_DEVICE,device_id,CUST_PREMIUM_001608
ravi.vance@vectorlabs.co,dev_shared_50cf8b2b8,AUTHENTICATED_DEVICE,device_id,CUST_PREMIUM_001608
CUST_PREMIUM_001609,robinson.eleanor@orchardmail.com,PRIMARY_EMAIL,email,CUST_PREMIUM_001609
CUST_PREMIUM_001609,+1 (312) 318-5752,PRIMARY_PHONE,phone,CUST_PREMIUM_001609
CUST_PREMIUM_001609,8304,ISSUED_CARD,card_last4,CUST_PREMIUM_001609
robinson.eleanor@orchardmail.com,ck_cc64724682,SESSION_COOKIE,cookie,CUST_PREMIUM_001609
robinson.eleanor@orchardmail.com,dev_28cd354e17,AUTHENTICATED_DEVICE,device_id,CUST_PREMIUM_001609
CUST_PREMIUM_001610,fatimabrown@vectorlabs.co,PRIMARY_EMAIL,email,CUST_PREMIUM_001610
CUST_PREMIUM_001610,+1 (617) 410-3671,PRIMARY_PHONE,phone,CUST_PREMIUM_001610
CUST_PREMIUM_001610,2848,ISSUED_CARD,card_last4,CUST_PREMIUM_001610
fatimabrown@vectorlabs.co,ck_d44e5c0498,SESSION_COOKIE,cookie,CUST_PREMIUM_001610
fatimabrown@vectorlabs.co,dev_168cf4d352,AUTHENTICATED_DEVICE,device_id,CUST_PREMIUM_001610
CUST_PREMIUM_001611,isla.garcia28@vectorlabs.co,PRIMARY_EMAIL,email,CUST_PREMIUM_001611
CUST_PREMIUM_001611,+1 (404) 458-1590,PRIMARY_PHONE,phone,CUST_PREMIUM_001611
CUST_PREMIUM_001611,0731,ISSUED_CARD,card_last4,CUST_PREMIUM_001611
isla.garcia28@vectorlabs.co,ck_2137ab3e28,SESSION_COOKIE,cookie,CUST_PREMIUM_001611
isla.garcia28@vectorlabs.co,ck_c229b40f6c,SESSION_COOKIE,cookie,CUST_PREMIUM_001611
isla.garcia28@vectorlabs.co,dev_f7abb2db48,AUTHENTICATED_DEVICE,device_id,CUST_PREMIUM_001611
CUST_PREMIUM_001612,morgan.theo@summitmail.net,PRIMARY_EMAIL,email,CUST_PREMIUM_001612
CUST_PREMIUM_001612,+1 (415) 440-9509,PRIMARY_PHONE,phone,CUST_PREMIUM_001612
CUST_PREMIUM_001612,2403,ISSUED_CARD,card_last4,CUST_PREMIUM_001612
morgan.theo@summitmail.net,ck_9014d65b56,SESSION_COOKIE,cookie,CUST_PREMIUM_001612
morgan.theo@summitmail.net,dev_859f922713,AUTHENTICATED_DEVICE,device_id,CUST_PREMIUM_001612
CUST_PREMIUM_001613,i.rivera@vectorlabs.co,PRIMARY_EMAIL,email,CUST_PREMIUM_001613
CUST_PREMIUM_001613,+1 (646) 554-7428,PRIMARY_PHONE,phone,CUST_PREMIUM_001613
CUST_PREMIUM_001613,7885,ISSUED_CARD,card_last4,CUST_PREMIUM_001613
i.rivera@vectorlabs.co,ck_fa7c226969,SESSION_COOKIE,cookie,CUST_PREMIUM_001613
i.rivera@vectorlabs.co,ck_97b13053b1,SESSION_COOKIE,cookie,CUST_PREMIUM_001613
i.rivera@vectorlabs.co,dev_88040bae87,AUTHENTICATED_DEVICE,device_id,CUST_PREMIUM_001613
CUST_PREMIUM_001614,gabriel.anderson@bluepeak.co,PRIMARY_EMAIL,email,CUST_PREMIUM_001614
CUST_PREMIUM_001614,+1 (305) 536-5347,PRIMARY_PHONE,phone,CUST_PREMIUM_001614
CUST_PREMIUM_001614,7889,ISSUED_CARD,card_last4,CUST_PREMIUM_001614
gabriel.anderson@bluepeak.co,ck_c8240143be,SESSION_COOKIE,cookie,CUST_PREMIUM_001614
gabriel.anderson@bluepeak.co,dev_159548fd0a,AUTHENTICATED_DEVICE,device_id,CUST_PREMIUM_001614
gabriel.anderson@bluepeak.co,dev_shared_2834b010c,AUTHENTICATED_DEVICE,device_id,CUST_PREMIUM_001614
CUST_PREMIUM_001615,williams.maya@bluepeak.co,PRIMARY_EMAIL,email,CUST_PREMIUM_001615
CUST_PREMIUM_001615,+1 (206) 584-3266,PRIMARY_PHONE,phone,CUST_PREMIUM_001615
CUST_PREMIUM_001615,0188,ISSUED_CARD,card_last4,CUST_PREMIUM_001615
williams.maya@bluepeak.co,ck_c157722794,SESSION_COOKIE,cookie,CUST_PREMIUM_001615
williams.maya@bluepeak.co,ck_385144be71,SESSION_COOKIE,cookie,CUST_PREMIUM_001615
williams.maya@bluepeak.co,dev_7e7c147f23,AUTHENTICATED_DEVICE,device_id,CUST_PREMIUM_001615
williams.maya@bluepeak.co,dev_d515dfee62,AUTHENTICATED_DEVICE,device_id,CUST_PREMIUM_001615
CUST_PREMIUM_001616,a.patel@summitmail.net,PRIMARY_EMAIL,email,CUST_PREMIUM_001616
CUST_PREMIUM_001616,+1 (212) 555-1185,PRIMARY_PHONE,phone,CUST_PREMIUM_001616
CUST_PREMIUM_001616,7139,ISSUED_CARD,card_last4,CUST_PREMIUM_001616
a.patel@summitmail.net,ck_ef63591260,SESSION_COOKIE,cookie,CUST_PREMIUM_001616
a.patel@summitmail.net,ck_4e9fd51784,SESSION_COOKIE,cookie,CUST_PREMIUM_001616
a.patel@summitmail.net,dev_c73a9145ce,AUTHENTICATED_DEVICE,device_id,CUST_PREMIUM_001616
CUST_PREMIUM_001617,l.sato@vectorlabs.co,PRIMARY_EMAIL,email,CUST_PREMIUM_001617
CUST_PREMIUM_001617,+1 (646) 702-9104,PRIMARY_PHONE,phone,CUST_PREMIUM_001617
CUST_PREMIUM_001617,9455,ISSUED_CARD,card_last4,CUST_PREMIUM_001617
l.sato@vectorlabs.co,ck_87e6f84d46,SESSION_COOKIE,cookie,CUST_PREMIUM_001617
l.sato@vectorlabs.co,ck_b9f98720cc,SESSION_COOKIE,cookie,CUST_PREMIUM_001617
l.sato@vectorlabs.co,ck_d5bb7b0364,SESSION_COOKIE,cookie,CUST_PREMIUM_001617
l.sato@vectorlabs.co,ck_dcf60565cc,SESSION_COOKIE,cookie,CUST_PREMIUM_001617
l.sato@vectorlabs.co,dev_d1e087c53f,AUTHENTICATED_DEVICE,device_id,CUST_PREMIUM_001617
CUST_PREMIUM_001618,e.wang@bluepeak.co,PRIMARY_EMAIL,email,CUST_PREMIUM_001618
CUST_PREMIUM_001618,+1 (415) 662-7023,PRIMARY_PHONE,phone,CUST_PREMIUM_001618
CUST_PREMIUM_001618,8581,ISSUED_CARD,card_last4,CUST_PREMIUM_001618
e.wang@bluepeak.co,ck_1751ca701e,SESSION_COOKIE,cookie,CUST_PREMIUM_001618
e.wang@bluepeak.co,ck_538a847896,SESSION_COOKIE,cookie,CUST_PREMIUM_001618
e.wang@bluepeak.co,ck_021d7b374f,SESSION_COOKIE,cookie,CUST_PREMIUM_001618
e.wang@bluepeak.co,dev_a65a5f4a33,AUTHENTICATED_DEVICE,device_id,CUST_PREMIUM_001618
CUST_PREMIUM_001619,singh.sara@atlasmail.net,PRIMARY_EMAIL,email,CUST_PREMIUM_001619
CUST_PREMIUM_001619,+1 (214) 710-4942,PRIMARY_PHONE,phone,CUST_PREMIUM_001619
CUST_PREMIUM_001619,9166,ISSUED_CARD,card_last4,CUST_PREMIUM_001619
singh.sara@atlasmail.net,ck_147949bf81,SESSION_COOKIE,cookie,CUST_PREMIUM_001619
singh.sara@atlasmail.net,dev_86c2044b2e,AUTHENTICATED_DEVICE,device_id,CUST_PREMIUM_001619
CUST_PREMIUM_001620,nora.jones37@atlasmail.net,PRIMARY_EMAIL,email,CUST_PREMIUM_001620
CUST_PREMIUM_001620,+1 (206) 769-2861,PRIMARY_PHONE,phone,CUST_PREMIUM_001620
CUST_PREMIUM_001620,4582,ISSUED_CARD,card_last4,CUST_PREMIUM_001620
nora.jones37@atlasmail.net,ck_922e5b9f4b,SESSION_COOKIE,cookie,CUST_PREMIUM_001620
nora.jones37@atlasmail.net,dev_15a2a8bcec,AUTHENTICATED_DEVICE,device_id,CUST_PREMIUM_001620
CUST_PREMIUM_001621,alejandroshah@vectorlabs.co,PRIMARY_EMAIL,email,CUST_PREMIUM_001621
CUST_PREMIUM_001621,+1 (646) 850-0780,PRIMARY_PHONE,phone,CUST_PREMIUM_001621
CUST_PREMIUM_001621,6148,ISSUED_CARD,card_last4,CUST_PREMIUM_001621
alejandroshah@vectorlabs.co,ck_aee95e2299,SESSION_COOKIE,cookie,CUST_PREMIUM_001621
alejandroshah@vectorlabs.co,ck_a3168cc21b,SESSION_COOKIE,cookie,CUST_PREMIUM_001621
alejandroshah@vectorlabs.co,dev_3a56a156f1,AUTHENTICATED_DEVICE,device_id,CUST_PREMIUM_001621
CUST_PREMIUM_001622,nathanharris@harbor.example,PRIMARY_EMAIL,email,CUST_PREMIUM_001622
CUST_PREMIUM_001622,+1 (312) 799-8699,PRIMARY_PHONE,phone,CUST_PREMIUM_001622
CUST_PREMIUM_001622,9229,ISSUED_CARD,card_last4,CUST_PREMIUM_001622
nathanharris@harbor.example,ck_b7a37ca687,SESSION_COOKIE,cookie,CUST_PREMIUM_001622
nathanharris@harbor.example,ck_a594fbd56e,SESSION_COOKIE,cookie,CUST_PREMIUM_001622
nathanharris@harbor.example,ck_13d7590fa9,SESSION_COOKIE,cookie,CUST_PREMIUM_001622
nathanharris@harbor.example,dev_337c765546,AUTHENTICATED_DEVICE,device_id,CUST_PREMIUM_001622
CUST_PREMIUM_001623,benjamin.lewis@atlasmail.net,PRIMARY_EMAIL,email,CUST_PREMIUM_001623
CUST_PREMIUM_001623,+1 (202) 213-6618,PRIMARY_PHONE,phone,CUST_PREMIUM_001623
CUST_PREMIUM_001623,9412,ISSUED_CARD,card_last4,CUST_PREMIUM_001623
benjamin.lewis@atlasmail.net,ck_c24791b9a8,SESSION_COOKIE,cookie,CUST_PREMIUM_001623
benjamin.lewis@atlasmail.net,dev_25b7eeff5d,AUTHENTICATED_DEVICE,device_id,CUST_PREMIUM_001623
benjamin.lewis@atlasmail.net,dev_shared_da0ab2800,AUTHENTICATED_DEVICE,device_id,CUST_PREMIUM_001623
CUST_PREMIUM_001624,jack.robinson@northstar.org,PRIMARY_EMAIL,email,CUST_PREMIUM_001624
CUST_PREMIUM_001624,+1 (617) 228-4537,PRIMARY_PHONE,phone,CUST_PREMIUM_001624
CUST_PREMIUM_001624,8723,ISSUED_CARD,card_last4,CUST_PREMIUM_001624
jack.robinson@northstar.org,ck_aca478edfc,SESSION_COOKIE,cookie,CUST_PREMIUM_001624
jack.robinson@northstar.org,dev_075bad9259,AUTHENTICATED_DEVICE,device_id,CUST_PREMIUM_001624
CUST_PREMIUM_001625,ibrahimwilson@harbor.example,PRIMARY_EMAIL,email,CUST_PREMIUM_001625
CUST_PREMIUM_001625,+1 (310) 899-2456,PRIMARY_PHONE,phone,CUST_PREMIUM_001625
CUST_PREMIUM_001625,8584,ISSUED_CARD,card_last4,CUST_PREMIUM_001625
ibrahimwilson@harbor.example,ck_4f322f6f0c,SESSION_COOKIE,cookie,CUST_PREMIUM_001625
ibrahimwilson@harbor.example,dev_81d8ef6e97,AUTHENTICATED_DEVICE,device_id,CUST_PREMIUM_001625
ibrahimwilson@harbor.example,dev_e43f7675a1,AUTHENTICATED_DEVICE,device_id,CUST_PREMIUM_001625
CUST_PREMIUM_001626,z.smith@bluepeak.co,PRIMARY_EMAIL,email,CUST_PREMIUM_001626
CUST_PREMIUM_001626,+1 (310) 236-0375,PRIMARY_PHONE,phone,CUST_PREMIUM_001626
CUST_PREMIUM_001626,5741,ISSUED_CARD,card_last4,CUST_PREMIUM_001626
z.smith@bluepeak.co,ck_f81cf379a2,SESSION_COOKIE,cookie,CUST_PREMIUM_001626
z.smith@bluepeak.co,dev_c6ed507581,AUTHENTICATED_DEVICE,device_id,CUST_PREMIUM_001626
CUST_PREMIUM_001627,campbell.dev@example.com,PRIMARY_EMAIL,email,CUST_PREMIUM_001627
CUST_PREMIUM_001627,+1 (617) 339-8294,PRIMARY_PHONE,phone,CUST_PREMIUM_001627
CUST_PREMIUM_001627,7183,ISSUED_CARD,card_last4,CUST_PREMIUM_001627
campbell.dev@example.com,ck_3c2e23d60b,SESSION_COOKIE,cookie,CUST_PREMIUM_001627
campbell.dev@example.com,dev_327ca12951,AUTHENTICATED_DEVICE,device_id,CUST_PREMIUM_001627
CUST_PREMIUM_001628,isla.banerjee45@capital-demo.org,PRIMARY_EMAIL,email,CUST_PREMIUM_001628
CUST_PREMIUM_001628,+1 (416) 420-6213,PRIMARY_PHONE,phone,CUST_PREMIUM_001628
CUST_PREMIUM_001628,2950,ISSUED_CARD,card_last4,CUST_PREMIUM_001628
isla.banerjee45@capital-demo.org,ck_2422b8d5ef,SESSION_COOKIE,cookie,CUST_PREMIUM_001628
isla.banerjee45@capital-demo.org,dev_176fdd2a8f,AUTHENTICATED_DEVICE,device_id,CUST_PREMIUM_001628
CUST_PREMIUM_001629,kabirlewis@orchardmail.com,PRIMARY_EMAIL,email,CUST_PREMIUM_001629
CUST_PREMIUM_001629,+1 (212) 336-4132,PRIMARY_PHONE,phone,CUST_PREMIUM_001629
CUST_PREMIUM_001629,6092,ISSUED_CARD,card_last4,CUST_PREMIUM_001629
kabirlewis@orchardmail.com,ck_a703058361,SESSION_COOKIE,cookie,CUST_PREMIUM_001629
kabirlewis@orchardmail.com,ck_e2a43716cf,SESSION_COOKIE,cookie,CUST_PREMIUM_001629
kabirlewis@orchardmail.com,ck_fe5d24c1a8,SESSION_COOKIE,cookie,CUST_PREMIUM_001629
kabirlewis@orchardmail.com,ck_aa051dfebe,SESSION_COOKIE,cookie,CUST_PREMIUM_001629
kabirlewis@orchardmail.com,ck_b097535f9e,SESSION_COOKIE,cookie,CUST_PREMIUM_001629
kabirlewis@orchardmail.com,dev_a8a8fb590a,AUTHENTICATED_DEVICE,device_id,CUST_PREMIUM_001629
CUST_PREMIUM_001630,akira.khan47@atlasmail.net,PRIMARY_EMAIL,email,CUST_PREMIUM_001630
CUST_PREMIUM_001630,+1 (404) 461-2051,PRIMARY_PHONE,phone,CUST_PREMIUM_001630
CUST_PREMIUM_001630,9527,ISSUED_CARD,card_last4,CUST_PREMIUM_001630
akira.khan47@atlasmail.net,ck_ad3e411976,SESSION_COOKIE,cookie,CUST_PREMIUM_001630
akira.khan47@atlasmail.net,ck_043159c7f0,SESSION_COOKIE,cookie,CUST_PREMIUM_001630
akira.khan47@atlasmail.net,dev_4f26f18db2,AUTHENTICATED_DEVICE,device_id,CUST_PREMIUM_001630
akira.khan47@atlasmail.net,dev_shared_42cde5d55,AUTHENTICATED_DEVICE,device_id,CUST_PREMIUM_001630
CUST_PREMIUM_001631,nikhilmartin@example.com,PRIMARY_EMAIL,email,CUST_PREMIUM_001631
CUST_PREMIUM_001631,+1 (202) 509-9970,PRIMARY_PHONE,phone,CUST_PREMIUM_001631
CUST_PREMIUM_001631,5401,ISSUED_CARD,card_last4,CUST_PREMIUM_001631
nikhilmartin@example.com,ck_3c404315f1,SESSION_COOKIE,cookie,CUST_PREMIUM_001631
nikhilmartin@example.com,ck_65499817a4,SESSION_COOKIE,cookie,CUST_PREMIUM_001631
nikhilmartin@example.com,ck_4fb221e147,SESSION_COOKIE,cookie,CUST_PREMIUM_001631
nikhilmartin@example.com,dev_3aad3b2314,AUTHENTICATED_DEVICE,device_id,CUST_PREMIUM_001631
CUST_PREMIUM_001632,ito.andre@bluepeak.co,PRIMARY_EMAIL,email,CUST_PREMIUM_001632
CUST_PREMIUM_001632,+1 (214) 491-7889,PRIMARY_PHONE,phone,CUST_PREMIUM_001632
CUST_PREMIUM_001632,7598,ISSUED_CARD,card_last4,CUST_PREMIUM_001632
ito.andre@bluepeak.co,ck_615d925649,SESSION_COOKIE,cookie,CUST_PREMIUM_001632
ito.andre@bluepeak.co,dev_2ea183e501,AUTHENTICATED_DEVICE,device_id,CUST_PREMIUM_001632
ito.andre@bluepeak.co,dev_shared_9394d86c4,AUTHENTICATED_DEVICE,device_id,CUST_PREMIUM_001632
CUST_PREMIUM_001633,olivia.murphy50@summitmail.net,PRIMARY_EMAIL,email,CUST_PREMIUM_001633
CUST_PREMIUM_001633,+1 (312) 506-5808,PRIMARY_PHONE,phone,CUST_PREMIUM_001633
CUST_PREMIUM_001633,9522,ISSUED_CARD,card_last4,CUST_PREMIUM_001633
olivia.murphy50@summitmail.net,ck_189ab70b12,SESSION_COOKIE,cookie,CUST_PREMIUM_001633
olivia.murphy50@summitmail.net,dev_b23b83d951,AUTHENTICATED_DEVICE,device_id,CUST_PREMIUM_001633
CUST_PREMIUM_001634,cooper.nathan@northstar.org,PRIMARY_EMAIL,email,CUST_PREMIUM_001634
CUST_PREMIUM_001634,+1 (305) 576-3727,PRIMARY_PHONE,phone,CUST_PREMIUM_001634
CUST_PREMIUM_001634,1304,ISSUED_CARD,card_last4,CUST_PREMIUM_001634
cooper.nathan@northstar.org,ck_04c37a25e5,SESSION_COOKIE,cookie,CUST_PREMIUM_001634
cooper.nathan@northstar.org,dev_ae78c7d926,AUTHENTICATED_DEVICE,device_id,CUST_PREMIUM_001634
cooper.nathan@northstar.org,dev_shared_e4580289f,AUTHENTICATED_DEVICE,device_id,CUST_PREMIUM_001634
CUST_PREMIUM_001635,samuel.walker@harbor.example,PRIMARY_EMAIL,email,CUST_PREMIUM_001635
CUST_PREMIUM_001635,+1 (415) 591-1646,PRIMARY_PHONE,phone,CUST_PREMIUM_001635
CUST_PREMIUM_001635,3946,ISSUED_CARD,card_last4,CUST_PREMIUM_001635
samuel.walker@harbor.example,ck_a27a15d06c,SESSION_COOKIE,cookie,CUST_PREMIUM_001635
samuel.walker@harbor.example,dev_2ed52ad013,AUTHENTICATED_DEVICE,device_id,CUST_PREMIUM_001635
CUST_PREMIUM_001636,hiro.adams53@vectorlabs.co,PRIMARY_EMAIL,email,CUST_PREMIUM_001636
CUST_PREMIUM_001636,+1 (415) 628-9565,PRIMARY_PHONE,phone,CUST_PREMIUM_001636
CUST_PREMIUM_001636,1486,ISSUED_CARD,card_last4,CUST_PREMIUM_001636
hiro.adams53@vectorlabs.co,ck_502cdbdbed,SESSION_COOKIE,cookie,CUST_PREMIUM_001636
hiro.adams53@vectorlabs.co,ck_cbe42c2773,SESSION_COOKIE,cookie,CUST_PREMIUM_001636
hiro.adams53@vectorlabs.co,dev_5afe3611ae,AUTHENTICATED_DEVICE,device_id,CUST_PREMIUM_001636
CUST_PREMIUM_001637,young.harper@summitmail.net,PRIMARY_EMAIL,email,CUST_PREMIUM_001637
CUST_PREMIUM_001637,+1 (212) 632-7484,PRIMARY_PHONE,phone,CUST_PREMIUM_001637
CUST_PREMIUM_001637,1891,ISSUED_CARD,card_last4,CUST_PREMIUM_001637
young.harper@summitmail.net,ck_73d6b2dd40,SESSION_COOKIE,cookie,CUST_PREMIUM_001637
young.harper@summitmail.net,ck_418b7ed4b1,SESSION_COOKIE,cookie,CUST_PREMIUM_001637
young.harper@summitmail.net,dev_a0b4f84f0d,AUTHENTICATED_DEVICE,device_id,CUST_PREMIUM_001637
CUST_PREMIUM_001638,adrian.sato@summitmail.net,PRIMARY_EMAIL,email,CUST_PREMIUM_001638
CUST_PREMIUM_001638,+1 (415) 702-5403,PRIMARY_PHONE,phone,CUST_PREMIUM_001638
CUST_PREMIUM_001638,8208,ISSUED_CARD,card_last4,CUST_PREMIUM_001638
adrian.sato@summitmail.net,ck_bd6b541df7,SESSION_COOKIE,cookie,CUST_PREMIUM_001638
adrian.sato@summitmail.net,dev_5475a37bd3,AUTHENTICATED_DEVICE,device_id,CUST_PREMIUM_001638
CUST_PREMIUM_001639,lucas.nakamura@northstar.org,PRIMARY_EMAIL,email,CUST_PREMIUM_001639
CUST_PREMIUM_001639,+1 (212) 706-3322,PRIMARY_PHONE,phone,CUST_PREMIUM_001639
CUST_PREMIUM_001639,3900,ISSUED_CARD,card_last4,CUST_PREMIUM_001639
lucas.nakamura@northstar.org,ck_432a32a67b,SESSION_COOKIE,cookie,CUST_PREMIUM_001639
lucas.nakamura@northstar.org,dev_815da1f120,AUTHENTICATED_DEVICE,device_id,CUST_PREMIUM_001639
CUST_PREMIUM_001640,theo.vance@atlasmail.net,PRIMARY_EMAIL,email,CUST_PREMIUM_001640
CUST_PREMIUM_001640,+1 (469) 208-1241,PRIMARY_PHONE,phone,CUST_PREMIUM_001640
CUST_PREMIUM_001640,5934,ISSUED_CARD,card_last4,CUST_PREMIUM_001640
theo.vance@atlasmail.net,ck_cc3ac475fb,SESSION_COOKIE,cookie,CUST_PREMIUM_001640
theo.vance@atlasmail.net,ck_c09b4e24d9,SESSION_COOKIE,cookie,CUST_PREMIUM_001640
theo.vance@atlasmail.net,dev_d7503dd240,AUTHENTICATED_DEVICE,device_id,CUST_PREMIUM_001640
CUST_PREMIUM_001641,c.diaz@example.com,PRIMARY_EMAIL,email,CUST_PREMIUM_001641
CUST_PREMIUM_001641,+1 (646) 890-9160,PRIMARY_PHONE,phone,CUST_PREMIUM_001641
CUST_PREMIUM_001641,3791,ISSUED_CARD,card_last4,CUST_PREMIUM_001641
c.diaz@example.com,ck_60944be995,SESSION_COOKIE,cookie,CUST_PREMIUM_001641
c.diaz@example.com,dev_9e29c7738f,AUTHENTICATED_DEVICE,device_id,CUST_PREMIUM_001641
CUST_PREMIUM_001642,lewis.hazel@northstar.org,PRIMARY_EMAIL,email,CUST_PREMIUM_001642
CUST_PREMIUM_001642,+1 (469) 282-7079,PRIMARY_PHONE,phone,CUST_PREMIUM_001642
CUST_PREMIUM_001642,2939,ISSUED_CARD,card_last4,CUST_PREMIUM_001642
lewis.hazel@northstar.org,ck_c6aa76bbe1,SESSION_COOKIE,cookie,CUST_PREMIUM_001642
lewis.hazel@northstar.org,ck_c5ccbfe486,SESSION_COOKIE,cookie,CUST_PREMIUM_001642
lewis.hazel@northstar.org,ck_2ea1ea3d97,SESSION_COOKIE,cookie,CUST_PREMIUM_001642
lewis.hazel@northstar.org,ck_e94e135d71,SESSION_COOKIE,cookie,CUST_PREMIUM_001642
lewis.hazel@northstar.org,dev_7dee28e242,AUTHENTICATED_DEVICE,device_id,CUST_PREMIUM_001642
CUST_PREMIUM_001643,o.evans@northstar.org,PRIMARY_EMAIL,email,CUST_PREMIUM_001643
CUST_PREMIUM_001643,+1 (312) 876-4998,PRIMARY_PHONE,phone,CUST_PREMIUM_001643
CUST_PREMIUM_001643,0000,ISSUED_CARD,card_last4,CUST_PREMIUM_001643
o.evans@northstar.org,ck_a8f196dd76,SESSION_COOKIE,cookie,CUST_PREMIUM_001643
o.evans@northstar.org,ck_86be14c257,SESSION_COOKIE,cookie,CUST_PREMIUM_001643
o.evans@northstar.org,dev_414be83e1e,AUTHENTICATED_DEVICE,device_id,CUST_PREMIUM_001643
CUST_PREMIUM_001644,banerjee.benjamin@summitmail.net,PRIMARY_EMAIL,email,CUST_PREMIUM_001644
CUST_PREMIUM_001644,+1 (310) 202-2917,PRIMARY_PHONE,phone,CUST_PREMIUM_001644
CUST_PREMIUM_001644,7976,ISSUED_CARD,card_last4,CUST_PREMIUM_001644
banerjee.benjamin@summitmail.net,ck_e456384ea7,SESSION_COOKIE,cookie,CUST_PREMIUM_001644
banerjee.benjamin@summitmail.net,ck_62c1d4057c,SESSION_COOKIE,cookie,CUST_PREMIUM_001644
banerjee.benjamin@summitmail.net,ck_e99d8ee2fa,SESSION_COOKIE,cookie,CUST_PREMIUM_001644
banerjee.benjamin@summitmail.net,dev_c47355f500,AUTHENTICATED_DEVICE,device_id,CUST_PREMIUM_001644
banerjee.benjamin@summitmail.net,dev_f84c4e561b,AUTHENTICATED_DEVICE,device_id,CUST_PREMIUM_001644
CUST_PREMIUM_001645,theo.rivera@northstar.org,PRIMARY_EMAIL,email,CUST_PREMIUM_001645
CUST_PREMIUM_001645,+1 (404) 316-0836,PRIMARY_PHONE,phone,CUST_PREMIUM_001645
CUST_PREMIUM_001645,7541,ISSUED_CARD,card_last4,CUST_PREMIUM_001645
theo.rivera@northstar.org,ck_bfbd0aa537,SESSION_COOKIE,cookie,CUST_PREMIUM_001645
theo.rivera@northstar.org,ck_2a75a3e22b,SESSION_COOKIE,cookie,CUST_PREMIUM_001645
theo.rivera@northstar.org,ck_90280d61e2,SESSION_COOKIE,cookie,CUST_PREMIUM_001645
theo.rivera@northstar.org,ck_4745530050,SESSION_COOKIE,cookie,CUST_PREMIUM_001645
theo.rivera@northstar.org,dev_a0d299bc56,AUTHENTICATED_DEVICE,device_id,CUST_PREMIUM_001645
CUST_PREMIUM_001646,harper.sato63@example.com,PRIMARY_EMAIL,email,CUST_PREMIUM_001646
CUST_PREMIUM_001646,+1 (416) 386-8755,PRIMARY_PHONE,phone,CUST_PREMIUM_001646
CUST_PREMIUM_001646,1266,ISSUED_CARD,card_last4,CUST_PREMIUM_001646
harper.sato63@example.com,ck_37738cbe1d,SESSION_COOKIE,cookie,CUST_PREMIUM_001646
harper.sato63@example.com,dev_ca542b9767,AUTHENTICATED_DEVICE,device_id,CUST_PREMIUM_001646
CUST_PREMIUM_001647,grace.hernandez@vectorlabs.co,PRIMARY_EMAIL,email,CUST_PREMIUM_001647
CUST_PREMIUM_001647,+1 (212) 302-6674,PRIMARY_PHONE,phone,CUST_PREMIUM_001647
CUST_PREMIUM_001647,9152,ISSUED_CARD,card_last4,CUST_PREMIUM_001647
grace.hernandez@vectorlabs.co,ck_e24e335754,SESSION_COOKIE,cookie,CUST_PREMIUM_001647
grace.hernandez@vectorlabs.co,dev_86ffa7b42e,AUTHENTICATED_DEVICE,device_id,CUST_PREMIUM_001647
grace.hernandez@vectorlabs.co,dev_shared_34aecb8f1,AUTHENTICATED_DEVICE,device_id,CUST_PREMIUM_001647
CUST_PREMIUM_001648,ravi.baker@orchardmail.com,PRIMARY_EMAIL,email,CUST_PREMIUM_001648
CUST_PREMIUM_001648,+1 (312) 361-4593,PRIMARY_PHONE,phone,CUST_PREMIUM_001648
CUST_PREMIUM_001648,4421,ISSUED_CARD,card_last4,CUST_PREMIUM_001648
ravi.baker@orchardmail.com,ck_24fc8f30fc,SESSION_COOKIE,cookie,CUST_PREMIUM_001648
ravi.baker@orchardmail.com,ck_4351f7388c,SESSION_COOKIE,cookie,CUST_PREMIUM_001648
ravi.baker@orchardmail.com,dev_6274b223ee,AUTHENTICATED_DEVICE,device_id,CUST_PREMIUM_001648
CUST_PREMIUM_001649,s.morgan@summitmail.net,PRIMARY_EMAIL,email,CUST_PREMIUM_001649
CUST_PREMIUM_001649,+1 (310) 387-2512,PRIMARY_PHONE,phone,CUST_PREMIUM_001649
CUST_PREMIUM_001649,5165,ISSUED_CARD,card_last4,CUST_PREMIUM_001649
s.morgan@summitmail.net,ck_438f76468c,SESSION_COOKIE,cookie,CUST_PREMIUM_001649
s.morgan@summitmail.net,ck_3ea4bebbd5,SESSION_COOKIE,cookie,CUST_PREMIUM_001649
s.morgan@summitmail.net,dev_57fb12dffd,AUTHENTICATED_DEVICE,device_id,CUST_PREMIUM_001649
CUST_PREMIUM_001650,elenacarter@example.com,PRIMARY_EMAIL,email,CUST_PREMIUM_001650
CUST_PREMIUM_001650,+1 (617) 490-0431,PRIMARY_PHONE,phone,CUST_PREMIUM_001650
CUST_PREMIUM_001650,4382,ISSUED_CARD,card_last4,CUST_PREMIUM_001650
elenacarter@example.com,ck_6db36855b2,SESSION_COOKIE,cookie,CUST_PREMIUM_001650
elenacarter@example.com,ck_d3c048c933,SESSION_COOKIE,cookie,CUST_PREMIUM_001650
elenacarter@example.com,dev_af91abb105,AUTHENTICATED_DEVICE,device_id,CUST_PREMIUM_001650
elenacarter@example.com,dev_ebaad34e73,AUTHENTICATED_DEVICE,device_id,CUST_PREMIUM_001650
CUST_PREMIUM_001651,nakamura.akira@orchardmail.com,PRIMARY_EMAIL,email,CUST_PREMIUM_001651
CUST_PREMIUM_001651,+1 (214) 494-8350,PRIMARY_PHONE,phone,CUST_PREMIUM_001651
CUST_PREMIUM_001651,3592,ISSUED_CARD,card_last4,CUST_PREMIUM_001651
nakamura.akira@orchardmail.com,ck_7a08f34b12,SESSION_COOKIE,cookie,CUST_PREMIUM_001651
nakamura.akira@orchardmail.com,dev_0aa8ceecd1,AUTHENTICATED_DEVICE,device_id,CUST_PREMIUM_001651
nakamura.akira@orchardmail.com,dev_192260c3d8,AUTHENTICATED_DEVICE,device_id,CUST_PREMIUM_001651
CUST_PREMIUM_001652,harper.ahmed69@capital-demo.org,PRIMARY_EMAIL,email,CUST_PREMIUM_001652
CUST_PREMIUM_001652,+1 (305) 542-6269,PRIMARY_PHONE,phone,CUST_PREMIUM_001652
CUST_PREMIUM_001652,2626,ISSUED_CARD,card_last4,CUST_PREMIUM_001652
harper.ahmed69@capital-demo.org,ck_3133ad2fa9,SESSION_COOKIE,cookie,CUST_PREMIUM_001652
harper.ahmed69@capital-demo.org,dev_584cc40c95,AUTHENTICATED_DEVICE,device_id,CUST_PREMIUM_001652
harper.ahmed69@capital-demo.org,dev_shared_bdff2e4c9,AUTHENTICATED_DEVICE,device_id,CUST_PREMIUM_001652
CUST_PREMIUM_001653,brown.arjun@vectorlabs.co,PRIMARY_EMAIL,email,CUST_PREMIUM_001653
CUST_PREMIUM_001653,+1 (212) 524-4188,PRIMARY_PHONE,phone,CUST_PREMIUM_001653
CUST_PREMIUM_001653,9645,ISSUED_CARD,card_last4,CUST_PREMIUM_001653
brown.arjun@vectorlabs.co,ck_09e5c582fa,SESSION_COOKIE,cookie,CUST_PREMIUM_001653
brown.arjun@vectorlabs.co,dev_5ed7814e12,AUTHENTICATED_DEVICE,device_id,CUST_PREMIUM_001653
CUST_PREMIUM_001654,ravi.smith71@vectorlabs.co,PRIMARY_EMAIL,email,CUST_PREMIUM_001654
CUST_PREMIUM_001654,+1 (415) 594-2107,PRIMARY_PHONE,phone,CUST_PREMIUM_001654
CUST_PREMIUM_001654,6136,ISSUED_CARD,card_last4,CUST_PREMIUM_001654
ravi.smith71@vectorlabs.co,ck_9ce47d123d,SESSION_COOKIE,cookie,CUST_PREMIUM_001654
ravi.smith71@vectorlabs.co,dev_de63d3e53d,AUTHENTICATED_DEVICE,device_id,CUST_PREMIUM_001654
CUST_PREMIUM_001655,khan.akira@orchardmail.com,PRIMARY_EMAIL,email,CUST_PREMIUM_001655
CUST_PREMIUM_001655,+1 (214) 642-0026,PRIMARY_PHONE,phone,CUST_PREMIUM_001655
CUST_PREMIUM_001655,6828,ISSUED_CARD,card_last4,CUST_PREMIUM_001655
khan.akira@orchardmail.com,ck_978865b2dc,SESSION_COOKIE,cookie,CUST_PREMIUM_001655
khan.akira@orchardmail.com,dev_77fb7f2e80,AUTHENTICATED_DEVICE,device_id,CUST_PREMIUM_001655
CUST_PREMIUM_001656,camilareed@bluepeak.co,PRIMARY_EMAIL,email,CUST_PREMIUM_001656
CUST_PREMIUM_001656,+1 (310) 646-7945,PRIMARY_PHONE,phone,CUST_PREMIUM_001656
CUST_PREMIUM_001656,7150,ISSUED_CARD,card_last4,CUST_PREMIUM_001656
camilareed@bluepeak.co,ck_036c8d80d0,SESSION_COOKIE,cookie,CUST_PREMIUM_001656
camilareed@bluepeak.co,ck_779b773cf0,SESSION_COOKIE,cookie,CUST_PREMIUM_001656
camilareed@bluepeak.co,dev_932ec7bcb9,AUTHENTICATED_DEVICE,device_id,CUST_PREMIUM_001656
camilareed@bluepeak.co,dev_shared_42cde5d55,AUTHENTICATED_DEVICE,device_id,CUST_PREMIUM_001656
CUST_PREMIUM_001657,riyaanderson@harbor.example,PRIMARY_EMAIL,email,CUST_PREMIUM_001657
CUST_PREMIUM_001657,+1 (305) 727-5864,PRIMARY_PHONE,phone,CUST_PREMIUM_001657
CUST_PREMIUM_001657,0598,ISSUED_CARD,card_last4,CUST_PREMIUM_001657
riyaanderson@harbor.example,ck_aafcbe5654,SESSION_COOKIE,cookie,CUST_PREMIUM_001657
riyaanderson@harbor.example,dev_e1a3cf5a64,AUTHENTICATED_DEVICE,device_id,CUST_PREMIUM_001657
CUST_PREMIUM_001658,nakamura.ethan@bluepeak.co,PRIMARY_EMAIL,email,CUST_PREMIUM_001658
CUST_PREMIUM_001658,+1 (212) 709-3783,PRIMARY_PHONE,phone,CUST_PREMIUM_001658
CUST_PREMIUM_001658,2259,ISSUED_CARD,card_last4,CUST_PREMIUM_001658
nakamura.ethan@bluepeak.co,ck_f4ccb5901c,SESSION_COOKIE,cookie,CUST_PREMIUM_001658
nakamura.ethan@bluepeak.co,dev_f727c83ad2,AUTHENTICATED_DEVICE,device_id,CUST_PREMIUM_001658
CUST_PREMIUM_001659,eliasnguyen@harbor.example,PRIMARY_EMAIL,email,CUST_PREMIUM_001659
CUST_PREMIUM_001659,+1 (212) 746-1702,PRIMARY_PHONE,phone,CUST_PREMIUM_001659
CUST_PREMIUM_001659,8961,ISSUED_CARD,card_last4,CUST_PREMIUM_001659
eliasnguyen@harbor.example,ck_f00a695c1d,SESSION_COOKIE,cookie,CUST_PREMIUM_001659
eliasnguyen@harbor.example,ck_52123489f3,SESSION_COOKIE,cookie,CUST_PREMIUM_001659
eliasnguyen@harbor.example,ck_dbc7232093,SESSION_COOKIE,cookie,CUST_PREMIUM_001659
eliasnguyen@harbor.example,dev_dfc290ed29,AUTHENTICATED_DEVICE,device_id,CUST_PREMIUM_001659
CUST_PREMIUM_001660,rafaelhall@bluepeak.co,PRIMARY_EMAIL,email,CUST_PREMIUM_001660
CUST_PREMIUM_001660,+1 (617) 860-9621,PRIMARY_PHONE,phone,CUST_PREMIUM_001660
CUST_PREMIUM_001660,2235,ISSUED_CARD,card_last4,CUST_PREMIUM_001660
rafaelhall@bluepeak.co,ck_b229c38374,SESSION_COOKIE,cookie,CUST_PREMIUM_001660
rafaelhall@bluepeak.co,dev_269cdc3151,AUTHENTICATED_DEVICE,device_id,CUST_PREMIUM_001660
CUST_PREMIUM_001661,ravi.fernandez@vectorlabs.co,PRIMARY_EMAIL,email,CUST_PREMIUM_001661
CUST_PREMIUM_001661,+1 (312) 842-7540,PRIMARY_PHONE,phone,CUST_PREMIUM_001661
CUST_PREMIUM_001661,6081,ISSUED_CARD,card_last4,CUST_PREMIUM_001661
ravi.fernandez@vectorlabs.co,ck_13092060ce,SESSION_COOKIE,cookie,CUST_PREMIUM_001661
ravi.fernandez@vectorlabs.co,dev_5565290310,AUTHENTICATED_DEVICE,device_id,CUST_PREMIUM_001661
CUST_PREMIUM_001662,olivia.walker79@vectorlabs.co,PRIMARY_EMAIL,email,CUST_PREMIUM_001662
CUST_PREMIUM_001662,+1 (415) 890-5459,PRIMARY_PHONE,phone,CUST_PREMIUM_001662
CUST_PREMIUM_001662,4799,ISSUED_CARD,card_last4,CUST_PREMIUM_001662
olivia.walker79@vectorlabs.co,ck_752f203eb8,SESSION_COOKIE,cookie,CUST_PREMIUM_001662
olivia.walker79@vectorlabs.co,dev_7e918a9c59,AUTHENTICATED_DEVICE,device_id,CUST_PREMIUM_001662
CUST_PREMIUM_001663,white.olivia@capital-demo.org,PRIMARY_EMAIL,email,CUST_PREMIUM_001663
CUST_PREMIUM_001663,+1 (917) 337-3378,PRIMARY_PHONE,phone,CUST_PREMIUM_001663
CUST_PREMIUM_001663,7247,ISSUED_CARD,card_last4,CUST_PREMIUM_001663
white.olivia@capital-demo.org,ck_96e7012157,SESSION_COOKIE,cookie,CUST_PREMIUM_001663
white.olivia@capital-demo.org,dev_994e21d349,AUTHENTICATED_DEVICE,device_id,CUST_PREMIUM_001663
CUST_PREMIUM_001664,wright.amelia@bluepeak.co,PRIMARY_EMAIL,email,CUST_PREMIUM_001664
CUST_PREMIUM_001664,+1 (305) 286-1297,PRIMARY_PHONE,phone,CUST_PREMIUM_001664
CUST_PREMIUM_001664,3466,ISSUED_CARD,card_last4,CUST_PREMIUM_001664
wright.amelia@bluepeak.co,ck_9814735446,SESSION_COOKIE,cookie,CUST_PREMIUM_001664
wright.amelia@bluepeak.co,ck_4288d8d241,SESSION_COOKIE,cookie,CUST_PREMIUM_001664
wright.amelia@bluepeak.co,dev_2f2e667598,AUTHENTICATED_DEVICE,device_id,CUST_PREMIUM_001664
CUST_PREMIUM_001665,charlotte.jones82@harbor.example,PRIMARY_EMAIL,email,CUST_PREMIUM_001665
CUST_PREMIUM_001665,+1 (305) 323-9216,PRIMARY_PHONE,phone,CUST_PREMIUM_001665
CUST_PREMIUM_001665,6612,ISSUED_CARD,card_last4,CUST_PREMIUM_001665
charlotte.jones82@harbor.example,ck_268febb1e9,SESSION_COOKIE,cookie,CUST_PREMIUM_001665
charlotte.jones82@harbor.example,dev_4de0c49076,AUTHENTICATED_DEVICE,device_id,CUST_PREMIUM_001665
CUST_PREMIUM_001666,victoria.williams83@bluepeak.co,PRIMARY_EMAIL,email,CUST_PREMIUM_001666
CUST_PREMIUM_001666,+1 (206) 371-7135,PRIMARY_PHONE,phone,CUST_PREMIUM_001666
CUST_PREMIUM_001666,9302,ISSUED_CARD,card_last4,CUST_PREMIUM_001666
victoria.williams83@bluepeak.co,ck_b942d4b082,SESSION_COOKIE,cookie,CUST_PREMIUM_001666
victoria.williams83@bluepeak.co,ck_f6067ee5fd,SESSION_COOKIE,cookie,CUST_PREMIUM_001666
victoria.williams83@bluepeak.co,dev_81a16fe7c8,AUTHENTICATED_DEVICE,device_id,CUST_PREMIUM_001666
CUST_PREMIUM_001667,rei.reed@summitmail.net,PRIMARY_EMAIL,email,CUST_PREMIUM_001667
CUST_PREMIUM_001667,+1 (312) 364-5054,PRIMARY_PHONE,phone,CUST_PREMIUM_001667
CUST_PREMIUM_001667,3604,ISSUED_CARD,card_last4,CUST_PREMIUM_001667
rei.reed@summitmail.net,ck_ab95ab32fa,SESSION_COOKIE,cookie,CUST_PREMIUM_001667
rei.reed@summitmail.net,dev_5ddfbd77c4,AUTHENTICATED_DEVICE,device_id,CUST_PREMIUM_001667
CUST_PREMIUM_001668,emma.jones@capital-demo.org,PRIMARY_EMAIL,email,CUST_PREMIUM_001668
CUST_PREMIUM_001668,+1 (305) 434-2973,PRIMARY_PHONE,phone,CUST_PREMIUM_001668
CUST_PREMIUM_001668,4858,ISSUED_CARD,card_last4,CUST_PREMIUM_001668
emma.jones@capital-demo.org,ck_d5024cc81f,SESSION_COOKIE,cookie,CUST_PREMIUM_001668
emma.jones@capital-demo.org,dev_d1fd8bc07a,AUTHENTICATED_DEVICE,device_id,CUST_PREMIUM_001668
emma.jones@capital-demo.org,dev_d3caec37a5,AUTHENTICATED_DEVICE,device_id,CUST_PREMIUM_001668
emma.jones@capital-demo.org,dev_shared_1b646cb95,AUTHENTICATED_DEVICE,device_id,CUST_PREMIUM_001668
CUST_PREMIUM_001669,oliviamurphy@summitmail.net,PRIMARY_EMAIL,email,CUST_PREMIUM_001669
CUST_PREMIUM_001669,+1 (212) 416-0892,PRIMARY_PHONE,phone,CUST_PREMIUM_001669
CUST_PREMIUM_001669,2146,ISSUED_CARD,card_last4,CUST_PREMIUM_001669
oliviamurphy@summitmail.net,ck_ddf2270583,SESSION_COOKIE,cookie,CUST_PREMIUM_001669
oliviamurphy@summitmail.net,dev_ea68fdcc3b,AUTHENTICATED_DEVICE,device_id,CUST_PREMIUM_001669
CUST_PREMIUM_001670,noah.vance@bluepeak.co,PRIMARY_EMAIL,email,CUST_PREMIUM_001670
CUST_PREMIUM_001670,+1 (312) 475-8811,PRIMARY_PHONE,phone,CUST_PREMIUM_001670
CUST_PREMIUM_001670,5742,ISSUED_CARD,card_last4,CUST_PREMIUM_001670
noah.vance@bluepeak.co,ck_b467619f69,SESSION_COOKIE,cookie,CUST_PREMIUM_001670
noah.vance@bluepeak.co,ck_d236f0a0b2,SESSION_COOKIE,cookie,CUST_PREMIUM_001670
noah.vance@bluepeak.co,dev_f131decbb5,AUTHENTICATED_DEVICE,device_id,CUST_PREMIUM_001670
CUST_PREMIUM_001671,amelia.young@bluepeak.co,PRIMARY_EMAIL,email,CUST_PREMIUM_001671
CUST_PREMIUM_001671,+1 (646) 600-6730,PRIMARY_PHONE,phone,CUST_PREMIUM_001671
CUST_PREMIUM_001671,3527,ISSUED_CARD,card_last4,CUST_PREMIUM_001671
amelia.young@bluepeak.co,ck_6927605604,SESSION_COOKIE,cookie,CUST_PREMIUM_001671
amelia.young@bluepeak.co,dev_a95dddba59,AUTHENTICATED_DEVICE,device_id,CUST_PREMIUM_001671
CUST_PREMIUM_001672,ethankim@vectorlabs.co,PRIMARY_EMAIL,email,CUST_PREMIUM_001672
CUST_PREMIUM_001672,+1 (310) 538-4649,PRIMARY_PHONE,phone,CUST_PREMIUM_001672
CUST_PREMIUM_001672,8786,ISSUED_CARD,card_last4,CUST_PREMIUM_001672
ethankim@vectorlabs.co,ck_c39757cedc,SESSION_COOKIE,cookie,CUST_PREMIUM_001672
ethankim@vectorlabs.co,dev_9636dae7f0,AUTHENTICATED_DEVICE,device_id,CUST_PREMIUM_001672
CUST_PREMIUM_001673,naomilee@harbor.example,PRIMARY_EMAIL,email,CUST_PREMIUM_001673
CUST_PREMIUM_001673,+1 (415) 597-2568,PRIMARY_PHONE,phone,CUST_PREMIUM_001673
CUST_PREMIUM_001673,7706,ISSUED_CARD,card_last4,CUST_PREMIUM_001673
naomilee@harbor.example,ck_cd97bbff5f,SESSION_COOKIE,cookie,CUST_PREMIUM_001673
naomilee@harbor.example,dev_363fb20762,AUTHENTICATED_DEVICE,device_id,CUST_PREMIUM_001673
CUST_PREMIUM_001674,priyajones@bluepeak.co,PRIMARY_EMAIL,email,CUST_PREMIUM_001674
CUST_PREMIUM_001674,+1 (404) 689-0487,PRIMARY_PHONE,phone,CUST_PREMIUM_001674
CUST_PREMIUM_001674,7070,ISSUED_CARD,card_last4,CUST_PREMIUM_001674
priyajones@bluepeak.co,ck_8174a54d2b,SESSION_COOKIE,cookie,CUST_PREMIUM_001674
priyajones@bluepeak.co,dev_b16b02ffd0,AUTHENTICATED_DEVICE,device_id,CUST_PREMIUM_001674
CUST_PREMIUM_001675,a.kapoor@harbor.example,PRIMARY_EMAIL,email,CUST_PREMIUM_001675
CUST_PREMIUM_001675,+1 (206) 704-8406,PRIMARY_PHONE,phone,CUST_PREMIUM_001675
CUST_PREMIUM_001675,3530,ISSUED_CARD,card_last4,CUST_PREMIUM_001675
a.kapoor@harbor.example,ck_5f6a662408,SESSION_COOKIE,cookie,CUST_PREMIUM_001675
a.kapoor@harbor.example,dev_525c56c150,AUTHENTICATED_DEVICE,device_id,CUST_PREMIUM_001675
CUST_PREMIUM_001676,ramirez.omar@capital-demo.org,PRIMARY_EMAIL,email,CUST_PREMIUM_001676
CUST_PREMIUM_001676,+1 (212) 675-6325,PRIMARY_PHONE,phone,CUST_PREMIUM_001676
CUST_PREMIUM_001676,9960,ISSUED_CARD,card_last4,CUST_PREMIUM_001676
ramirez.omar@capital-demo.org,ck_d703604bd7,SESSION_COOKIE,cookie,CUST_PREMIUM_001676
ramirez.omar@capital-demo.org,dev_a1e41b9e3d,AUTHENTICATED_DEVICE,device_id,CUST_PREMIUM_001676
CUST_PREMIUM_001677,lopez.grace@atlasmail.net,PRIMARY_EMAIL,email,CUST_PREMIUM_001677
CUST_PREMIUM_001677,+1 (305) 767-4244,PRIMARY_PHONE,phone,CUST_PREMIUM_001677
CUST_PREMIUM_001677,3276,ISSUED_CARD,card_last4,CUST_PREMIUM_001677
lopez.grace@atlasmail.net,ck_f4e1926f9b,SESSION_COOKIE,cookie,CUST_PREMIUM_001677
lopez.grace@atlasmail.net,dev_cd174c8ede,AUTHENTICATED_DEVICE,device_id,CUST_PREMIUM_001677
lopez.grace@atlasmail.net,dev_shared_efd69d758,AUTHENTICATED_DEVICE,device_id,CUST_PREMIUM_001677
CUST_PREMIUM_001678,jonahcooper@northstar.org,PRIMARY_EMAIL,email,CUST_PREMIUM_001678
CUST_PREMIUM_001678,+1 (718) 203-2163,PRIMARY_PHONE,phone,CUST_PREMIUM_001678
CUST_PREMIUM_001678,1750,ISSUED_CARD,card_last4,CUST_PREMIUM_001678
jonahcooper@northstar.org,ck_136478fc37,SESSION_COOKIE,cookie,CUST_PREMIUM_001678
jonahcooper@northstar.org,dev_e72a21f21c,AUTHENTICATED_DEVICE,device_id,CUST_PREMIUM_001678
CUST_PREMIUM_001679,miller.olivia@atlasmail.net,PRIMARY_EMAIL,email,CUST_PREMIUM_001679
CUST_PREMIUM_001679,+1 (206) 852-0082,PRIMARY_PHONE,phone,CUST_PREMIUM_001679
CUST_PREMIUM_001679,9740,ISSUED_CARD,card_last4,CUST_PREMIUM_001679
miller.olivia@atlasmail.net,ck_a43214dd5a,SESSION_COOKIE,cookie,CUST_PREMIUM_001679
miller.olivia@atlasmail.net,ck_a9bc44ac2f,SESSION_COOKIE,cookie,CUST_PREMIUM_001679
miller.olivia@atlasmail.net,dev_cc8e617836,AUTHENTICATED_DEVICE,device_id,CUST_PREMIUM_001679
CUST_PREMIUM_001680,robinson.hazel@orchardmail.com,PRIMARY_EMAIL,email,CUST_PREMIUM_001680
CUST_PREMIUM_001680,+1 (202) 222-8001,PRIMARY_PHONE,phone,CUST_PREMIUM_001680
CUST_PREMIUM_001680,9634,ISSUED_CARD,card_last4,CUST_PREMIUM_001680
robinson.hazel@orchardmail.com,ck_f145e472d2,SESSION_COOKIE,cookie,CUST_PREMIUM_001680
robinson.hazel@orchardmail.com,ck_23233d9490,SESSION_COOKIE,cookie,CUST_PREMIUM_001680
robinson.hazel@orchardmail.com,dev_83a5ab58f1,AUTHENTICATED_DEVICE,device_id,CUST_PREMIUM_001680
robinson.hazel@orchardmail.com,dev_shared_2834b010c,AUTHENTICATED_DEVICE,device_id,CUST_PREMIUM_001680
CUST_PREMIUM_001681,ananya.evans1@bluepeak.co,PRIMARY_EMAIL,email,CUST_PREMIUM_001681
CUST_PREMIUM_001681,+1 (646) 270-5920,PRIMARY_PHONE,phone,CUST_PREMIUM_001681
CUST_PREMIUM_001681,3563,ISSUED_CARD,card_last4,CUST_PREMIUM_001681
ananya.evans1@bluepeak.co,ck_324e0f5a8c,SESSION_COOKIE,cookie,CUST_PREMIUM_001681
ananya.evans1@bluepeak.co,dev_faa80fe5be,AUTHENTICATED_DEVICE,device_id,CUST_PREMIUM_001681
CUST_PREMIUM_001682,murphy.ravi@atlasmail.net,PRIMARY_EMAIL,email,CUST_PREMIUM_001682
CUST_PREMIUM_001682,+1 (310) 208-3839,PRIMARY_PHONE,phone,CUST_PREMIUM_001682
CUST_PREMIUM_001682,2882,ISSUED_CARD,card_last4,CUST_PREMIUM_001682
murphy.ravi@atlasmail.net,ck_0aab1d0b2e,SESSION_COOKIE,cookie,CUST_PREMIUM_001682
murphy.ravi@atlasmail.net,ck_dfc10f9339,SESSION_COOKIE,cookie,CUST_PREMIUM_001682
murphy.ravi@atlasmail.net,ck_322796028f,SESSION_COOKIE,cookie,CUST_PREMIUM_001682
murphy.ravi@atlasmail.net,ck_5477568ac3,SESSION_COOKIE,cookie,CUST_PREMIUM_001682
murphy.ravi@atlasmail.net,dev_3b14bf4e94,AUTHENTICATED_DEVICE,device_id,CUST_PREMIUM_001682
CUST_PREMIUM_001683,amara.rodriguez3@example.com,PRIMARY_EMAIL,email,CUST_PREMIUM_001683
CUST_PREMIUM_001683,+1 (212) 234-1758,PRIMARY_PHONE,phone,CUST_PREMIUM_001683
CUST_PREMIUM_001683,9717,ISSUED_CARD,card_last4,CUST_PREMIUM_001683
amara.rodriguez3@example.com,ck_6f3595e37d,SESSION_COOKIE,cookie,CUST_PREMIUM_001683
amara.rodriguez3@example.com,dev_8188d9f343,AUTHENTICATED_DEVICE,device_id,CUST_PREMIUM_001683
amara.rodriguez3@example.com,dev_shared_2383424be,AUTHENTICATED_DEVICE,device_id,CUST_PREMIUM_001683
CUST_PREMIUM_001684,noah.lee4@summitmail.net,PRIMARY_EMAIL,email,CUST_PREMIUM_001684
CUST_PREMIUM_001684,+1 (404) 359-9677,PRIMARY_PHONE,phone,CUST_PREMIUM_001684
CUST_PREMIUM_001684,9010,ISSUED_CARD,card_last4,CUST_PREMIUM_001684
noah.lee4@summitmail.net,ck_825f8d4dda,SESSION_COOKIE,cookie,CUST_PREMIUM_001684
noah.lee4@summitmail.net,dev_202a589853,AUTHENTICATED_DEVICE,device_id,CUST_PREMIUM_001684
CUST_PREMIUM_001685,lucas.diaz5@harbor.example,PRIMARY_EMAIL,email,CUST_PREMIUM_001685
CUST_PREMIUM_001685,+1 (312) 330-7596,PRIMARY_PHONE,phone,CUST_PREMIUM_001685
CUST_PREMIUM_001685,2013,ISSUED_CARD,card_last4,CUST_PREMIUM_001685
lucas.diaz5@harbor.example,ck_8a169505ef,SESSION_COOKIE,cookie,CUST_PREMIUM_001685
lucas.diaz5@harbor.example,dev_1d834591f1,AUTHENTICATED_DEVICE,device_id,CUST_PREMIUM_001685
CUST_PREMIUM_001686,murphy.akira@orchardmail.com,PRIMARY_EMAIL,email,CUST_PREMIUM_001686
CUST_PREMIUM_001686,+1 (212) 345-5515,PRIMARY_PHONE,phone,CUST_PREMIUM_001686
CUST_PREMIUM_001686,3650,ISSUED_CARD,card_last4,CUST_PREMIUM_001686
murphy.akira@orchardmail.com,ck_a5fc3f8998,SESSION_COOKIE,cookie,CUST_PREMIUM_001686
murphy.akira@orchardmail.com,ck_4eaf47db9d,SESSION_COOKIE,cookie,CUST_PREMIUM_001686
murphy.akira@orchardmail.com,ck_e3fc4628ca,SESSION_COOKIE,cookie,CUST_PREMIUM_001686
murphy.akira@orchardmail.com,ck_6e3de58fe0,SESSION_COOKIE,cookie,CUST_PREMIUM_001686
murphy.akira@orchardmail.com,ck_2a8b8ee0a3,SESSION_COOKIE,cookie,CUST_PREMIUM_001686
murphy.akira@orchardmail.com,dev_03d5c2a0f5,AUTHENTICATED_DEVICE,device_id,CUST_PREMIUM_001686
CUST_PREMIUM_001687,dev.ramirez7@example.com,PRIMARY_EMAIL,email,CUST_PREMIUM_001687
CUST_PREMIUM_001687,+1 (917) 525-3434,PRIMARY_PHONE,phone,CUST_PREMIUM_001687
CUST_PREMIUM_001687,2684,ISSUED_CARD,card_last4,CUST_PREMIUM_001687
dev.ramirez7@example.com,ck_28047b7d1b,SESSION_COOKIE,cookie,CUST_PREMIUM_001687
dev.ramirez7@example.com,ck_5aad44a9ad,SESSION_COOKIE,cookie,CUST_PREMIUM_001687
dev.ramirez7@example.com,dev_f7598bfc2f,AUTHENTICATED_DEVICE,device_id,CUST_PREMIUM_001687
CUST_PREMIUM_001688,hiro.evans@example.com,PRIMARY_EMAIL,email,CUST_PREMIUM_001688
CUST_PREMIUM_001688,+1 (650) 551-1353,PRIMARY_PHONE,phone,CUST_PREMIUM_001688
CUST_PREMIUM_001688,4766,ISSUED_CARD,card_last4,CUST_PREMIUM_001688
hiro.evans@example.com,ck_712d78863a,SESSION_COOKIE,cookie,CUST_PREMIUM_001688
hiro.evans@example.com,ck_361b31adc0,SESSION_COOKIE,cookie,CUST_PREMIUM_001688
hiro.evans@example.com,dev_9be65c3806,AUTHENTICATED_DEVICE,device_id,CUST_PREMIUM_001688
hiro.evans@example.com,dev_e63b38c481,AUTHENTICATED_DEVICE,device_id,CUST_PREMIUM_001688
hiro.evans@example.com,dev_shared_34335eed8,AUTHENTICATED_DEVICE,device_id,CUST_PREMIUM_001688
CUST_PREMIUM_001689,alejandro.morgan@northstar.org,PRIMARY_EMAIL,email,CUST_PREMIUM_001689
CUST_PREMIUM_001689,+1 (617) 533-9272,PRIMARY_PHONE,phone,CUST_PREMIUM_001689
CUST_PREMIUM_001689,7686,ISSUED_CARD,card_last4,CUST_PREMIUM_001689
alejandro.morgan@northstar.org,ck_3acb5450d2,SESSION_COOKIE,cookie,CUST_PREMIUM_001689
alejandro.morgan@northstar.org,dev_8b2ef5c370,AUTHENTICATED_DEVICE,device_id,CUST_PREMIUM_001689
CUST_PREMIUM_001690,liamclark@example.com,PRIMARY_EMAIL,email,CUST_PREMIUM_001690
CUST_PREMIUM_001690,+1 (469) 658-7191,PRIMARY_PHONE,phone,CUST_PREMIUM_001690
CUST_PREMIUM_001690,7148,ISSUED_CARD,card_last4,CUST_PREMIUM_001690
liamclark@example.com,ck_737a66f5d8,SESSION_COOKIE,cookie,CUST_PREMIUM_001690
liamclark@example.com,dev_956cfe153d,AUTHENTICATED_DEVICE,device_id,CUST_PREMIUM_001690
CUST_PREMIUM_001691,isabella.reed11@vectorlabs.co,PRIMARY_EMAIL,email,CUST_PREMIUM_001691
CUST_PREMIUM_001691,+1 (214) 574-5110,PRIMARY_PHONE,phone,CUST_PREMIUM_001691
CUST_PREMIUM_001691,6762,ISSUED_CARD,card_last4,CUST_PREMIUM_001691
isabella.reed11@vectorlabs.co,ck_d78c50d0e5,SESSION_COOKIE,cookie,CUST_PREMIUM_001691
isabella.reed11@vectorlabs.co,ck_b0bc0ca59d,SESSION_COOKIE,cookie,CUST_PREMIUM_001691
isabella.reed11@vectorlabs.co,dev_90588c8c77,AUTHENTICATED_DEVICE,device_id,CUST_PREMIUM_001691
CUST_PREMIUM_001692,nguyen.emma@atlasmail.net,PRIMARY_EMAIL,email,CUST_PREMIUM_001692
CUST_PREMIUM_001692,+1 (212) 567-3029,PRIMARY_PHONE,phone,CUST_PREMIUM_001692
CUST_PREMIUM_001692,2009,ISSUED_CARD,card_last4,CUST_PREMIUM_001692
nguyen.emma@atlasmail.net,ck_95cc7c0f95,SESSION_COOKIE,cookie,CUST_PREMIUM_001692
nguyen.emma@atlasmail.net,dev_1d87dc0da4,AUTHENTICATED_DEVICE,device_id,CUST_PREMIUM_001692
CUST_PREMIUM_001693,elias.walker13@bluepeak.co,PRIMARY_EMAIL,email,CUST_PREMIUM_001693
CUST_PREMIUM_001693,+1 (718) 758-0948,PRIMARY_PHONE,phone,CUST_PREMIUM_001693
CUST_PREMIUM_001693,8716,ISSUED_CARD,card_last4,CUST_PREMIUM_001693
elias.walker13@bluepeak.co,ck_d82de2dd47,SESSION_COOKIE,cookie,CUST_PREMIUM_001693
elias.walker13@bluepeak.co,ck_07783ff451,SESSION_COOKIE,cookie,CUST_PREMIUM_001693
elias.walker13@bluepeak.co,ck_229a168bbe,SESSION_COOKIE,cookie,CUST_PREMIUM_001693
elias.walker13@bluepeak.co,dev_435e65759c,AUTHENTICATED_DEVICE,device_id,CUST_PREMIUM_001693
elias.walker13@bluepeak.co,dev_967317df6a,AUTHENTICATED_DEVICE,device_id,CUST_PREMIUM_001693
CUST_PREMIUM_001694,kumar.miguel@northstar.org,PRIMARY_EMAIL,email,CUST_PREMIUM_001694
CUST_PREMIUM_001694,+1 (718) 795-8867,PRIMARY_PHONE,phone,CUST_PREMIUM_001694
CUST_PREMIUM_001694,8092,ISSUED_CARD,card_last4,CUST_PREMIUM_001694
kumar.miguel@northstar.org,ck_5de5636644,SESSION_COOKIE,cookie,CUST_PREMIUM_001694
kumar.miguel@northstar.org,dev_16048259e2,AUTHENTICATED_DEVICE,device_id,CUST_PREMIUM_001694
CUST_PREMIUM_001695,kai.johnson15@bluepeak.co,PRIMARY_EMAIL,email,CUST_PREMIUM_001695
CUST_PREMIUM_001695,+1 (312) 700-6786,PRIMARY_PHONE,phone,CUST_PREMIUM_001695
CUST_PREMIUM_001695,8350,ISSUED_CARD,card_last4,CUST_PREMIUM_001695
kai.johnson15@bluepeak.co,ck_070ff85edc,SESSION_COOKIE,cookie,CUST_PREMIUM_001695
kai.johnson15@bluepeak.co,dev_a75d7fd545,AUTHENTICATED_DEVICE,device_id,CUST_PREMIUM_001695
CUST_PREMIUM_001696,omar.jackson16@example.com,PRIMARY_EMAIL,email,CUST_PREMIUM_001696
CUST_PREMIUM_001696,+1 (617) 792-4705,PRIMARY_PHONE,phone,CUST_PREMIUM_001696
CUST_PREMIUM_001696,1343,ISSUED_CARD,card_last4,CUST_PREMIUM_001696
omar.jackson16@example.com,ck_582aeb8491,SESSION_COOKIE,cookie,CUST_PREMIUM_001696
omar.jackson16@example.com,ck_45acbcf537,SESSION_COOKIE,cookie,CUST_PREMIUM_001696
omar.jackson16@example.com,ck_62646e18e8,SESSION_COOKIE,cookie,CUST_PREMIUM_001696
omar.jackson16@example.com,dev_ef56fbe1d9,AUTHENTICATED_DEVICE,device_id,CUST_PREMIUM_001696
CUST_PREMIUM_001697,chloe.robinson@northstar.org,PRIMARY_EMAIL,email,CUST_PREMIUM_001697
CUST_PREMIUM_001697,+1 (646) 862-2624,PRIMARY_PHONE,phone,CUST_PREMIUM_001697
CUST_PREMIUM_001697,3748,ISSUED_CARD,card_last4,CUST_PREMIUM_001697
chloe.robinson@northstar.org,ck_db7c0eaff9,SESSION_COOKIE,cookie,CUST_PREMIUM_001697
chloe.robinson@northstar.org,ck_b28c36c2c6,SESSION_COOKIE,cookie,CUST_PREMIUM_001697
chloe.robinson@northstar.org,dev_d5ae868050,AUTHENTICATED_DEVICE,device_id,CUST_PREMIUM_001697
chloe.robinson@northstar.org,dev_4093d7b751,AUTHENTICATED_DEVICE,device_id,CUST_PREMIUM_001697
CUST_PREMIUM_001698,n.evans@orchardmail.com,PRIMARY_EMAIL,email,CUST_PREMIUM_001698
CUST_PREMIUM_001698,+1 (646) 899-0543,PRIMARY_PHONE,phone,CUST_PREMIUM_001698
CUST_PREMIUM_001698,4290,ISSUED_CARD,card_last4,CUST_PREMIUM_001698
n.evans@orchardmail.com,ck_8f16ef3f6a,SESSION_COOKIE,cookie,CUST_PREMIUM_001698
n.evans@orchardmail.com,dev_fda4316e79,AUTHENTICATED_DEVICE,device_id,CUST_PREMIUM_001698
CUST_PREMIUM_001699,jackfernandez@harbor.example,PRIMARY_EMAIL,email,CUST_PREMIUM_001699
CUST_PREMIUM_001699,+1 (404) 214-8462,PRIMARY_PHONE,phone,CUST_PREMIUM_001699
CUST_PREMIUM_001699,9667,ISSUED_CARD,card_last4,CUST_PREMIUM_001699
jackfernandez@harbor.example,ck_b74a3f021f,SESSION_COOKIE,cookie,CUST_PREMIUM_001699
jackfernandez@harbor.example,dev_f5562bb7a6,AUTHENTICATED_DEVICE,device_id,CUST_PREMIUM_001699
CUST_PREMIUM_001700,zara.sato@capital-demo.org,PRIMARY_EMAIL,email,CUST_PREMIUM_001700
CUST_PREMIUM_001700,+1 (310) 874-6381,PRIMARY_PHONE,phone,CUST_PREMIUM_001700
CUST_PREMIUM_001700,7608,ISSUED_CARD,card_last4,CUST_PREMIUM_001700
zara.sato@capital-demo.org,ck_bc6ba48e58,SESSION_COOKIE,cookie,CUST_PREMIUM_001700
zara.sato@capital-demo.org,ck_3630e12a69,SESSION_COOKIE,cookie,CUST_PREMIUM_001700
zara.sato@capital-demo.org,ck_6e0e53c58c,SESSION_COOKIE,cookie,CUST_PREMIUM_001700
zara.sato@capital-demo.org,ck_1cd5cafdf1,SESSION_COOKIE,cookie,CUST_PREMIUM_001700
zara.sato@capital-demo.org,dev_85e3df25d4,AUTHENTICATED_DEVICE,device_id,CUST_PREMIUM_001700
CUST_PREMIUM_001701,hannahmorgan@example.com,PRIMARY_EMAIL,email,CUST_PREMIUM_001701
CUST_PREMIUM_001701,+1 (718) 354-4300,PRIMARY_PHONE,phone,CUST_PREMIUM_001701
CUST_PREMIUM_001701,7439,ISSUED_CARD,card_last4,CUST_PREMIUM_001701
hannahmorgan@example.com,ck_7fae350360,SESSION_COOKIE,cookie,CUST_PREMIUM_001701
hannahmorgan@example.com,ck_262ee5932f,SESSION_COOKIE,cookie,CUST_PREMIUM_001701
hannahmorgan@example.com,dev_8b15908692,AUTHENTICATED_DEVICE,device_id,CUST_PREMIUM_001701
hannahmorgan@example.com,dev_48c4ac2c45,AUTHENTICATED_DEVICE,device_id,CUST_PREMIUM_001701
CUST_PREMIUM_001702,elias.nakamura22@harbor.example,PRIMARY_EMAIL,email,CUST_PREMIUM_001702
CUST_PREMIUM_001702,+1 (305) 292-2219,PRIMARY_PHONE,phone,CUST_PREMIUM_001702
CUST_PREMIUM_001702,9917,ISSUED_CARD,card_last4,CUST_PREMIUM_001702
elias.nakamura22@harbor.example,ck_4fdad3bbc2,SESSION_COOKIE,cookie,CUST_PREMIUM_001702
elias.nakamura22@harbor.example,ck_f7eb120bf3,SESSION_COOKIE,cookie,CUST_PREMIUM_001702
elias.nakamura22@harbor.example,dev_5308b63c2c,AUTHENTICATED_DEVICE,device_id,CUST_PREMIUM_001702
CUST_PREMIUM_001703,jonah.johnson23@orchardmail.com,PRIMARY_EMAIL,email,CUST_PREMIUM_001703
CUST_PREMIUM_001703,+1 (212) 274-0138,PRIMARY_PHONE,phone,CUST_PREMIUM_001703
CUST_PREMIUM_001703,4952,ISSUED_CARD,card_last4,CUST_PREMIUM_001703
jonah.johnson23@orchardmail.com,ck_f78b100fcd,SESSION_COOKIE,cookie,CUST_PREMIUM_001703
jonah.johnson23@orchardmail.com,ck_1524bf7a35,SESSION_COOKIE,cookie,CUST_PREMIUM_001703
jonah.johnson23@orchardmail.com,dev_c414888cc6,AUTHENTICATED_DEVICE,device_id,CUST_PREMIUM_001703
CUST_PREMIUM_001704,nathanrodriguez@summitmail.net,PRIMARY_EMAIL,email,CUST_PREMIUM_001704
CUST_PREMIUM_001704,+1 (469) 476-8057,PRIMARY_PHONE,phone,CUST_PREMIUM_001704
CUST_PREMIUM_001704,1796,ISSUED_CARD,card_last4,CUST_PREMIUM_001704
nathanrodriguez@summitmail.net,ck_1b9543d56f,SESSION_COOKIE,cookie,CUST_PREMIUM_001704
nathanrodriguez@summitmail.net,dev_f5702fd63f,AUTHENTICATED_DEVICE,device_id,CUST_PREMIUM_001704
CUST_PREMIUM_001705,k.cooper@bluepeak.co,PRIMARY_EMAIL,email,CUST_PREMIUM_001705
CUST_PREMIUM_001705,+1 (206) 414-5976,PRIMARY_PHONE,phone,CUST_PREMIUM_001705
CUST_PREMIUM_001705,1290,ISSUED_CARD,card_last4,CUST_PREMIUM_001705
k.cooper@bluepeak.co,ck_7e8e1f1ec4,SESSION_COOKIE,cookie,CUST_PREMIUM_001705
k.cooper@bluepeak.co,ck_9c4087fbc9,SESSION_COOKIE,cookie,CUST_PREMIUM_001705
k.cooper@bluepeak.co,dev_1fccb9654d,AUTHENTICATED_DEVICE,device_id,CUST_PREMIUM_001705
k.cooper@bluepeak.co,dev_shared_dd6a7e583,AUTHENTICATED_DEVICE,device_id,CUST_PREMIUM_001705
CUST_PREMIUM_001706,rossi.aisha@capital-demo.org,PRIMARY_EMAIL,email,CUST_PREMIUM_001706
CUST_PREMIUM_001706,+1 (416) 506-3895,PRIMARY_PHONE,phone,CUST_PREMIUM_001706
CUST_PREMIUM_001706,6724,ISSUED_CARD,card_last4,CUST_PREMIUM_001706
rossi.aisha@capital-demo.org,ck_f014fcb1e0,SESSION_COOKIE,cookie,CUST_PREMIUM_001706
rossi.aisha@capital-demo.org,ck_780fe2ca54,SESSION_COOKIE,cookie,CUST_PREMIUM_001706
rossi.aisha@capital-demo.org,dev_d6a8c4938a,AUTHENTICATED_DEVICE,device_id,CUST_PREMIUM_001706
CUST_PREMIUM_001707,kabir.walker@example.com,PRIMARY_EMAIL,email,CUST_PREMIUM_001707
CUST_PREMIUM_001707,+1 (214) 466-1814,PRIMARY_PHONE,phone,CUST_PREMIUM_001707
CUST_PREMIUM_001707,9038,ISSUED_CARD,card_last4,CUST_PREMIUM_001707
kabir.walker@example.com,ck_6bb6e3c15b,SESSION_COOKIE,cookie,CUST_PREMIUM_001707
kabir.walker@example.com,ck_22f3c5dd07,SESSION_COOKIE,cookie,CUST_PREMIUM_001707
kabir.walker@example.com,dev_4114fec62d,AUTHENTICATED_DEVICE,device_id,CUST_PREMIUM_001707
CUST_PREMIUM_001708,r.vance@orchardmail.com,PRIMARY_EMAIL,email,CUST_PREMIUM_001708
CUST_PREMIUM_001708,+1 (416) 580-9733,PRIMARY_PHONE,phone,CUST_PREMIUM_001708
CUST_PREMIUM_001708,3739,ISSUED_CARD,card_last4,CUST_PREMIUM_001708
r.vance@orchardmail.com,ck_24ff4fa5b3,SESSION_COOKIE,cookie,CUST_PREMIUM_001708
r.vance@orchardmail.com,ck_2f442f9527,SESSION_COOKIE,cookie,CUST_PREMIUM_001708
r.vance@orchardmail.com,ck_5b1d96c435,SESSION_COOKIE,cookie,CUST_PREMIUM_001708
r.vance@orchardmail.com,ck_e02b192622,SESSION_COOKIE,cookie,CUST_PREMIUM_001708
r.vance@orchardmail.com,dev_d9c6605fc2,AUTHENTICATED_DEVICE,device_id,CUST_PREMIUM_001708
r.vance@orchardmail.com,dev_shared_66f405ba4,AUTHENTICATED_DEVICE,device_id,CUST_PREMIUM_001708
CUST_PREMIUM_001709,jasmine.patel@capital-demo.org,PRIMARY_EMAIL,email,CUST_PREMIUM_001709
CUST_PREMIUM_001709,+1 (212) 496-7652,PRIMARY_PHONE,phone,CUST_PREMIUM_001709
CUST_PREMIUM_001709,0643,ISSUED_CARD,card_last4,CUST_PREMIUM_001709
jasmine.patel@capital-demo.org,ck_c44e4664a2,SESSION_COOKIE,cookie,CUST_PREMIUM_001709
jasmine.patel@capital-demo.org,dev_08c1e3c72e,AUTHENTICATED_DEVICE,device_id,CUST_PREMIUM_001709
CUST_PREMIUM_001710,jasmine.hall@vectorlabs.co,PRIMARY_EMAIL,email,CUST_PREMIUM_001710
CUST_PREMIUM_001710,+1 (650) 665-5571,PRIMARY_PHONE,phone,CUST_PREMIUM_001710
CUST_PREMIUM_001710,5832,ISSUED_CARD,card_last4,CUST_PREMIUM_001710
jasmine.hall@vectorlabs.co,ck_76567b7c3b,SESSION_COOKIE,cookie,CUST_PREMIUM_001710
jasmine.hall@vectorlabs.co,ck_229289af7d,SESSION_COOKIE,cookie,CUST_PREMIUM_001710
jasmine.hall@vectorlabs.co,dev_ee3880772f,AUTHENTICATED_DEVICE,device_id,CUST_PREMIUM_001710
jasmine.hall@vectorlabs.co,dev_e13cbf5783,AUTHENTICATED_DEVICE,device_id,CUST_PREMIUM_001710
jasmine.hall@vectorlabs.co,dev_shared_2967dfed7,AUTHENTICATED_DEVICE,device_id,CUST_PREMIUM_001710
CUST_PREMIUM_001711,j.shah@atlasmail.net,PRIMARY_EMAIL,email,CUST_PREMIUM_001711
CUST_PREMIUM_001711,+1 (212) 570-3490,PRIMARY_PHONE,phone,CUST_PREMIUM_001711
CUST_PREMIUM_001711,4187,ISSUED_CARD,card_last4,CUST_PREMIUM_001711
j.shah@atlasmail.net,ck_2972f1e4d7,SESSION_COOKIE,cookie,CUST_PREMIUM_001711
j.shah@atlasmail.net,dev_198c7455c4,AUTHENTICATED_DEVICE,device_id,CUST_PREMIUM_001711
j.shah@atlasmail.net,dev_shared_3d04316b7,AUTHENTICATED_DEVICE,device_id,CUST_PREMIUM_001711
CUST_PREMIUM_001712,hannahfernandez@capital-demo.org,PRIMARY_EMAIL,email,CUST_PREMIUM_001712
CUST_PREMIUM_001712,+1 (415) 640-1409,PRIMARY_PHONE,phone,CUST_PREMIUM_001712
CUST_PREMIUM_001712,4487,ISSUED_CARD,card_last4,CUST_PREMIUM_001712
hannahfernandez@capital-demo.org,ck_41ce116fdd,SESSION_COOKIE,cookie,CUST_PREMIUM_001712
hannahfernandez@capital-demo.org,ck_a798cd783a,SESSION_COOKIE,cookie,CUST_PREMIUM_001712
hannahfernandez@capital-demo.org,ck_5ec0c4d133,SESSION_COOKIE,cookie,CUST_PREMIUM_001712
hannahfernandez@capital-demo.org,ck_bfc3405cf8,SESSION_COOKIE,cookie,CUST_PREMIUM_001712
hannahfernandez@capital-demo.org,ck_8e30a20baa,SESSION_COOKIE,cookie,CUST_PREMIUM_001712
hannahfernandez@capital-demo.org,dev_f334f677aa,AUTHENTICATED_DEVICE,device_id,CUST_PREMIUM_001712
hannahfernandez@capital-demo.org,dev_shared_4259fe9f8,AUTHENTICATED_DEVICE,device_id,CUST_PREMIUM_001712
CUST_PREMIUM_001713,james.kumar33@example.com,PRIMARY_EMAIL,email,CUST_PREMIUM_001713
CUST_PREMIUM_001713,+1 (212) 644-9328,PRIMARY_PHONE,phone,CUST_PREMIUM_001713
CUST_PREMIUM_001713,7509,ISSUED_CARD,card_last4,CUST_PREMIUM_001713
james.kumar33@example.com,ck_65ab4f3df6,SESSION_COOKIE,cookie,CUST_PREMIUM_001713
james.kumar33@example.com,dev_f5194b7667,AUTHENTICATED_DEVICE,device_id,CUST_PREMIUM_001713
CUST_PREMIUM_001714,l.evans@vectorlabs.co,PRIMARY_EMAIL,email,CUST_PREMIUM_001714
CUST_PREMIUM_001714,+1 (214) 725-7247,PRIMARY_PHONE,phone,CUST_PREMIUM_001714
CUST_PREMIUM_001714,2557,ISSUED_CARD,card_last4,CUST_PREMIUM_001714
l.evans@vectorlabs.co,ck_24c718f519,SESSION_COOKIE,cookie,CUST_PREMIUM_001714
l.evans@vectorlabs.co,ck_34124dfb25,SESSION_COOKIE,cookie,CUST_PREMIUM_001714
l.evans@vectorlabs.co,dev_30fa6b1011,AUTHENTICATED_DEVICE,device_id,CUST_PREMIUM_001714
CUST_PREMIUM_001715,r.campbell@vectorlabs.co,PRIMARY_EMAIL,email,CUST_PREMIUM_001715
CUST_PREMIUM_001715,+1 (206) 784-5166,PRIMARY_PHONE,phone,CUST_PREMIUM_001715
CUST_PREMIUM_001715,8917,ISSUED_CARD,card_last4,CUST_PREMIUM_001715
r.campbell@vectorlabs.co,ck_805039f9a9,SESSION_COOKIE,cookie,CUST_PREMIUM_001715
r.campbell@vectorlabs.co,dev_7a011fc77b,AUTHENTICATED_DEVICE,device_id,CUST_PREMIUM_001715
CUST_PREMIUM_001716,akira.ito@summitmail.net,PRIMARY_EMAIL,email,CUST_PREMIUM_001716
CUST_PREMIUM_001716,+1 (469) 220-3085,PRIMARY_PHONE,phone,CUST_PREMIUM_001716
CUST_PREMIUM_001716,0051,ISSUED_CARD,card_last4,CUST_PREMIUM_001716
akira.ito@summitmail.net,ck_b1406834d2,SESSION_COOKIE,cookie,CUST_PREMIUM_001716
akira.ito@summitmail.net,ck_84d7f06349,SESSION_COOKIE,cookie,CUST_PREMIUM_001716
akira.ito@summitmail.net,dev_7e2cfefc5d,AUTHENTICATED_DEVICE,device_id,CUST_PREMIUM_001716
akira.ito@summitmail.net,dev_shared_66f405ba4,AUTHENTICATED_DEVICE,device_id,CUST_PREMIUM_001716
CUST_PREMIUM_001717,zararodriguez@northstar.org,PRIMARY_EMAIL,email,CUST_PREMIUM_001717
CUST_PREMIUM_001717,+1 (617) 869-1004,PRIMARY_PHONE,phone,CUST_PREMIUM_001717
CUST_PREMIUM_001717,3967,ISSUED_CARD,card_last4,CUST_PREMIUM_001717
zararodriguez@northstar.org,ck_a784a6aa05,SESSION_COOKIE,cookie,CUST_PREMIUM_001717
zararodriguez@northstar.org,dev_ab60da06d9,AUTHENTICATED_DEVICE,device_id,CUST_PREMIUM_001717
zararodriguez@northstar.org,dev_e571c330b4,AUTHENTICATED_DEVICE,device_id,CUST_PREMIUM_001717
CUST_PREMIUM_001718,ethan.walker38@harbor.example,PRIMARY_EMAIL,email,CUST_PREMIUM_001718
CUST_PREMIUM_001718,+1 (718) 283-8923,PRIMARY_PHONE,phone,CUST_PREMIUM_001718
CUST_PREMIUM_001718,3922,ISSUED_CARD,card_last4,CUST_PREMIUM_001718
ethan.walker38@harbor.example,ck_b9be37397b,SESSION_COOKIE,cookie,CUST_PREMIUM_001718
ethan.walker38@harbor.example,ck_4ace6df6ba,SESSION_COOKIE,cookie,CUST_PREMIUM_001718
ethan.walker38@harbor.example,ck_8a568c8f7a,SESSION_COOKIE,cookie,CUST_PREMIUM_001718
ethan.walker38@harbor.example,dev_c270666cb8,AUTHENTICATED_DEVICE,device_id,CUST_PREMIUM_001718
CUST_PREMIUM_001719,r.walker@atlasmail.net,PRIMARY_EMAIL,email,CUST_PREMIUM_001719
CUST_PREMIUM_001719,+1 (617) 243-6842,PRIMARY_PHONE,phone,CUST_PREMIUM_001719
CUST_PREMIUM_001719,5785,ISSUED_CARD,card_last4,CUST_PREMIUM_001719
r.walker@atlasmail.net,ck_ac8e78fc0f,SESSION_COOKIE,cookie,CUST_PREMIUM_001719
r.walker@atlasmail.net,ck_6e555ee3c4,SESSION_COOKIE,cookie,CUST_PREMIUM_001719
r.walker@atlasmail.net,dev_0d32bb7f74,AUTHENTICATED_DEVICE,device_id,CUST_PREMIUM_001719
CUST_PREMIUM_001720,riyamorris@summitmail.net,PRIMARY_EMAIL,email,CUST_PREMIUM_001720
CUST_PREMIUM_001720,+1 (305) 258-4761,PRIMARY_PHONE,phone,CUST_PREMIUM_001720
CUST_PREMIUM_001720,7453,ISSUED_CARD,card_last4,CUST_PREMIUM_001720
riyamorris@summitmail.net,ck_ee564897de,SESSION_COOKIE,cookie,CUST_PREMIUM_001720
riyamorris@summitmail.net,dev_efea872269,AUTHENTICATED_DEVICE,device_id,CUST_PREMIUM_001720
CUST_PREMIUM_001721,i.lee@northstar.org,PRIMARY_EMAIL,email,CUST_PREMIUM_001721
CUST_PREMIUM_001721,+1 (312) 262-2680,PRIMARY_PHONE,phone,CUST_PREMIUM_001721
CUST_PREMIUM_001721,4409,ISSUED_CARD,card_last4,CUST_PREMIUM_001721
i.lee@northstar.org,ck_13b093bfca,SESSION_COOKIE,cookie,CUST_PREMIUM_001721
i.lee@northstar.org,ck_1deaea03d0,SESSION_COOKIE,cookie,CUST_PREMIUM_001721
i.lee@northstar.org,dev_366c2e4dcd,AUTHENTICATED_DEVICE,device_id,CUST_PREMIUM_001721
CUST_PREMIUM_001722,adrian.sato@example.com,PRIMARY_EMAIL,email,CUST_PREMIUM_001722
CUST_PREMIUM_001722,+1 (650) 409-0599,PRIMARY_PHONE,phone,CUST_PREMIUM_001722
CUST_PREMIUM_001722,9603,ISSUED_CARD,card_last4,CUST_PREMIUM_001722
adrian.sato@example.com,ck_0a777f7220,SESSION_COOKIE,cookie,CUST_PREMIUM_001722
adrian.sato@example.com,dev_85b28beeea,AUTHENTICATED_DEVICE,device_id,CUST_PREMIUM_001722
CUST_PREMIUM_001723,andre.evans43@orchardmail.com,PRIMARY_EMAIL,email,CUST_PREMIUM_001723
CUST_PREMIUM_001723,+1 (312) 336-8518,PRIMARY_PHONE,phone,CUST_PREMIUM_001723
CUST_PREMIUM_001723,9681,ISSUED_CARD,card_last4,CUST_PREMIUM_001723
andre.evans43@orchardmail.com,ck_adfcf4e957,SESSION_COOKIE,cookie,CUST_PREMIUM_001723
andre.evans43@orchardmail.com,dev_1025afcff0,AUTHENTICATED_DEVICE,device_id,CUST_PREMIUM_001723
CUST_PREMIUM_001724,eleanorhernandez@example.com,PRIMARY_EMAIL,email,CUST_PREMIUM_001724
CUST_PREMIUM_001724,+1 (312) 373-6437,PRIMARY_PHONE,phone,CUST_PREMIUM_001724
CUST_PREMIUM_001724,7011,ISSUED_CARD,card_last4,CUST_PREMIUM_001724
eleanorhernandez@example.com,ck_45ce649b2e,SESSION_COOKIE,cookie,CUST_PREMIUM_001724
eleanorhernandez@example.com,ck_5790d8a864,SESSION_COOKIE,cookie,CUST_PREMIUM_001724
eleanorhernandez@example.com,ck_e81108dbb2,SESSION_COOKIE,cookie,CUST_PREMIUM_001724
eleanorhernandez@example.com,dev_d2df5f04a6,AUTHENTICATED_DEVICE,device_id,CUST_PREMIUM_001724
CUST_PREMIUM_001725,n.johnson@example.com,PRIMARY_EMAIL,email,CUST_PREMIUM_001725
CUST_PREMIUM_001725,+1 (212) 388-4356,PRIMARY_PHONE,phone,CUST_PREMIUM_001725
CUST_PREMIUM_001725,8043,ISSUED_CARD,card_last4,CUST_PREMIUM_001725
n.johnson@example.com,ck_2c0f6aee23,SESSION_COOKIE,cookie,CUST_PREMIUM_001725
n.johnson@example.com,dev_427a230575,AUTHENTICATED_DEVICE,device_id,CUST_PREMIUM_001725
n.johnson@example.com,dev_shared_f65ee373f,AUTHENTICATED_DEVICE,device_id,CUST_PREMIUM_001725
CUST_PREMIUM_001726,isabella.morgan@northstar.org,PRIMARY_EMAIL,email,CUST_PREMIUM_001726
CUST_PREMIUM_001726,+1 (310) 436-2275,PRIMARY_PHONE,phone,CUST_PREMIUM_001726
CUST_PREMIUM_001726,8753,ISSUED_CARD,card_last4,CUST_PREMIUM_001726
isabella.morgan@northstar.org,ck_f862c21e6d,SESSION_COOKIE,cookie,CUST_PREMIUM_001726
isabella.morgan@northstar.org,dev_8e1d1e6c9a,AUTHENTICATED_DEVICE,device_id,CUST_PREMIUM_001726
CUST_PREMIUM_001727,diaz.samuel@atlasmail.net,PRIMARY_EMAIL,email,CUST_PREMIUM_001727
CUST_PREMIUM_001727,+1 (312) 484-0194,PRIMARY_PHONE,phone,CUST_PREMIUM_001727
CUST_PREMIUM_001727,0200,ISSUED_CARD,card_last4,CUST_PREMIUM_001727
diaz.samuel@atlasmail.net,ck_e773e6d494,SESSION_COOKIE,cookie,CUST_PREMIUM_001727
diaz.samuel@atlasmail.net,dev_8834c54ab1,AUTHENTICATED_DEVICE,device_id,CUST_PREMIUM_001727
CUST_PREMIUM_001728,r.nakamura@bluepeak.co,PRIMARY_EMAIL,email,CUST_PREMIUM_001728
CUST_PREMIUM_001728,+1 (917) 642-8113,PRIMARY_PHONE,phone,CUST_PREMIUM_001728
CUST_PREMIUM_001728,4656,ISSUED_CARD,card_last4,CUST_PREMIUM_001728
r.nakamura@bluepeak.co,ck_1b2770ef9f,SESSION_COOKIE,cookie,CUST_PREMIUM_001728
r.nakamura@bluepeak.co,ck_997dbe0c34,SESSION_COOKIE,cookie,CUST_PREMIUM_001728
r.nakamura@bluepeak.co,dev_b7c2078cea,AUTHENTICATED_DEVICE,device_id,CUST_PREMIUM_001728
CUST_PREMIUM_001729,h.hernandez@capital-demo.org,PRIMARY_EMAIL,email,CUST_PREMIUM_001729
CUST_PREMIUM_001729,+1 (617) 613-6032,PRIMARY_PHONE,phone,CUST_PREMIUM_001729
CUST_PREMIUM_001729,6538,ISSUED_CARD,card_last4,CUST_PREMIUM_001729
h.hernandez@capital-demo.org,ck_99c72ba65e,SESSION_COOKIE,cookie,CUST_PREMIUM_001729
h.hernandez@capital-demo.org,ck_5ed3ec592c,SESSION_COOKIE,cookie,CUST_PREMIUM_001729
h.hernandez@capital-demo.org,dev_172e80340f,AUTHENTICATED_DEVICE,device_id,CUST_PREMIUM_001729
CUST_PREMIUM_001730,ethan.banerjee@vectorlabs.co,PRIMARY_EMAIL,email,CUST_PREMIUM_001730
CUST_PREMIUM_001730,+1 (415) 606-3951,PRIMARY_PHONE,phone,CUST_PREMIUM_001730
CUST_PREMIUM_001730,7545,ISSUED_CARD,card_last4,CUST_PREMIUM_001730
ethan.banerjee@vectorlabs.co,ck_d3e049e17d,SESSION_COOKIE,cookie,CUST_PREMIUM_001730
ethan.banerjee@vectorlabs.co,ck_1699a07c1d,SESSION_COOKIE,cookie,CUST_PREMIUM_001730
ethan.banerjee@vectorlabs.co,dev_dcaeb386b0,AUTHENTICATED_DEVICE,device_id,CUST_PREMIUM_001730
CUST_PREMIUM_001731,aisha.wang@northstar.org,PRIMARY_EMAIL,email,CUST_PREMIUM_001731
CUST_PREMIUM_001731,+1 (212) 610-1870,PRIMARY_PHONE,phone,CUST_PREMIUM_001731
CUST_PREMIUM_001731,6382,ISSUED_CARD,card_last4,CUST_PREMIUM_001731
aisha.wang@northstar.org,ck_8142a02ebf,SESSION_COOKIE,cookie,CUST_PREMIUM_001731
aisha.wang@northstar.org,dev_21e941e32f,AUTHENTICATED_DEVICE,device_id,CUST_PREMIUM_001731
CUST_PREMIUM_001732,baker.kai@atlasmail.net,PRIMARY_EMAIL,email,CUST_PREMIUM_001732
CUST_PREMIUM_001732,+1 (305) 702-9789,PRIMARY_PHONE,phone,CUST_PREMIUM_001732
CUST_PREMIUM_001732,3936,ISSUED_CARD,card_last4,CUST_PREMIUM_001732
baker.kai@atlasmail.net,ck_985358ea80,SESSION_COOKIE,cookie,CUST_PREMIUM_001732
baker.kai@atlasmail.net,ck_c928202737,SESSION_COOKIE,cookie,CUST_PREMIUM_001732
baker.kai@atlasmail.net,ck_f8d9b05d31,SESSION_COOKIE,cookie,CUST_PREMIUM_001732
baker.kai@atlasmail.net,ck_2dc25123bf,SESSION_COOKIE,cookie,CUST_PREMIUM_001732
baker.kai@atlasmail.net,ck_e216e9d2fe,SESSION_COOKIE,cookie,CUST_PREMIUM_001732
baker.kai@atlasmail.net,dev_ef68bcd0ca,AUTHENTICATED_DEVICE,device_id,CUST_PREMIUM_001732
CUST_PREMIUM_001733,omarclark@vectorlabs.co,PRIMARY_EMAIL,email,CUST_PREMIUM_001733
CUST_PREMIUM_001733,+1 (617) 761-7708,PRIMARY_PHONE,phone,CUST_PREMIUM_001733
CUST_PREMIUM_001733,3636,ISSUED_CARD,card_last4,CUST_PREMIUM_001733
omarclark@vectorlabs.co,ck_8725544442,SESSION_COOKIE,cookie,CUST_PREMIUM_001733
omarclark@vectorlabs.co,dev_460d6e530e,AUTHENTICATED_DEVICE,device_id,CUST_PREMIUM_001733
omarclark@vectorlabs.co,dev_shared_690a81339,AUTHENTICATED_DEVICE,device_id,CUST_PREMIUM_001733
CUST_PREMIUM_001734,t.wang@harbor.example,PRIMARY_EMAIL,email,CUST_PREMIUM_001734
CUST_PREMIUM_001734,+1 (617) 798-5627,PRIMARY_PHONE,phone,CUST_PREMIUM_001734
CUST_PREMIUM_001734,8076,ISSUED_CARD,card_last4,CUST_PREMIUM_001734
t.wang@harbor.example,ck_368b66a041,SESSION_COOKIE,cookie,CUST_PREMIUM_001734
t.wang@harbor.example,ck_c9b69dc6fe,SESSION_COOKIE,cookie,CUST_PREMIUM_001734
t.wang@harbor.example,dev_243338d122,AUTHENTICATED_DEVICE,device_id,CUST_PREMIUM_001734
CUST_PREMIUM_001735,l.adams@capital-demo.org,PRIMARY_EMAIL,email,CUST_PREMIUM_001735
CUST_PREMIUM_001735,+1 (617) 835-3546,PRIMARY_PHONE,phone,CUST_PREMIUM_001735
CUST_PREMIUM_001735,8825,ISSUED_CARD,card_last4,CUST_PREMIUM_001735
l.adams@capital-demo.org,ck_a12ded1c9c,SESSION_COOKIE,cookie,CUST_PREMIUM_001735
l.adams@capital-demo.org,dev_be651082db,AUTHENTICATED_DEVICE,device_id,CUST_PREMIUM_001735
CUST_PREMIUM_001736,riya.kim56@bluepeak.co,PRIMARY_EMAIL,email,CUST_PREMIUM_001736
CUST_PREMIUM_001736,+1 (214) 839-1465,PRIMARY_PHONE,phone,CUST_PREMIUM_001736
CUST_PREMIUM_001736,1881,ISSUED_CARD,card_last4,CUST_PREMIUM_001736
riya.kim56@bluepeak.co,ck_196acf74b4,SESSION_COOKIE,cookie,CUST_PREMIUM_001736
riya.kim56@bluepeak.co,dev_eef0e222d6,AUTHENTICATED_DEVICE,device_id,CUST_PREMIUM_001736
CUST_PREMIUM_001737,james.gupta57@orchardmail.com,PRIMARY_EMAIL,email,CUST_PREMIUM_001737
CUST_PREMIUM_001737,+1 (415) 865-9384,PRIMARY_PHONE,phone,CUST_PREMIUM_001737
CUST_PREMIUM_001737,3689,ISSUED_CARD,card_last4,CUST_PREMIUM_001737
james.gupta57@orchardmail.com,ck_7c8b79b941,SESSION_COOKIE,cookie,CUST_PREMIUM_001737
james.gupta57@orchardmail.com,ck_20d9219da1,SESSION_COOKIE,cookie,CUST_PREMIUM_001737
james.gupta57@orchardmail.com,ck_737b7763a2,SESSION_COOKIE,cookie,CUST_PREMIUM_001737
james.gupta57@orchardmail.com,ck_4c9ba7d9a3,SESSION_COOKIE,cookie,CUST_PREMIUM_001737
james.gupta57@orchardmail.com,dev_9f832946d8,AUTHENTICATED_DEVICE,device_id,CUST_PREMIUM_001737
CUST_PREMIUM_001738,singh.noah@example.com,PRIMARY_EMAIL,email,CUST_PREMIUM_001738
CUST_PREMIUM_001738,+1 (305) 224-7303,PRIMARY_PHONE,phone,CUST_PREMIUM_001738
CUST_PREMIUM_001738,3041,ISSUED_CARD,card_last4,CUST_PREMIUM_001738
singh.noah@example.com,ck_2631f90f03,SESSION_COOKIE,cookie,CUST_PREMIUM_001738
singh.noah@example.com,dev_0dc7247884,AUTHENTICATED_DEVICE,device_id,CUST_PREMIUM_001738
CUST_PREMIUM_001739,liam.morris59@atlasmail.net,PRIMARY_EMAIL,email,CUST_PREMIUM_001739
CUST_PREMIUM_001739,+1 (310) 217-5222,PRIMARY_PHONE,phone,CUST_PREMIUM_001739
CUST_PREMIUM_001739,5054,ISSUED_CARD,card_last4,CUST_PREMIUM_001739
liam.morris59@atlasmail.net,ck_90636e4d31,SESSION_COOKIE,cookie,CUST_PREMIUM_001739
liam.morris59@atlasmail.net,ck_216a05573d,SESSION_COOKIE,cookie,CUST_PREMIUM_001739
liam.morris59@atlasmail.net,ck_c594674e0f,SESSION_COOKIE,cookie,CUST_PREMIUM_001739
liam.morris59@atlasmail.net,dev_d7c9c8c7aa,AUTHENTICATED_DEVICE,device_id,CUST_PREMIUM_001739
liam.morris59@atlasmail.net,dev_308e84a910,AUTHENTICATED_DEVICE,device_id,CUST_PREMIUM_001739
CUST_PREMIUM_001740,nora.reed60@orchardmail.com,PRIMARY_EMAIL,email,CUST_PREMIUM_001740
CUST_PREMIUM_001740,+1 (212) 243-3141,PRIMARY_PHONE,phone,CUST_PREMIUM_001740
CUST_PREMIUM_001740,6667,ISSUED_CARD,card_last4,CUST_PREMIUM_001740
nora.reed60@orchardmail.com,ck_e4df3ddf33,SESSION_COOKIE,cookie,CUST_PREMIUM_001740
nora.reed60@orchardmail.com,ck_4fe492d145,SESSION_COOKIE,cookie,CUST_PREMIUM_001740
nora.reed60@orchardmail.com,dev_9a0f0d1f82,AUTHENTICATED_DEVICE,device_id,CUST_PREMIUM_001740
CUST_PREMIUM_001741,gracebrown@orchardmail.com,PRIMARY_EMAIL,email,CUST_PREMIUM_001741
CUST_PREMIUM_001741,+1 (310) 291-1060,PRIMARY_PHONE,phone,CUST_PREMIUM_001741
CUST_PREMIUM_001741,2602,ISSUED_CARD,card_last4,CUST_PREMIUM_001741
gracebrown@orchardmail.com,ck_8effeb1712,SESSION_COOKIE,cookie,CUST_PREMIUM_001741
gracebrown@orchardmail.com,dev_d794d4ecfe,AUTHENTICATED_DEVICE,device_id,CUST_PREMIUM_001741
gracebrown@orchardmail.com,dev_d428d0760a,AUTHENTICATED_DEVICE,device_id,CUST_PREMIUM_001741
gracebrown@orchardmail.com,dev_39cb467425,AUTHENTICATED_DEVICE,device_id,CUST_PREMIUM_001741
CUST_PREMIUM_001742,amelia.morris62@vectorlabs.co,PRIMARY_EMAIL,email,CUST_PREMIUM_001742
CUST_PREMIUM_001742,+1 (206) 383-8979,PRIMARY_PHONE,phone,CUST_PREMIUM_001742
CUST_PREMIUM_001742,5480,ISSUED_CARD,card_last4,CUST_PREMIUM_001742
amelia.morris62@vectorlabs.co,ck_ee19241225,SESSION_COOKIE,cookie,CUST_PREMIUM_001742
amelia.morris62@vectorlabs.co,dev_4e0486864a,AUTHENTICATED_DEVICE,device_id,CUST_PREMIUM_001742
CUST_PREMIUM_001743,jasmine.walker@bluepeak.co,PRIMARY_EMAIL,email,CUST_PREMIUM_001743
CUST_PREMIUM_001743,+1 (415) 387-6898,PRIMARY_PHONE,phone,CUST_PREMIUM_001743
CUST_PREMIUM_001743,0456,ISSUED_CARD,card_last4,CUST_PREMIUM_001743
jasmine.walker@bluepeak.co,ck_a49e534178,SESSION_COOKIE,cookie,CUST_PREMIUM_001743
jasmine.walker@bluepeak.co,dev_4d2c17e166,AUTHENTICATED_DEVICE,device_id,CUST_PREMIUM_001743
CUST_PREMIUM_001744,f.diaz@summitmail.net,PRIMARY_EMAIL,email,CUST_PREMIUM_001744
CUST_PREMIUM_001744,+1 (617) 468-4817,PRIMARY_PHONE,phone,CUST_PREMIUM_001744
CUST_PREMIUM_001744,2174,ISSUED_CARD,card_last4,CUST_PREMIUM_001744
f.diaz@summitmail.net,ck_ffbd9be362,SESSION_COOKIE,cookie,CUST_PREMIUM_001744
f.diaz@summitmail.net,ck_202ae01776,SESSION_COOKIE,cookie,CUST_PREMIUM_001744
f.diaz@summitmail.net,dev_e2a0976d5a,AUTHENTICATED_DEVICE,device_id,CUST_PREMIUM_001744
CUST_PREMIUM_001745,r.kapoor@example.com,PRIMARY_EMAIL,email,CUST_PREMIUM_001745
CUST_PREMIUM_001745,+1 (404) 516-2736,PRIMARY_PHONE,phone,CUST_PREMIUM_001745
CUST_PREMIUM_001745,4587,ISSUED_CARD,card_last4,CUST_PREMIUM_001745
r.kapoor@example.com,ck_0606524e31,SESSION_COOKIE,cookie,CUST_PREMIUM_001745
r.kapoor@example.com,dev_0047e2458b,AUTHENTICATED_DEVICE,device_id,CUST_PREMIUM_001745
CUST_PREMIUM_001746,l.jackson@summitmail.net,PRIMARY_EMAIL,email,CUST_PREMIUM_001746
CUST_PREMIUM_001746,+1 (617) 542-0655,PRIMARY_PHONE,phone,CUST_PREMIUM_001746
CUST_PREMIUM_001746,9395,ISSUED_CARD,card_last4,CUST_PREMIUM_001746
l.jackson@summitmail.net,ck_3d72faa409,SESSION_COOKIE,cookie,CUST_PREMIUM_001746
l.jackson@summitmail.net,ck_823f85c5e8,SESSION_COOKIE,cookie,CUST_PREMIUM_001746
l.jackson@summitmail.net,ck_30759a1ef4,SESSION_COOKIE,cookie,CUST_PREMIUM_001746
l.jackson@summitmail.net,dev_ccda9f5e07,AUTHENTICATED_DEVICE,device_id,CUST_PREMIUM_001746
l.jackson@summitmail.net,dev_df70de0ce1,AUTHENTICATED_DEVICE,device_id,CUST_PREMIUM_001746
CUST_PREMIUM_001747,jasmine.campbell@capital-demo.org,PRIMARY_EMAIL,email,CUST_PREMIUM_001747
CUST_PREMIUM_001747,+1 (617) 579-8574,PRIMARY_PHONE,phone,CUST_PREMIUM_001747
CUST_PREMIUM_001747,8073,ISSUED_CARD,card_last4,CUST_PREMIUM_001747
jasmine.campbell@capital-demo.org,ck_c38a294b25,SESSION_COOKIE,cookie,CUST_PREMIUM_001747
jasmine.campbell@capital-demo.org,dev_28df9fe0ad,AUTHENTICATED_DEVICE,device_id,CUST_PREMIUM_001747
jasmine.campbell@capital-demo.org,dev_shared_764df30e1,AUTHENTICATED_DEVICE,device_id,CUST_PREMIUM_001747
CUST_PREMIUM_001748,turner.avery@vectorlabs.co,PRIMARY_EMAIL,email,CUST_PREMIUM_001748
CUST_PREMIUM_001748,+1 (212) 539-6493,PRIMARY_PHONE,phone,CUST_PREMIUM_001748
CUST_PREMIUM_001748,7937,ISSUED_CARD,card_last4,CUST_PREMIUM_001748
turner.avery@vectorlabs.co,ck_4caaf5d5c9,SESSION_COOKIE,cookie,CUST_PREMIUM_001748
turner.avery@vectorlabs.co,ck_eec8dc8a7d,SESSION_COOKIE,cookie,CUST_PREMIUM_001748
turner.avery@vectorlabs.co,dev_e5ddc2f9ac,AUTHENTICATED_DEVICE,device_id,CUST_PREMIUM_001748
turner.avery@vectorlabs.co,dev_640375bbca,AUTHENTICATED_DEVICE,device_id,CUST_PREMIUM_001748
CUST_PREMIUM_001749,jack.turner@capital-demo.org,PRIMARY_EMAIL,email,CUST_PREMIUM_001749
CUST_PREMIUM_001749,+1 (206) 642-4412,PRIMARY_PHONE,phone,CUST_PREMIUM_001749
CUST_PREMIUM_001749,6112,ISSUED_CARD,card_last4,CUST_PREMIUM_001749
jack.turner@capital-demo.org,ck_b4848b7907,SESSION_COOKIE,cookie,CUST_PREMIUM_001749
jack.turner@capital-demo.org,ck_9c0d18a635,SESSION_COOKIE,cookie,CUST_PREMIUM_001749
jack.turner@capital-demo.org,dev_e8d2067392,AUTHENTICATED_DEVICE,device_id,CUST_PREMIUM_001749
CUST_PREMIUM_001750,gupta.arjun@bluepeak.co,PRIMARY_EMAIL,email,CUST_PREMIUM_001750
CUST_PREMIUM_001750,+1 (312) 635-2331,PRIMARY_PHONE,phone,CUST_PREMIUM_001750
CUST_PREMIUM_001750,5026,ISSUED_CARD,card_last4,CUST_PREMIUM_001750
gupta.arjun@bluepeak.co,ck_af2900ef5a,SESSION_COOKIE,cookie,CUST_PREMIUM_001750
gupta.arjun@bluepeak.co,dev_178e7fcab3,AUTHENTICATED_DEVICE,device_id,CUST_PREMIUM_001750
CUST_PREMIUM_001751,robinson.hannah@summitmail.net,PRIMARY_EMAIL,email,CUST_PREMIUM_001751
CUST_PREMIUM_001751,+1 (646) 760-0250,PRIMARY_PHONE,phone,CUST_PREMIUM_001751
CUST_PREMIUM_001751,3348,ISSUED_CARD,card_last4,CUST_PREMIUM_001751
robinson.hannah@summitmail.net,ck_574b45ead8,SESSION_COOKIE,cookie,CUST_PREMIUM_001751
robinson.hannah@summitmail.net,dev_4116542abd,AUTHENTICATED_DEVICE,device_id,CUST_PREMIUM_001751
CUST_PREMIUM_001752,maya.adams@bluepeak.co,PRIMARY_EMAIL,email,CUST_PREMIUM_001752
CUST_PREMIUM_001752,+1 (202) 786-8169,PRIMARY_PHONE,phone,CUST_PREMIUM_001752
CUST_PREMIUM_001752,1377,ISSUED_CARD,card_last4,CUST_PREMIUM_001752
maya.adams@bluepeak.co,ck_e0d1c007ee,SESSION_COOKIE,cookie,CUST_PREMIUM_001752
maya.adams@bluepeak.co,ck_9456460461,SESSION_COOKIE,cookie,CUST_PREMIUM_001752
maya.adams@bluepeak.co,dev_08d5075eae,AUTHENTICATED_DEVICE,device_id,CUST_PREMIUM_001752
CUST_PREMIUM_001753,fatima.lopez@orchardmail.com,PRIMARY_EMAIL,email,CUST_PREMIUM_001753
CUST_PREMIUM_001753,+1 (650) 856-6088,PRIMARY_PHONE,phone,CUST_PREMIUM_001753
CUST_PREMIUM_001753,0904,ISSUED_CARD,card_last4,CUST_PREMIUM_001753
fatima.lopez@orchardmail.com,ck_4fc5761161,SESSION_COOKIE,cookie,CUST_PREMIUM_001753
fatima.lopez@orchardmail.com,dev_14998f3bd5,AUTHENTICATED_DEVICE,device_id,CUST_PREMIUM_001753
CUST_PREMIUM_001754,smith.hannah@summitmail.net,PRIMARY_EMAIL,email,CUST_PREMIUM_001754
CUST_PREMIUM_001754,+1 (310) 772-4007,PRIMARY_PHONE,phone,CUST_PREMIUM_001754
CUST_PREMIUM_001754,6530,ISSUED_CARD,card_last4,CUST_PREMIUM_001754
smith.hannah@summitmail.net,ck_f560c37772,SESSION_COOKIE,cookie,CUST_PREMIUM_001754
smith.hannah@summitmail.net,ck_5bd24fef59,SESSION_COOKIE,cookie,CUST_PREMIUM_001754
smith.hannah@summitmail.net,dev_f1278fbfb6,AUTHENTICATED_DEVICE,device_id,CUST_PREMIUM_001754
CUST_PREMIUM_001755,nikhilcarter@harbor.example,PRIMARY_EMAIL,email,CUST_PREMIUM_001755
CUST_PREMIUM_001755,+1 (206) 864-1926,PRIMARY_PHONE,phone,CUST_PREMIUM_001755
CUST_PREMIUM_001755,0421,ISSUED_CARD,card_last4,CUST_PREMIUM_001755
nikhilcarter@harbor.example,ck_69675af5db,SESSION_COOKIE,cookie,CUST_PREMIUM_001755
nikhilcarter@harbor.example,dev_e9a765023d,AUTHENTICATED_DEVICE,device_id,CUST_PREMIUM_001755
nikhilcarter@harbor.example,dev_8853931a3c,AUTHENTICATED_DEVICE,device_id,CUST_PREMIUM_001755
nikhilcarter@harbor.example,dev_bba669eb40,AUTHENTICATED_DEVICE,device_id,CUST_PREMIUM_001755
CUST_PREMIUM_001756,jasmine.hernandez@bluepeak.co,PRIMARY_EMAIL,email,CUST_PREMIUM_001756
CUST_PREMIUM_001756,+1 (646) 245-9845,PRIMARY_PHONE,phone,CUST_PREMIUM_001756
CUST_PREMIUM_001756,8006,ISSUED_CARD,card_last4,CUST_PREMIUM_001756
jasmine.hernandez@bluepeak.co,ck_52ecad8391,SESSION_COOKIE,cookie,CUST_PREMIUM_001756
jasmine.hernandez@bluepeak.co,dev_18f0a30549,AUTHENTICATED_DEVICE,device_id,CUST_PREMIUM_001756
CUST_PREMIUM_001757,ravi.young@capital-demo.org,PRIMARY_EMAIL,email,CUST_PREMIUM_001757
CUST_PREMIUM_001757,+1 (305) 227-7764,PRIMARY_PHONE,phone,CUST_PREMIUM_001757
CUST_PREMIUM_001757,2878,ISSUED_CARD,card_last4,CUST_PREMIUM_001757
ravi.young@capital-demo.org,ck_2fc087ad02,SESSION_COOKIE,cookie,CUST_PREMIUM_001757
ravi.young@capital-demo.org,dev_aad4ed118c,AUTHENTICATED_DEVICE,device_id,CUST_PREMIUM_001757
CUST_PREMIUM_001758,carter.nikhil@summitmail.net,PRIMARY_EMAIL,email,CUST_PREMIUM_001758
CUST_PREMIUM_001758,+1 (214) 253-5683,PRIMARY_PHONE,phone,CUST_PREMIUM_001758
CUST_PREMIUM_001758,9958,ISSUED_CARD,card_last4,CUST_PREMIUM_001758
carter.nikhil@summitmail.net,ck_e1329dd007,SESSION_COOKIE,cookie,CUST_PREMIUM_001758
carter.nikhil@summitmail.net,ck_ff82150e5b,SESSION_COOKIE,cookie,CUST_PREMIUM_001758
carter.nikhil@summitmail.net,dev_4490a642d8,AUTHENTICATED_DEVICE,device_id,CUST_PREMIUM_001758
carter.nikhil@summitmail.net,dev_4cbf8fa6eb,AUTHENTICATED_DEVICE,device_id,CUST_PREMIUM_001758
CUST_PREMIUM_001759,d.khan@northstar.org,PRIMARY_EMAIL,email,CUST_PREMIUM_001759
CUST_PREMIUM_001759,+1 (312) 268-3602,PRIMARY_PHONE,phone,CUST_PREMIUM_001759
CUST_PREMIUM_001759,8385,ISSUED_CARD,card_last4,CUST_PREMIUM_001759
d.khan@northstar.org,ck_1c9eb4a75e,SESSION_COOKIE,cookie,CUST_PREMIUM_001759
d.khan@northstar.org,dev_fcda1ccd8b,AUTHENTICATED_DEVICE,device_id,CUST_PREMIUM_001759
CUST_PREMIUM_001760,c.banerjee@capital-demo.org,PRIMARY_EMAIL,email,CUST_PREMIUM_001760
CUST_PREMIUM_001760,+1 (416) 404-1521,PRIMARY_PHONE,phone,CUST_PREMIUM_001760
CUST_PREMIUM_001760,4388,ISSUED_CARD,card_last4,CUST_PREMIUM_001760
c.banerjee@capital-demo.org,ck_37631521ac,SESSION_COOKIE,cookie,CUST_PREMIUM_001760
c.banerjee@capital-demo.org,dev_9bc8c31cdb,AUTHENTICATED_DEVICE,device_id,CUST_PREMIUM_001760
CUST_PREMIUM_001761,ravi.white81@capital-demo.org,PRIMARY_EMAIL,email,CUST_PREMIUM_001761
CUST_PREMIUM_001761,+1 (415) 353-9440,PRIMARY_PHONE,phone,CUST_PREMIUM_001761
CUST_PREMIUM_001761,9995,ISSUED_CARD,card_last4,CUST_PREMIUM_001761
ravi.white81@capital-demo.org,ck_beae21c038,SESSION_COOKIE,cookie,CUST_PREMIUM_001761
ravi.white81@capital-demo.org,dev_22d224a757,AUTHENTICATED_DEVICE,device_id,CUST_PREMIUM_001761
CUST_PREMIUM_001762,zoe.morgan82@orchardmail.com,PRIMARY_EMAIL,email,CUST_PREMIUM_001762
CUST_PREMIUM_001762,+1 (305) 412-7359,PRIMARY_PHONE,phone,CUST_PREMIUM_001762
CUST_PREMIUM_001762,9969,ISSUED_CARD,card_last4,CUST_PREMIUM_001762
zoe.morgan82@orchardmail.com,ck_480d6d0fe2,SESSION_COOKIE,cookie,CUST_PREMIUM_001762
zoe.morgan82@orchardmail.com,dev_ff1cdf42b7,AUTHENTICATED_DEVICE,device_id,CUST_PREMIUM_001762
CUST_PREMIUM_001763,priya.baker83@vectorlabs.co,PRIMARY_EMAIL,email,CUST_PREMIUM_001763
CUST_PREMIUM_001763,+1 (212) 394-5278,PRIMARY_PHONE,phone,CUST_PREMIUM_001763
CUST_PREMIUM_001763,6393,ISSUED_CARD,card_last4,CUST_PREMIUM_001763
priya.baker83@vectorlabs.co,ck_e1318891de,SESSION_COOKIE,cookie,CUST_PREMIUM_001763
priya.baker83@vectorlabs.co,dev_644dfc08c4,AUTHENTICATED_DEVICE,device_id,CUST_PREMIUM_001763
priya.baker83@vectorlabs.co,dev_a8868320c8,AUTHENTICATED_DEVICE,device_id,CUST_PREMIUM_001763
CUST_PREMIUM_001764,a.rivera@capital-demo.org,PRIMARY_EMAIL,email,CUST_PREMIUM_001764
CUST_PREMIUM_001764,+1 (415) 464-3197,PRIMARY_PHONE,phone,CUST_PREMIUM_001764
CUST_PREMIUM_001764,8820,ISSUED_CARD,card_last4,CUST_PREMIUM_001764
a.rivera@capital-demo.org,ck_e0a285edc0,SESSION_COOKIE,cookie,CUST_PREMIUM_001764
a.rivera@capital-demo.org,dev_adf8565e35,AUTHENTICATED_DEVICE,device_id,CUST_PREMIUM_001764
a.rivera@capital-demo.org,dev_60dda7c44f,AUTHENTICATED_DEVICE,device_id,CUST_PREMIUM_001764
CUST_PREMIUM_001765,aditi.anderson85@capital-demo.org,PRIMARY_EMAIL,email,CUST_PREMIUM_001765
CUST_PREMIUM_001765,+1 (212) 468-1116,PRIMARY_PHONE,phone,CUST_PREMIUM_001765
CUST_PREMIUM_001765,3349,ISSUED_CARD,card_last4,CUST_PREMIUM_001765
aditi.anderson85@capital-demo.org,ck_65127cceeb,SESSION_COOKIE,cookie,CUST_PREMIUM_001765
aditi.anderson85@capital-demo.org,ck_c3a5f2299b,SESSION_COOKIE,cookie,CUST_PREMIUM_001765
aditi.anderson85@capital-demo.org,ck_ff95701f7d,SESSION_COOKIE,cookie,CUST_PREMIUM_001765
aditi.anderson85@capital-demo.org,dev_755f7cfe96,AUTHENTICATED_DEVICE,device_id,CUST_PREMIUM_001765
aditi.anderson85@capital-demo.org,dev_5f219577d6,AUTHENTICATED_DEVICE,device_id,CUST_PREMIUM_001765
CUST_PREMIUM_001766,charlottedavis@summitmail.net,PRIMARY_EMAIL,email,CUST_PREMIUM_001766
CUST_PREMIUM_001766,+1 (650) 637-9035,PRIMARY_PHONE,phone,CUST_PREMIUM_001766
CUST_PREMIUM_001766,0398,ISSUED_CARD,card_last4,CUST_PREMIUM_001766
charlottedavis@summitmail.net,ck_a0e53a077f,SESSION_COOKIE,cookie,CUST_PREMIUM_001766
charlottedavis@summitmail.net,dev_c82913415f,AUTHENTICATED_DEVICE,device_id,CUST_PREMIUM_001766
CUST_PREMIUM_001767,alejandro.ahmed@harbor.example,PRIMARY_EMAIL,email,CUST_PREMIUM_001767
CUST_PREMIUM_001767,+1 (310) 553-6954,PRIMARY_PHONE,phone,CUST_PREMIUM_001767
CUST_PREMIUM_001767,3058,ISSUED_CARD,card_last4,CUST_PREMIUM_001767
alejandro.ahmed@harbor.example,ck_ff711b52a6,SESSION_COOKIE,cookie,CUST_PREMIUM_001767
alejandro.ahmed@harbor.example,ck_2a8eb7759b,SESSION_COOKIE,cookie,CUST_PREMIUM_001767
alejandro.ahmed@harbor.example,dev_30fd9b6dc7,AUTHENTICATED_DEVICE,device_id,CUST_PREMIUM_001767
CUST_PREMIUM_001768,lucasshah@example.com,PRIMARY_EMAIL,email,CUST_PREMIUM_001768
CUST_PREMIUM_001768,+1 (212) 579-4873,PRIMARY_PHONE,phone,CUST_PREMIUM_001768
CUST_PREMIUM_001768,6245,ISSUED_CARD,card_last4,CUST_PREMIUM_001768
lucasshah@example.com,ck_7d9f77461c,SESSION_COOKIE,cookie,CUST_PREMIUM_001768
lucasshah@example.com,dev_2d4067e57d,AUTHENTICATED_DEVICE,device_id,CUST_PREMIUM_001768
CUST_PREMIUM_001769,campbell.yuki@harbor.example,PRIMARY_EMAIL,email,CUST_PREMIUM_001769
CUST_PREMIUM_001769,+1 (206) 682-2792,PRIMARY_PHONE,phone,CUST_PREMIUM_001769
CUST_PREMIUM_001769,7957,ISSUED_CARD,card_last4,CUST_PREMIUM_001769
campbell.yuki@harbor.example,ck_41f375480f,SESSION_COOKIE,cookie,CUST_PREMIUM_001769
campbell.yuki@harbor.example,ck_9fdc90a106,SESSION_COOKIE,cookie,CUST_PREMIUM_001769
campbell.yuki@harbor.example,dev_a17d861d5d,AUTHENTICATED_DEVICE,device_id,CUST_PREMIUM_001769
campbell.yuki@harbor.example,dev_shared_2ded4bd17,AUTHENTICATED_DEVICE,device_id,CUST_PREMIUM_001769
CUST_PREMIUM_001770,chloewalker@bluepeak.co,PRIMARY_EMAIL,email,CUST_PREMIUM_001770
CUST_PREMIUM_001770,+1 (202) 752-0711,PRIMARY_PHONE,phone,CUST_PREMIUM_001770
CUST_PREMIUM_001770,0703,ISSUED_CARD,card_last4,CUST_PREMIUM_001770
chloewalker@bluepeak.co,ck_3f79340141,SESSION_COOKIE,cookie,CUST_PREMIUM_001770
chloewalker@bluepeak.co,dev_cf2e9144b3,AUTHENTICATED_DEVICE,device_id,CUST_PREMIUM_001770
chloewalker@bluepeak.co,dev_88ef7e71fc,AUTHENTICATED_DEVICE,device_id,CUST_PREMIUM_001770
CUST_PREMIUM_001771,charlotte.evans@example.com,PRIMARY_EMAIL,email,CUST_PREMIUM_001771
CUST_PREMIUM_001771,+1 (202) 789-8630,PRIMARY_PHONE,phone,CUST_PREMIUM_001771
CUST_PREMIUM_001771,7936,ISSUED_CARD,card_last4,CUST_PREMIUM_001771
charlotte.evans@example.com,ck_3e7019cbd3,SESSION_COOKIE,cookie,CUST_PREMIUM_001771
charlotte.evans@example.com,dev_7411d944cb,AUTHENTICATED_DEVICE,device_id,CUST_PREMIUM_001771
charlotte.evans@example.com,dev_fd947de041,AUTHENTICATED_DEVICE,device_id,CUST_PREMIUM_001771
CUST_PREMIUM_001772,danielwang@harbor.example,PRIMARY_EMAIL,email,CUST_PREMIUM_001772
CUST_PREMIUM_001772,+1 (310) 738-6549,PRIMARY_PHONE,phone,CUST_PREMIUM_001772
CUST_PREMIUM_001772,0717,ISSUED_CARD,card_last4,CUST_PREMIUM_001772
danielwang@harbor.example,ck_f31715d1c8,SESSION_COOKIE,cookie,CUST_PREMIUM_001772
danielwang@harbor.example,dev_27581d763f,AUTHENTICATED_DEVICE,device_id,CUST_PREMIUM_001772
CUST_PREMIUM_001773,samuel.hernandez93@example.com,PRIMARY_EMAIL,email,CUST_PREMIUM_001773
CUST_PREMIUM_001773,+1 (206) 830-4468,PRIMARY_PHONE,phone,CUST_PREMIUM_001773
CUST_PREMIUM_001773,7710,ISSUED_CARD,card_last4,CUST_PREMIUM_001773
samuel.hernandez93@example.com,ck_9b344c49b0,SESSION_COOKIE,cookie,CUST_PREMIUM_001773
samuel.hernandez93@example.com,dev_1648066ead,AUTHENTICATED_DEVICE,device_id,CUST_PREMIUM_001773
CUST_PREMIUM_001774,devnguyen@vectorlabs.co,PRIMARY_EMAIL,email,CUST_PREMIUM_001774
CUST_PREMIUM_001774,+1 (206) 867-2387,PRIMARY_PHONE,phone,CUST_PREMIUM_001774
CUST_PREMIUM_001774,5389,ISSUED_CARD,card_last4,CUST_PREMIUM_001774
devnguyen@vectorlabs.co,ck_9242854200,SESSION_COOKIE,cookie,CUST_PREMIUM_001774
devnguyen@vectorlabs.co,dev_d7af94a44d,AUTHENTICATED_DEVICE,device_id,CUST_PREMIUM_001774
CUST_PREMIUM_001775,williams.sophia@northstar.org,PRIMARY_EMAIL,email,CUST_PREMIUM_001775
CUST_PREMIUM_001775,+1 (469) 303-0306,PRIMARY_PHONE,phone,CUST_PREMIUM_001775
CUST_PREMIUM_001775,4317,ISSUED_CARD,card_last4,CUST_PREMIUM_001775
williams.sophia@northstar.org,ck_e5817548d0,SESSION_COOKIE,cookie,CUST_PREMIUM_001775
williams.sophia@northstar.org,ck_e15c1d92e8,SESSION_COOKIE,cookie,CUST_PREMIUM_001775
williams.sophia@northstar.org,dev_7f8fc83f38,AUTHENTICATED_DEVICE,device_id,CUST_PREMIUM_001775
CUST_PREMIUM_001776,j.martin@harbor.example,PRIMARY_EMAIL,email,CUST_PREMIUM_001776
CUST_PREMIUM_001776,+1 (305) 230-8225,PRIMARY_PHONE,phone,CUST_PREMIUM_001776
CUST_PREMIUM_001776,7644,ISSUED_CARD,card_last4,CUST_PREMIUM_001776
j.martin@harbor.example,ck_1fb825113a,SESSION_COOKIE,cookie,CUST_PREMIUM_001776
j.martin@harbor.example,dev_ff20301e08,AUTHENTICATED_DEVICE,device_id,CUST_PREMIUM_001776
CUST_PREMIUM_001777,ananya.fernandez@example.com,PRIMARY_EMAIL,email,CUST_PREMIUM_001777
CUST_PREMIUM_001777,+1 (404) 300-6144,PRIMARY_PHONE,phone,CUST_PREMIUM_001777
CUST_PREMIUM_001777,7705,ISSUED_CARD,card_last4,CUST_PREMIUM_001777
ananya.fernandez@example.com,ck_40b4b59508,SESSION_COOKIE,cookie,CUST_PREMIUM_001777
ananya.fernandez@example.com,ck_3ce67c2157,SESSION_COOKIE,cookie,CUST_PREMIUM_001777
ananya.fernandez@example.com,ck_52e8f9b955,SESSION_COOKIE,cookie,CUST_PREMIUM_001777
ananya.fernandez@example.com,dev_a2eaf24032,AUTHENTICATED_DEVICE,device_id,CUST_PREMIUM_001777
CUST_PREMIUM_001778,kabirrossi@summitmail.net,PRIMARY_EMAIL,email,CUST_PREMIUM_001778
CUST_PREMIUM_001778,+1 (212) 249-4063,PRIMARY_PHONE,phone,CUST_PREMIUM_001778
CUST_PREMIUM_001778,1815,ISSUED_CARD,card_last4,CUST_PREMIUM_001778
kabirrossi@summitmail.net,ck_0d5e442f6b,SESSION_COOKIE,cookie,CUST_PREMIUM_001778
kabirrossi@summitmail.net,ck_d24da73036,SESSION_COOKIE,cookie,CUST_PREMIUM_001778
kabirrossi@summitmail.net,dev_6bdf685002,AUTHENTICATED_DEVICE,device_id,CUST_PREMIUM_001778
CUST_PREMIUM_001779,lewis.theo@capital-demo.org,PRIMARY_EMAIL,email,CUST_PREMIUM_001779
CUST_PREMIUM_001779,+1 (312) 308-1982,PRIMARY_PHONE,phone,CUST_PREMIUM_001779
CUST_PREMIUM_001779,3705,ISSUED_CARD,card_last4,CUST_PREMIUM_001779
lewis.theo@capital-demo.org,ck_78e71ba9f3,SESSION_COOKIE,cookie,CUST_PREMIUM_001779
lewis.theo@capital-demo.org,ck_bfb2215269,SESSION_COOKIE,cookie,CUST_PREMIUM_001779
lewis.theo@capital-demo.org,dev_f236d41402,AUTHENTICATED_DEVICE,device_id,CUST_PREMIUM_001779
CUST_PREMIUM_001780,l.davis@northstar.org,PRIMARY_EMAIL,email,CUST_PREMIUM_001780
CUST_PREMIUM_001780,+1 (305) 378-9901,PRIMARY_PHONE,phone,CUST_PREMIUM_001780
CUST_PREMIUM_001780,9714,ISSUED_CARD,card_last4,CUST_PREMIUM_001780
l.davis@northstar.org,ck_ce16c5aa66,SESSION_COOKIE,cookie,CUST_PREMIUM_001780
l.davis@northstar.org,dev_515ac412c6,AUTHENTICATED_DEVICE,device_id,CUST_PREMIUM_001780
CUST_PREMIUM_001781,martin.jack@atlasmail.net,PRIMARY_EMAIL,email,CUST_PREMIUM_001781
CUST_PREMIUM_001781,+1 (305) 415-7820,PRIMARY_PHONE,phone,CUST_PREMIUM_001781
CUST_PREMIUM_001781,0230,ISSUED_CARD,card_last4,CUST_PREMIUM_001781
martin.jack@atlasmail.net,ck_b128b8a9a2,SESSION_COOKIE,cookie,CUST_PREMIUM_001781
martin.jack@atlasmail.net,dev_18390f753c,AUTHENTICATED_DEVICE,device_id,CUST_PREMIUM_001781
CUST_PREMIUM_001782,g.hernandez@summitmail.net,PRIMARY_EMAIL,email,CUST_PREMIUM_001782
CUST_PREMIUM_001782,+1 (310) 408-5739,PRIMARY_PHONE,phone,CUST_PREMIUM_001782
CUST_PREMIUM_001782,8683,ISSUED_CARD,card_last4,CUST_PREMIUM_001782
g.hernandez@summitmail.net,ck_33f4882f00,SESSION_COOKIE,cookie,CUST_PREMIUM_001782
g.hernandez@summitmail.net,ck_4e05f896f0,SESSION_COOKIE,cookie,CUST_PREMIUM_001782
g.hernandez@summitmail.net,dev_e6ca4040fc,AUTHENTICATED_DEVICE,device_id,CUST_PREMIUM_001782
CUST_PREMIUM_001783,layla.lewis6@bluepeak.co,PRIMARY_EMAIL,email,CUST_PREMIUM_001783
CUST_PREMIUM_001783,+1 (212) 434-3658,PRIMARY_PHONE,phone,CUST_PREMIUM_001783
CUST_PREMIUM_001783,8790,ISSUED_CARD,card_last4,CUST_PREMIUM_001783
layla.lewis6@bluepeak.co,ck_29973412ae,SESSION_COOKIE,cookie,CUST_PREMIUM_001783
layla.lewis6@bluepeak.co,dev_d64a1a5e71,AUTHENTICATED_DEVICE,device_id,CUST_PREMIUM_001783
CUST_PREMIUM_001784,arjun.baker@capital-demo.org,PRIMARY_EMAIL,email,CUST_PREMIUM_001784
CUST_PREMIUM_001784,+1 (404) 559-1577,PRIMARY_PHONE,phone,CUST_PREMIUM_001784
CUST_PREMIUM_001784,1613,ISSUED_CARD,card_last4,CUST_PREMIUM_001784
arjun.baker@capital-demo.org,ck_04b15e7813,SESSION_COOKIE,cookie,CUST_PREMIUM_001784
arjun.baker@capital-demo.org,ck_97a417d984,SESSION_COOKIE,cookie,CUST_PREMIUM_001784
arjun.baker@capital-demo.org,ck_a9bd5d3ca8,SESSION_COOKIE,cookie,CUST_PREMIUM_001784
arjun.baker@capital-demo.org,dev_4e2eed4dad,AUTHENTICATED_DEVICE,device_id,CUST_PREMIUM_001784
CUST_PREMIUM_001785,emma.evans@atlasmail.net,PRIMARY_EMAIL,email,CUST_PREMIUM_001785
CUST_PREMIUM_001785,+1 (214) 552-9496,PRIMARY_PHONE,phone,CUST_PREMIUM_001785
CUST_PREMIUM_001785,6541,ISSUED_CARD,card_last4,CUST_PREMIUM_001785
emma.evans@atlasmail.net,ck_24a7f2a9e9,SESSION_COOKIE,cookie,CUST_PREMIUM_001785
emma.evans@atlasmail.net,dev_2d698cb5fe,AUTHENTICATED_DEVICE,device_id,CUST_PREMIUM_001785
CUST_PREMIUM_001786,emmachen@summitmail.net,PRIMARY_EMAIL,email,CUST_PREMIUM_001786
CUST_PREMIUM_001786,+1 (212) 545-7415,PRIMARY_PHONE,phone,CUST_PREMIUM_001786
CUST_PREMIUM_001786,5722,ISSUED_CARD,card_last4,CUST_PREMIUM_001786
emmachen@summitmail.net,ck_707fa5d2fc,SESSION_COOKIE,cookie,CUST_PREMIUM_001786
emmachen@summitmail.net,ck_b1452c5f78,SESSION_COOKIE,cookie,CUST_PREMIUM_001786
emmachen@summitmail.net,ck_70c68f3c5f,SESSION_COOKIE,cookie,CUST_PREMIUM_001786
emmachen@summitmail.net,dev_a151f1210c,AUTHENTICATED_DEVICE,device_id,CUST_PREMIUM_001786
CUST_PREMIUM_001787,ravihernandez@harbor.example,PRIMARY_EMAIL,email,CUST_PREMIUM_001787
CUST_PREMIUM_001787,+1 (646) 692-5334,PRIMARY_PHONE,phone,CUST_PREMIUM_001787
CUST_PREMIUM_001787,2769,ISSUED_CARD,card_last4,CUST_PREMIUM_001787
ravihernandez@harbor.example,ck_b1d1b184ed,SESSION_COOKIE,cookie,CUST_PREMIUM_001787
ravihernandez@harbor.example,dev_1363e83097,AUTHENTICATED_DEVICE,device_id,CUST_PREMIUM_001787
CUST_PREMIUM_001788,aisha.murphy@example.com,PRIMARY_EMAIL,email,CUST_PREMIUM_001788
CUST_PREMIUM_001788,+1 (415) 652-3253,PRIMARY_PHONE,phone,CUST_PREMIUM_001788
CUST_PREMIUM_001788,0446,ISSUED_CARD,card_last4,CUST_PREMIUM_001788
aisha.murphy@example.com,ck_b7af3f4249,SESSION_COOKIE,cookie,CUST_PREMIUM_001788
aisha.murphy@example.com,dev_3851a96678,AUTHENTICATED_DEVICE,device_id,CUST_PREMIUM_001788
CUST_PREMIUM_001789,noah.hernandez@example.com,PRIMARY_EMAIL,email,CUST_PREMIUM_001789
CUST_PREMIUM_001789,+1 (650) 788-1172,PRIMARY_PHONE,phone,CUST_PREMIUM_001789
CUST_PREMIUM_001789,1101,ISSUED_CARD,card_last4,CUST_PREMIUM_001789
noah.hernandez@example.com,ck_7ed6b50baa,SESSION_COOKIE,cookie,CUST_PREMIUM_001789
noah.hernandez@example.com,dev_752d342ad1,AUTHENTICATED_DEVICE,device_id,CUST_PREMIUM_001789
CUST_PREMIUM_001790,z.hernandez@bluepeak.co,PRIMARY_EMAIL,email,CUST_PREMIUM_001790
CUST_PREMIUM_001790,+1 (415) 726-9091,PRIMARY_PHONE,phone,CUST_PREMIUM_001790
CUST_PREMIUM_001790,4820,ISSUED_CARD,card_last4,CUST_PREMIUM_001790
z.hernandez@bluepeak.co,ck_d8ac64f3af,SESSION_COOKIE,cookie,CUST_PREMIUM_001790
z.hernandez@bluepeak.co,ck_b416af3ad3,SESSION_COOKIE,cookie,CUST_PREMIUM_001790
z.hernandez@bluepeak.co,dev_1e5fc18543,AUTHENTICATED_DEVICE,device_id,CUST_PREMIUM_001790
z.hernandez@bluepeak.co,dev_fc9392bb92,AUTHENTICATED_DEVICE,device_id,CUST_PREMIUM_001790
CUST_PREMIUM_001791,arjunroberts@capital-demo.org,PRIMARY_EMAIL,email,CUST_PREMIUM_001791
CUST_PREMIUM_001791,+1 (305) 785-7010,PRIMARY_PHONE,phone,CUST_PREMIUM_001791
CUST_PREMIUM_001791,9743,ISSUED_CARD,card_last4,CUST_PREMIUM_001791
arjunroberts@capital-demo.org,ck_599b1d6477,SESSION_COOKIE,cookie,CUST_PREMIUM_001791
arjunroberts@capital-demo.org,dev_49d594dfd4,AUTHENTICATED_DEVICE,device_id,CUST_PREMIUM_001791
CUST_PREMIUM_001792,olivia.wilson@example.com,PRIMARY_EMAIL,email,CUST_PREMIUM_001792
CUST_PREMIUM_001792,+1 (202) 866-4929,PRIMARY_PHONE,phone,CUST_PREMIUM_001792
CUST_PREMIUM_001792,6714,ISSUED_CARD,card_last4,CUST_PREMIUM_001792
olivia.wilson@example.com,ck_e55ceca572,SESSION_COOKIE,cookie,CUST_PREMIUM_001792
olivia.wilson@example.com,dev_b78f5c0915,AUTHENTICATED_DEVICE,device_id,CUST_PREMIUM_001792
CUST_PREMIUM_001793,a.turner@vectorlabs.co,PRIMARY_EMAIL,email,CUST_PREMIUM_001793
CUST_PREMIUM_001793,+1 (212) 804-2848,PRIMARY_PHONE,phone,CUST_PREMIUM_001793
CUST_PREMIUM_001793,6207,ISSUED_CARD,card_last4,CUST_PREMIUM_001793
a.turner@vectorlabs.co,ck_d0584d3c5a,SESSION_COOKIE,cookie,CUST_PREMIUM_001793
a.turner@vectorlabs.co,dev_abab23d643,AUTHENTICATED_DEVICE,device_id,CUST_PREMIUM_001793
a.turner@vectorlabs.co,dev_7924761301,AUTHENTICATED_DEVICE,device_id,CUST_PREMIUM_001793
a.turner@vectorlabs.co,dev_shared_eb57f62c1,AUTHENTICATED_DEVICE,device_id,CUST_PREMIUM_001793
a.turner@vectorlabs.co,dev_shared_dd6a7e583,AUTHENTICATED_DEVICE,device_id,CUST_PREMIUM_001793
CUST_PREMIUM_001794,jonahroberts@atlasmail.net,PRIMARY_EMAIL,email,CUST_PREMIUM_001794
CUST_PREMIUM_001794,+1 (650) 273-0767,PRIMARY_PHONE,phone,CUST_PREMIUM_001794
CUST_PREMIUM_001794,0054,ISSUED_CARD,card_last4,CUST_PREMIUM_001794
jonahroberts@atlasmail.net,ck_8f2bae00de,SESSION_COOKIE,cookie,CUST_PREMIUM_001794
jonahroberts@atlasmail.net,dev_dbbf202ab0,AUTHENTICATED_DEVICE,device_id,CUST_PREMIUM_001794
CUST_PREMIUM_001795,j.lee@vectorlabs.co,PRIMARY_EMAIL,email,CUST_PREMIUM_001795
CUST_PREMIUM_001795,+1 (212) 878-8686,PRIMARY_PHONE,phone,CUST_PREMIUM_001795
CUST_PREMIUM_001795,2777,ISSUED_CARD,card_last4,CUST_PREMIUM_001795
j.lee@vectorlabs.co,ck_9597d8f19e,SESSION_COOKIE,cookie,CUST_PREMIUM_001795
j.lee@vectorlabs.co,ck_8614730b16,SESSION_COOKIE,cookie,CUST_PREMIUM_001795
j.lee@vectorlabs.co,dev_af39cea5ab,AUTHENTICATED_DEVICE,device_id,CUST_PREMIUM_001795
CUST_PREMIUM_001796,ethantaylor@northstar.org,PRIMARY_EMAIL,email,CUST_PREMIUM_001796
CUST_PREMIUM_001796,+1 (214) 259-6605,PRIMARY_PHONE,phone,CUST_PREMIUM_001796
CUST_PREMIUM_001796,5447,ISSUED_CARD,card_last4,CUST_PREMIUM_001796
ethantaylor@northstar.org,ck_9b0ed38650,SESSION_COOKIE,cookie,CUST_PREMIUM_001796
ethantaylor@northstar.org,ck_991b04c806,SESSION_COOKIE,cookie,CUST_PREMIUM_001796
ethantaylor@northstar.org,dev_762ac55eef,AUTHENTICATED_DEVICE,device_id,CUST_PREMIUM_001796
CUST_PREMIUM_001797,isabella.rossi20@bluepeak.co,PRIMARY_EMAIL,email,CUST_PREMIUM_001797
CUST_PREMIUM_001797,+1 (212) 252-4524,PRIMARY_PHONE,phone,CUST_PREMIUM_001797
CUST_PREMIUM_001797,1546,ISSUED_CARD,card_last4,CUST_PREMIUM_001797
isabella.rossi20@bluepeak.co,ck_b05f1317fb,SESSION_COOKIE,cookie,CUST_PREMIUM_001797
isabella.rossi20@bluepeak.co,ck_cac25801c7,SESSION_COOKIE,cookie,CUST_PREMIUM_001797
isabella.rossi20@bluepeak.co,ck_f2329ddcfd,SESSION_COOKIE,cookie,CUST_PREMIUM_001797
isabella.rossi20@bluepeak.co,dev_716de440df,AUTHENTICATED_DEVICE,device_id,CUST_PREMIUM_001797
CUST_PREMIUM_001798,j.sterling@example.com,PRIMARY_EMAIL,email,CUST_PREMIUM_001798
CUST_PREMIUM_001798,+1 (718) 443-2443,PRIMARY_PHONE,phone,CUST_PREMIUM_001798
CUST_PREMIUM_001798,3063,ISSUED_CARD,card_last4,CUST_PREMIUM_001798
j.sterling@example.com,ck_3be690a602,SESSION_COOKIE,cookie,CUST_PREMIUM_001798
j.sterling@example.com,dev_c589cae8be,AUTHENTICATED_DEVICE,device_id,CUST_PREMIUM_001798
CUST_PREMIUM_001799,isabella.kim22@vectorlabs.co,PRIMARY_EMAIL,email,CUST_PREMIUM_001799
CUST_PREMIUM_001799,+1 (305) 381-0362,PRIMARY_PHONE,phone,CUST_PREMIUM_001799
CUST_PREMIUM_001799,6983,ISSUED_CARD,card_last4,CUST_PREMIUM_001799
isabella.kim22@vectorlabs.co,ck_cdb26f7496,SESSION_COOKIE,cookie,CUST_PREMIUM_001799
isabella.kim22@vectorlabs.co,dev_f748e69736,AUTHENTICATED_DEVICE,device_id,CUST_PREMIUM_001799
isabella.kim22@vectorlabs.co,dev_a34b45da6e,AUTHENTICATED_DEVICE,device_id,CUST_PREMIUM_001799
isabella.kim22@vectorlabs.co,dev_c86a199bc3,AUTHENTICATED_DEVICE,device_id,CUST_PREMIUM_001799
CUST_PREMIUM_001800,smith.sophia@vectorlabs.co,PRIMARY_EMAIL,email,CUST_PREMIUM_001800
CUST_PREMIUM_001800,+1 (214) 407-8281,PRIMARY_PHONE,phone,CUST_PREMIUM_001800
CUST_PREMIUM_001800,4892,ISSUED_CARD,card_last4,CUST_PREMIUM_001800
smith.sophia@vectorlabs.co,ck_176e74c951,SESSION_COOKIE,cookie,CUST_PREMIUM_001800
smith.sophia@vectorlabs.co,ck_f61748033c,SESSION_COOKIE,cookie,CUST_PREMIUM_001800
smith.sophia@vectorlabs.co,dev_284431594f,AUTHENTICATED_DEVICE,device_id,CUST_PREMIUM_001800
CUST_PREMIUM_001801,james.lewis24@vectorlabs.co,PRIMARY_EMAIL,email,CUST_PREMIUM_001801
CUST_PREMIUM_001801,+1 (917) 543-6200,PRIMARY_PHONE,phone,CUST_PREMIUM_001801
CUST_PREMIUM_001801,5156,ISSUED_CARD,card_last4,CUST_PREMIUM_001801
james.lewis24@vectorlabs.co,ck_66376ae76f,SESSION_COOKIE,cookie,CUST_PREMIUM_001801
james.lewis24@vectorlabs.co,ck_8b28ebd493,SESSION_COOKIE,cookie,CUST_PREMIUM_001801
james.lewis24@vectorlabs.co,dev_28827a47a4,AUTHENTICATED_DEVICE,device_id,CUST_PREMIUM_001801
CUST_PREMIUM_001802,wright.david@bluepeak.co,PRIMARY_EMAIL,email,CUST_PREMIUM_001802
CUST_PREMIUM_001802,+1 (212) 437-4119,PRIMARY_PHONE,phone,CUST_PREMIUM_001802
CUST_PREMIUM_001802,3645,ISSUED_CARD,card_last4,CUST_PREMIUM_001802
wright.david@bluepeak.co,ck_30e3e16dbc,SESSION_COOKIE,cookie,CUST_PREMIUM_001802
wright.david@bluepeak.co,dev_6d1a465979,AUTHENTICATED_DEVICE,device_id,CUST_PREMIUM_001802
CUST_PREMIUM_001803,liam.martin26@northstar.org,PRIMARY_EMAIL,email,CUST_PREMIUM_001803
CUST_PREMIUM_001803,+1 (312) 496-2038,PRIMARY_PHONE,phone,CUST_PREMIUM_001803
CUST_PREMIUM_001803,7791,ISSUED_CARD,card_last4,CUST_PREMIUM_001803
liam.martin26@northstar.org,ck_3c73eb56de,SESSION_COOKIE,cookie,CUST_PREMIUM_001803
liam.martin26@northstar.org,ck_17dffbba2b,SESSION_COOKIE,cookie,CUST_PREMIUM_001803
liam.martin26@northstar.org,dev_f452bbf794,AUTHENTICATED_DEVICE,device_id,CUST_PREMIUM_001803
CUST_PREMIUM_001804,n.kim@bluepeak.co,PRIMARY_EMAIL,email,CUST_PREMIUM_001804
CUST_PREMIUM_001804,+1 (310) 522-9957,PRIMARY_PHONE,phone,CUST_PREMIUM_001804
CUST_PREMIUM_001804,9443,ISSUED_CARD,card_last4,CUST_PREMIUM_001804
n.kim@bluepeak.co,ck_396dfa8536,SESSION_COOKIE,cookie,CUST_PREMIUM_001804
n.kim@bluepeak.co,dev_2e861c97a3,AUTHENTICATED_DEVICE,device_id,CUST_PREMIUM_001804
CUST_PREMIUM_001805,moore.diego@harbor.example,PRIMARY_EMAIL,email,CUST_PREMIUM_001805
CUST_PREMIUM_001805,+1 (212) 548-7876,PRIMARY_PHONE,phone,CUST_PREMIUM_001805
CUST_PREMIUM_001805,2713,ISSUED_CARD,card_last4,CUST_PREMIUM_001805
moore.diego@harbor.example,ck_c473aa443c,SESSION_COOKIE,cookie,CUST_PREMIUM_001805
moore.diego@harbor.example,ck_b14cae5a7f,SESSION_COOKIE,cookie,CUST_PREMIUM_001805
moore.diego@harbor.example,dev_9fe1fd7617,AUTHENTICATED_DEVICE,device_id,CUST_PREMIUM_001805
CUST_PREMIUM_001806,emmathomas@orchardmail.com,PRIMARY_EMAIL,email,CUST_PREMIUM_001806
CUST_PREMIUM_001806,+1 (214) 629-5795,PRIMARY_PHONE,phone,CUST_PREMIUM_001806
CUST_PREMIUM_001806,2999,ISSUED_CARD,card_last4,CUST_PREMIUM_001806
emmathomas@orchardmail.com,ck_497eb97405,SESSION_COOKIE,cookie,CUST_PREMIUM_001806
emmathomas@orchardmail.com,dev_9280c60256,AUTHENTICATED_DEVICE,device_id,CUST_PREMIUM_001806
emmathomas@orchardmail.com,dev_725db66703,AUTHENTICATED_DEVICE,device_id,CUST_PREMIUM_001806
CUST_PREMIUM_001807,liam.williams@orchardmail.com,PRIMARY_EMAIL,email,CUST_PREMIUM_001807
CUST_PREMIUM_001807,+1 (415) 655-3714,PRIMARY_PHONE,phone,CUST_PREMIUM_001807
CUST_PREMIUM_001807,8681,ISSUED_CARD,card_last4,CUST_PREMIUM_001807
liam.williams@orchardmail.com,ck_99d5516b63,SESSION_COOKIE,cookie,CUST_PREMIUM_001807
liam.williams@orchardmail.com,ck_b067070349,SESSION_COOKIE,cookie,CUST_PREMIUM_001807
liam.williams@orchardmail.com,ck_06e9c82b30,SESSION_COOKIE,cookie,CUST_PREMIUM_001807
liam.williams@orchardmail.com,ck_7dee610d60,SESSION_COOKIE,cookie,CUST_PREMIUM_001807
liam.williams@orchardmail.com,dev_57b0fe90a5,AUTHENTICATED_DEVICE,device_id,CUST_PREMIUM_001807
CUST_PREMIUM_001808,i.shah@example.com,PRIMARY_EMAIL,email,CUST_PREMIUM_001808
CUST_PREMIUM_001808,+1 (212) 659-1633,PRIMARY_PHONE,phone,CUST_PREMIUM_001808
CUST_PREMIUM_001808,9643,ISSUED_CARD,card_last4,CUST_PREMIUM_001808
i.shah@example.com,ck_a2a858d452,SESSION_COOKIE,cookie,CUST_PREMIUM_001808
i.shah@example.com,dev_70f664519f,AUTHENTICATED_DEVICE,device_id,CUST_PREMIUM_001808
CUST_PREMIUM_001809,martin.harper@northstar.org,PRIMARY_EMAIL,email,CUST_PREMIUM_001809
CUST_PREMIUM_001809,+1 (617) 773-9552,PRIMARY_PHONE,phone,CUST_PREMIUM_001809
CUST_PREMIUM_001809,1572,ISSUED_CARD,card_last4,CUST_PREMIUM_001809
martin.harper@northstar.org,ck_623bdada11,SESSION_COOKIE,cookie,CUST_PREMIUM_001809
martin.harper@northstar.org,dev_1f2eeb6379,AUTHENTICATED_DEVICE,device_id,CUST_PREMIUM_001809
CUST_PREMIUM_001810,benjamin.kim@vectorlabs.co,PRIMARY_EMAIL,email,CUST_PREMIUM_001810
CUST_PREMIUM_001810,+1 (212) 733-7471,PRIMARY_PHONE,phone,CUST_PREMIUM_001810
CUST_PREMIUM_001810,0232,ISSUED_CARD,card_last4,CUST_PREMIUM_001810
benjamin.kim@vectorlabs.co,ck_430d33e9bf,SESSION_COOKIE,cookie,CUST_PREMIUM_001810
benjamin.kim@vectorlabs.co,dev_eebbbcc397,AUTHENTICATED_DEVICE,device_id,CUST_PREMIUM_001810
CUST_PREMIUM_001811,thompson.liam@atlasmail.net,PRIMARY_EMAIL,email,CUST_PREMIUM_001811
CUST_PREMIUM_001811,+1 (617) 847-5390,PRIMARY_PHONE,phone,CUST_PREMIUM_001811
CUST_PREMIUM_001811,8654,ISSUED_CARD,card_last4,CUST_PREMIUM_001811
thompson.liam@atlasmail.net,ck_2ce7f6f386,SESSION_COOKIE,cookie,CUST_PREMIUM_001811
thompson.liam@atlasmail.net,dev_e720026e07,AUTHENTICATED_DEVICE,device_id,CUST_PREMIUM_001811
CUST_PREMIUM_001812,j.gupta@northstar.org,PRIMARY_EMAIL,email,CUST_PREMIUM_001812
CUST_PREMIUM_001812,+1 (212) 807-3309,PRIMARY_PHONE,phone,CUST_PREMIUM_001812
CUST_PREMIUM_001812,3775,ISSUED_CARD,card_last4,CUST_PREMIUM_001812
j.gupta@northstar.org,ck_25204098b7,SESSION_COOKIE,cookie,CUST_PREMIUM_001812
j.gupta@northstar.org,ck_5004f43083,SESSION_COOKIE,cookie,CUST_PREMIUM_001812
j.gupta@northstar.org,ck_15e31aa6cc,SESSION_COOKIE,cookie,CUST_PREMIUM_001812
j.gupta@northstar.org,dev_5ecb331b61,AUTHENTICATED_DEVICE,device_id,CUST_PREMIUM_001812
CUST_PREMIUM_001813,kai.nguyen@atlasmail.net,PRIMARY_EMAIL,email,CUST_PREMIUM_001813
CUST_PREMIUM_001813,+1 (416) 265-1228,PRIMARY_PHONE,phone,CUST_PREMIUM_001813
CUST_PREMIUM_001813,3175,ISSUED_CARD,card_last4,CUST_PREMIUM_001813
kai.nguyen@atlasmail.net,ck_67932fcd15,SESSION_COOKIE,cookie,CUST_PREMIUM_001813
kai.nguyen@atlasmail.net,dev_d3c887011d,AUTHENTICATED_DEVICE,device_id,CUST_PREMIUM_001813
CUST_PREMIUM_001814,jonahlopez@atlasmail.net,PRIMARY_EMAIL,email,CUST_PREMIUM_001814
CUST_PREMIUM_001814,+1 (617) 258-9147,PRIMARY_PHONE,phone,CUST_PREMIUM_001814
CUST_PREMIUM_001814,1411,ISSUED_CARD,card_last4,CUST_PREMIUM_001814
jonahlopez@atlasmail.net,ck_6d13c59752,SESSION_COOKIE,cookie,CUST_PREMIUM_001814
jonahlopez@atlasmail.net,dev_51fd79f8a6,AUTHENTICATED_DEVICE,device_id,CUST_PREMIUM_001814
CUST_PREMIUM_001815,noahadams@capital-demo.org,PRIMARY_EMAIL,email,CUST_PREMIUM_001815
CUST_PREMIUM_001815,+1 (416) 339-7066,PRIMARY_PHONE,phone,CUST_PREMIUM_001815
CUST_PREMIUM_001815,9279,ISSUED_CARD,card_last4,CUST_PREMIUM_001815
noahadams@capital-demo.org,ck_60cb5e4602,SESSION_COOKIE,cookie,CUST_PREMIUM_001815
noahadams@capital-demo.org,dev_8a96084afe,AUTHENTICATED_DEVICE,device_id,CUST_PREMIUM_001815
CUST_PREMIUM_001816,r.ahmed@northstar.org,PRIMARY_EMAIL,email,CUST_PREMIUM_001816
CUST_PREMIUM_001816,+1 (404) 343-4985,PRIMARY_PHONE,phone,CUST_PREMIUM_001816
CUST_PREMIUM_001816,2672,ISSUED_CARD,card_last4,CUST_PREMIUM_001816
r.ahmed@northstar.org,ck_12eeaab111,SESSION_COOKIE,cookie,CUST_PREMIUM_001816
r.ahmed@northstar.org,ck_285679fb6b,SESSION_COOKIE,cookie,CUST_PREMIUM_001816
r.ahmed@northstar.org,dev_8fc01207a5,AUTHENTICATED_DEVICE,device_id,CUST_PREMIUM_001816
CUST_PREMIUM_001817,diego.turner@harbor.example,PRIMARY_EMAIL,email,CUST_PREMIUM_001817
CUST_PREMIUM_001817,+1 (416) 413-2904,PRIMARY_PHONE,phone,CUST_PREMIUM_001817
CUST_PREMIUM_001817,3412,ISSUED_CARD,card_last4,CUST_PREMIUM_001817
diego.turner@harbor.example,ck_5b6f08e775,SESSION_COOKIE,cookie,CUST_PREMIUM_001817
diego.turner@harbor.example,ck_2c949944e5,SESSION_COOKIE,cookie,CUST_PREMIUM_001817
diego.turner@harbor.example,dev_9e0da50745,AUTHENTICATED_DEVICE,device_id,CUST_PREMIUM_001817
CUST_PREMIUM_001818,akira.carter41@orchardmail.com,PRIMARY_EMAIL,email,CUST_PREMIUM_001818
CUST_PREMIUM_001818,+1 (212) 329-0823,PRIMARY_PHONE,phone,CUST_PREMIUM_001818
CUST_PREMIUM_001818,3118,ISSUED_CARD,card_last4,CUST_PREMIUM_001818
akira.carter41@orchardmail.com,ck_22abb57f18,SESSION_COOKIE,cookie,CUST_PREMIUM_001818
akira.carter41@orchardmail.com,ck_2822ea8b47,SESSION_COOKIE,cookie,CUST_PREMIUM_001818
akira.carter41@orchardmail.com,dev_8831b9b491,AUTHENTICATED_DEVICE,device_id,CUST_PREMIUM_001818
akira.carter41@orchardmail.com,dev_127b033a19,AUTHENTICATED_DEVICE,device_id,CUST_PREMIUM_001818
CUST_PREMIUM_001819,a.walker@example.com,PRIMARY_EMAIL,email,CUST_PREMIUM_001819
CUST_PREMIUM_001819,+1 (214) 410-8742,PRIMARY_PHONE,phone,CUST_PREMIUM_001819
CUST_PREMIUM_001819,9779,ISSUED_CARD,card_last4,CUST_PREMIUM_001819
a.walker@example.com,ck_11311eeb27,SESSION_COOKIE,cookie,CUST_PREMIUM_001819
a.walker@example.com,ck_b3a7fa96e6,SESSION_COOKIE,cookie,CUST_PREMIUM_001819
a.walker@example.com,dev_96f66bd7d7,AUTHENTICATED_DEVICE,device_id,CUST_PREMIUM_001819
a.walker@example.com,dev_shared_c1108f8fa,AUTHENTICATED_DEVICE,device_id,CUST_PREMIUM_001819
CUST_PREMIUM_001820,r.brown@orchardmail.com,PRIMARY_EMAIL,email,CUST_PREMIUM_001820
CUST_PREMIUM_001820,+1 (214) 447-6661,PRIMARY_PHONE,phone,CUST_PREMIUM_001820
CUST_PREMIUM_001820,7233,ISSUED_CARD,card_last4,CUST_PREMIUM_001820
r.brown@orchardmail.com,ck_1c2d7ab547,SESSION_COOKIE,cookie,CUST_PREMIUM_001820
r.brown@orchardmail.com,dev_c752dc6a9a,AUTHENTICATED_DEVICE,device_id,CUST_PREMIUM_001820
CUST_PREMIUM_001821,rei.wright44@orchardmail.com,PRIMARY_EMAIL,email,CUST_PREMIUM_001821
CUST_PREMIUM_001821,+1 (646) 550-4580,PRIMARY_PHONE,phone,CUST_PREMIUM_001821
CUST_PREMIUM_001821,2736,ISSUED_CARD,card_last4,CUST_PREMIUM_001821
rei.wright44@orchardmail.com,ck_6373ba3d0a,SESSION_COOKIE,cookie,CUST_PREMIUM_001821
rei.wright44@orchardmail.com,dev_ae99218418,AUTHENTICATED_DEVICE,device_id,CUST_PREMIUM_001821
CUST_PREMIUM_001822,theo.reed@bluepeak.co,PRIMARY_EMAIL,email,CUST_PREMIUM_001822
CUST_PREMIUM_001822,+1 (310) 488-2499,PRIMARY_PHONE,phone,CUST_PREMIUM_001822
CUST_PREMIUM_001822,2016,ISSUED_CARD,card_last4,CUST_PREMIUM_001822
theo.reed@bluepeak.co,ck_1fb25f8dd0,SESSION_COOKIE,cookie,CUST_PREMIUM_001822
theo.reed@bluepeak.co,dev_60060e30e2,AUTHENTICATED_DEVICE,device_id,CUST_PREMIUM_001822
CUST_PREMIUM_001823,lewis.aisha@northstar.org,PRIMARY_EMAIL,email,CUST_PREMIUM_001823
CUST_PREMIUM_001823,+1 (206) 580-0418,PRIMARY_PHONE,phone,CUST_PREMIUM_001823
CUST_PREMIUM_001823,1790,ISSUED_CARD,card_last4,CUST_PREMIUM_001823
lewis.aisha@northstar.org,ck_6e0f8802d0,SESSION_COOKIE,cookie,CUST_PREMIUM_001823
lewis.aisha@northstar.org,ck_37105941b5,SESSION_COOKIE,cookie,CUST_PREMIUM_001823
lewis.aisha@northstar.org,dev_2912994f14,AUTHENTICATED_DEVICE,device_id,CUST_PREMIUM_001823
lewis.aisha@northstar.org,dev_shared_05e0df469,AUTHENTICATED_DEVICE,device_id,CUST_PREMIUM_001823
CUST_PREMIUM_001824,zara.lee47@orchardmail.com,PRIMARY_EMAIL,email,CUST_PREMIUM_001824
CUST_PREMIUM_001824,+1 (305) 606-8337,PRIMARY_PHONE,phone,CUST_PREMIUM_001824
CUST_PREMIUM_001824,3356,ISSUED_CARD,card_last4,CUST_PREMIUM_001824
zara.lee47@orchardmail.com,ck_76a662a369,SESSION_COOKIE,cookie,CUST_PREMIUM_001824
zara.lee47@orchardmail.com,dev_96033c7c36,AUTHENTICATED_DEVICE,device_id,CUST_PREMIUM_001824
zara.lee47@orchardmail.com,dev_4bec7b7a66,AUTHENTICATED_DEVICE,device_id,CUST_PREMIUM_001824
zara.lee47@orchardmail.com,dev_39e207e260,AUTHENTICATED_DEVICE,device_id,CUST_PREMIUM_001824
CUST_PREMIUM_001825,nathan.evans48@example.com,PRIMARY_EMAIL,email,CUST_PREMIUM_001825
CUST_PREMIUM_001825,+1 (917) 731-6256,PRIMARY_PHONE,phone,CUST_PREMIUM_001825
CUST_PREMIUM_001825,7054,ISSUED_CARD,card_last4,CUST_PREMIUM_001825
nathan.evans48@example.com,ck_8537a52923,SESSION_COOKIE,cookie,CUST_PREMIUM_001825
nathan.evans48@example.com,dev_e56c4b0b07,AUTHENTICATED_DEVICE,device_id,CUST_PREMIUM_001825
nathan.evans48@example.com,dev_3af5c9b201,AUTHENTICATED_DEVICE,device_id,CUST_PREMIUM_001825
CUST_PREMIUM_001826,priya.ito@summitmail.net,PRIMARY_EMAIL,email,CUST_PREMIUM_001826
CUST_PREMIUM_001826,+1 (404) 713-4175,PRIMARY_PHONE,phone,CUST_PREMIUM_001826
CUST_PREMIUM_001826,6383,ISSUED_CARD,card_last4,CUST_PREMIUM_001826
priya.ito@summitmail.net,ck_88704a3a08,SESSION_COOKIE,cookie,CUST_PREMIUM_001826
priya.ito@summitmail.net,ck_2839bca965,SESSION_COOKIE,cookie,CUST_PREMIUM_001826
priya.ito@summitmail.net,dev_fbc405e584,AUTHENTICATED_DEVICE,device_id,CUST_PREMIUM_001826
CUST_PREMIUM_001827,sara.bennett50@vectorlabs.co,PRIMARY_EMAIL,email,CUST_PREMIUM_001827
CUST_PREMIUM_001827,+1 (202) 761-2094,PRIMARY_PHONE,phone,CUST_PREMIUM_001827
CUST_PREMIUM_001827,9337,ISSUED_CARD,card_last4,CUST_PREMIUM_001827
sara.bennett50@vectorlabs.co,ck_d0456fc1d1,SESSION_COOKIE,cookie,CUST_PREMIUM_001827
sara.bennett50@vectorlabs.co,dev_595000d4e6,AUTHENTICATED_DEVICE,device_id,CUST_PREMIUM_001827
sara.bennett50@vectorlabs.co,dev_shared_30c9d1199,AUTHENTICATED_DEVICE,device_id,CUST_PREMIUM_001827
CUST_PREMIUM_001828,mianakamura@harbor.example,PRIMARY_EMAIL,email,CUST_PREMIUM_001828
CUST_PREMIUM_001828,+1 (310) 710-0013,PRIMARY_PHONE,phone,CUST_PREMIUM_001828
CUST_PREMIUM_001828,7066,ISSUED_CARD,card_last4,CUST_PREMIUM_001828
mianakamura@harbor.example,ck_179e437782,SESSION_COOKIE,cookie,CUST_PREMIUM_001828
mianakamura@harbor.example,dev_4c819b8409,AUTHENTICATED_DEVICE,device_id,CUST_PREMIUM_001828
CUST_PREMIUM_001829,nikhil.young@vectorlabs.co,PRIMARY_EMAIL,email,CUST_PREMIUM_001829
CUST_PREMIUM_001829,+1 (212) 736-7932,PRIMARY_PHONE,phone,CUST_PREMIUM_001829
CUST_PREMIUM_001829,4498,ISSUED_CARD,card_last4,CUST_PREMIUM_001829
nikhil.young@vectorlabs.co,ck_687b6bceaf,SESSION_COOKIE,cookie,CUST_PREMIUM_001829
nikhil.young@vectorlabs.co,dev_be14b36a70,AUTHENTICATED_DEVICE,device_id,CUST_PREMIUM_001829
nikhil.young@vectorlabs.co,dev_shared_480857b24,AUTHENTICATED_DEVICE,device_id,CUST_PREMIUM_001829
CUST_PREMIUM_001830,leo.roy@example.com,PRIMARY_EMAIL,email,CUST_PREMIUM_001830
CUST_PREMIUM_001830,+1 (212) 773-5851,PRIMARY_PHONE,phone,CUST_PREMIUM_001830
CUST_PREMIUM_001830,1693,ISSUED_CARD,card_last4,CUST_PREMIUM_001830
leo.roy@example.com,ck_3a0a0a4163,SESSION_COOKIE,cookie,CUST_PREMIUM_001830
leo.roy@example.com,dev_78bc3dd1e2,AUTHENTICATED_DEVICE,device_id,CUST_PREMIUM_001830
CUST_PREMIUM_001831,rossi.aisha@summitmail.net,PRIMARY_EMAIL,email,CUST_PREMIUM_001831
CUST_PREMIUM_001831,+1 (646) 220-3770,PRIMARY_PHONE,phone,CUST_PREMIUM_001831
CUST_PREMIUM_001831,6441,ISSUED_CARD,card_last4,CUST_PREMIUM_001831
rossi.aisha@summitmail.net,ck_2a785f41fc,SESSION_COOKIE,cookie,CUST_PREMIUM_001831
rossi.aisha@summitmail.net,dev_e724b0a332,AUTHENTICATED_DEVICE,device_id,CUST_PREMIUM_001831
CUST_PREMIUM_001832,vance.nikhil@atlasmail.net,PRIMARY_EMAIL,email,CUST_PREMIUM_001832
CUST_PREMIUM_001832,+1 (650) 279-1689,PRIMARY_PHONE,phone,CUST_PREMIUM_001832
CUST_PREMIUM_001832,6988,ISSUED_CARD,card_last4,CUST_PREMIUM_001832
vance.nikhil@atlasmail.net,ck_ace9f9dd13,SESSION_COOKIE,cookie,CUST_PREMIUM_001832
vance.nikhil@atlasmail.net,dev_c7cd6125f7,AUTHENTICATED_DEVICE,device_id,CUST_PREMIUM_001832
vance.nikhil@atlasmail.net,dev_shared_9d7adc054,AUTHENTICATED_DEVICE,device_id,CUST_PREMIUM_001832
CUST_PREMIUM_001833,nikhiljohnson@summitmail.net,PRIMARY_EMAIL,email,CUST_PREMIUM_001833
CUST_PREMIUM_001833,+1 (212) 884-9608,PRIMARY_PHONE,phone,CUST_PREMIUM_001833
CUST_PREMIUM_001833,1542,ISSUED_CARD,card_last4,CUST_PREMIUM_001833
nikhiljohnson@summitmail.net,ck_f26786a033,SESSION_COOKIE,cookie,CUST_PREMIUM_001833
nikhiljohnson@summitmail.net,dev_c96d55026f,AUTHENTICATED_DEVICE,device_id,CUST_PREMIUM_001833
CUST_PREMIUM_001834,kai.chen57@northstar.org,PRIMARY_EMAIL,email,CUST_PREMIUM_001834
CUST_PREMIUM_001834,+1 (212) 221-7527,PRIMARY_PHONE,phone,CUST_PREMIUM_001834
CUST_PREMIUM_001834,8152,ISSUED_CARD,card_last4,CUST_PREMIUM_001834
kai.chen57@northstar.org,ck_5bea1a61bb,SESSION_COOKIE,cookie,CUST_PREMIUM_001834
kai.chen57@northstar.org,ck_74317cc6a3,SESSION_COOKIE,cookie,CUST_PREMIUM_001834
kai.chen57@northstar.org,dev_aaf4bbedb1,AUTHENTICATED_DEVICE,device_id,CUST_PREMIUM_001834
CUST_PREMIUM_001835,noahpatel@bluepeak.co,PRIMARY_EMAIL,email,CUST_PREMIUM_001835
CUST_PREMIUM_001835,+1 (469) 423-5446,PRIMARY_PHONE,phone,CUST_PREMIUM_001835
CUST_PREMIUM_001835,2339,ISSUED_CARD,card_last4,CUST_PREMIUM_001835
noahpatel@bluepeak.co,ck_00fc30520e,SESSION_COOKIE,cookie,CUST_PREMIUM_001835
noahpatel@bluepeak.co,dev_2a66db77d0,AUTHENTICATED_DEVICE,device_id,CUST_PREMIUM_001835
noahpatel@bluepeak.co,dev_7703e7e22a,AUTHENTICATED_DEVICE,device_id,CUST_PREMIUM_001835
noahpatel@bluepeak.co,dev_shared_2421bb398,AUTHENTICATED_DEVICE,device_id,CUST_PREMIUM_001835
CUST_PREMIUM_001836,leo.rodriguez59@harbor.example,PRIMARY_EMAIL,email,CUST_PREMIUM_001836
CUST_PREMIUM_001836,+1 (415) 328-3365,PRIMARY_PHONE,phone,CUST_PREMIUM_001836
CUST_PREMIUM_001836,0417,ISSUED_CARD,card_last4,CUST_PREMIUM_001836
leo.rodriguez59@harbor.example,ck_bcc6cd6d17,SESSION_COOKIE,cookie,CUST_PREMIUM_001836
leo.rodriguez59@harbor.example,ck_bb141c56fe,SESSION_COOKIE,cookie,CUST_PREMIUM_001836
leo.rodriguez59@harbor.example,dev_b61384668a,AUTHENTICATED_DEVICE,device_id,CUST_PREMIUM_001836
leo.rodriguez59@harbor.example,dev_shared_f59b53e17,AUTHENTICATED_DEVICE,device_id,CUST_PREMIUM_001836
CUST_PREMIUM_001837,noah.vance60@bluepeak.co,PRIMARY_EMAIL,email,CUST_PREMIUM_001837
CUST_PREMIUM_001837,+1 (305) 387-1284,PRIMARY_PHONE,phone,CUST_PREMIUM_001837
CUST_PREMIUM_001837,6839,ISSUED_CARD,card_last4,CUST_PREMIUM_001837
noah.vance60@bluepeak.co,ck_d1a6c56022,SESSION_COOKIE,cookie,CUST_PREMIUM_001837
noah.vance60@bluepeak.co,dev_c256c7b177,AUTHENTICATED_DEVICE,device_id,CUST_PREMIUM_001837
CUST_PREMIUM_001838,hiro.morris61@northstar.org,PRIMARY_EMAIL,email,CUST_PREMIUM_001838
CUST_PREMIUM_001838,+1 (310) 380-9203,PRIMARY_PHONE,phone,CUST_PREMIUM_001838
CUST_PREMIUM_001838,1049,ISSUED_CARD,card_last4,CUST_PREMIUM_001838
hiro.morris61@northstar.org,ck_eee081467a,SESSION_COOKIE,cookie,CUST_PREMIUM_001838
hiro.morris61@northstar.org,dev_2d4be77a46,AUTHENTICATED_DEVICE,device_id,CUST_PREMIUM_001838
hiro.morris61@northstar.org,dev_3d8694db6e,AUTHENTICATED_DEVICE,device_id,CUST_PREMIUM_001838
CUST_PREMIUM_001839,clark.chloe@harbor.example,PRIMARY_EMAIL,email,CUST_PREMIUM_001839
CUST_PREMIUM_001839,+1 (404) 494-7122,PRIMARY_PHONE,phone,CUST_PREMIUM_001839
CUST_PREMIUM_001839,8412,ISSUED_CARD,card_last4,CUST_PREMIUM_001839
clark.chloe@harbor.example,ck_1732ffa80b,SESSION_COOKIE,cookie,CUST_PREMIUM_001839
clark.chloe@harbor.example,dev_6884111285,AUTHENTICATED_DEVICE,device_id,CUST_PREMIUM_001839
CUST_PREMIUM_001840,jack.white63@capital-demo.org,PRIMARY_EMAIL,email,CUST_PREMIUM_001840
CUST_PREMIUM_001840,+1 (310) 454-5041,PRIMARY_PHONE,phone,CUST_PREMIUM_001840
CUST_PREMIUM_001840,6732,ISSUED_CARD,card_last4,CUST_PREMIUM_001840
jack.white63@capital-demo.org,ck_6feceb4dff,SESSION_COOKIE,cookie,CUST_PREMIUM_001840
jack.white63@capital-demo.org,dev_137e994e0a,AUTHENTICATED_DEVICE,device_id,CUST_PREMIUM_001840
jack.white63@capital-demo.org,dev_12b2237b03,AUTHENTICATED_DEVICE,device_id,CUST_PREMIUM_001840
CUST_PREMIUM_001841,eliaspatel@summitmail.net,PRIMARY_EMAIL,email,CUST_PREMIUM_001841
CUST_PREMIUM_001841,+1 (212) 480-2960,PRIMARY_PHONE,phone,CUST_PREMIUM_001841
CUST_PREMIUM_001841,8169,ISSUED_CARD,card_last4,CUST_PREMIUM_001841
eliaspatel@summitmail.net,ck_41291b9d69,SESSION_COOKIE,cookie,CUST_PREMIUM_001841
eliaspatel@summitmail.net,dev_76cdf6737a,AUTHENTICATED_DEVICE,device_id,CUST_PREMIUM_001841
CUST_PREMIUM_001842,m.morgan@bluepeak.co,PRIMARY_EMAIL,email,CUST_PREMIUM_001842
CUST_PREMIUM_001842,+1 (212) 517-0879,PRIMARY_PHONE,phone,CUST_PREMIUM_001842
CUST_PREMIUM_001842,2883,ISSUED_CARD,card_last4,CUST_PREMIUM_001842
m.morgan@bluepeak.co,ck_57f6450596,SESSION_COOKIE,cookie,CUST_PREMIUM_001842
m.morgan@bluepeak.co,dev_2ff2369a6f,AUTHENTICATED_DEVICE,device_id,CUST_PREMIUM_001842
CUST_PREMIUM_001843,aditi.khan66@northstar.org,PRIMARY_EMAIL,email,CUST_PREMIUM_001843
CUST_PREMIUM_001843,+1 (206) 620-8798,PRIMARY_PHONE,phone,CUST_PREMIUM_001843
CUST_PREMIUM_001843,4009,ISSUED_CARD,card_last4,CUST_PREMIUM_001843
aditi.khan66@northstar.org,ck_461cee0820,SESSION_COOKIE,cookie,CUST_PREMIUM_001843
aditi.khan66@northstar.org,ck_be5e2657d6,SESSION_COOKIE,cookie,CUST_PREMIUM_001843
aditi.khan66@northstar.org,ck_a56e2a905b,SESSION_COOKIE,cookie,CUST_PREMIUM_001843
aditi.khan66@northstar.org,dev_5d1b3706fb,AUTHENTICATED_DEVICE,device_id,CUST_PREMIUM_001843
CUST_PREMIUM_001844,daniel.white@summitmail.net,PRIMARY_EMAIL,email,CUST_PREMIUM_001844
CUST_PREMIUM_001844,+1 (416) 712-6717,PRIMARY_PHONE,phone,CUST_PREMIUM_001844
CUST_PREMIUM_001844,8134,ISSUED_CARD,card_last4,CUST_PREMIUM_001844
daniel.white@summitmail.net,ck_4774ae4018,SESSION_COOKIE,cookie,CUST_PREMIUM_001844
daniel.white@summitmail.net,dev_920a471b5b,AUTHENTICATED_DEVICE,device_id,CUST_PREMIUM_001844
CUST_PREMIUM_001845,leo.robinson68@summitmail.net,PRIMARY_EMAIL,email,CUST_PREMIUM_001845
CUST_PREMIUM_001845,+1 (206) 694-4636,PRIMARY_PHONE,phone,CUST_PREMIUM_001845
CUST_PREMIUM_001845,7874,ISSUED_CARD,card_last4,CUST_PREMIUM_001845
leo.robinson68@summitmail.net,ck_d9a3a062e5,SESSION_COOKIE,cookie,CUST_PREMIUM_001845
leo.robinson68@summitmail.net,dev_6b7a74d16b,AUTHENTICATED_DEVICE,device_id,CUST_PREMIUM_001845
CUST_PREMIUM_001846,fernandez.noah@bluepeak.co,PRIMARY_EMAIL,email,CUST_PREMIUM_001846
CUST_PREMIUM_001846,+1 (212) 665-2555,PRIMARY_PHONE,phone,CUST_PREMIUM_001846
CUST_PREMIUM_001846,8323,ISSUED_CARD,card_last4,CUST_PREMIUM_001846
fernandez.noah@bluepeak.co,ck_18ae4c97ca,SESSION_COOKIE,cookie,CUST_PREMIUM_001846
fernandez.noah@bluepeak.co,dev_0bb36dd93e,AUTHENTICATED_DEVICE,device_id,CUST_PREMIUM_001846
CUST_PREMIUM_001847,campbell.naomi@harbor.example,PRIMARY_EMAIL,email,CUST_PREMIUM_001847
CUST_PREMIUM_001847,+1 (415) 735-0474,PRIMARY_PHONE,phone,CUST_PREMIUM_001847
CUST_PREMIUM_001847,2661,ISSUED_CARD,card_last4,CUST_PREMIUM_001847
campbell.naomi@harbor.example,ck_cecef033c4,SESSION_COOKIE,cookie,CUST_PREMIUM_001847
campbell.naomi@harbor.example,dev_175bf22e4d,AUTHENTICATED_DEVICE,device_id,CUST_PREMIUM_001847
CUST_PREMIUM_001848,e.lee@bluepeak.co,PRIMARY_EMAIL,email,CUST_PREMIUM_001848
CUST_PREMIUM_001848,+1 (617) 816-8393,PRIMARY_PHONE,phone,CUST_PREMIUM_001848
CUST_PREMIUM_001848,7800,ISSUED_CARD,card_last4,CUST_PREMIUM_001848
e.lee@bluepeak.co,ck_0e1ae5de06,SESSION_COOKIE,cookie,CUST_PREMIUM_001848
e.lee@bluepeak.co,dev_9438405404,AUTHENTICATED_DEVICE,device_id,CUST_PREMIUM_001848
CUST_PREMIUM_001849,mia.chen72@capital-demo.org,PRIMARY_EMAIL,email,CUST_PREMIUM_001849
CUST_PREMIUM_001849,+1 (312) 798-6312,PRIMARY_PHONE,phone,CUST_PREMIUM_001849
CUST_PREMIUM_001849,4264,ISSUED_CARD,card_last4,CUST_PREMIUM_001849
mia.chen72@capital-demo.org,ck_4387fa5fa9,SESSION_COOKIE,cookie,CUST_PREMIUM_001849
mia.chen72@capital-demo.org,dev_6950942979,AUTHENTICATED_DEVICE,device_id,CUST_PREMIUM_001849
CUST_PREMIUM_001850,camilawalker@orchardmail.com,PRIMARY_EMAIL,email,CUST_PREMIUM_001850
CUST_PREMIUM_001850,+1 (214) 857-4231,PRIMARY_PHONE,phone,CUST_PREMIUM_001850
CUST_PREMIUM_001850,8482,ISSUED_CARD,card_last4,CUST_PREMIUM_001850
camilawalker@orchardmail.com,ck_528a39d700,SESSION_COOKIE,cookie,CUST_PREMIUM_001850
camilawalker@orchardmail.com,dev_888921627e,AUTHENTICATED_DEVICE,device_id,CUST_PREMIUM_001850
CUST_PREMIUM_001851,rafael.robinson@atlasmail.net,PRIMARY_EMAIL,email,CUST_PREMIUM_001851
CUST_PREMIUM_001851,+1 (212) 850-2150,PRIMARY_PHONE,phone,CUST_PREMIUM_001851
CUST_PREMIUM_001851,6412,ISSUED_CARD,card_last4,CUST_PREMIUM_001851
rafael.robinson@atlasmail.net,ck_7eeb9321c5,SESSION_COOKIE,cookie,CUST_PREMIUM_001851
rafael.robinson@atlasmail.net,dev_e5ca37d80e,AUTHENTICATED_DEVICE,device_id,CUST_PREMIUM_001851
CUST_PREMIUM_001852,elena.white@harbor.example,PRIMARY_EMAIL,email,CUST_PREMIUM_001852
CUST_PREMIUM_001852,+1 (917) 330-0069,PRIMARY_PHONE,phone,CUST_PREMIUM_001852
CUST_PREMIUM_001852,3162,ISSUED_CARD,card_last4,CUST_PREMIUM_001852
elena.white@harbor.example,ck_038d1c8640,SESSION_COOKIE,cookie,CUST_PREMIUM_001852
elena.white@harbor.example,dev_a6c0f3dabe,AUTHENTICATED_DEVICE,device_id,CUST_PREMIUM_001852
elena.white@harbor.example,dev_d94c3ba977,AUTHENTICATED_DEVICE,device_id,CUST_PREMIUM_001852
CUST_PREMIUM_001853,theo.carter@capital-demo.org,PRIMARY_EMAIL,email,CUST_PREMIUM_001853
CUST_PREMIUM_001853,+1 (212) 224-7988,PRIMARY_PHONE,phone,CUST_PREMIUM_001853
CUST_PREMIUM_001853,0547,ISSUED_CARD,card_last4,CUST_PREMIUM_001853
theo.carter@capital-demo.org,ck_15f45f57c1,SESSION_COOKIE,cookie,CUST_PREMIUM_001853
theo.carter@capital-demo.org,dev_6685dede17,AUTHENTICATED_DEVICE,device_id,CUST_PREMIUM_001853
CUST_PREMIUM_001854,vivianshah@summitmail.net,PRIMARY_EMAIL,email,CUST_PREMIUM_001854
CUST_PREMIUM_001854,+1 (214) 305-5907,PRIMARY_PHONE,phone,CUST_PREMIUM_001854
CUST_PREMIUM_001854,2751,ISSUED_CARD,card_last4,CUST_PREMIUM_001854
vivianshah@summitmail.net,ck_3530fa03f8,SESSION_COOKIE,cookie,CUST_PREMIUM_001854
vivianshah@summitmail.net,ck_bea90a71bc,SESSION_COOKIE,cookie,CUST_PREMIUM_001854
vivianshah@summitmail.net,ck_ad6388ab6c,SESSION_COOKIE,cookie,CUST_PREMIUM_001854
vivianshah@summitmail.net,ck_9126c32656,SESSION_COOKIE,cookie,CUST_PREMIUM_001854
vivianshah@summitmail.net,ck_cc11d76dfe,SESSION_COOKIE,cookie,CUST_PREMIUM_001854
vivianshah@summitmail.net,dev_f9b7240415,AUTHENTICATED_DEVICE,device_id,CUST_PREMIUM_001854
vivianshah@summitmail.net,dev_c4b0ae002a,AUTHENTICATED_DEVICE,device_id,CUST_PREMIUM_001854
CUST_PREMIUM_001855,thomas.kai@example.com,PRIMARY_EMAIL,email,CUST_PREMIUM_001855
CUST_PREMIUM_001855,+1 (206) 364-3826,PRIMARY_PHONE,phone,CUST_PREMIUM_001855
CUST_PREMIUM_001855,1806,ISSUED_CARD,card_last4,CUST_PREMIUM_001855
thomas.kai@example.com,ck_fdd54ce8fd,SESSION_COOKIE,cookie,CUST_PREMIUM_001855
thomas.kai@example.com,ck_bffcb88605,SESSION_COOKIE,cookie,CUST_PREMIUM_001855
thomas.kai@example.com,dev_67d711c496,AUTHENTICATED_DEVICE,device_id,CUST_PREMIUM_001855
thomas.kai@example.com,dev_4da676be9d,AUTHENTICATED_DEVICE,device_id,CUST_PREMIUM_001855
CUST_PREMIUM_001856,zoe.morris79@bluepeak.co,PRIMARY_EMAIL,email,CUST_PREMIUM_001856
CUST_PREMIUM_001856,+1 (305) 390-1745,PRIMARY_PHONE,phone,CUST_PREMIUM_001856
CUST_PREMIUM_001856,7289,ISSUED_CARD,card_last4,CUST_PREMIUM_001856
zoe.morris79@bluepeak.co,ck_d9adf39df1,SESSION_COOKIE,cookie,CUST_PREMIUM_001856
zoe.morris79@bluepeak.co,dev_1ee972e547,AUTHENTICATED_DEVICE,device_id,CUST_PREMIUM_001856
CUST_PREMIUM_001857,nikhil.kumar@capital-demo.org,PRIMARY_EMAIL,email,CUST_PREMIUM_001857
CUST_PREMIUM_001857,+1 (212) 372-9664,PRIMARY_PHONE,phone,CUST_PREMIUM_001857
CUST_PREMIUM_001857,8977,ISSUED_CARD,card_last4,CUST_PREMIUM_001857
nikhil.kumar@capital-demo.org,ck_d7df2b9164,SESSION_COOKIE,cookie,CUST_PREMIUM_001857
nikhil.kumar@capital-demo.org,dev_832f88e390,AUTHENTICATED_DEVICE,device_id,CUST_PREMIUM_001857
nikhil.kumar@capital-demo.org,dev_6f00d7cdc0,AUTHENTICATED_DEVICE,device_id,CUST_PREMIUM_001857
CUST_PREMIUM_001858,elias.thompson@northstar.org,PRIMARY_EMAIL,email,CUST_PREMIUM_001858
CUST_PREMIUM_001858,+1 (212) 409-7583,PRIMARY_PHONE,phone,CUST_PREMIUM_001858
CUST_PREMIUM_001858,4960,ISSUED_CARD,card_last4,CUST_PREMIUM_001858
elias.thompson@northstar.org,ck_c0c37593ac,SESSION_COOKIE,cookie,CUST_PREMIUM_001858
elias.thompson@northstar.org,dev_7d620fea89,AUTHENTICATED_DEVICE,device_id,CUST_PREMIUM_001858
CUST_PREMIUM_001859,n.jackson@capital-demo.org,PRIMARY_EMAIL,email,CUST_PREMIUM_001859
CUST_PREMIUM_001859,+1 (212) 446-5502,PRIMARY_PHONE,phone,CUST_PREMIUM_001859
CUST_PREMIUM_001859,1235,ISSUED_CARD,card_last4,CUST_PREMIUM_001859
n.jackson@capital-demo.org,ck_6c018ec4c6,SESSION_COOKIE,cookie,CUST_PREMIUM_001859
n.jackson@capital-demo.org,ck_882d92464c,SESSION_COOKIE,cookie,CUST_PREMIUM_001859
n.jackson@capital-demo.org,dev_9a6abde909,AUTHENTICATED_DEVICE,device_id,CUST_PREMIUM_001859
CUST_PREMIUM_001860,gracechen@vectorlabs.co,PRIMARY_EMAIL,email,CUST_PREMIUM_001860
CUST_PREMIUM_001860,+1 (312) 505-3421,PRIMARY_PHONE,phone,CUST_PREMIUM_001860
CUST_PREMIUM_001860,9644,ISSUED_CARD,card_last4,CUST_PREMIUM_001860
gracechen@vectorlabs.co,ck_0b00997d92,SESSION_COOKIE,cookie,CUST_PREMIUM_001860
gracechen@vectorlabs.co,ck_2af51918a1,SESSION_COOKIE,cookie,CUST_PREMIUM_001860
gracechen@vectorlabs.co,dev_b5783b9213,AUTHENTICATED_DEVICE,device_id,CUST_PREMIUM_001860
CUST_PREMIUM_001861,leojones@northstar.org,PRIMARY_EMAIL,email,CUST_PREMIUM_001861
CUST_PREMIUM_001861,+1 (310) 531-1340,PRIMARY_PHONE,phone,CUST_PREMIUM_001861
CUST_PREMIUM_001861,8308,ISSUED_CARD,card_last4,CUST_PREMIUM_001861
leojones@northstar.org,ck_98afad0121,SESSION_COOKIE,cookie,CUST_PREMIUM_001861
leojones@northstar.org,ck_f65279f370,SESSION_COOKIE,cookie,CUST_PREMIUM_001861
leojones@northstar.org,dev_e801b4a627,AUTHENTICATED_DEVICE,device_id,CUST_PREMIUM_001861
CUST_PREMIUM_001862,l.cooper@atlasmail.net,PRIMARY_EMAIL,email,CUST_PREMIUM_001862
CUST_PREMIUM_001862,+1 (310) 568-9259,PRIMARY_PHONE,phone,CUST_PREMIUM_001862
CUST_PREMIUM_001862,8216,ISSUED_CARD,card_last4,CUST_PREMIUM_001862
l.cooper@atlasmail.net,ck_fdb6be6eee,SESSION_COOKIE,cookie,CUST_PREMIUM_001862
l.cooper@atlasmail.net,dev_8a48645555,AUTHENTICATED_DEVICE,device_id,CUST_PREMIUM_001862
CUST_PREMIUM_001863,miguelmoore@orchardmail.com,PRIMARY_EMAIL,email,CUST_PREMIUM_001863
CUST_PREMIUM_001863,+1 (312) 616-7178,PRIMARY_PHONE,phone,CUST_PREMIUM_001863
CUST_PREMIUM_001863,2912,ISSUED_CARD,card_last4,CUST_PREMIUM_001863
miguelmoore@orchardmail.com,ck_a2174f20a7,SESSION_COOKIE,cookie,CUST_PREMIUM_001863
miguelmoore@orchardmail.com,dev_30116d80c6,AUTHENTICATED_DEVICE,device_id,CUST_PREMIUM_001863
CUST_PREMIUM_001864,meera.sterling@capital-demo.org,PRIMARY_EMAIL,email,CUST_PREMIUM_001864
CUST_PREMIUM_001864,+1 (469) 796-5097,PRIMARY_PHONE,phone,CUST_PREMIUM_001864
CUST_PREMIUM_001864,8073,ISSUED_CARD,card_last4,CUST_PREMIUM_001864
meera.sterling@capital-demo.org,ck_2bc5eacf92,SESSION_COOKIE,cookie,CUST_PREMIUM_001864
meera.sterling@capital-demo.org,ck_ecfaddcbbd,SESSION_COOKIE,cookie,CUST_PREMIUM_001864
meera.sterling@capital-demo.org,ck_38fab379a1,SESSION_COOKIE,cookie,CUST_PREMIUM_001864
meera.sterling@capital-demo.org,dev_3204ebe128,AUTHENTICATED_DEVICE,device_id,CUST_PREMIUM_001864
CUST_PREMIUM_001865,nathan.sato@capital-demo.org,PRIMARY_EMAIL,email,CUST_PREMIUM_001865
CUST_PREMIUM_001865,+1 (212) 668-3016,PRIMARY_PHONE,phone,CUST_PREMIUM_001865
CUST_PREMIUM_001865,5599,ISSUED_CARD,card_last4,CUST_PREMIUM_001865
nathan.sato@capital-demo.org,ck_a968965a3c,SESSION_COOKIE,cookie,CUST_PREMIUM_001865
nathan.sato@capital-demo.org,ck_3ad429e518,SESSION_COOKIE,cookie,CUST_PREMIUM_001865
nathan.sato@capital-demo.org,dev_cb1747f733,AUTHENTICATED_DEVICE,device_id,CUST_PREMIUM_001865
CUST_PREMIUM_001866,priyaadams@harbor.example,PRIMARY_EMAIL,email,CUST_PREMIUM_001866
CUST_PREMIUM_001866,+1 (416) 826-0935,PRIMARY_PHONE,phone,CUST_PREMIUM_001866
CUST_PREMIUM_001866,7441,ISSUED_CARD,card_last4,CUST_PREMIUM_001866
priyaadams@harbor.example,ck_58495bfa6d,SESSION_COOKIE,cookie,CUST_PREMIUM_001866
priyaadams@harbor.example,ck_c8dcde0ad1,SESSION_COOKIE,cookie,CUST_PREMIUM_001866
priyaadams@harbor.example,dev_8fb2fe26d0,AUTHENTICATED_DEVICE,device_id,CUST_PREMIUM_001866
CUST_PREMIUM_001867,victoria.jones@northstar.org,PRIMARY_EMAIL,email,CUST_PREMIUM_001867
CUST_PREMIUM_001867,+1 (206) 808-8854,PRIMARY_PHONE,phone,CUST_PREMIUM_001867
CUST_PREMIUM_001867,2196,ISSUED_CARD,card_last4,CUST_PREMIUM_001867
victoria.jones@northstar.org,ck_1be0bc1b88,SESSION_COOKIE,cookie,CUST_PREMIUM_001867
victoria.jones@northstar.org,ck_e001ee6cbe,SESSION_COOKIE,cookie,CUST_PREMIUM_001867
victoria.jones@northstar.org,ck_dd0307610d,SESSION_COOKIE,cookie,CUST_PREMIUM_001867
victoria.jones@northstar.org,dev_23d847da60,AUTHENTICATED_DEVICE,device_id,CUST_PREMIUM_001867
CUST_PREMIUM_001868,andre.chen@summitmail.net,PRIMARY_EMAIL,email,CUST_PREMIUM_001868
CUST_PREMIUM_001868,+1 (206) 845-6773,PRIMARY_PHONE,phone,CUST_PREMIUM_001868
CUST_PREMIUM_001868,3518,ISSUED_CARD,card_last4,CUST_PREMIUM_001868
andre.chen@summitmail.net,ck_70bf8014d0,SESSION_COOKIE,cookie,CUST_PREMIUM_001868
andre.chen@summitmail.net,ck_8572e16d1f,SESSION_COOKIE,cookie,CUST_PREMIUM_001868
andre.chen@summitmail.net,ck_ea85124ac2,SESSION_COOKIE,cookie,CUST_PREMIUM_001868
andre.chen@summitmail.net,dev_e0ca9b0ae2,AUTHENTICATED_DEVICE,device_id,CUST_PREMIUM_001868
CUST_PREMIUM_001869,sora.patel92@harbor.example,PRIMARY_EMAIL,email,CUST_PREMIUM_001869
CUST_PREMIUM_001869,+1 (312) 838-4692,PRIMARY_PHONE,phone,CUST_PREMIUM_001869
CUST_PREMIUM_001869,9972,ISSUED_CARD,card_last4,CUST_PREMIUM_001869
sora.patel92@harbor.example,ck_5b3457853e,SESSION_COOKIE,cookie,CUST_PREMIUM_001869
sora.patel92@harbor.example,dev_409a546a63,AUTHENTICATED_DEVICE,device_id,CUST_PREMIUM_001869
CUST_PREMIUM_001870,maya.jackson93@northstar.org,PRIMARY_EMAIL,email,CUST_PREMIUM_001870
CUST_PREMIUM_001870,+1 (310) 864-2611,PRIMARY_PHONE,phone,CUST_PREMIUM_001870
CUST_PREMIUM_001870,0121,ISSUED_CARD,card_last4,CUST_PREMIUM_001870
maya.jackson93@northstar.org,ck_c0c71020a0,SESSION_COOKIE,cookie,CUST_PREMIUM_001870
maya.jackson93@northstar.org,ck_cd1c84156b,SESSION_COOKIE,cookie,CUST_PREMIUM_001870
maya.jackson93@northstar.org,dev_613425fe19,AUTHENTICATED_DEVICE,device_id,CUST_PREMIUM_001870
CUST_PREMIUM_001871,harper.lopez@capital-demo.org,PRIMARY_EMAIL,email,CUST_PREMIUM_001871
CUST_PREMIUM_001871,+1 (212) 890-0530,PRIMARY_PHONE,phone,CUST_PREMIUM_001871
CUST_PREMIUM_001871,4237,ISSUED_CARD,card_last4,CUST_PREMIUM_001871
harper.lopez@capital-demo.org,ck_d63984b49c,SESSION_COOKIE,cookie,CUST_PREMIUM_001871
harper.lopez@capital-demo.org,dev_b4672bafb5,AUTHENTICATED_DEVICE,device_id,CUST_PREMIUM_001871
harper.lopez@capital-demo.org,dev_shared_262547b98,AUTHENTICATED_DEVICE,device_id,CUST_PREMIUM_001871
CUST_PREMIUM_001872,eleanor.martin95@northstar.org,PRIMARY_EMAIL,email,CUST_PREMIUM_001872
CUST_PREMIUM_001872,+1 (646) 337-8449,PRIMARY_PHONE,phone,CUST_PREMIUM_001872
CUST_PREMIUM_001872,2853,ISSUED_CARD,card_last4,CUST_PREMIUM_001872
eleanor.martin95@northstar.org,ck_8c98c3412d,SESSION_COOKIE,cookie,CUST_PREMIUM_001872
eleanor.martin95@northstar.org,dev_358e9ee407,AUTHENTICATED_DEVICE,device_id,CUST_PREMIUM_001872
CUST_PREMIUM_001873,leorossi@summitmail.net,PRIMARY_EMAIL,email,CUST_PREMIUM_001873
CUST_PREMIUM_001873,+1 (202) 363-6368,PRIMARY_PHONE,phone,CUST_PREMIUM_001873
CUST_PREMIUM_001873,8467,ISSUED_CARD,card_last4,CUST_PREMIUM_001873
leorossi@summitmail.net,ck_3e9f840702,SESSION_COOKIE,cookie,CUST_PREMIUM_001873
leorossi@summitmail.net,dev_8d364846cb,AUTHENTICATED_DEVICE,device_id,CUST_PREMIUM_001873
CUST_PREMIUM_001874,emma.smith0@atlasmail.net,PRIMARY_EMAIL,email,CUST_PREMIUM_001874
CUST_PREMIUM_001874,+1 (469) 466-4287,PRIMARY_PHONE,phone,CUST_PREMIUM_001874
CUST_PREMIUM_001874,5317,ISSUED_CARD,card_last4,CUST_PREMIUM_001874
emma.smith0@atlasmail.net,ck_6fcaba41e5,SESSION_COOKIE,cookie,CUST_PREMIUM_001874
emma.smith0@atlasmail.net,ck_08df0fad2f,SESSION_COOKIE,cookie,CUST_PREMIUM_001874
emma.smith0@atlasmail.net,dev_c1cfe52d23,AUTHENTICATED_DEVICE,device_id,CUST_PREMIUM_001874
CUST_PREMIUM_001875,jasmine.smith@example.com,PRIMARY_EMAIL,email,CUST_PREMIUM_001875
CUST_PREMIUM_001875,+1 (212) 338-2206,PRIMARY_PHONE,phone,CUST_PREMIUM_001875
CUST_PREMIUM_001875,7964,ISSUED_CARD,card_last4,CUST_PREMIUM_001875
jasmine.smith@example.com,ck_dd1f104d26,SESSION_COOKIE,cookie,CUST_PREMIUM_001875
jasmine.smith@example.com,dev_3e7bf12685,AUTHENTICATED_DEVICE,device_id,CUST_PREMIUM_001875
CUST_PREMIUM_001876,brown.akira@orchardmail.com,PRIMARY_EMAIL,email,CUST_PREMIUM_001876
CUST_PREMIUM_001876,+1 (404) 463-0125,PRIMARY_PHONE,phone,CUST_PREMIUM_001876
CUST_PREMIUM_001876,6922,ISSUED_CARD,card_last4,CUST_PREMIUM_001876
brown.akira@orchardmail.com,ck_c4c9234bb5,SESSION_COOKIE,cookie,CUST_PREMIUM_001876
brown.akira@orchardmail.com,dev_4d6e1d2ebb,AUTHENTICATED_DEVICE,device_id,CUST_PREMIUM_001876
CUST_PREMIUM_001877,a.gupta@vectorlabs.co,PRIMARY_EMAIL,email,CUST_PREMIUM_001877
CUST_PREMIUM_001877,+1 (917) 555-8044,PRIMARY_PHONE,phone,CUST_PREMIUM_001877
CUST_PREMIUM_001877,4656,ISSUED_CARD,card_last4,CUST_PREMIUM_001877
a.gupta@vectorlabs.co,ck_a5d0dec0d4,SESSION_COOKIE,cookie,CUST_PREMIUM_001877
a.gupta@vectorlabs.co,dev_92430b58cc,AUTHENTICATED_DEVICE,device_id,CUST_PREMIUM_001877
CUST_PREMIUM_001878,i.turner@summitmail.net,PRIMARY_EMAIL,email,CUST_PREMIUM_001878
CUST_PREMIUM_001878,+1 (214) 493-5963,PRIMARY_PHONE,phone,CUST_PREMIUM_001878
CUST_PREMIUM_001878,2422,ISSUED_CARD,card_last4,CUST_PREMIUM_001878
i.turner@summitmail.net,ck_ea8ffd3714,SESSION_COOKIE,cookie,CUST_PREMIUM_001878
i.turner@summitmail.net,dev_b5eb232eea,AUTHENTICATED_DEVICE,device_id,CUST_PREMIUM_001878
CUST_PREMIUM_001879,khan.nathan@orchardmail.com,PRIMARY_EMAIL,email,CUST_PREMIUM_001879
CUST_PREMIUM_001879,+1 (415) 519-3882,PRIMARY_PHONE,phone,CUST_PREMIUM_001879
CUST_PREMIUM_001879,8958,ISSUED_CARD,card_last4,CUST_PREMIUM_001879
khan.nathan@orchardmail.com,ck_3de5870240,SESSION_COOKIE,cookie,CUST_PREMIUM_001879
khan.nathan@orchardmail.com,ck_f0965490ae,SESSION_COOKIE,cookie,CUST_PREMIUM_001879
khan.nathan@orchardmail.com,ck_820cbb401e,SESSION_COOKIE,cookie,CUST_PREMIUM_001879
khan.nathan@orchardmail.com,ck_ecf8eeba46,SESSION_COOKIE,cookie,CUST_PREMIUM_001879
khan.nathan@orchardmail.com,dev_537765790c,AUTHENTICATED_DEVICE,device_id,CUST_PREMIUM_001879
khan.nathan@orchardmail.com,dev_3fc926bbd0,AUTHENTICATED_DEVICE,device_id,CUST_PREMIUM_001879
CUST_PREMIUM_001880,isabella.shah@summitmail.net,PRIMARY_EMAIL,email,CUST_PREMIUM_001880
CUST_PREMIUM_001880,+1 (214) 567-1801,PRIMARY_PHONE,phone,CUST_PREMIUM_001880
CUST_PREMIUM_001880,2447,ISSUED_CARD,card_last4,CUST_PREMIUM_001880
isabella.shah@summitmail.net,ck_c7545a29da,SESSION_COOKIE,cookie,CUST_PREMIUM_001880
isabella.shah@summitmail.net,dev_9ddd3968af,AUTHENTICATED_DEVICE,device_id,CUST_PREMIUM_001880
CUST_PREMIUM_001881,garcia.ethan@orchardmail.com,PRIMARY_EMAIL,email,CUST_PREMIUM_001881
CUST_PREMIUM_001881,+1 (310) 571-9720,PRIMARY_PHONE,phone,CUST_PREMIUM_001881
CUST_PREMIUM_001881,6849,ISSUED_CARD,card_last4,CUST_PREMIUM_001881
garcia.ethan@orchardmail.com,ck_e202296113,SESSION_COOKIE,cookie,CUST_PREMIUM_001881
garcia.ethan@orchardmail.com,dev_f4c6d5233d,AUTHENTICATED_DEVICE,device_id,CUST_PREMIUM_001881
CUST_PREMIUM_001882,v.young@vectorlabs.co,PRIMARY_EMAIL,email,CUST_PREMIUM_001882
CUST_PREMIUM_001882,+1 (617) 674-7639,PRIMARY_PHONE,phone,CUST_PREMIUM_001882
CUST_PREMIUM_001882,6467,ISSUED_CARD,card_last4,CUST_PREMIUM_001882
v.young@vectorlabs.co,ck_587a31cada,SESSION_COOKIE,cookie,CUST_PREMIUM_001882
v.young@vectorlabs.co,dev_9505a55411,AUTHENTICATED_DEVICE,device_id,CUST_PREMIUM_001882
v.young@vectorlabs.co,dev_d934f50708,AUTHENTICATED_DEVICE,device_id,CUST_PREMIUM_001882
v.young@vectorlabs.co,dev_shared_00c3691a2,AUTHENTICATED_DEVICE,device_id,CUST_PREMIUM_001882
CUST_PREMIUM_001883,hernandez.theo@harbor.example,PRIMARY_EMAIL,email,CUST_PREMIUM_001883
CUST_PREMIUM_001883,+1 (415) 667-5558,PRIMARY_PHONE,phone,CUST_PREMIUM_001883
CUST_PREMIUM_001883,7465,ISSUED_CARD,card_last4,CUST_PREMIUM_001883
hernandez.theo@harbor.example,ck_c31c874fd2,SESSION_COOKIE,cookie,CUST_PREMIUM_001883
hernandez.theo@harbor.example,dev_0d0086294e,AUTHENTICATED_DEVICE,device_id,CUST_PREMIUM_001883
CUST_PREMIUM_001884,ananya.kumar10@harbor.example,PRIMARY_EMAIL,email,CUST_PREMIUM_001884
CUST_PREMIUM_001884,+1 (212) 671-3477,PRIMARY_PHONE,phone,CUST_PREMIUM_001884
CUST_PREMIUM_001884,9026,ISSUED_CARD,card_last4,CUST_PREMIUM_001884
ananya.kumar10@harbor.example,ck_ce24a73212,SESSION_COOKIE,cookie,CUST_PREMIUM_001884
ananya.kumar10@harbor.example,ck_1640bec7b2,SESSION_COOKIE,cookie,CUST_PREMIUM_001884
ananya.kumar10@harbor.example,dev_43e801c688,AUTHENTICATED_DEVICE,device_id,CUST_PREMIUM_001884
CUST_PREMIUM_001885,priyaevans@example.com,PRIMARY_EMAIL,email,CUST_PREMIUM_001885
CUST_PREMIUM_001885,+1 (917) 851-1396,PRIMARY_PHONE,phone,CUST_PREMIUM_001885
CUST_PREMIUM_001885,2639,ISSUED_CARD,card_last4,CUST_PREMIUM_001885
priyaevans@example.com,ck_a799c2d00d,SESSION_COOKIE,cookie,CUST_PREMIUM_001885
priyaevans@example.com,ck_6735422f74,SESSION_COOKIE,cookie,CUST_PREMIUM_001885
priyaevans@example.com,dev_71494bd90a,AUTHENTICATED_DEVICE,device_id,CUST_PREMIUM_001885
CUST_PREMIUM_001886,murphy.amara@capital-demo.org,PRIMARY_EMAIL,email,CUST_PREMIUM_001886
CUST_PREMIUM_001886,+1 (310) 756-9315,PRIMARY_PHONE,phone,CUST_PREMIUM_001886
CUST_PREMIUM_001886,1899,ISSUED_CARD,card_last4,CUST_PREMIUM_001886
murphy.amara@capital-demo.org,ck_a5088102b5,SESSION_COOKIE,cookie,CUST_PREMIUM_001886
murphy.amara@capital-demo.org,ck_da9bdc6a4d,SESSION_COOKIE,cookie,CUST_PREMIUM_001886
murphy.amara@capital-demo.org,dev_97cb876cff,AUTHENTICATED_DEVICE,device_id,CUST_PREMIUM_001886
CUST_PREMIUM_001887,amara.wilson@vectorlabs.co,PRIMARY_EMAIL,email,CUST_PREMIUM_001887
CUST_PREMIUM_001887,+1 (310) 793-7234,PRIMARY_PHONE,phone,CUST_PREMIUM_001887
CUST_PREMIUM_001887,4814,ISSUED_CARD,card_last4,CUST_PREMIUM_001887
amara.wilson@vectorlabs.co,ck_3a97467704,SESSION_COOKIE,cookie,CUST_PREMIUM_001887
amara.wilson@vectorlabs.co,ck_3784cf98ed,SESSION_COOKIE,cookie,CUST_PREMIUM_001887
amara.wilson@vectorlabs.co,dev_757d0fd14d,AUTHENTICATED_DEVICE,device_id,CUST_PREMIUM_001887
amara.wilson@vectorlabs.co,dev_shared_3d04316b7,AUTHENTICATED_DEVICE,device_id,CUST_PREMIUM_001887
amara.wilson@vectorlabs.co,dev_shared_4259fe9f8,AUTHENTICATED_DEVICE,device_id,CUST_PREMIUM_001887
CUST_PREMIUM_001888,k.bennett@northstar.org,PRIMARY_EMAIL,email,CUST_PREMIUM_001888
CUST_PREMIUM_001888,+1 (202) 218-5153,PRIMARY_PHONE,phone,CUST_PREMIUM_001888
CUST_PREMIUM_001888,6873,ISSUED_CARD,card_last4,CUST_PREMIUM_001888
k.bennett@northstar.org,ck_923c083c1b,SESSION_COOKIE,cookie,CUST_PREMIUM_001888
k.bennett@northstar.org,dev_0003e4a90d,AUTHENTICATED_DEVICE,device_id,CUST_PREMIUM_001888
CUST_PREMIUM_001889,e.adams@atlasmail.net,PRIMARY_EMAIL,email,CUST_PREMIUM_001889
CUST_PREMIUM_001889,+1 (650) 288-3072,PRIMARY_PHONE,phone,CUST_PREMIUM_001889
CUST_PREMIUM_001889,8659,ISSUED_CARD,card_last4,CUST_PREMIUM_001889
e.adams@atlasmail.net,ck_07f6d1c3c5,SESSION_COOKIE,cookie,CUST_PREMIUM_001889
e.adams@atlasmail.net,ck_62644e6f0d,SESSION_COOKIE,cookie,CUST_PREMIUM_001889
e.adams@atlasmail.net,dev_31c3e4ab23,AUTHENTICATED_DEVICE,device_id,CUST_PREMIUM_001889
CUST_PREMIUM_001890,davis.aisha@summitmail.net,PRIMARY_EMAIL,email,CUST_PREMIUM_001890
CUST_PREMIUM_001890,+1 (310) 204-0991,PRIMARY_PHONE,phone,CUST_PREMIUM_001890
CUST_PREMIUM_001890,0023,ISSUED_CARD,card_last4,CUST_PREMIUM_001890
davis.aisha@summitmail.net,ck_4730b7e8bc,SESSION_COOKIE,cookie,CUST_PREMIUM_001890
davis.aisha@summitmail.net,ck_eeacc2d844,SESSION_COOKIE,cookie,CUST_PREMIUM_001890
davis.aisha@summitmail.net,dev_235afe2b45,AUTHENTICATED_DEVICE,device_id,CUST_PREMIUM_001890
CUST_PREMIUM_001891,a.bennett@summitmail.net,PRIMARY_EMAIL,email,CUST_PREMIUM_001891
CUST_PREMIUM_001891,+1 (305) 285-8910,PRIMARY_PHONE,phone,CUST_PREMIUM_001891
CUST_PREMIUM_001891,8773,ISSUED_CARD,card_last4,CUST_PREMIUM_001891
a.bennett@summitmail.net,ck_20befa121c,SESSION_COOKIE,cookie,CUST_PREMIUM_001891
a.bennett@summitmail.net,ck_f4ed043611,SESSION_COOKIE,cookie,CUST_PREMIUM_001891
a.bennett@summitmail.net,dev_f9b52c8e2b,AUTHENTICATED_DEVICE,device_id,CUST_PREMIUM_001891
CUST_PREMIUM_001892,meeracampbell@atlasmail.net,PRIMARY_EMAIL,email,CUST_PREMIUM_001892
CUST_PREMIUM_001892,+1 (212) 267-6829,PRIMARY_PHONE,phone,CUST_PREMIUM_001892
CUST_PREMIUM_001892,7265,ISSUED_CARD,card_last4,CUST_PREMIUM_001892
meeracampbell@atlasmail.net,ck_a2864df039,SESSION_COOKIE,cookie,CUST_PREMIUM_001892
meeracampbell@atlasmail.net,ck_ebfec16728,SESSION_COOKIE,cookie,CUST_PREMIUM_001892
meeracampbell@atlasmail.net,dev_4c20ba839c,AUTHENTICATED_DEVICE,device_id,CUST_PREMIUM_001892
CUST_PREMIUM_001893,samuel.perez@orchardmail.com,PRIMARY_EMAIL,email,CUST_PREMIUM_001893
CUST_PREMIUM_001893,+1 (212) 304-4748,PRIMARY_PHONE,phone,CUST_PREMIUM_001893
CUST_PREMIUM_001893,3624,ISSUED_CARD,card_last4,CUST_PREMIUM_001893
samuel.perez@orchardmail.com,ck_14b2afebc0,SESSION_COOKIE,cookie,CUST_PREMIUM_001893
samuel.perez@orchardmail.com,dev_cc526c9ba5,AUTHENTICATED_DEVICE,device_id,CUST_PREMIUM_001893
samuel.perez@orchardmail.com,dev_bad5ab5e51,AUTHENTICATED_DEVICE,device_id,CUST_PREMIUM_001893
CUST_PREMIUM_001894,eleanorcooper@example.com,PRIMARY_EMAIL,email,CUST_PREMIUM_001894
CUST_PREMIUM_001894,+1 (212) 341-2667,PRIMARY_PHONE,phone,CUST_PREMIUM_001894
CUST_PREMIUM_001894,5122,ISSUED_CARD,card_last4,CUST_PREMIUM_001894
eleanorcooper@example.com,ck_d091adeadd,SESSION_COOKIE,cookie,CUST_PREMIUM_001894
eleanorcooper@example.com,dev_00d040b6a4,AUTHENTICATED_DEVICE,device_id,CUST_PREMIUM_001894
eleanorcooper@example.com,dev_shared_583800138,AUTHENTICATED_DEVICE,device_id,CUST_PREMIUM_001894
CUST_PREMIUM_001895,akira.sato@orchardmail.com,PRIMARY_EMAIL,email,CUST_PREMIUM_001895
CUST_PREMIUM_001895,+1 (646) 488-0586,PRIMARY_PHONE,phone,CUST_PREMIUM_001895
CUST_PREMIUM_001895,3841,ISSUED_CARD,card_last4,CUST_PREMIUM_001895
akira.sato@orchardmail.com,ck_5cd43e6715,SESSION_COOKIE,cookie,CUST_PREMIUM_001895
akira.sato@orchardmail.com,ck_6fc6e08af5,SESSION_COOKIE,cookie,CUST_PREMIUM_001895
akira.sato@orchardmail.com,dev_e83e3a8c91,AUTHENTICATED_DEVICE,device_id,CUST_PREMIUM_001895
CUST_PREMIUM_001896,c.martinez@capital-demo.org,PRIMARY_EMAIL,email,CUST_PREMIUM_001896
CUST_PREMIUM_001896,+1 (617) 492-8505,PRIMARY_PHONE,phone,CUST_PREMIUM_001896
CUST_PREMIUM_001896,0589,ISSUED_CARD,card_last4,CUST_PREMIUM_001896
c.martinez@capital-demo.org,ck_d9fd21f6b6,SESSION_COOKIE,cookie,CUST_PREMIUM_001896
c.martinez@capital-demo.org,dev_405d3943cc,AUTHENTICATED_DEVICE,device_id,CUST_PREMIUM_001896
CUST_PREMIUM_001897,victoriabanerjee@summitmail.net,PRIMARY_EMAIL,email,CUST_PREMIUM_001897
CUST_PREMIUM_001897,+1 (917) 595-6424,PRIMARY_PHONE,phone,CUST_PREMIUM_001897
CUST_PREMIUM_001897,5996,ISSUED_CARD,card_last4,CUST_PREMIUM_001897
victoriabanerjee@summitmail.net,ck_0f013d166d,SESSION_COOKIE,cookie,CUST_PREMIUM_001897
victoriabanerjee@summitmail.net,ck_ebbdbf3593,SESSION_COOKIE,cookie,CUST_PREMIUM_001897
victoriabanerjee@summitmail.net,ck_06dad7c9bf,SESSION_COOKIE,cookie,CUST_PREMIUM_001897
victoriabanerjee@summitmail.net,dev_847f58045e,AUTHENTICATED_DEVICE,device_id,CUST_PREMIUM_001897
CUST_PREMIUM_001898,zoe.bennett24@harbor.example,PRIMARY_EMAIL,email,CUST_PREMIUM_001898
CUST_PREMIUM_001898,+1 (214) 533-4343,PRIMARY_PHONE,phone,CUST_PREMIUM_001898
CUST_PREMIUM_001898,7515,ISSUED_CARD,card_last4,CUST_PREMIUM_001898
zoe.bennett24@harbor.example,ck_7e498a4e14,SESSION_COOKIE,cookie,CUST_PREMIUM_001898
zoe.bennett24@harbor.example,dev_d23f9902b8,AUTHENTICATED_DEVICE,device_id,CUST_PREMIUM_001898
CUST_PREMIUM_001899,sara.ito25@summitmail.net,PRIMARY_EMAIL,email,CUST_PREMIUM_001899
CUST_PREMIUM_001899,+1 (646) 636-2262,PRIMARY_PHONE,phone,CUST_PREMIUM_001899
CUST_PREMIUM_001899,1736,ISSUED_CARD,card_last4,CUST_PREMIUM_001899
sara.ito25@summitmail.net,ck_fe0e5c10ba,SESSION_COOKIE,cookie,CUST_PREMIUM_001899
sara.ito25@summitmail.net,ck_9fcd858061,SESSION_COOKIE,cookie,CUST_PREMIUM_001899
sara.ito25@summitmail.net,dev_c5b3998a7e,AUTHENTICATED_DEVICE,device_id,CUST_PREMIUM_001899
sara.ito25@summitmail.net,dev_5f163e2a41,AUTHENTICATED_DEVICE,device_id,CUST_PREMIUM_001899
CUST_PREMIUM_001900,hirovance@example.com,PRIMARY_EMAIL,email,CUST_PREMIUM_001900
CUST_PREMIUM_001900,+1 (212) 563-0181,PRIMARY_PHONE,phone,CUST_PREMIUM_001900
CUST_PREMIUM_001900,2815,ISSUED_CARD,card_last4,CUST_PREMIUM_001900
hirovance@example.com,ck_bf575bdfd1,SESSION_COOKIE,cookie,CUST_PREMIUM_001900
hirovance@example.com,ck_65dd66ddbc,SESSION_COOKIE,cookie,CUST_PREMIUM_001900
hirovance@example.com,ck_3c5b491932,SESSION_COOKIE,cookie,CUST_PREMIUM_001900
hirovance@example.com,dev_1f58489cc9,AUTHENTICATED_DEVICE,device_id,CUST_PREMIUM_001900
CUST_PREMIUM_001901,a.kapoor@harbor.example,PRIMARY_EMAIL,email,CUST_PREMIUM_001901
CUST_PREMIUM_001901,+1 (415) 633-8100,PRIMARY_PHONE,phone,CUST_PREMIUM_001901
CUST_PREMIUM_001901,8883,ISSUED_CARD,card_last4,CUST_PREMIUM_001901
a.kapoor@harbor.example,ck_cc2db68391,SESSION_COOKIE,cookie,CUST_PREMIUM_001901
a.kapoor@harbor.example,dev_58eaab3524,AUTHENTICATED_DEVICE,device_id,CUST_PREMIUM_001901
CUST_PREMIUM_001902,n.wilson@summitmail.net,PRIMARY_EMAIL,email,CUST_PREMIUM_001902
CUST_PREMIUM_001902,+1 (312) 659-6019,PRIMARY_PHONE,phone,CUST_PREMIUM_001902
CUST_PREMIUM_001902,9860,ISSUED_CARD,card_last4,CUST_PREMIUM_001902
n.wilson@summitmail.net,ck_4c7c584335,SESSION_COOKIE,cookie,CUST_PREMIUM_001902
n.wilson@summitmail.net,dev_c5519ae9fa,AUTHENTICATED_DEVICE,device_id,CUST_PREMIUM_001902
CUST_PREMIUM_001903,a.clark@orchardmail.com,PRIMARY_EMAIL,email,CUST_PREMIUM_001903
CUST_PREMIUM_001903,+1 (650) 806-3938,PRIMARY_PHONE,phone,CUST_PREMIUM_001903
CUST_PREMIUM_001903,8074,ISSUED_CARD,card_last4,CUST_PREMIUM_001903
a.clark@orchardmail.com,ck_9cf0ded168,SESSION_COOKIE,cookie,CUST_PREMIUM_001903
a.clark@orchardmail.com,dev_c7246f2ea3,AUTHENTICATED_DEVICE,device_id,CUST_PREMIUM_001903
CUST_PREMIUM_001904,k.rivera@orchardmail.com,PRIMARY_EMAIL,email,CUST_PREMIUM_001904
CUST_PREMIUM_001904,+1 (312) 733-1857,PRIMARY_PHONE,phone,CUST_PREMIUM_001904
CUST_PREMIUM_001904,2917,ISSUED_CARD,card_last4,CUST_PREMIUM_001904
k.rivera@orchardmail.com,ck_6ab6779c76,SESSION_COOKIE,cookie,CUST_PREMIUM_001904
k.rivera@orchardmail.com,ck_4a1b545e8f,SESSION_COOKIE,cookie,CUST_PREMIUM_001904
k.rivera@orchardmail.com,dev_b4273c0e3c,AUTHENTICATED_DEVICE,device_id,CUST_PREMIUM_001904
k.rivera@orchardmail.com,dev_46faacd39c,AUTHENTICATED_DEVICE,device_id,CUST_PREMIUM_001904
CUST_PREMIUM_001905,s.robinson@bluepeak.co,PRIMARY_EMAIL,email,CUST_PREMIUM_001905
CUST_PREMIUM_001905,+1 (310) 759-9776,PRIMARY_PHONE,phone,CUST_PREMIUM_001905
CUST_PREMIUM_001905,1050,ISSUED_CARD,card_last4,CUST_PREMIUM_001905
s.robinson@bluepeak.co,ck_74868aab55,SESSION_COOKIE,cookie,CUST_PREMIUM_001905
s.robinson@bluepeak.co,ck_45c6451ae4,SESSION_COOKIE,cookie,CUST_PREMIUM_001905
s.robinson@bluepeak.co,ck_fba3498af5,SESSION_COOKIE,cookie,CUST_PREMIUM_001905
s.robinson@bluepeak.co,ck_36e260a917,SESSION_COOKIE,cookie,CUST_PREMIUM_001905
s.robinson@bluepeak.co,ck_e0dd00861f,SESSION_COOKIE,cookie,CUST_PREMIUM_001905
s.robinson@bluepeak.co,dev_746bbd7279,AUTHENTICATED_DEVICE,device_id,CUST_PREMIUM_001905
CUST_PREMIUM_001906,samuel.moore32@harbor.example,PRIMARY_EMAIL,email,CUST_PREMIUM_001906
CUST_PREMIUM_001906,+1 (646) 895-7695,PRIMARY_PHONE,phone,CUST_PREMIUM_001906
CUST_PREMIUM_001906,9842,ISSUED_CARD,card_last4,CUST_PREMIUM_001906
samuel.moore32@harbor.example,ck_a829f811cb,SESSION_COOKIE,cookie,CUST_PREMIUM_001906
samuel.moore32@harbor.example,dev_47770767e7,AUTHENTICATED_DEVICE,device_id,CUST_PREMIUM_001906
samuel.moore32@harbor.example,dev_122e65c294,AUTHENTICATED_DEVICE,device_id,CUST_PREMIUM_001906
CUST_PREMIUM_001907,jack.wang33@atlasmail.net,PRIMARY_EMAIL,email,CUST_PREMIUM_001907
CUST_PREMIUM_001907,+1 (212) 822-5614,PRIMARY_PHONE,phone,CUST_PREMIUM_001907
CUST_PREMIUM_001907,0124,ISSUED_CARD,card_last4,CUST_PREMIUM_001907
jack.wang33@atlasmail.net,ck_131f0733a6,SESSION_COOKIE,cookie,CUST_PREMIUM_001907
jack.wang33@atlasmail.net,dev_cf3e1595e0,AUTHENTICATED_DEVICE,device_id,CUST_PREMIUM_001907
CUST_PREMIUM_001908,wilson.alejandro@orchardmail.com,PRIMARY_EMAIL,email,CUST_PREMIUM_001908
CUST_PREMIUM_001908,+1 (212) 859-3533,PRIMARY_PHONE,phone,CUST_PREMIUM_001908
CUST_PREMIUM_001908,7653,ISSUED_CARD,card_last4,CUST_PREMIUM_001908
wilson.alejandro@orchardmail.com,ck_ae1f0607d1,SESSION_COOKIE,cookie,CUST_PREMIUM_001908
wilson.alejandro@orchardmail.com,dev_3cec2738ad,AUTHENTICATED_DEVICE,device_id,CUST_PREMIUM_001908
CUST_PREMIUM_001909,james.sterling35@orchardmail.com,PRIMARY_EMAIL,email,CUST_PREMIUM_001909
CUST_PREMIUM_001909,+1 (305) 251-1452,PRIMARY_PHONE,phone,CUST_PREMIUM_001909
CUST_PREMIUM_001909,3330,ISSUED_CARD,card_last4,CUST_PREMIUM_001909
james.sterling35@orchardmail.com,ck_4771cd0fe5,SESSION_COOKIE,cookie,CUST_PREMIUM_001909
james.sterling35@orchardmail.com,dev_4f8c2129a5,AUTHENTICATED_DEVICE,device_id,CUST_PREMIUM_001909
CUST_PREMIUM_001910,laylacarter@atlasmail.net,PRIMARY_EMAIL,email,CUST_PREMIUM_001910
CUST_PREMIUM_001910,+1 (305) 288-9371,PRIMARY_PHONE,phone,CUST_PREMIUM_001910
CUST_PREMIUM_001910,7876,ISSUED_CARD,card_last4,CUST_PREMIUM_001910
laylacarter@atlasmail.net,ck_b0f71f166e,SESSION_COOKIE,cookie,CUST_PREMIUM_001910
laylacarter@atlasmail.net,dev_fef830b10a,AUTHENTICATED_DEVICE,device_id,CUST_PREMIUM_001910
laylacarter@atlasmail.net,dev_66a51cbc7e,AUTHENTICATED_DEVICE,device_id,CUST_PREMIUM_001910
CUST_PREMIUM_001911,nora.rossi@bluepeak.co,PRIMARY_EMAIL,email,CUST_PREMIUM_001911
CUST_PREMIUM_001911,+1 (310) 281-7290,PRIMARY_PHONE,phone,CUST_PREMIUM_001911
CUST_PREMIUM_001911,3620,ISSUED_CARD,card_last4,CUST_PREMIUM_001911
nora.rossi@bluepeak.co,ck_edcbf114c3,SESSION_COOKIE,cookie,CUST_PREMIUM_001911
nora.rossi@bluepeak.co,ck_6467f2ebeb,SESSION_COOKIE,cookie,CUST_PREMIUM_001911
nora.rossi@bluepeak.co,ck_6fb2b23537,SESSION_COOKIE,cookie,CUST_PREMIUM_001911
nora.rossi@bluepeak.co,dev_547fe3f5c5,AUTHENTICATED_DEVICE,device_id,CUST_PREMIUM_001911
nora.rossi@bluepeak.co,dev_606a2353d3,AUTHENTICATED_DEVICE,device_id,CUST_PREMIUM_001911
nora.rossi@bluepeak.co,dev_shared_65c7cfd42,AUTHENTICATED_DEVICE,device_id,CUST_PREMIUM_001911
CUST_PREMIUM_001912,fernandez.naomi@northstar.org,PRIMARY_EMAIL,email,CUST_PREMIUM_001912
CUST_PREMIUM_001912,+1 (212) 307-5209,PRIMARY_PHONE,phone,CUST_PREMIUM_001912
CUST_PREMIUM_001912,4105,ISSUED_CARD,card_last4,CUST_PREMIUM_001912
fernandez.naomi@northstar.org,ck_ebc0c1abc5,SESSION_COOKIE,cookie,CUST_PREMIUM_001912
fernandez.naomi@northstar.org,ck_8938bd336e,SESSION_COOKIE,cookie,CUST_PREMIUM_001912
fernandez.naomi@northstar.org,dev_15d3ae4a45,AUTHENTICATED_DEVICE,device_id,CUST_PREMIUM_001912
fernandez.naomi@northstar.org,dev_1a649c2213,AUTHENTICATED_DEVICE,device_id,CUST_PREMIUM_001912
fernandez.naomi@northstar.org,dev_6230752aac,AUTHENTICATED_DEVICE,device_id,CUST_PREMIUM_001912
CUST_PREMIUM_001913,jonah.rivera@summitmail.net,PRIMARY_EMAIL,email,CUST_PREMIUM_001913
CUST_PREMIUM_001913,+1 (310) 355-3128,PRIMARY_PHONE,phone,CUST_PREMIUM_001913
CUST_PREMIUM_001913,6779,ISSUED_CARD,card_last4,CUST_PREMIUM_001913
jonah.rivera@summitmail.net,ck_066b9f2f64,SESSION_COOKIE,cookie,CUST_PREMIUM_001913
jonah.rivera@summitmail.net,dev_f511af4633,AUTHENTICATED_DEVICE,device_id,CUST_PREMIUM_001913
jonah.rivera@summitmail.net,dev_shared_111f6ae93,AUTHENTICATED_DEVICE,device_id,CUST_PREMIUM_001913
CUST_PREMIUM_001914,a.banerjee@vectorlabs.co,PRIMARY_EMAIL,email,CUST_PREMIUM_001914
CUST_PREMIUM_001914,+1 (312) 403-1047,PRIMARY_PHONE,phone,CUST_PREMIUM_001914
CUST_PREMIUM_001914,8834,ISSUED_CARD,card_last4,CUST_PREMIUM_001914
a.banerjee@vectorlabs.co,ck_79bb57c5b3,SESSION_COOKIE,cookie,CUST_PREMIUM_001914
a.banerjee@vectorlabs.co,dev_8c752370eb,AUTHENTICATED_DEVICE,device_id,CUST_PREMIUM_001914
CUST_PREMIUM_001915,ameliamorgan@vectorlabs.co,PRIMARY_EMAIL,email,CUST_PREMIUM_001915
CUST_PREMIUM_001915,+1 (312) 440-8966,PRIMARY_PHONE,phone,CUST_PREMIUM_001915
CUST_PREMIUM_001915,2059,ISSUED_CARD,card_last4,CUST_PREMIUM_001915
ameliamorgan@vectorlabs.co,ck_19c55e1101,SESSION_COOKIE,cookie,CUST_PREMIUM_001915
ameliamorgan@vectorlabs.co,ck_cd7c3afb94,SESSION_COOKIE,cookie,CUST_PREMIUM_001915
ameliamorgan@vectorlabs.co,dev_c60007bc48,AUTHENTICATED_DEVICE,device_id,CUST_PREMIUM_001915
ameliamorgan@vectorlabs.co,dev_e96ac7f97c,AUTHENTICATED_DEVICE,device_id,CUST_PREMIUM_001915
CUST_PREMIUM_001916,e.lee@bluepeak.co,PRIMARY_EMAIL,email,CUST_PREMIUM_001916
CUST_PREMIUM_001916,+1 (416) 576-6885,PRIMARY_PHONE,phone,CUST_PREMIUM_001916
CUST_PREMIUM_001916,4207,ISSUED_CARD,card_last4,CUST_PREMIUM_001916
e.lee@bluepeak.co,ck_10cae29d90,SESSION_COOKIE,cookie,CUST_PREMIUM_001916
e.lee@bluepeak.co,ck_4f86b8ea8b,SESSION_COOKIE,cookie,CUST_PREMIUM_001916
e.lee@bluepeak.co,ck_7446e9207a,SESSION_COOKIE,cookie,CUST_PREMIUM_001916
e.lee@bluepeak.co,dev_a0955dfabb,AUTHENTICATED_DEVICE,device_id,CUST_PREMIUM_001916
e.lee@bluepeak.co,dev_aa7f05516c,AUTHENTICATED_DEVICE,device_id,CUST_PREMIUM_001916
e.lee@bluepeak.co,dev_shared_57bfd84f1,AUTHENTICATED_DEVICE,device_id,CUST_PREMIUM_001916
CUST_PREMIUM_001917,alejandro.morgan43@vectorlabs.co,PRIMARY_EMAIL,email,CUST_PREMIUM_001917
CUST_PREMIUM_001917,+1 (202) 591-4804,PRIMARY_PHONE,phone,CUST_PREMIUM_001917
CUST_PREMIUM_001917,5010,ISSUED_CARD,card_last4,CUST_PREMIUM_001917
alejandro.morgan43@vectorlabs.co,ck_69223d8ece,SESSION_COOKIE,cookie,CUST_PREMIUM_001917
alejandro.morgan43@vectorlabs.co,dev_e980386275,AUTHENTICATED_DEVICE,device_id,CUST_PREMIUM_001917
CUST_PREMIUM_001918,sato.aisha@harbor.example,PRIMARY_EMAIL,email,CUST_PREMIUM_001918
CUST_PREMIUM_001918,+1 (718) 683-2723,PRIMARY_PHONE,phone,CUST_PREMIUM_001918
CUST_PREMIUM_001918,7480,ISSUED_CARD,card_last4,CUST_PREMIUM_001918
sato.aisha@harbor.example,ck_1c75c5cfce,SESSION_COOKIE,cookie,CUST_PREMIUM_001918
sato.aisha@harbor.example,ck_b09ef30736,SESSION_COOKIE,cookie,CUST_PREMIUM_001918
sato.aisha@harbor.example,ck_6e34f48b11,SESSION_COOKIE,cookie,CUST_PREMIUM_001918
sato.aisha@harbor.example,dev_730d491338,AUTHENTICATED_DEVICE,device_id,CUST_PREMIUM_001918
CUST_PREMIUM_001919,shah.daniel@summitmail.net,PRIMARY_EMAIL,email,CUST_PREMIUM_001919
CUST_PREMIUM_001919,+1 (617) 643-0642,PRIMARY_PHONE,phone,CUST_PREMIUM_001919
CUST_PREMIUM_001919,6403,ISSUED_CARD,card_last4,CUST_PREMIUM_001919
shah.daniel@summitmail.net,ck_f809f1cf33,SESSION_COOKIE,cookie,CUST_PREMIUM_001919
shah.daniel@summitmail.net,dev_5d938d80cb,AUTHENTICATED_DEVICE,device_id,CUST_PREMIUM_001919
CUST_PREMIUM_001920,vivian.harris@example.com,PRIMARY_EMAIL,email,CUST_PREMIUM_001920
CUST_PREMIUM_001920,+1 (212) 603-8561,PRIMARY_PHONE,phone,CUST_PREMIUM_001920
CUST_PREMIUM_001920,9295,ISSUED_CARD,card_last4,CUST_PREMIUM_001920
vivian.harris@example.com,ck_84173c46e9,SESSION_COOKIE,cookie,CUST_PREMIUM_001920
vivian.harris@example.com,dev_915b34fd22,AUTHENTICATED_DEVICE,device_id,CUST_PREMIUM_001920
vivian.harris@example.com,dev_f9b37783bf,AUTHENTICATED_DEVICE,device_id,CUST_PREMIUM_001920
CUST_PREMIUM_001921,arjundavis@summitmail.net,PRIMARY_EMAIL,email,CUST_PREMIUM_001921
CUST_PREMIUM_001921,+1 (312) 662-6480,PRIMARY_PHONE,phone,CUST_PREMIUM_001921
CUST_PREMIUM_001921,6863,ISSUED_CARD,card_last4,CUST_PREMIUM_001921
arjundavis@summitmail.net,ck_e9f0a7a4d8,SESSION_COOKIE,cookie,CUST_PREMIUM_001921
arjundavis@summitmail.net,dev_04b96db606,AUTHENTICATED_DEVICE,device_id,CUST_PREMIUM_001921
CUST_PREMIUM_001922,patel.sophia@capital-demo.org,PRIMARY_EMAIL,email,CUST_PREMIUM_001922
CUST_PREMIUM_001922,+1 (305) 732-4399,PRIMARY_PHONE,phone,CUST_PREMIUM_001922
CUST_PREMIUM_001922,9835,ISSUED_CARD,card_last4,CUST_PREMIUM_001922
patel.sophia@capital-demo.org,ck_a7282702b9,SESSION_COOKIE,cookie,CUST_PREMIUM_001922
patel.sophia@capital-demo.org,ck_8f0dbf18fb,SESSION_COOKIE,cookie,CUST_PREMIUM_001922
patel.sophia@capital-demo.org,dev_2ca8f89d0b,AUTHENTICATED_DEVICE,device_id,CUST_PREMIUM_001922
CUST_PREMIUM_001923,harpergarcia@bluepeak.co,PRIMARY_EMAIL,email,CUST_PREMIUM_001923
CUST_PREMIUM_001923,+1 (312) 736-2318,PRIMARY_PHONE,phone,CUST_PREMIUM_001923
CUST_PREMIUM_001923,7190,ISSUED_CARD,card_last4,CUST_PREMIUM_001923
harpergarcia@bluepeak.co,ck_43e0e8884e,SESSION_COOKIE,cookie,CUST_PREMIUM_001923
harpergarcia@bluepeak.co,ck_292f2a8508,SESSION_COOKIE,cookie,CUST_PREMIUM_001923
harpergarcia@bluepeak.co,dev_0980af727f,AUTHENTICATED_DEVICE,device_id,CUST_PREMIUM_001923
harpergarcia@bluepeak.co,dev_ef448af199,AUTHENTICATED_DEVICE,device_id,CUST_PREMIUM_001923
harpergarcia@bluepeak.co,dev_shared_45c20f3e5,AUTHENTICATED_DEVICE,device_id,CUST_PREMIUM_001923
harpergarcia@bluepeak.co,dev_shared_96bd14734,AUTHENTICATED_DEVICE,device_id,CUST_PREMIUM_001923
harpergarcia@bluepeak.co,dev_shared_deb7dc5bc,AUTHENTICATED_DEVICE,device_id,CUST_PREMIUM_001923
CUST_PREMIUM_001924,meerabennett@summitmail.net,PRIMARY_EMAIL,email,CUST_PREMIUM_001924
CUST_PREMIUM_001924,+1 (305) 806-0237,PRIMARY_PHONE,phone,CUST_PREMIUM_001924
CUST_PREMIUM_001924,9257,ISSUED_CARD,card_last4,CUST_PREMIUM_001924
meerabennett@summitmail.net,ck_adb935f399,SESSION_COOKIE,cookie,CUST_PREMIUM_001924
meerabennett@summitmail.net,ck_4a5fcdde8d,SESSION_COOKIE,cookie,CUST_PREMIUM_001924
meerabennett@summitmail.net,ck_be1fa0daca,SESSION_COOKIE,cookie,CUST_PREMIUM_001924
meerabennett@summitmail.net,ck_5b244a214f,SESSION_COOKIE,cookie,CUST_PREMIUM_001924
meerabennett@summitmail.net,dev_69e6de3cc7,AUTHENTICATED_DEVICE,device_id,CUST_PREMIUM_001924
meerabennett@summitmail.net,dev_de4530f44c,AUTHENTICATED_DEVICE,device_id,CUST_PREMIUM_001924
CUST_PREMIUM_001925,lucas.khan51@capital-demo.org,PRIMARY_EMAIL,email,CUST_PREMIUM_001925
CUST_PREMIUM_001925,+1 (718) 242-8156,PRIMARY_PHONE,phone,CUST_PREMIUM_001925
CUST_PREMIUM_001925,0766,ISSUED_CARD,card_last4,CUST_PREMIUM_001925
lucas.khan51@capital-demo.org,ck_58154ab348,SESSION_COOKIE,cookie,CUST_PREMIUM_001925
lucas.khan51@capital-demo.org,ck_5af1a8c011,SESSION_COOKIE,cookie,CUST_PREMIUM_001925
lucas.khan51@capital-demo.org,ck_089fc6a02a,SESSION_COOKIE,cookie,CUST_PREMIUM_001925
lucas.khan51@capital-demo.org,dev_f6f01e7ea7,AUTHENTICATED_DEVICE,device_id,CUST_PREMIUM_001925
lucas.khan51@capital-demo.org,dev_shared_727803db9,AUTHENTICATED_DEVICE,device_id,CUST_PREMIUM_001925
CUST_PREMIUM_001926,fatima.hall@summitmail.net,PRIMARY_EMAIL,email,CUST_PREMIUM_001926
CUST_PREMIUM_001926,+1 (617) 202-6075,PRIMARY_PHONE,phone,CUST_PREMIUM_001926
CUST_PREMIUM_001926,8399,ISSUED_CARD,card_last4,CUST_PREMIUM_001926
fatima.hall@summitmail.net,ck_d64d853842,SESSION_COOKIE,cookie,CUST_PREMIUM_001926
fatima.hall@summitmail.net,ck_b55cc56de2,SESSION_COOKIE,cookie,CUST_PREMIUM_001926
fatima.hall@summitmail.net,dev_a1777be368,AUTHENTICATED_DEVICE,device_id,CUST_PREMIUM_001926
CUST_PREMIUM_001927,i.robinson@harbor.example,PRIMARY_EMAIL,email,CUST_PREMIUM_001927
CUST_PREMIUM_001927,+1 (214) 206-3994,PRIMARY_PHONE,phone,CUST_PREMIUM_001927
CUST_PREMIUM_001927,8410,ISSUED_CARD,card_last4,CUST_PREMIUM_001927
i.robinson@harbor.example,ck_2f6ca0bca9,SESSION_COOKIE,cookie,CUST_PREMIUM_001927
i.robinson@harbor.example,ck_a4aaa2e95b,SESSION_COOKIE,cookie,CUST_PREMIUM_001927
i.robinson@harbor.example,dev_14518bf997,AUTHENTICATED_DEVICE,device_id,CUST_PREMIUM_001927
i.robinson@harbor.example,dev_2e287cf6bf,AUTHENTICATED_DEVICE,device_id,CUST_PREMIUM_001927
CUST_PREMIUM_001928,riyagarcia@capital-demo.org,PRIMARY_EMAIL,email,CUST_PREMIUM_001928
CUST_PREMIUM_001928,+1 (206) 265-1913,PRIMARY_PHONE,phone,CUST_PREMIUM_001928
CUST_PREMIUM_001928,8270,ISSUED_CARD,card_last4,CUST_PREMIUM_001928
riyagarcia@capital-demo.org,ck_23db0b5777,SESSION_COOKIE,cookie,CUST_PREMIUM_001928
riyagarcia@capital-demo.org,ck_b150486d52,SESSION_COOKIE,cookie,CUST_PREMIUM_001928
riyagarcia@capital-demo.org,dev_d04752da38,AUTHENTICATED_DEVICE,device_id,CUST_PREMIUM_001928
CUST_PREMIUM_001929,roy.grace@vectorlabs.co,PRIMARY_EMAIL,email,CUST_PREMIUM_001929
CUST_PREMIUM_001929,+1 (312) 258-9832,PRIMARY_PHONE,phone,CUST_PREMIUM_001929
CUST_PREMIUM_001929,1752,ISSUED_CARD,card_last4,CUST_PREMIUM_001929
roy.grace@vectorlabs.co,ck_b2323758a5,SESSION_COOKIE,cookie,CUST_PREMIUM_001929
roy.grace@vectorlabs.co,dev_1eabe05f15,AUTHENTICATED_DEVICE,device_id,CUST_PREMIUM_001929
roy.grace@vectorlabs.co,dev_shared_52d9a51f6,AUTHENTICATED_DEVICE,device_id,CUST_PREMIUM_001929
CUST_PREMIUM_001930,reirossi@northstar.org,PRIMARY_EMAIL,email,CUST_PREMIUM_001930
CUST_PREMIUM_001930,+1 (206) 339-7751,PRIMARY_PHONE,phone,CUST_PREMIUM_001930
CUST_PREMIUM_001930,4908,ISSUED_CARD,card_last4,CUST_PREMIUM_001930
reirossi@northstar.org,ck_a9a65f7bdd,SESSION_COOKIE,cookie,CUST_PREMIUM_001930
reirossi@northstar.org,dev_1ad97a5c9a,AUTHENTICATED_DEVICE,device_id,CUST_PREMIUM_001930
CUST_PREMIUM_001931,nikhil.smith@northstar.org,PRIMARY_EMAIL,email,CUST_PREMIUM_001931
CUST_PREMIUM_001931,+1 (404) 398-5670,PRIMARY_PHONE,phone,CUST_PREMIUM_001931
CUST_PREMIUM_001931,9126,ISSUED_CARD,card_last4,CUST_PREMIUM_001931
nikhil.smith@northstar.org,ck_b8c5d082e8,SESSION_COOKIE,cookie,CUST_PREMIUM_001931
nikhil.smith@northstar.org,dev_bf78345895,AUTHENTICATED_DEVICE,device_id,CUST_PREMIUM_001931
CUST_PREMIUM_001932,yukiturner@atlasmail.net,PRIMARY_EMAIL,email,CUST_PREMIUM_001932
CUST_PREMIUM_001932,+1 (415) 380-3589,PRIMARY_PHONE,phone,CUST_PREMIUM_001932
CUST_PREMIUM_001932,9088,ISSUED_CARD,card_last4,CUST_PREMIUM_001932
yukiturner@atlasmail.net,ck_057d3b98fc,SESSION_COOKIE,cookie,CUST_PREMIUM_001932
yukiturner@atlasmail.net,ck_bdea9017a5,SESSION_COOKIE,cookie,CUST_PREMIUM_001932
yukiturner@atlasmail.net,ck_a0aba382ea,SESSION_COOKIE,cookie,CUST_PREMIUM_001932
yukiturner@atlasmail.net,dev_356ca1eced,AUTHENTICATED_DEVICE,device_id,CUST_PREMIUM_001932
yukiturner@atlasmail.net,dev_a704d48f47,AUTHENTICATED_DEVICE,device_id,CUST_PREMIUM_001932
CUST_PREMIUM_001933,nathanwang@vectorlabs.co,PRIMARY_EMAIL,email,CUST_PREMIUM_001933
CUST_PREMIUM_001933,+1 (212) 384-1508,PRIMARY_PHONE,phone,CUST_PREMIUM_001933
CUST_PREMIUM_001933,3353,ISSUED_CARD,card_last4,CUST_PREMIUM_001933
nathanwang@vectorlabs.co,ck_69b3c003dc,SESSION_COOKIE,cookie,CUST_PREMIUM_001933
nathanwang@vectorlabs.co,ck_89ce7019e8,SESSION_COOKIE,cookie,CUST_PREMIUM_001933
nathanwang@vectorlabs.co,dev_1b6bfe1db3,AUTHENTICATED_DEVICE,device_id,CUST_PREMIUM_001933
nathanwang@vectorlabs.co,dev_17209b0862,AUTHENTICATED_DEVICE,device_id,CUST_PREMIUM_001933
nathanwang@vectorlabs.co,dev_20f2d90e9e,AUTHENTICATED_DEVICE,device_id,CUST_PREMIUM_001933
CUST_PREMIUM_001934,sora.smith@northstar.org,PRIMARY_EMAIL,email,CUST_PREMIUM_001934
CUST_PREMIUM_001934,+1 (202) 520-9427,PRIMARY_PHONE,phone,CUST_PREMIUM_001934
CUST_PREMIUM_001934,3004,ISSUED_CARD,card_last4,CUST_PREMIUM_001934
sora.smith@northstar.org,ck_18cd75a3bf,SESSION_COOKIE,cookie,CUST_PREMIUM_001934
sora.smith@northstar.org,dev_3213815604,AUTHENTICATED_DEVICE,device_id,CUST_PREMIUM_001934
CUST_PREMIUM_001935,young.emma@example.com,PRIMARY_EMAIL,email,CUST_PREMIUM_001935
CUST_PREMIUM_001935,+1 (404) 546-7346,PRIMARY_PHONE,phone,CUST_PREMIUM_001935
CUST_PREMIUM_001935,6837,ISSUED_CARD,card_last4,CUST_PREMIUM_001935
young.emma@example.com,ck_3b1f2f6f3b,SESSION_COOKIE,cookie,CUST_PREMIUM_001935
young.emma@example.com,ck_5cd6aff01d,SESSION_COOKIE,cookie,CUST_PREMIUM_001935
young.emma@example.com,dev_2007900f7d,AUTHENTICATED_DEVICE,device_id,CUST_PREMIUM_001935
CUST_PREMIUM_001936,ahmed.elias@atlasmail.net,PRIMARY_EMAIL,email,CUST_PREMIUM_001936
CUST_PREMIUM_001936,+1 (212) 495-5265,PRIMARY_PHONE,phone,CUST_PREMIUM_001936
CUST_PREMIUM_001936,6118,ISSUED_CARD,card_last4,CUST_PREMIUM_001936
ahmed.elias@atlasmail.net,ck_f82419dad3,SESSION_COOKIE,cookie,CUST_PREMIUM_001936
ahmed.elias@atlasmail.net,dev_9f1b93f9ba,AUTHENTICATED_DEVICE,device_id,CUST_PREMIUM_001936
CUST_PREMIUM_001937,priya.carter@example.com,PRIMARY_EMAIL,email,CUST_PREMIUM_001937
CUST_PREMIUM_001937,+1 (917) 675-3184,PRIMARY_PHONE,phone,CUST_PREMIUM_001937
CUST_PREMIUM_001937,1267,ISSUED_CARD,card_last4,CUST_PREMIUM_001937
priya.carter@example.com,ck_2ad961b69a,SESSION_COOKIE,cookie,CUST_PREMIUM_001937
priya.carter@example.com,ck_1092e36d29,SESSION_COOKIE,cookie,CUST_PREMIUM_001937
priya.carter@example.com,ck_90d6d0961a,SESSION_COOKIE,cookie,CUST_PREMIUM_001937
priya.carter@example.com,dev_d4630fd9e0,AUTHENTICATED_DEVICE,device_id,CUST_PREMIUM_001937
CUST_PREMIUM_001938,camilacampbell@northstar.org,PRIMARY_EMAIL,email,CUST_PREMIUM_001938
CUST_PREMIUM_001938,+1 (310) 580-1103,PRIMARY_PHONE,phone,CUST_PREMIUM_001938
CUST_PREMIUM_001938,6116,ISSUED_CARD,card_last4,CUST_PREMIUM_001938
camilacampbell@northstar.org,ck_9814f8ed89,SESSION_COOKIE,cookie,CUST_PREMIUM_001938
camilacampbell@northstar.org,ck_9b43713773,SESSION_COOKIE,cookie,CUST_PREMIUM_001938
camilacampbell@northstar.org,ck_b8d9b5b5b6,SESSION_COOKIE,cookie,CUST_PREMIUM_001938
camilacampbell@northstar.org,dev_0dc2046a2b,AUTHENTICATED_DEVICE,device_id,CUST_PREMIUM_001938
CUST_PREMIUM_001939,d.rivera@vectorlabs.co,PRIMARY_EMAIL,email,CUST_PREMIUM_001939
CUST_PREMIUM_001939,+1 (206) 672-9022,PRIMARY_PHONE,phone,CUST_PREMIUM_001939
CUST_PREMIUM_001939,3304,ISSUED_CARD,card_last4,CUST_PREMIUM_001939
d.rivera@vectorlabs.co,ck_07cd478972,SESSION_COOKIE,cookie,CUST_PREMIUM_001939
d.rivera@vectorlabs.co,dev_7e38f63a64,AUTHENTICATED_DEVICE,device_id,CUST_PREMIUM_001939
CUST_PREMIUM_001940,diegohall@harbor.example,PRIMARY_EMAIL,email,CUST_PREMIUM_001940
CUST_PREMIUM_001940,+1 (310) 654-6941,PRIMARY_PHONE,phone,CUST_PREMIUM_001940
CUST_PREMIUM_001940,1267,ISSUED_CARD,card_last4,CUST_PREMIUM_001940
diegohall@harbor.example,ck_645641fd89,SESSION_COOKIE,cookie,CUST_PREMIUM_001940
diegohall@harbor.example,dev_8db1f85b6e,AUTHENTICATED_DEVICE,device_id,CUST_PREMIUM_001940
CUST_PREMIUM_001941,maya.lewis@bluepeak.co,PRIMARY_EMAIL,email,CUST_PREMIUM_001941
CUST_PREMIUM_001941,+1 (310) 691-4860,PRIMARY_PHONE,phone,CUST_PREMIUM_001941
CUST_PREMIUM_001941,2124,ISSUED_CARD,card_last4,CUST_PREMIUM_001941
maya.lewis@bluepeak.co,ck_cecd826244,SESSION_COOKIE,cookie,CUST_PREMIUM_001941
maya.lewis@bluepeak.co,dev_84dee9f148,AUTHENTICATED_DEVICE,device_id,CUST_PREMIUM_001941
CUST_PREMIUM_001942,white.diego@summitmail.net,PRIMARY_EMAIL,email,CUST_PREMIUM_001942
CUST_PREMIUM_001942,+1 (214) 761-2779,PRIMARY_PHONE,phone,CUST_PREMIUM_001942
CUST_PREMIUM_001942,2610,ISSUED_CARD,card_last4,CUST_PREMIUM_001942
white.diego@summitmail.net,ck_05ccd35888,SESSION_COOKIE,cookie,CUST_PREMIUM_001942
white.diego@summitmail.net,dev_a6a9072497,AUTHENTICATED_DEVICE,device_id,CUST_PREMIUM_001942
CUST_PREMIUM_001943,gabrielhernandez@harbor.example,PRIMARY_EMAIL,email,CUST_PREMIUM_001943
CUST_PREMIUM_001943,+1 (310) 765-0698,PRIMARY_PHONE,phone,CUST_PREMIUM_001943
CUST_PREMIUM_001943,9273,ISSUED_CARD,card_last4,CUST_PREMIUM_001943
gabrielhernandez@harbor.example,ck_1cef0fff2c,SESSION_COOKIE,cookie,CUST_PREMIUM_001943
gabrielhernandez@harbor.example,ck_30ac65d7d9,SESSION_COOKIE,cookie,CUST_PREMIUM_001943
gabrielhernandez@harbor.example,ck_6a7086a84a,SESSION_COOKIE,cookie,CUST_PREMIUM_001943
gabrielhernandez@harbor.example,ck_f669b9c6f5,SESSION_COOKIE,cookie,CUST_PREMIUM_001943
gabrielhernandez@harbor.example,ck_5b910661d3,SESSION_COOKIE,cookie,CUST_PREMIUM_001943
gabrielhernandez@harbor.example,dev_ec6f6e03d8,AUTHENTICATED_DEVICE,device_id,CUST_PREMIUM_001943
CUST_PREMIUM_001944,perez.sora@summitmail.net,PRIMARY_EMAIL,email,CUST_PREMIUM_001944
CUST_PREMIUM_001944,+1 (214) 835-8617,PRIMARY_PHONE,phone,CUST_PREMIUM_001944
CUST_PREMIUM_001944,7385,ISSUED_CARD,card_last4,CUST_PREMIUM_001944
perez.sora@summitmail.net,ck_6e66a90175,SESSION_COOKIE,cookie,CUST_PREMIUM_001944
perez.sora@summitmail.net,ck_7169ab6efc,SESSION_COOKIE,cookie,CUST_PREMIUM_001944
perez.sora@summitmail.net,ck_9920ffc60a,SESSION_COOKIE,cookie,CUST_PREMIUM_001944
perez.sora@summitmail.net,dev_5c2e29cb6d,AUTHENTICATED_DEVICE,device_id,CUST_PREMIUM_001944
CUST_PREMIUM_001945,akira.kumar71@harbor.example,PRIMARY_EMAIL,email,CUST_PREMIUM_001945
CUST_PREMIUM_001945,+1 (310) 839-6536,PRIMARY_PHONE,phone,CUST_PREMIUM_001945
CUST_PREMIUM_001945,5370,ISSUED_CARD,card_last4,CUST_PREMIUM_001945
akira.kumar71@harbor.example,ck_39e0147c3d,SESSION_COOKIE,cookie,CUST_PREMIUM_001945
akira.kumar71@harbor.example,ck_0004a31ce8,SESSION_COOKIE,cookie,CUST_PREMIUM_001945
akira.kumar71@harbor.example,dev_90ac38f891,AUTHENTICATED_DEVICE,device_id,CUST_PREMIUM_001945
CUST_PREMIUM_001946,leolewis@atlasmail.net,PRIMARY_EMAIL,email,CUST_PREMIUM_001946
CUST_PREMIUM_001946,+1 (650) 297-4455,PRIMARY_PHONE,phone,CUST_PREMIUM_001946
CUST_PREMIUM_001946,0994,ISSUED_CARD,card_last4,CUST_PREMIUM_001946
leolewis@atlasmail.net,ck_04d1da0fbc,SESSION_COOKIE,cookie,CUST_PREMIUM_001946
leolewis@atlasmail.net,dev_e84c6fc8f3,AUTHENTICATED_DEVICE,device_id,CUST_PREMIUM_001946
CUST_PREMIUM_001947,s.wright@orchardmail.com,PRIMARY_EMAIL,email,CUST_PREMIUM_001947
CUST_PREMIUM_001947,+1 (212) 202-2374,PRIMARY_PHONE,phone,CUST_PREMIUM_001947
CUST_PREMIUM_001947,5493,ISSUED_CARD,card_last4,CUST_PREMIUM_001947
s.wright@orchardmail.com,ck_84caa691b2,SESSION_COOKIE,cookie,CUST_PREMIUM_001947
s.wright@orchardmail.com,ck_b80850059a,SESSION_COOKIE,cookie,CUST_PREMIUM_001947
s.wright@orchardmail.com,ck_8a800b9a2e,SESSION_COOKIE,cookie,CUST_PREMIUM_001947
s.wright@orchardmail.com,dev_1934f0c941,AUTHENTICATED_DEVICE,device_id,CUST_PREMIUM_001947
CUST_PREMIUM_001948,sophia.taylor74@northstar.org,PRIMARY_EMAIL,email,CUST_PREMIUM_001948
CUST_PREMIUM_001948,+1 (212) 239-0293,PRIMARY_PHONE,phone,CUST_PREMIUM_001948
CUST_PREMIUM_001948,4769,ISSUED_CARD,card_last4,CUST_PREMIUM_001948
sophia.taylor74@northstar.org,ck_2af49247e5,SESSION_COOKIE,cookie,CUST_PREMIUM_001948
sophia.taylor74@northstar.org,ck_39d733a02b,SESSION_COOKIE,cookie,CUST_PREMIUM_001948
sophia.taylor74@northstar.org,dev_d498d3081c,AUTHENTICATED_DEVICE,device_id,CUST_PREMIUM_001948
CUST_PREMIUM_001949,sophiaanderson@harbor.example,PRIMARY_EMAIL,email,CUST_PREMIUM_001949
CUST_PREMIUM_001949,+1 (312) 298-8212,PRIMARY_PHONE,phone,CUST_PREMIUM_001949
CUST_PREMIUM_001949,8095,ISSUED_CARD,card_last4,CUST_PREMIUM_001949
sophiaanderson@harbor.example,ck_8ae37deeb6,SESSION_COOKIE,cookie,CUST_PREMIUM_001949
sophiaanderson@harbor.example,ck_1502767b5a,SESSION_COOKIE,cookie,CUST_PREMIUM_001949
sophiaanderson@harbor.example,dev_09e3a74879,AUTHENTICATED_DEVICE,device_id,CUST_PREMIUM_001949
CUST_PREMIUM_001950,grace.young@capital-demo.org,PRIMARY_EMAIL,email,CUST_PREMIUM_001950
CUST_PREMIUM_001950,+1 (310) 324-6131,PRIMARY_PHONE,phone,CUST_PREMIUM_001950
CUST_PREMIUM_001950,5945,ISSUED_CARD,card_last4,CUST_PREMIUM_001950
grace.young@capital-demo.org,ck_e4d1ba1666,SESSION_COOKIE,cookie,CUST_PREMIUM_001950
grace.young@capital-demo.org,dev_c0ad26822d,AUTHENTICATED_DEVICE,device_id,CUST_PREMIUM_001950
CUST_PREMIUM_001951,anderson.ananya@atlasmail.net,PRIMARY_EMAIL,email,CUST_PREMIUM_001951
CUST_PREMIUM_001951,+1 (416) 471-4050,PRIMARY_PHONE,phone,CUST_PREMIUM_001951
CUST_PREMIUM_001951,0664,ISSUED_CARD,card_last4,CUST_PREMIUM_001951
anderson.ananya@atlasmail.net,ck_020285aaae,SESSION_COOKIE,cookie,CUST_PREMIUM_001951
anderson.ananya@atlasmail.net,ck_1c018ba917,SESSION_COOKIE,cookie,CUST_PREMIUM_001951
anderson.ananya@atlasmail.net,ck_ec4dbec3e1,SESSION_COOKIE,cookie,CUST_PREMIUM_001951
anderson.ananya@atlasmail.net,ck_7f5b6ef7f6,SESSION_COOKIE,cookie,CUST_PREMIUM_001951
anderson.ananya@atlasmail.net,dev_ed900200a4,AUTHENTICATED_DEVICE,device_id,CUST_PREMIUM_001951
CUST_PREMIUM_001952,j.carter@example.com,PRIMARY_EMAIL,email,CUST_PREMIUM_001952
CUST_PREMIUM_001952,+1 (202) 486-1969,PRIMARY_PHONE,phone,CUST_PREMIUM_001952
CUST_PREMIUM_001952,7008,ISSUED_CARD,card_last4,CUST_PREMIUM_001952
j.carter@example.com,ck_c92c26bb19,SESSION_COOKIE,cookie,CUST_PREMIUM_001952
j.carter@example.com,ck_e2365163fe,SESSION_COOKIE,cookie,CUST_PREMIUM_001952
j.carter@example.com,ck_05cebb11f6,SESSION_COOKIE,cookie,CUST_PREMIUM_001952
j.carter@example.com,dev_15bb29249d,AUTHENTICATED_DEVICE,device_id,CUST_PREMIUM_001952
j.carter@example.com,dev_7881dec5ed,AUTHENTICATED_DEVICE,device_id,CUST_PREMIUM_001952
CUST_PREMIUM_001953,adititurner@capital-demo.org,PRIMARY_EMAIL,email,CUST_PREMIUM_001953
CUST_PREMIUM_001953,+1 (404) 512-9888,PRIMARY_PHONE,phone,CUST_PREMIUM_001953
CUST_PREMIUM_001953,6752,ISSUED_CARD,card_last4,CUST_PREMIUM_001953
adititurner@capital-demo.org,ck_86a8b9b146,SESSION_COOKIE,cookie,CUST_PREMIUM_001953
adititurner@capital-demo.org,ck_237c52b551,SESSION_COOKIE,cookie,CUST_PREMIUM_001953
adititurner@capital-demo.org,ck_d3d60e7c16,SESSION_COOKIE,cookie,CUST_PREMIUM_001953
adititurner@capital-demo.org,dev_e32ca49d68,AUTHENTICATED_DEVICE,device_id,CUST_PREMIUM_001953
CUST_PREMIUM_001954,meera.singh80@capital-demo.org,PRIMARY_EMAIL,email,CUST_PREMIUM_001954
CUST_PREMIUM_001954,+1 (212) 461-7807,PRIMARY_PHONE,phone,CUST_PREMIUM_001954
CUST_PREMIUM_001954,0982,ISSUED_CARD,card_last4,CUST_PREMIUM_001954
meera.singh80@capital-demo.org,ck_5c12510b46,SESSION_COOKIE,cookie,CUST_PREMIUM_001954
meera.singh80@capital-demo.org,dev_8dc963709c,AUTHENTICATED_DEVICE,device_id,CUST_PREMIUM_001954
meera.singh80@capital-demo.org,dev_932236700a,AUTHENTICATED_DEVICE,device_id,CUST_PREMIUM_001954
CUST_PREMIUM_001955,a.roy@vectorlabs.co,PRIMARY_EMAIL,email,CUST_PREMIUM_001955
CUST_PREMIUM_001955,+1 (312) 520-5726,PRIMARY_PHONE,phone,CUST_PREMIUM_001955
CUST_PREMIUM_001955,4279,ISSUED_CARD,card_last4,CUST_PREMIUM_001955
a.roy@vectorlabs.co,ck_123777e3f3,SESSION_COOKIE,cookie,CUST_PREMIUM_001955
a.roy@vectorlabs.co,dev_a516ff5fe1,AUTHENTICATED_DEVICE,device_id,CUST_PREMIUM_001955
a.roy@vectorlabs.co,dev_14cb0c7dab,AUTHENTICATED_DEVICE,device_id,CUST_PREMIUM_001955
a.roy@vectorlabs.co,dev_shared_484848eb1,AUTHENTICATED_DEVICE,device_id,CUST_PREMIUM_001955
a.roy@vectorlabs.co,dev_shared_00c3691a2,AUTHENTICATED_DEVICE,device_id,CUST_PREMIUM_001955
CUST_PREMIUM_001956,zara.ito@capital-demo.org,PRIMARY_EMAIL,email,CUST_PREMIUM_001956
CUST_PREMIUM_001956,+1 (917) 678-3645,PRIMARY_PHONE,phone,CUST_PREMIUM_001956
CUST_PREMIUM_001956,6927,ISSUED_CARD,card_last4,CUST_PREMIUM_001956
zara.ito@capital-demo.org,ck_1d2c7c53d7,SESSION_COOKIE,cookie,CUST_PREMIUM_001956
zara.ito@capital-demo.org,dev_e0047237d5,AUTHENTICATED_DEVICE,device_id,CUST_PREMIUM_001956
zara.ito@capital-demo.org,dev_shared_2ded4bd17,AUTHENTICATED_DEVICE,device_id,CUST_PREMIUM_001956
CUST_PREMIUM_001957,amelia.white83@example.com,PRIMARY_EMAIL,email,CUST_PREMIUM_001957
CUST_PREMIUM_001957,+1 (305) 627-1564,PRIMARY_PHONE,phone,CUST_PREMIUM_001957
CUST_PREMIUM_001957,6905,ISSUED_CARD,card_last4,CUST_PREMIUM_001957
amelia.white83@example.com,ck_ed22a2232c,SESSION_COOKIE,cookie,CUST_PREMIUM_001957
amelia.white83@example.com,dev_b8e6dbc8b8,AUTHENTICATED_DEVICE,device_id,CUST_PREMIUM_001957
CUST_PREMIUM_001958,adams.nikhil@bluepeak.co,PRIMARY_EMAIL,email,CUST_PREMIUM_001958
CUST_PREMIUM_001958,+1 (206) 675-9483,PRIMARY_PHONE,phone,CUST_PREMIUM_001958
CUST_PREMIUM_001958,8680,ISSUED_CARD,card_last4,CUST_PREMIUM_001958
adams.nikhil@bluepeak.co,ck_daaa38649b,SESSION_COOKIE,cookie,CUST_PREMIUM_001958
adams.nikhil@bluepeak.co,dev_5e85cb2c97,AUTHENTICATED_DEVICE,device_id,CUST_PREMIUM_001958
adams.nikhil@bluepeak.co,dev_shared_0272fa0e2,AUTHENTICATED_DEVICE,device_id,CUST_PREMIUM_001958
CUST_PREMIUM_001959,eleanor.young85@atlasmail.net,PRIMARY_EMAIL,email,CUST_PREMIUM_001959
CUST_PREMIUM_001959,+1 (415) 679-7402,PRIMARY_PHONE,phone,CUST_PREMIUM_001959
CUST_PREMIUM_001959,6174,ISSUED_CARD,card_last4,CUST_PREMIUM_001959
eleanor.young85@atlasmail.net,ck_0cc830192d,SESSION_COOKIE,cookie,CUST_PREMIUM_001959
eleanor.young85@atlasmail.net,dev_28a9504947,AUTHENTICATED_DEVICE,device_id,CUST_PREMIUM_001959
eleanor.young85@atlasmail.net,dev_3e8a7d5e80,AUTHENTICATED_DEVICE,device_id,CUST_PREMIUM_001959
CUST_PREMIUM_001960,adams.noah@harbor.example,PRIMARY_EMAIL,email,CUST_PREMIUM_001960
CUST_PREMIUM_001960,+1 (212) 683-5321,PRIMARY_PHONE,phone,CUST_PREMIUM_001960
CUST_PREMIUM_001960,4527,ISSUED_CARD,card_last4,CUST_PREMIUM_001960
adams.noah@harbor.example,ck_424a36a0be,SESSION_COOKIE,cookie,CUST_PREMIUM_001960
adams.noah@harbor.example,dev_8c4519ad05,AUTHENTICATED_DEVICE,device_id,CUST_PREMIUM_001960
CUST_PREMIUM_001961,johnson.amara@bluepeak.co,PRIMARY_EMAIL,email,CUST_PREMIUM_001961
CUST_PREMIUM_001961,+1 (202) 819-3240,PRIMARY_PHONE,phone,CUST_PREMIUM_001961
CUST_PREMIUM_001961,7919,ISSUED_CARD,card_last4,CUST_PREMIUM_001961
johnson.amara@bluepeak.co,ck_7b0b3a5662,SESSION_COOKIE,cookie,CUST_PREMIUM_001961
johnson.amara@bluepeak.co,ck_1049eadaaa,SESSION_COOKIE,cookie,CUST_PREMIUM_001961
johnson.amara@bluepeak.co,ck_8756ba07c4,SESSION_COOKIE,cookie,CUST_PREMIUM_001961
johnson.amara@bluepeak.co,ck_de29623712,SESSION_COOKIE,cookie,CUST_PREMIUM_001961
johnson.amara@bluepeak.co,dev_474319e485,AUTHENTICATED_DEVICE,device_id,CUST_PREMIUM_001961
CUST_PREMIUM_001962,liam.shah88@bluepeak.co,PRIMARY_EMAIL,email,CUST_PREMIUM_001962
CUST_PREMIUM_001962,+1 (415) 790-1159,PRIMARY_PHONE,phone,CUST_PREMIUM_001962
CUST_PREMIUM_001962,5163,ISSUED_CARD,card_last4,CUST_PREMIUM_001962
liam.shah88@bluepeak.co,ck_6612fcaee2,SESSION_COOKIE,cookie,CUST_PREMIUM_001962
liam.shah88@bluepeak.co,dev_46e8caec15,AUTHENTICATED_DEVICE,device_id,CUST_PREMIUM_001962
CUST_PREMIUM_001963,h.sterling@vectorlabs.co,PRIMARY_EMAIL,email,CUST_PREMIUM_001963
CUST_PREMIUM_001963,+1 (202) 893-9078,PRIMARY_PHONE,phone,CUST_PREMIUM_001963
CUST_PREMIUM_001963,2649,ISSUED_CARD,card_last4,CUST_PREMIUM_001963
h.sterling@vectorlabs.co,ck_729dedf846,SESSION_COOKIE,cookie,CUST_PREMIUM_001963
h.sterling@vectorlabs.co,ck_467011254e,SESSION_COOKIE,cookie,CUST_PREMIUM_001963
h.sterling@vectorlabs.co,dev_2098b9a354,AUTHENTICATED_DEVICE,device_id,CUST_PREMIUM_001963
CUST_PREMIUM_001964,white.vivian@northstar.org,PRIMARY_EMAIL,email,CUST_PREMIUM_001964
CUST_PREMIUM_001964,+1 (305) 886-6997,PRIMARY_PHONE,phone,CUST_PREMIUM_001964
CUST_PREMIUM_001964,0426,ISSUED_CARD,card_last4,CUST_PREMIUM_001964
white.vivian@northstar.org,ck_c1312569ef,SESSION_COOKIE,cookie,CUST_PREMIUM_001964
white.vivian@northstar.org,dev_04fa0229b8,AUTHENTICATED_DEVICE,device_id,CUST_PREMIUM_001964
CUST_PREMIUM_001965,eliassmith@summitmail.net,PRIMARY_EMAIL,email,CUST_PREMIUM_001965
CUST_PREMIUM_001965,+1 (312) 890-4916,PRIMARY_PHONE,phone,CUST_PREMIUM_001965
CUST_PREMIUM_001965,7862,ISSUED_CARD,card_last4,CUST_PREMIUM_001965
eliassmith@summitmail.net,ck_f1117771bd,SESSION_COOKIE,cookie,CUST_PREMIUM_001965
eliassmith@summitmail.net,dev_4781c5e837,AUTHENTICATED_DEVICE,device_id,CUST_PREMIUM_001965
CUST_PREMIUM_001966,kabirharris@harbor.example,PRIMARY_EMAIL,email,CUST_PREMIUM_001966
CUST_PREMIUM_001966,+1 (212) 205-2835,PRIMARY_PHONE,phone,CUST_PREMIUM_001966
CUST_PREMIUM_001966,1458,ISSUED_CARD,card_last4,CUST_PREMIUM_001966
kabirharris@harbor.example,ck_afa1060f88,SESSION_COOKIE,cookie,CUST_PREMIUM_001966
kabirharris@harbor.example,dev_57284de590,AUTHENTICATED_DEVICE,device_id,CUST_PREMIUM_001966
kabirharris@harbor.example,dev_shared_65c7cfd42,AUTHENTICATED_DEVICE,device_id,CUST_PREMIUM_001966
CUST_PREMIUM_001967,amelia.diaz@summitmail.net,PRIMARY_EMAIL,email,CUST_PREMIUM_001967
CUST_PREMIUM_001967,+1 (312) 264-0754,PRIMARY_PHONE,phone,CUST_PREMIUM_001967
CUST_PREMIUM_001967,5349,ISSUED_CARD,card_last4,CUST_PREMIUM_001967
amelia.diaz@summitmail.net,ck_38a0d52f0c,SESSION_COOKIE,cookie,CUST_PREMIUM_001967
amelia.diaz@summitmail.net,ck_18a1c8747f,SESSION_COOKIE,cookie,CUST_PREMIUM_001967
amelia.diaz@summitmail.net,ck_e421a70dec,SESSION_COOKIE,cookie,CUST_PREMIUM_001967
amelia.diaz@summitmail.net,dev_eac14328d5,AUTHENTICATED_DEVICE,device_id,CUST_PREMIUM_001967
amelia.diaz@summitmail.net,dev_360f2babf8,AUTHENTICATED_DEVICE,device_id,CUST_PREMIUM_001967
CUST_PREMIUM_001968,akira.diaz@example.com,PRIMARY_EMAIL,email,CUST_PREMIUM_001968
CUST_PREMIUM_001968,+1 (312) 301-8673,PRIMARY_PHONE,phone,CUST_PREMIUM_001968
CUST_PREMIUM_001968,2366,ISSUED_CARD,card_last4,CUST_PREMIUM_001968
akira.diaz@example.com,ck_8bbbb5f24c,SESSION_COOKIE,cookie,CUST_PREMIUM_001968
akira.diaz@example.com,dev_1b554c35af,AUTHENTICATED_DEVICE,device_id,CUST_PREMIUM_001968
CUST_PREMIUM_001969,jack.martin95@northstar.org,PRIMARY_EMAIL,email,CUST_PREMIUM_001969
CUST_PREMIUM_001969,+1 (650) 448-6592,PRIMARY_PHONE,phone,CUST_PREMIUM_001969
CUST_PREMIUM_001969,6739,ISSUED_CARD,card_last4,CUST_PREMIUM_001969
jack.martin95@northstar.org,ck_a746581a67,SESSION_COOKIE,cookie,CUST_PREMIUM_001969
jack.martin95@northstar.org,dev_15cf4eaa82,AUTHENTICATED_DEVICE,device_id,CUST_PREMIUM_001969
jack.martin95@northstar.org,dev_031e696721,AUTHENTICATED_DEVICE,device_id,CUST_PREMIUM_001969
CUST_PREMIUM_001970,akira.singh96@vectorlabs.co,PRIMARY_EMAIL,email,CUST_PREMIUM_001970
CUST_PREMIUM_001970,+1 (617) 430-4511,PRIMARY_PHONE,phone,CUST_PREMIUM_001970
CUST_PREMIUM_001970,3971,ISSUED_CARD,card_last4,CUST_PREMIUM_001970
akira.singh96@vectorlabs.co,ck_47996fa8ed,SESSION_COOKIE,cookie,CUST_PREMIUM_001970
akira.singh96@vectorlabs.co,dev_21edc44730,AUTHENTICATED_DEVICE,device_id,CUST_PREMIUM_001970
CUST_PREMIUM_001971,mia.young@bluepeak.co,PRIMARY_EMAIL,email,CUST_PREMIUM_001971
CUST_PREMIUM_001971,+1 (214) 434-2430,PRIMARY_PHONE,phone,CUST_PREMIUM_001971
CUST_PREMIUM_001971,1554,ISSUED_CARD,card_last4,CUST_PREMIUM_001971
mia.young@bluepeak.co,ck_79be0e9f6f,SESSION_COOKIE,cookie,CUST_PREMIUM_001971
mia.young@bluepeak.co,ck_1b17d469cc,SESSION_COOKIE,cookie,CUST_PREMIUM_001971
mia.young@bluepeak.co,dev_044f5c7e29,AUTHENTICATED_DEVICE,device_id,CUST_PREMIUM_001971
mia.young@bluepeak.co,dev_2189df8c40,AUTHENTICATED_DEVICE,device_id,CUST_PREMIUM_001971
mia.young@bluepeak.co,dev_4755fa90f9,AUTHENTICATED_DEVICE,device_id,CUST_PREMIUM_001971
mia.young@bluepeak.co,dev_353b09b73b,AUTHENTICATED_DEVICE,device_id,CUST_PREMIUM_001971
CUST_PREMIUM_001972,chen.eleanor@harbor.example,PRIMARY_EMAIL,email,CUST_PREMIUM_001972
CUST_PREMIUM_001972,+1 (305) 482-0349,PRIMARY_PHONE,phone,CUST_PREMIUM_001972
CUST_PREMIUM_001972,7312,ISSUED_CARD,card_last4,CUST_PREMIUM_001972
chen.eleanor@harbor.example,ck_b1b71291a6,SESSION_COOKIE,cookie,CUST_PREMIUM_001972
chen.eleanor@harbor.example,ck_6f0bb77fb9,SESSION_COOKIE,cookie,CUST_PREMIUM_001972
chen.eleanor@harbor.example,dev_7e1a147749,AUTHENTICATED_DEVICE,device_id,CUST_PREMIUM_001972
CUST_PREMIUM_001973,aarav.morgan2@vectorlabs.co,PRIMARY_EMAIL,email,CUST_PREMIUM_001973
CUST_PREMIUM_001973,+1 (310) 475-8268,PRIMARY_PHONE,phone,CUST_PREMIUM_001973
CUST_PREMIUM_001973,8056,ISSUED_CARD,card_last4,CUST_PREMIUM_001973
aarav.morgan2@vectorlabs.co,ck_d4455d9977,SESSION_COOKIE,cookie,CUST_PREMIUM_001973
aarav.morgan2@vectorlabs.co,dev_09230cd7fb,AUTHENTICATED_DEVICE,device_id,CUST_PREMIUM_001973
CUST_PREMIUM_001974,jonahbaker@northstar.org,PRIMARY_EMAIL,email,CUST_PREMIUM_001974
CUST_PREMIUM_001974,+1 (212) 501-6187,PRIMARY_PHONE,phone,CUST_PREMIUM_001974
CUST_PREMIUM_001974,4920,ISSUED_CARD,card_last4,CUST_PREMIUM_001974
jonahbaker@northstar.org,ck_ddb5557bb0,SESSION_COOKIE,cookie,CUST_PREMIUM_001974
jonahbaker@northstar.org,dev_0fc3dca7e3,AUTHENTICATED_DEVICE,device_id,CUST_PREMIUM_001974
CUST_PREMIUM_001975,morgan.yuki@bluepeak.co,PRIMARY_EMAIL,email,CUST_PREMIUM_001975
CUST_PREMIUM_001975,+1 (312) 560-4106,PRIMARY_PHONE,phone,CUST_PREMIUM_001975
CUST_PREMIUM_001975,3573,ISSUED_CARD,card_last4,CUST_PREMIUM_001975
morgan.yuki@bluepeak.co,ck_b797e189d2,SESSION_COOKIE,cookie,CUST_PREMIUM_001975
morgan.yuki@bluepeak.co,dev_bcabbaf391,AUTHENTICATED_DEVICE,device_id,CUST_PREMIUM_001975
CUST_PREMIUM_001976,adams.jasmine@orchardmail.com,PRIMARY_EMAIL,email,CUST_PREMIUM_001976
CUST_PREMIUM_001976,+1 (312) 597-2025,PRIMARY_PHONE,phone,CUST_PREMIUM_001976
CUST_PREMIUM_001976,6930,ISSUED_CARD,card_last4,CUST_PREMIUM_001976
adams.jasmine@orchardmail.com,ck_6ee5d65cd2,SESSION_COOKIE,cookie,CUST_PREMIUM_001976
adams.jasmine@orchardmail.com,ck_35ba26b054,SESSION_COOKIE,cookie,CUST_PREMIUM_001976
adams.jasmine@orchardmail.com,ck_cbb4561350,SESSION_COOKIE,cookie,CUST_PREMIUM_001976
adams.jasmine@orchardmail.com,dev_6b109ff31b,AUTHENTICATED_DEVICE,device_id,CUST_PREMIUM_001976
adams.jasmine@orchardmail.com,dev_267cfae3e3,AUTHENTICATED_DEVICE,device_id,CUST_PREMIUM_001976
CUST_PREMIUM_001977,a.bennett@atlasmail.net,PRIMARY_EMAIL,email,CUST_PREMIUM_001977
CUST_PREMIUM_001977,+1 (646) 722-9944,PRIMARY_PHONE,phone,CUST_PREMIUM_001977
CUST_PREMIUM_001977,7349,ISSUED_CARD,card_last4,CUST_PREMIUM_001977
a.bennett@atlasmail.net,ck_8e77530a63,SESSION_COOKIE,cookie,CUST_PREMIUM_001977
a.bennett@atlasmail.net,ck_83d0b94e56,SESSION_COOKIE,cookie,CUST_PREMIUM_001977
a.bennett@atlasmail.net,ck_6fa52dae52,SESSION_COOKIE,cookie,CUST_PREMIUM_001977
a.bennett@atlasmail.net,dev_a58d1db2ad,AUTHENTICATED_DEVICE,device_id,CUST_PREMIUM_001977
a.bennett@atlasmail.net,dev_f506fe4458,AUTHENTICATED_DEVICE,device_id,CUST_PREMIUM_001977
CUST_PREMIUM_001978,ito.andre@bluepeak.co,PRIMARY_EMAIL,email,CUST_PREMIUM_001978
CUST_PREMIUM_001978,+1 (415) 682-7863,PRIMARY_PHONE,phone,CUST_PREMIUM_001978
CUST_PREMIUM_001978,7844,ISSUED_CARD,card_last4,CUST_PREMIUM_001978
ito.andre@bluepeak.co,ck_62fba6fa3e,SESSION_COOKIE,cookie,CUST_PREMIUM_001978
ito.andre@bluepeak.co,ck_b163e4e4c0,SESSION_COOKIE,cookie,CUST_PREMIUM_001978
ito.andre@bluepeak.co,dev_9d6dd14327,AUTHENTICATED_DEVICE,device_id,CUST_PREMIUM_001978
CUST_PREMIUM_001979,eleanor.kim@vectorlabs.co,PRIMARY_EMAIL,email,CUST_PREMIUM_001979
CUST_PREMIUM_001979,+1 (646) 796-5782,PRIMARY_PHONE,phone,CUST_PREMIUM_001979
CUST_PREMIUM_001979,0686,ISSUED_CARD,card_last4,CUST_PREMIUM_001979
eleanor.kim@vectorlabs.co,ck_bc6517cb19,SESSION_COOKIE,cookie,CUST_PREMIUM_001979
eleanor.kim@vectorlabs.co,dev_103ac70274,AUTHENTICATED_DEVICE,device_id,CUST_PREMIUM_001979
CUST_PREMIUM_001980,anderson.kabir@northstar.org,PRIMARY_EMAIL,email,CUST_PREMIUM_001980
CUST_PREMIUM_001980,+1 (310) 734-3701,PRIMARY_PHONE,phone,CUST_PREMIUM_001980
CUST_PREMIUM_001980,5072,ISSUED_CARD,card_last4,CUST_PREMIUM_001980
anderson.kabir@northstar.org,ck_406f28f8bf,SESSION_COOKIE,cookie,CUST_PREMIUM_001980
anderson.kabir@northstar.org,dev_6fa9bb5533,AUTHENTICATED_DEVICE,device_id,CUST_PREMIUM_001980
CUST_PREMIUM_001981,j.ito@atlasmail.net,PRIMARY_EMAIL,email,CUST_PREMIUM_001981
CUST_PREMIUM_001981,+1 (646) 870-1620,PRIMARY_PHONE,phone,CUST_PREMIUM_001981
CUST_PREMIUM_001981,7068,ISSUED_CARD,card_last4,CUST_PREMIUM_001981
j.ito@atlasmail.net,ck_750f9bd52e,SESSION_COOKIE,cookie,CUST_PREMIUM_001981
j.ito@atlasmail.net,dev_ee70974a74,AUTHENTICATED_DEVICE,device_id,CUST_PREMIUM_001981
CUST_PREMIUM_001982,ameliacooper@harbor.example,PRIMARY_EMAIL,email,CUST_PREMIUM_001982
CUST_PREMIUM_001982,+1 (212) 797-9539,PRIMARY_PHONE,phone,CUST_PREMIUM_001982
CUST_PREMIUM_001982,5387,ISSUED_CARD,card_last4,CUST_PREMIUM_001982
ameliacooper@harbor.example,ck_57e34fc0f6,SESSION_COOKIE,cookie,CUST_PREMIUM_001982
ameliacooper@harbor.example,dev_9aa3ac631d,AUTHENTICATED_DEVICE,device_id,CUST_PREMIUM_001982
ameliacooper@harbor.example,dev_b1f9424981,AUTHENTICATED_DEVICE,device_id,CUST_PREMIUM_001982
CUST_PREMIUM_001983,isabellamoore@northstar.org,PRIMARY_EMAIL,email,CUST_PREMIUM_001983
CUST_PREMIUM_001983,+1 (310) 845-7458,PRIMARY_PHONE,phone,CUST_PREMIUM_001983
CUST_PREMIUM_001983,6431,ISSUED_CARD,card_last4,CUST_PREMIUM_001983
isabellamoore@northstar.org,ck_402762bb32,SESSION_COOKIE,cookie,CUST_PREMIUM_001983
isabellamoore@northstar.org,dev_ff4fe71f1c,AUTHENTICATED_DEVICE,device_id,CUST_PREMIUM_001983
CUST_PREMIUM_001984,a.martinez@bluepeak.co,PRIMARY_EMAIL,email,CUST_PREMIUM_001984
CUST_PREMIUM_001984,+1 (415) 204-5377,PRIMARY_PHONE,phone,CUST_PREMIUM_001984
CUST_PREMIUM_001984,5551,ISSUED_CARD,card_last4,CUST_PREMIUM_001984
a.martinez@bluepeak.co,ck_f59f29c174,SESSION_COOKIE,cookie,CUST_PREMIUM_001984
a.martinez@bluepeak.co,dev_d3738b964e,AUTHENTICATED_DEVICE,device_id,CUST_PREMIUM_001984
CUST_PREMIUM_001985,l.young@northstar.org,PRIMARY_EMAIL,email,CUST_PREMIUM_001985
CUST_PREMIUM_001985,+1 (312) 230-3296,PRIMARY_PHONE,phone,CUST_PREMIUM_001985
CUST_PREMIUM_001985,4826,ISSUED_CARD,card_last4,CUST_PREMIUM_001985
l.young@northstar.org,ck_505f7e7573,SESSION_COOKIE,cookie,CUST_PREMIUM_001985
l.young@northstar.org,ck_e2b22b67fc,SESSION_COOKIE,cookie,CUST_PREMIUM_001985
l.young@northstar.org,ck_fa7649c621,SESSION_COOKIE,cookie,CUST_PREMIUM_001985
l.young@northstar.org,ck_089077d377,SESSION_COOKIE,cookie,CUST_PREMIUM_001985
l.young@northstar.org,dev_a0f2baa11e,AUTHENTICATED_DEVICE,device_id,CUST_PREMIUM_001985
l.young@northstar.org,dev_6e859076ce,AUTHENTICATED_DEVICE,device_id,CUST_PREMIUM_001985
l.young@northstar.org,dev_shared_0272fa0e2,AUTHENTICATED_DEVICE,device_id,CUST_PREMIUM_001985
CUST_PREMIUM_001986,thompson.vivian@orchardmail.com,PRIMARY_EMAIL,email,CUST_PREMIUM_001986
CUST_PREMIUM_001986,+1 (415) 278-1215,PRIMARY_PHONE,phone,CUST_PREMIUM_001986
CUST_PREMIUM_001986,9528,ISSUED_CARD,card_last4,CUST_PREMIUM_001986
thompson.vivian@orchardmail.com,ck_5bfdbde8b5,SESSION_COOKIE,cookie,CUST_PREMIUM_001986
thompson.vivian@orchardmail.com,ck_63157c43ae,SESSION_COOKIE,cookie,CUST_PREMIUM_001986
thompson.vivian@orchardmail.com,dev_12d807e47c,AUTHENTICATED_DEVICE,device_id,CUST_PREMIUM_001986
thompson.vivian@orchardmail.com,dev_ad180eb64f,AUTHENTICATED_DEVICE,device_id,CUST_PREMIUM_001986
thompson.vivian@orchardmail.com,dev_2dcd71d0db,AUTHENTICATED_DEVICE,device_id,CUST_PREMIUM_001986
CUST_PREMIUM_001987,alejandro.ramirez16@harbor.example,PRIMARY_EMAIL,email,CUST_PREMIUM_001987
CUST_PREMIUM_001987,+1 (212) 282-9134,PRIMARY_PHONE,phone,CUST_PREMIUM_001987
CUST_PREMIUM_001987,9752,ISSUED_CARD,card_last4,CUST_PREMIUM_001987
alejandro.ramirez16@harbor.example,ck_a27e094ce7,SESSION_COOKIE,cookie,CUST_PREMIUM_001987
alejandro.ramirez16@harbor.example,ck_1b6eeb8ad0,SESSION_COOKIE,cookie,CUST_PREMIUM_001987
alejandro.ramirez16@harbor.example,ck_88cc1a91fa,SESSION_COOKIE,cookie,CUST_PREMIUM_001987
alejandro.ramirez16@harbor.example,ck_90a6500493,SESSION_COOKIE,cookie,CUST_PREMIUM_001987
alejandro.ramirez16@harbor.example,ck_0de094bd79,SESSION_COOKIE,cookie,CUST_PREMIUM_001987
alejandro.ramirez16@harbor.example,dev_4dbe0862f5,AUTHENTICATED_DEVICE,device_id,CUST_PREMIUM_001987
CUST_PREMIUM_001988,v.jones@bluepeak.co,PRIMARY_EMAIL,email,CUST_PREMIUM_001988
CUST_PREMIUM_001988,+1 (312) 341-7053,PRIMARY_PHONE,phone,CUST_PREMIUM_001988
CUST_PREMIUM_001988,1012,ISSUED_CARD,card_last4,CUST_PREMIUM_001988
v.jones@bluepeak.co,ck_d6f4307f9f,SESSION_COOKIE,cookie,CUST_PREMIUM_001988
v.jones@bluepeak.co,dev_9e129545fa,AUTHENTICATED_DEVICE,device_id,CUST_PREMIUM_001988
CUST_PREMIUM_001989,thompson.jasmine@harbor.example,PRIMARY_EMAIL,email,CUST_PREMIUM_001989
CUST_PREMIUM_001989,+1 (415) 389-4972,PRIMARY_PHONE,phone,CUST_PREMIUM_001989
CUST_PREMIUM_001989,0509,ISSUED_CARD,card_last4,CUST_PREMIUM_001989
thompson.jasmine@harbor.example,ck_1478c0980f,SESSION_COOKIE,cookie,CUST_PREMIUM_001989
thompson.jasmine@harbor.example,dev_a5c0de60fd,AUTHENTICATED_DEVICE,device_id,CUST_PREMIUM_001989
CUST_PREMIUM_001990,dev.sato@harbor.example,PRIMARY_EMAIL,email,CUST_PREMIUM_001990
CUST_PREMIUM_001990,+1 (469) 558-2891,PRIMARY_PHONE,phone,CUST_PREMIUM_001990
CUST_PREMIUM_001990,9745,ISSUED_CARD,card_last4,CUST_PREMIUM_001990
dev.sato@harbor.example,ck_7c56075c3a,SESSION_COOKIE,cookie,CUST_PREMIUM_001990
dev.sato@harbor.example,dev_ce8601deb6,AUTHENTICATED_DEVICE,device_id,CUST_PREMIUM_001990
CUST_PREMIUM_001991,rossi.ananya@orchardmail.com,PRIMARY_EMAIL,email,CUST_PREMIUM_001991
CUST_PREMIUM_001991,+1 (469) 595-0810,PRIMARY_PHONE,phone,CUST_PREMIUM_001991
CUST_PREMIUM_001991,4532,ISSUED_CARD,card_last4,CUST_PREMIUM_001991
rossi.ananya@orchardmail.com,ck_c7b15c41e3,SESSION_COOKIE,cookie,CUST_PREMIUM_001991
rossi.ananya@orchardmail.com,dev_2f5009fdd5,AUTHENTICATED_DEVICE,device_id,CUST_PREMIUM_001991
CUST_PREMIUM_001992,t.khan@example.com,PRIMARY_EMAIL,email,CUST_PREMIUM_001992
CUST_PREMIUM_001992,+1 (646) 577-8729,PRIMARY_PHONE,phone,CUST_PREMIUM_001992
CUST_PREMIUM_001992,2497,ISSUED_CARD,card_last4,CUST_PREMIUM_001992
t.khan@example.com,ck_65aea6388c,SESSION_COOKIE,cookie,CUST_PREMIUM_001992
t.khan@example.com,dev_d65242150b,AUTHENTICATED_DEVICE,device_id,CUST_PREMIUM_001992
CUST_PREMIUM_001993,hall.james@harbor.example,PRIMARY_EMAIL,email,CUST_PREMIUM_001993
CUST_PREMIUM_001993,+1 (310) 515-6648,PRIMARY_PHONE,phone,CUST_PREMIUM_001993
CUST_PREMIUM_001993,3241,ISSUED_CARD,card_last4,CUST_PREMIUM_001993
hall.james@harbor.example,ck_2db368958e,SESSION_COOKIE,cookie,CUST_PREMIUM_001993
hall.james@harbor.example,dev_e39642476d,AUTHENTICATED_DEVICE,device_id,CUST_PREMIUM_001993
CUST_PREMIUM_001994,nathan.reed@northstar.org,PRIMARY_EMAIL,email,CUST_PREMIUM_001994
CUST_PREMIUM_001994,+1 (404) 629-4567,PRIMARY_PHONE,phone,CUST_PREMIUM_001994
CUST_PREMIUM_001994,9489,ISSUED_CARD,card_last4,CUST_PREMIUM_001994
nathan.reed@northstar.org,ck_b5125a9aec,SESSION_COOKIE,cookie,CUST_PREMIUM_001994
nathan.reed@northstar.org,dev_1919730304,AUTHENTICATED_DEVICE,device_id,CUST_PREMIUM_001994
nathan.reed@northstar.org,dev_9f3e94ac18,AUTHENTICATED_DEVICE,device_id,CUST_PREMIUM_001994
CUST_PREMIUM_001995,jonah.white24@orchardmail.com,PRIMARY_EMAIL,email,CUST_PREMIUM_001995
CUST_PREMIUM_001995,+1 (617) 655-2486,PRIMARY_PHONE,phone,CUST_PREMIUM_001995
CUST_PREMIUM_001995,6708,ISSUED_CARD,card_last4,CUST_PREMIUM_001995
jonah.white24@orchardmail.com,ck_cbade07135,SESSION_COOKIE,cookie,CUST_PREMIUM_001995
jonah.white24@orchardmail.com,ck_169db4911f,SESSION_COOKIE,cookie,CUST_PREMIUM_001995
jonah.white24@orchardmail.com,dev_6788c577e0,AUTHENTICATED_DEVICE,device_id,CUST_PREMIUM_001995
CUST_PREMIUM_001996,ananya.wilson25@northstar.org,PRIMARY_EMAIL,email,CUST_PREMIUM_001996
CUST_PREMIUM_001996,+1 (415) 648-0405,PRIMARY_PHONE,phone,CUST_PREMIUM_001996
CUST_PREMIUM_001996,5117,ISSUED_CARD,card_last4,CUST_PREMIUM_001996
ananya.wilson25@northstar.org,ck_ea9934ab67,SESSION_COOKIE,cookie,CUST_PREMIUM_001996
ananya.wilson25@northstar.org,dev_ff4cd8e9aa,AUTHENTICATED_DEVICE,device_id,CUST_PREMIUM_001996
CUST_PREMIUM_001997,alejandrohernandez@harbor.example,PRIMARY_EMAIL,email,CUST_PREMIUM_001997
CUST_PREMIUM_001997,+1 (214) 696-8324,PRIMARY_PHONE,phone,CUST_PREMIUM_001997
CUST_PREMIUM_001997,8683,ISSUED_CARD,card_last4,CUST_PREMIUM_001997
alejandrohernandez@harbor.example,ck_301a696faa,SESSION_COOKIE,cookie,CUST_PREMIUM_001997
alejandrohernandez@harbor.example,dev_d9404455d8,AUTHENTICATED_DEVICE,device_id,CUST_PREMIUM_001997
alejandrohernandez@harbor.example,dev_98af9863fc,AUTHENTICATED_DEVICE,device_id,CUST_PREMIUM_001997
CUST_PREMIUM_001998,nathan.morris27@atlasmail.net,PRIMARY_EMAIL,email,CUST_PREMIUM_001998
CUST_PREMIUM_001998,+1 (212) 689-6243,PRIMARY_PHONE,phone,CUST_PREMIUM_001998
CUST_PREMIUM_001998,1551,ISSUED_CARD,card_last4,CUST_PREMIUM_001998
nathan.morris27@atlasmail.net,ck_f4fbd24bc2,SESSION_COOKIE,cookie,CUST_PREMIUM_001998
nathan.morris27@atlasmail.net,ck_69031d66c1,SESSION_COOKIE,cookie,CUST_PREMIUM_001998
nathan.morris27@atlasmail.net,dev_8c795e795c,AUTHENTICATED_DEVICE,device_id,CUST_PREMIUM_001998
nathan.morris27@atlasmail.net,dev_shared_4d40524e5,AUTHENTICATED_DEVICE,device_id,CUST_PREMIUM_001998
CUST_PREMIUM_001999,yukismith@harbor.example,PRIMARY_EMAIL,email,CUST_PREMIUM_001999
CUST_PREMIUM_001999,+1 (415) 759-4162,PRIMARY_PHONE,phone,CUST_PREMIUM_001999
CUST_PREMIUM_001999,2525,ISSUED_CARD,card_last4,CUST_PREMIUM_001999
yukismith@harbor.example,ck_301686425f,SESSION_COOKIE,cookie,CUST_PREMIUM_001999
yukismith@harbor.example,dev_7fa33ba2bd,AUTHENTICATED_DEVICE,device_id,CUST_PREMIUM_001999
yukismith@harbor.example,dev_shared_c1108f8fa,AUTHENTICATED_DEVICE,device_id,CUST_PREMIUM_001999
CUST_PREMIUM_002000,akira.khan@vectorlabs.co,PRIMARY_EMAIL,email,CUST_PREMIUM_002000
CUST_PREMIUM_002000,+1 (202) 862-2081,PRIMARY_PHONE,phone,CUST_PREMIUM_002000
CUST_PREMIUM_002000,3784,ISSUED_CARD,card_last4,CUST_PREMIUM_002000
akira.khan@vectorlabs.co,ck_b29ba8d5f9,SESSION_COOKIE,cookie,CUST_PREMIUM_002000
akira.khan@vectorlabs.co,dev_b5e2c85499,AUTHENTICATED_DEVICE,device_id,CUST_PREMIUM_002000
